code_name,SMILES,HOMO-LUMO gap,HOMO,LUMO,IP,EA,Dipole module,Total charge,Global SASA,G solv. in H2O,G of H-bonds H2O,Fermi-level,Total polariz. alpha,Total FOD,Hardness,Softness,Electronegativity,Electrophil. idx,Nucleophilicity idx,Second IP,Second EA,S0-T1 gap,Total energy,Total disp. C6,Total disp. C8,Dispersion area,Dispersion volume,Chem. potential,Electrodon. power idx,Electroaccep. power idx,max. electron flow,Electrodon. Chem. potential,Electrodon. max. electron flow,Electrofugality,Nucleofugality,Intrinsic React. idx,Net Electrophilicity,Hyperhardness,Hypersoftness,Electrophilic descrip.,cub. electrophilicity idx,G solv. elec.,G solv. SASA,G solv. shift,Trans. dipole moment,HOMO occup.,LUMO occup.,MaxAbsEStateIndex,MaxEStateIndex,MinAbsEStateIndex,MinEStateIndex,qed,SPS,MolWt,HeavyAtomMolWt,ExactMolWt,NumValenceElectrons,NumRadicalElectrons,MaxPartialCharge,MinPartialCharge,MaxAbsPartialCharge,MinAbsPartialCharge,FpDensityMorgan1,FpDensityMorgan2,FpDensityMorgan3,AvgIpc,BalabanJ,BertzCT,Chi0,Chi0n,Chi0v,Chi1,Chi1n,Chi1v,Chi2n,Chi2v,Chi3n,Chi3v,Chi4n,Chi4v,HallKierAlpha,Ipc,Kappa1,Kappa2,Kappa3,LabuteASA,PEOE_VSA1,PEOE_VSA10,PEOE_VSA11,PEOE_VSA12,PEOE_VSA13,PEOE_VSA14,PEOE_VSA2,PEOE_VSA3,PEOE_VSA4,PEOE_VSA5,PEOE_VSA6,PEOE_VSA7,PEOE_VSA8,PEOE_VSA9,SMR_VSA1,SMR_VSA10,SMR_VSA2,SMR_VSA3,SMR_VSA4,SMR_VSA5,SMR_VSA6,SMR_VSA7,SMR_VSA8,SMR_VSA9,SlogP_VSA1,SlogP_VSA10,SlogP_VSA11,SlogP_VSA12,SlogP_VSA2,SlogP_VSA3,SlogP_VSA4,SlogP_VSA5,SlogP_VSA6,SlogP_VSA7,SlogP_VSA8,SlogP_VSA9,TPSA,EState_VSA1,EState_VSA10,EState_VSA11,EState_VSA2,EState_VSA3,EState_VSA4,EState_VSA5,EState_VSA6,EState_VSA7,EState_VSA8,EState_VSA9,VSA_EState1,VSA_EState10,VSA_EState2,VSA_EState3,VSA_EState4,VSA_EState5,VSA_EState6,VSA_EState7,VSA_EState8,VSA_EState9,FractionCSP3,HeavyAtomCount,NHOHCount,NOCount,NumAliphaticCarbocycles,NumAliphaticHeterocycles,NumAliphaticRings,NumAromaticCarbocycles,NumAromaticHeterocycles,NumAromaticRings,NumHAcceptors,NumHDonors,NumHeteroatoms,NumRotatableBonds,NumSaturatedCarbocycles,NumSaturatedHeterocycles,NumSaturatedRings,RingCount,MolLogP,MolMR,fr_Al_COO,fr_Al_OH,fr_Al_OH_noTert,fr_ArN,fr_Ar_COO,fr_Ar_N,fr_Ar_NH,fr_Ar_OH,fr_COO,fr_COO2,fr_C_O,fr_C_O_noCOO,fr_C_S,fr_HOCCN,fr_Imine,fr_NH0,fr_NH1,fr_NH2,fr_N_O,fr_Ndealkylation1,fr_Ndealkylation2,fr_Nhpyrrole,fr_SH,fr_aldehyde,fr_alkyl_carbamate,fr_alkyl_halide,fr_allylic_oxid,fr_amide,fr_amidine,fr_aniline,fr_aryl_methyl,fr_azide,fr_azo,fr_barbitur,fr_benzene,fr_benzodiazepine,fr_bicyclic,fr_diazo,fr_dihydropyridine,fr_epoxide,fr_ester,fr_ether,fr_furan,fr_guanido,fr_halogen,fr_hdrzine,fr_hdrzone,fr_imidazole,fr_imide,fr_isocyan,fr_isothiocyan,fr_ketone,fr_ketone_Topliss,fr_lactam,fr_lactone,fr_methoxy,fr_morpholine,fr_nitrile,fr_nitro,fr_nitro_arom,fr_nitro_arom_nonortho,fr_nitroso,fr_oxazole,fr_oxime,fr_para_hydroxylation,fr_phenol,fr_phenol_noOrthoHbond,fr_phos_acid,fr_phos_ester,fr_piperdine,fr_piperzine,fr_priamide,fr_prisulfonamd,fr_pyridine,fr_quatN,fr_sulfide,fr_sulfonamd,fr_sulfone,fr_term_acetylene,fr_tetrazole,fr_thiazole,fr_thiocyan,fr_thiophene,fr_unbrch_alkane,fr_urea,BCUT2D_MWHI,BCUT2D_MWLOW,BCUT2D_CHGHI,BCUT2D_CHGLO,BCUT2D_LOGPHI,BCUT2D_LOGPLOW,BCUT2D_MRHI,BCUT2D_MRLOW
Anion_0001,CC(=O)[O-],5.3351,-4.2024,1.1327,3.3045,-10.4249,7.138,-1.0,192.5967,-68.9658,-2.1547,-1.5349,36.4741,0.0101,13.7294,0.0728,-3.5602,0.4616,4166.6667,11.1108,-9.5398,134.2428,-14.1662,620.3215,13158.5043,98.6456,75.5289,3.5602,7.1228,0.0024,-0.2593,0.1279,-0.0093,10.8865,3.7661,-0.5186000000000001,7.1204,4.3457,0.0017,,0.2476,-70.2963,2.807,0.6782,0.147,2.0,0.0,9.34722222222222,9.34722222222222,2.006944444444443,-2.944444444444444,0.349774022304263,20.5,59.04400000000001,56.02,59.01385291591001,24.0,0.0,0.038278598921139,-0.550477028007303,0.550477028007303,0.038278598921139,2.5,2.75,2.75,1.314320486706178,3.791118417086966,83.42592196522058,6.077350269189626,4.816496580927726,1.816496580927726,2.943375672974064,2.158248290463863,0.658248290463863,0.287457478565264,0.287457478565264,0.0,0.0,0.0,0.0,-0.53,17.086166327180322,0.7075363040550251,0.874858299595141,1.156009255962974,28.27486049496937,9.901064578912528,0.0,0.0,0.0,0.0,0.0,0.0,0.0,0.0,0.0,0.0,6.851892117295679,10.08158095646251,0.0,14.013340247423187,5.969305287951849,0.0,0.0,0.0,6.851892117295679,0.0,0.0,0.0,0.0,5.106527394840706,0.0,0.0,0.0,5.969305287951849,4.794537184071822,0.0,10.96416778580634,0.0,0.0,0.0,0.0,40.13,12.821197405247528,9.901064578912528,0.0,0.0,0.0,0.0,0.0,0.0,0.0,0.0,4.11227566851066,18.17361111111111,0.0,9.34722222222222,9.34722222222222,0.0,-2.006944444444443,0.0,0.0,-2.944444444444444,0.0,0.5,4.0,0.0,2.0,0.0,0.0,0.0,0.0,0.0,0.0,2.0,0.0,2.0,1.0,0.0,0.0,0.0,0.0,-1.2438,10.681,1.0,0.0,0.0,0.0,0.0,0.0,0.0,0.0,1.0,1.0,1.0,1.0,0.0,0.0,0.0,0.0,0.0,0.0,0.0,0.0,0.0,0.0,0.0,0.0,0.0,0.0,0.0,0.0,0.0,0.0,0.0,0.0,0.0,0.0,0.0,0.0,0.0,0.0,0.0,0.0,0.0,0.0,0.0,0.0,0.0,0.0,0.0,0.0,0.0,0.0,0.0,0.0,0.0,0.0,0.0,0.0,0.0,0.0,0.0,0.0,0.0,0.0,0.0,0.0,0.0,0.0,0.0,0.0,0.0,0.0,0.0,0.0,0.0,0.0,0.0,0.0,0.0,0.0,0.0,0.0,0.0,0.0,0.0,0.0,0.0,,,,,,,,
Anion_0002,CCCCCCCC/C=C\CCCCCCCC(=O)O,4.0571,-10.3812,-6.3242,7.6317,-1.4498,1.8413,0.0,600.8035,-9.6848,-5.243,-8.3527,220.4326,0.0474,9.0814,0.1101,3.091,0.5261,1.5797,10.8525,3.343,116.2336,-64.0322,21745.3819,467605.8523,455.4611,450.4121,-3.091,0.1487,6.3306,0.3404,-5.3613,0.5904,1.9759,8.1578,0.6808000000000001,-6.1819,4.0069,0.0053,2.1693,0.8233,-5.788,0.668,0.6782,3.7788,2.0,0.0,11.730466398583564,11.730466398583564,2.497915946683201,-4.921492909095152,0.290516941798881,47.8,282.4679999999995,248.19599999999997,282.2558803280007,118.0,0.0,0.302839556532194,-0.481230389785216,0.481230389785216,0.302839556532194,1.0,1.55,2.15,2.970746661530693,7.711929549632987,1442.2774639513368,44.93915758875543,43.816496580927726,9.816496580927726,22.796764616337057,21.566496580927726,4.658248290463863,2.287457478565265,2.287457478565265,1.039562072615965,1.039562072615965,0.488531036307982,0.488531036307982,-0.79,6964441627.714542,2.336898608785311,16.264914881933006,17.21,173.0650870564602,5.108808191107212,0.0,0.0,0.0,1.431199657232634,5.969305287951849,4.794537184071822,0.0,0.0,0.0,69.93943482000184,31.864624506646894,48.86644014260623,2.74151711234044,55.13837772879634,5.969305287951849,1.431199657232634,0.0,0.0,96.072840735907,0.0,12.104143492071133,0.0,0.0,0.0,0.0,0.0,0.0,11.078113479059065,4.794537184071822,0.0,141.30787308952415,12.104143492071133,0.0,1.431199657232634,0.0,37.3,114.14628951593,4.794537184071822,0.0,0.0,0.0,0.0,0.0,0.0,0.0,5.108808191107212,46.66623201084992,267.3388623898279,0.0,11.730466398583564,3.273983512887087,0.0,-2.497915946683201,-5.126999540429369,-66.37555747100534,-4.092839343180665,0.0,0.833333333333333,20.0,1.0,2.0,0.0,0.0,0.0,0.0,0.0,0.0,2.0,1.0,2.0,16.0,0.0,0.0,0.0,0.0,6.108500000000006,87.08780000000007,1.0,0.0,0.0,0.0,0.0,0.0,0.0,0.0,1.0,1.0,1.0,0.0,0.0,0.0,0.0,0.0,0.0,0.0,0.0,0.0,0.0,0.0,0.0,0.0,0.0,0.0,2.0,0.0,0.0,0.0,0.0,0.0,0.0,0.0,0.0,0.0,0.0,0.0,0.0,0.0,0.0,0.0,0.0,0.0,0.0,0.0,0.0,0.0,0.0,0.0,0.0,0.0,0.0,0.0,0.0,0.0,0.0,0.0,0.0,0.0,0.0,0.0,0.0,0.0,0.0,0.0,0.0,0.0,0.0,0.0,0.0,0.0,0.0,0.0,0.0,0.0,0.0,0.0,0.0,0.0,0.0,0.0,0.0,0.0,0.0,,,,,,,,
Anion_0003,CCCCCCCCCCCCCCCC(=O)[O-],5.3131,-4.3573,0.9559,3.1335,-8.6616,37.5426,-1.0,598.9517,-70.505,-2.31,-1.7007,199.9098,0.0103,11.7951,0.0848,-2.764,0.3239,1843.3891,7.9764,-2.6041,133.7626,-58.4665,18239.0592,385885.2302,431.1356,410.9686,2.764,5.5339,0.0058,-0.2343,-0.1847,0.0157,8.9855,3.4574,-0.4686,5.5281,5.4502,0.0033,,0.1122,-70.6,1.7268,0.6782,0.1616,2.0,0.0,11.201023132717484,11.201023132717484,3.020101243489071,-5.139909100214162,0.436001228690921,48.11111111111112,255.42200000000025,224.17399999999995,255.23295381191,108.0,0.0,0.041383616860257,-0.5501718609055201,0.5501718609055201,0.041383616860257,0.833333333333333,1.222222222222222,1.6111111111111112,2.855878288659554,7.675158669683497,1250.3437218737877,41.07735026918962,39.816496580927726,8.816496580927726,20.443375672974064,19.658248290463863,4.158248290463863,2.037457478565265,2.037457478565265,0.9145620726159652,0.9145620726159652,0.426031036307982,0.426031036307982,-0.53,683253521.6483619,2.103011462807172,14.530716454159078,15.469999999999994,156.72322410122058,9.901064578912528,0.0,0.0,0.0,0.0,0.0,0.0,0.0,0.0,0.0,83.32699093324824,12.74584980265876,48.4628205292287,0.0,52.394579820189385,5.969305287951849,0.0,0.0,0.0,96.072840735907,0.0,0.0,0.0,0.0,5.106527394840706,0.0,0.0,0.0,5.969305287951849,4.794537184071822,0.0,138.56635597718372,0.0,0.0,0.0,0.0,40.13,102.04214602385886,9.901064578912528,0.0,0.0,0.0,0.0,0.0,0.0,0.0,0.0,42.49351524127684,242.7767075196056,0.0,11.201023132717484,11.201023132717484,0.0,-3.020101243489071,0.0,-68.63046688233756,-4.111518992547326,0.0,0.9375,18.0,0.0,2.0,0.0,0.0,0.0,0.0,0.0,0.0,2.0,0.0,2.0,15.0,0.0,0.0,0.0,0.0,4.217600000000003,75.31900000000006,1.0,0.0,0.0,0.0,0.0,0.0,0.0,0.0,1.0,1.0,1.0,1.0,0.0,0.0,0.0,0.0,0.0,0.0,0.0,0.0,0.0,0.0,0.0,0.0,0.0,0.0,0.0,0.0,0.0,0.0,0.0,0.0,0.0,0.0,0.0,0.0,0.0,0.0,0.0,0.0,0.0,0.0,0.0,0.0,0.0,0.0,0.0,0.0,0.0,0.0,0.0,0.0,0.0,0.0,0.0,0.0,0.0,0.0,0.0,0.0,0.0,0.0,0.0,0.0,0.0,0.0,0.0,0.0,0.0,0.0,0.0,0.0,0.0,0.0,0.0,0.0,0.0,0.0,0.0,0.0,0.0,0.0,0.0,0.0,0.0,,,,,,,,
Anion_0004,CCCCCCCCCCCCCCCCCC(=O)[O-],5.2403,-4.5644,0.6759000000000001,3.2112,-8.7797,27.8235,-1.0,610.9026,-69.4885,-1.8624,-1.9442,223.4246,0.0111,11.9909,0.0835,-2.7843,0.3234,1522.5735,7.7882,-3.1213,131.6716,-64.7954,22768.7707,481480.1099,456.4762,452.7896,2.7843,5.5768,0.0082,-0.2321,-0.2135,0.0179,9.1032,3.5346,-0.4641,5.5685,5.1177,0.003,,0.1027,-69.3123,1.0081,0.6782,0.2169,2.0,0.0,11.254605517040863,11.254605517040863,3.054116419424078,-5.259635207031494,0.37400760284918,48.9,283.4759999999995,248.19599999999997,283.2642539399108,120.0,0.0,0.041383616860257,-0.5501718609055201,0.5501718609055201,0.041383616860257,0.75,1.1,1.45,2.94103359271566,7.830840368262513,1442.9371540878035,46.07735026918962,44.816496580927726,9.816496580927726,22.943375672974064,22.158248290463863,4.658248290463863,2.287457478565265,2.287457478565265,1.039562072615965,1.039562072615965,0.488531036307982,0.488531036307982,-0.53,7675387561.485878,2.323161352116368,16.52414185165133,17.470000000000002,175.07299033068503,9.901064578912528,0.0,0.0,0.0,0.0,0.0,0.0,0.0,0.0,0.0,96.072840735907,12.74584980265876,53.94585475390959,0.0,57.87761404487028,5.969305287951849,0.0,0.0,0.0,108.81869053856578,0.0,0.0,0.0,0.0,5.106527394840706,0.0,0.0,0.0,5.969305287951849,4.794537184071822,0.0,156.79524000452335,0.0,0.0,0.0,0.0,40.13,114.78799582651764,9.901064578912528,0.0,0.0,0.0,0.0,0.0,0.0,0.0,0.0,47.97654946595773,276.7286838517757,0.0,11.254605517040863,11.254605517040863,0.0,-3.054116419424078,0.0,-80.11477112977869,-4.152340669988103,0.0,0.944444444444444,20.0,0.0,2.0,0.0,0.0,0.0,0.0,0.0,0.0,2.0,0.0,2.0,17.0,0.0,0.0,0.0,0.0,4.997800000000004,84.55300000000007,1.0,0.0,0.0,0.0,0.0,0.0,0.0,0.0,1.0,1.0,1.0,1.0,0.0,0.0,0.0,0.0,0.0,0.0,0.0,0.0,0.0,0.0,0.0,0.0,0.0,0.0,0.0,0.0,0.0,0.0,0.0,0.0,0.0,0.0,0.0,0.0,0.0,0.0,0.0,0.0,0.0,0.0,0.0,0.0,0.0,0.0,0.0,0.0,0.0,0.0,0.0,0.0,0.0,0.0,0.0,0.0,0.0,0.0,0.0,0.0,0.0,0.0,0.0,0.0,0.0,0.0,0.0,0.0,0.0,0.0,0.0,0.0,0.0,0.0,0.0,0.0,0.0,0.0,0.0,0.0,0.0,0.0,0.0,0.0,0.0,,,,,,,,
Anion_0005,CCCCC/C=C\C/C=C\CCCCCCC(=O)O,4.0262,-10.3534,-6.3272,7.6388,-1.1555,1.8364,0.0,568.8514,-10.4796,-5.949,-8.3403,208.0161,0.0565,8.7943,0.1137,3.2416,0.5978,1.4856,11.0191,4.1694,111.1059,-59.8152,18978.6311,414719.8184,426.4694,415.6912,-3.2416,0.2487,6.732,0.3688,-5.4403,0.6188,1.7532,8.2366,0.7375,-6.4833,4.3526,0.0064,1.995,0.8822000000000001,-5.945,0.7362000000000001,0.6782,3.7398,2.0,0.0,11.66986956617458,11.66986956617458,2.213419624809537,-4.705269718429998,0.353104914797402,45.68421052631579,266.42499999999995,236.18499999999997,266.2245802000003,110.0,0.0,0.302839556538039,-0.481230389785209,0.481230389785209,0.302839556538039,1.105263157894737,1.789473684210526,2.473684210526316,2.92500166530408,7.50838096063643,1327.876140703669,40.59385812713468,39.316496580927726,9.316496580927726,20.86214875723927,19.316496580927726,4.408248290463863,2.162457478565265,2.162457478565265,0.9770620726159652,0.9770620726159652,0.457281036307982,0.457281036307982,-1.05,1097946113.673496,2.339551796997008,15.008997050147492,16.95,160.3906599092081,5.108808191107212,0.0,0.0,0.0,1.431199657232634,5.969305287951849,4.794537184071822,0.0,0.0,0.0,56.55187870675545,38.23754940797628,40.64188880558489,5.483034224680881,49.65534350411545,5.969305287951849,1.431199657232634,0.0,0.0,76.95406603191886,0.0,24.208286984142266,0.0,0.0,0.0,0.0,0.0,0.0,11.078113479059065,4.794537184071822,0.0,116.70606416085512,24.208286984142266,0.0,1.431199657232634,0.0,37.3,107.131658304013,4.794537184071822,0.0,0.0,0.0,0.0,0.0,0.0,0.0,5.108808191107212,41.18319778616903,233.17084816679267,0.0,11.66986956617458,3.288898326951288,0.0,-2.433993916387707,-9.042574874671024,-48.86137037752381,-3.958343558002735,0.0,0.7058823529411761,19.0,1.0,2.0,0.0,0.0,0.0,0.0,0.0,0.0,2.0,1.0,2.0,14.0,0.0,0.0,0.0,0.0,5.494400000000004,82.37680000000006,1.0,0.0,0.0,0.0,0.0,0.0,0.0,0.0,1.0,1.0,1.0,0.0,0.0,0.0,0.0,0.0,0.0,0.0,0.0,0.0,0.0,0.0,0.0,0.0,0.0,0.0,4.0,0.0,0.0,0.0,0.0,0.0,0.0,0.0,0.0,0.0,0.0,0.0,0.0,0.0,0.0,0.0,0.0,0.0,0.0,0.0,0.0,0.0,0.0,0.0,0.0,0.0,0.0,0.0,0.0,0.0,0.0,0.0,0.0,0.0,0.0,0.0,0.0,0.0,0.0,0.0,0.0,0.0,0.0,0.0,0.0,0.0,0.0,0.0,0.0,0.0,0.0,0.0,0.0,0.0,0.0,0.0,0.0,0.0,0.0,,,,,,,,
Anion_0006,O=C([O-])Cc1c[nH+]c2cccc[c-]12,1.7396,-4.6764,-2.9368,2.7114000000000003,-4.6512,13.904,-1.0,348.5588,-71.161,-2.9594,-3.8066,125.7454,0.3152,7.3626,0.1358,-0.9699,0.0639,48.5437,7.9252,-0.3264,66.6737,-36.7892,6408.5681,154655.2753,226.8007,207.9771,0.9699,2.1458,0.206,-0.1317,-0.8707,0.1183,4.7151,2.7753,-0.2635,1.9398,4.7693,0.0119,15.1502,0.0256,-70.1558,1.276,0.6782,3.581,2.0,0.0,10.942807382212145,10.942807382212145,0.281041666666666,-3.166808390022677,0.5849715284572441,20.307692307692307,174.17900000000006,166.11499999999998,174.05605207591,66.0,0.0,0.439754154303686,-0.5498650246146051,0.5498650246146051,0.439754154303686,1.846153846153846,2.692307692307692,3.461538461538461,2.668462048704688,3.123273403346126,781.68128049976,16.27350269189626,14.263710176427685,6.263710176427685,9.529485756039968,7.30267548146378,3.355461885963821,2.234671074065223,2.234671074065223,1.424275668115923,1.424275668115923,0.9308739686784292,0.9308739686784292,-1.7699999999999991,32744.697799655227,2.8717012561181603,2.935678423325268,1.402156142111394,86.30568878686027,9.901064578912528,11.689595928431022,0.0,0.0,0.0,1.4118420783282,4.977003270229252,0.0,0.0,18.127256122989884,6.042418707663295,12.320434262332013,19.19602297013233,1.37075855617022,25.88521982066152,16.872230220032908,0.0,0.0,0.0,6.372924901329379,0.0,35.90602153316493,0.0,0.0,10.083530665069958,0.0,0.0,0.0,5.969305287951849,11.1674620854012,0.0,15.158761384888534,30.34257004146794,1.4118420783282,10.902924932081056,0.0,54.27,59.15117665452722,9.901064578912528,0.0,4.977003270229252,0.0,0.0,0.0,0.0,0.0,0.0,11.00715197151974,60.753838655832695,0.0,11.223849048878812,10.4383629377677,-1.272569444444443,-2.156563681027966,-2.700849867724866,-4.036067649281936,0.0,0.0,0.1,13.0,1.0,3.0,0.0,0.0,0.0,1.0,1.0,2.0,2.0,0.0,3.0,2.0,0.0,0.0,0.0,2.0,-0.3348,44.80770000000001,1.0,0.0,0.0,0.0,0.0,1.0,1.0,0.0,1.0,1.0,1.0,1.0,0.0,0.0,0.0,0.0,1.0,0.0,0.0,0.0,0.0,1.0,0.0,0.0,0.0,0.0,0.0,0.0,0.0,0.0,0.0,0.0,0.0,0.0,1.0,0.0,1.0,0.0,0.0,0.0,0.0,0.0,0.0,0.0,0.0,0.0,0.0,0.0,0.0,0.0,0.0,0.0,0.0,0.0,0.0,0.0,0.0,0.0,0.0,0.0,0.0,0.0,0.0,0.0,1.0,0.0,0.0,0.0,0.0,0.0,0.0,0.0,0.0,0.0,0.0,0.0,0.0,0.0,0.0,0.0,0.0,0.0,0.0,0.0,0.0,,,,,,,,
Anion_0007,C=CC(=O)[O-],2.8529,-4.3802,-1.5273,3.2898,-7.0772,8.357,-1.0,212.0876,-69.5281,-2.1174,-2.9537,47.3806,0.145,10.367,0.0965,-1.8937,0.173,106.383,10.4718,-4.7244,80.8077,-16.2713,954.987,21669.3325,111.7312,88.8515,1.8937,3.8814,0.094,-0.1827,-0.6981,0.0673,7.2502,3.4628,-0.3653,3.7874,4.7674,0.0043,,0.0908,-70.4675,2.3786,0.6782,0.309,2.0,0.0,9.54425925925926,9.54425925925926,1.037037037037036,-1.7870370370370372,0.368857125188215,14.0,71.05499999999999,68.031,71.01385291591001,28.0,0.0,0.06364364579637,-0.54548976165203,0.54548976165203,0.06364364579637,2.6,3.2,3.2,1.640336064760443,4.22661928689647,135.4639615981846,6.732050807568877,5.316496580927726,2.3164965809277263,3.553418012614795,2.408248290463863,0.908248290463863,0.412457478565264,0.412457478565264,0.102062072615965,0.102062072615965,0.0,0.0,-0.79,39.36806555425064,1.124887161894093,1.521526479750778,3.21,33.95019957718173,9.901064578912528,0.0,0.0,0.0,0.0,0.0,0.0,0.0,0.0,0.0,6.531038962001867,6.052071746035566,0.0,10.08158095646251,14.013340247423187,5.969305287951849,0.0,0.0,0.0,0.0,0.0,12.583110708037434,0.0,0.0,5.106527394840706,0.0,0.0,0.0,5.969305287951849,4.794537184071822,0.0,4.11227566851066,12.583110708037434,0.0,0.0,0.0,40.13,18.55241599598929,9.901064578912528,0.0,0.0,0.0,0.0,0.0,0.0,0.0,0.0,4.11227566851066,18.82814814814815,0.0,9.54425925925926,9.54425925925926,0.0,-1.7870370370370372,-1.092592592592592,0.0,-1.037037037037036,0.0,0.0,5.0,0.0,2.0,0.0,0.0,0.0,0.0,0.0,0.0,2.0,0.0,2.0,1.0,0.0,0.0,0.0,0.0,-1.0777,15.204,1.0,0.0,0.0,0.0,0.0,0.0,0.0,0.0,1.0,1.0,1.0,1.0,0.0,0.0,0.0,0.0,0.0,0.0,0.0,0.0,0.0,0.0,0.0,0.0,0.0,0.0,0.0,0.0,0.0,0.0,0.0,0.0,0.0,0.0,0.0,0.0,0.0,0.0,0.0,0.0,0.0,0.0,0.0,0.0,0.0,0.0,0.0,0.0,0.0,0.0,0.0,0.0,0.0,0.0,0.0,0.0,0.0,0.0,0.0,0.0,0.0,0.0,0.0,0.0,0.0,0.0,0.0,0.0,0.0,0.0,0.0,0.0,0.0,0.0,0.0,0.0,0.0,0.0,0.0,0.0,0.0,0.0,0.0,0.0,0.0,,,,,,,,
Anion_0008,CCC=CCC=CCC=CCCCCCCCC(=O)[O-],1.1507,-4.6172,-3.4665,3.0923,-3.9687,21.7845,-0.9927,536.5914,-70.5936,-2.0532,-4.0418,221.1021,0.3319,7.061,0.1425,-0.4382,0.0172,20.6373,7.6458,1.0102,89.8692,-61.6376,21122.45,466170.2972,415.5474,420.8246,0.4382,1.3894,0.513,-0.0596,-1.327,0.1904,3.9858,3.1094,-0.1193,0.8764000000000001,4.7662,0.0141,,0.0021,-70.3908,1.1722,0.6782,2.7053000000000003,1.9959,0.0041,11.176730593528674,11.176730593528674,1.878337022198248,-4.795028292888247,0.371247152617058,44.1,277.4279999999996,248.19599999999997,277.2173037479106,114.0,0.0,0.057589319048011,-0.5501718609055201,0.5501718609055201,0.057589319048011,1.0,1.6,2.3,2.922480904792533,7.509782226760051,1389.6624671825434,40.54145188432738,38.816496580927726,9.816496580927726,20.8895280956807,19.158248290463863,4.658248290463863,2.287457478565265,2.287457478565265,1.039562072615965,1.039562072615965,0.488531036307982,0.488531036307982,-1.31,1129400849.6966236,2.6829786659465302,15.746529112492937,16.690000000000005,164.5743582331254,9.901064578912528,0.0,0.0,0.0,0.0,0.0,0.0,0.0,0.0,0.0,62.28309729749721,44.61047430930565,37.49675207986692,8.224551337021321,49.65306270784894,5.969305287951849,0.0,0.0,0.0,70.58114113058947,0.0,36.3124304762134,0.0,0.0,5.106527394840706,0.0,0.0,0.0,5.969305287951849,4.794537184071822,0.0,110.33313925952574,36.3124304762134,0.0,0.0,0.0,40.13,112.86287689475476,9.901064578912528,0.0,0.0,0.0,0.0,0.0,0.0,0.0,0.0,39.75199812893639,225.33598077534927,0.0,11.176730593528674,11.176730593528674,0.0,-2.950098506777592,-12.385870073715198,-44.270731005055154,-3.666075710192073,0.0,0.611111111111111,20.0,0.0,2.0,0.0,0.0,0.0,0.0,0.0,0.0,2.0,0.0,2.0,14.0,0.0,0.0,0.0,0.0,4.325800000000003,84.27100000000006,1.0,0.0,0.0,0.0,0.0,0.0,0.0,0.0,1.0,1.0,1.0,1.0,0.0,0.0,0.0,0.0,0.0,0.0,0.0,0.0,0.0,0.0,0.0,0.0,0.0,0.0,6.0,0.0,0.0,0.0,0.0,0.0,0.0,0.0,0.0,0.0,0.0,0.0,0.0,0.0,0.0,0.0,0.0,0.0,0.0,0.0,0.0,0.0,0.0,0.0,0.0,0.0,0.0,0.0,0.0,0.0,0.0,0.0,0.0,0.0,0.0,0.0,0.0,0.0,0.0,0.0,0.0,0.0,0.0,0.0,0.0,0.0,0.0,0.0,0.0,0.0,0.0,0.0,0.0,0.0,0.0,0.0,0.0,0.0,0.0,,,,,,,,
Anion_0009,O=C([O-])Cc1cccc2ccccc12,1.7475,-5.2297,-3.4822,3.0496,-3.8363,11.319,-1.0,360.7595,-63.5311,-1.7269,-4.356,139.3649,0.391,6.8859,0.1452,-0.3934,0.0112,19.5197,8.0247,0.8587,56.1886,-38.6562,7738.964,189474.3704,232.6927,223.3224,0.3934,1.299,0.5123,-0.0571,-1.3281,0.1929,3.8475,3.0608,-0.1142,0.7867000000000001,4.835,0.0148,15.1096,0.0004,-63.7914,1.309,0.6782,4.499,2.0,0.0,11.09216017888637,11.09216017888637,0.502662037037036,-3.266808390022677,0.7032730051539171,20.428571428571427,185.20200000000008,176.12999999999997,185.06080310791,70.0,0.0,0.062934291621588,-0.549805826164331,0.549805826164331,0.062934291621588,1.2857142857142851,2.0,2.785714285714285,2.471521822021383,3.259364380605051,851.9508999338877,17.850852961085884,15.816496580927726,6.816496580927726,10.440169358562926,8.158248290463863,3.658248290463863,2.412457478565265,2.412457478565265,1.539562072615965,1.539562072615965,1.008312072615965,1.008312072615965,-1.8299999999999992,71152.6417341736,3.089338795289362,3.4993326132542,1.592969852410985,94.44344223377544,9.901064578912528,0.0,0.0,0.0,0.0,0.0,0.0,0.0,0.0,0.0,42.29693095364306,16.335899920626588,15.083747301621669,9.59530989319154,22.237891584444505,16.74175371688144,0.0,0.0,0.0,6.372924901329379,0.0,47.86038244534006,0.0,0.0,5.106527394840706,0.0,0.0,0.0,5.969305287951849,11.1674620854012,0.0,17.900278497228975,42.29693095364306,0.0,10.772448428929591,0.0,40.13,70.97506106355087,9.901064578912528,0.0,0.0,0.0,0.0,0.0,0.0,0.0,0.0,12.33682700553198,69.28573396951373,0.0,11.09216017888637,9.988757401108591,-0.9162037037037032,-2.211257558578987,-5.38904856386999,-3.266808390022677,0.0,0.0,0.083333333333333,14.0,0.0,2.0,0.0,0.0,0.0,2.0,0.0,2.0,2.0,0.0,2.0,2.0,0.0,0.0,0.0,2.0,1.132199999999999,52.65900000000002,1.0,0.0,0.0,0.0,0.0,0.0,0.0,0.0,1.0,1.0,1.0,1.0,0.0,0.0,0.0,0.0,0.0,0.0,0.0,0.0,0.0,0.0,0.0,0.0,0.0,0.0,0.0,0.0,0.0,0.0,0.0,0.0,0.0,0.0,2.0,0.0,1.0,0.0,0.0,0.0,0.0,0.0,0.0,0.0,0.0,0.0,0.0,0.0,0.0,0.0,0.0,0.0,0.0,0.0,0.0,0.0,0.0,0.0,0.0,0.0,0.0,0.0,0.0,0.0,0.0,0.0,0.0,0.0,0.0,0.0,0.0,0.0,0.0,0.0,0.0,0.0,0.0,0.0,0.0,0.0,0.0,0.0,0.0,0.0,0.0,,,,,,,,
Anion_0010,CCCCCCCCCCCC(=O)[O-],5.3026,-4.3526,0.95,3.1433,-9.0542,28.864,-1.0,483.9757,-70.1112,-2.1834,-1.7013,153.2723,0.0103,12.1975,0.082,-2.9554,0.3581,,8.2762,-3.5245,133.4337,-45.8105,10735.5725,227099.8987,339.9601,318.0697,2.9554,5.9124,0.0015,-0.2423,-0.0939,0.0077,9.4122,3.5014000000000003,-0.4846,5.9108,5.3313,0.003,,0.1333,-70.544,1.938,0.6782,0.1737,2.0,0.0,11.048215666082957,11.048215666082957,2.9236089210971112,-4.820943759448226,0.507393268053561,45.85714285714285,199.3140000000002,176.12999999999997,199.17035355591,84.0,0.0,0.041383616860257,-0.5501718609055201,0.5501718609055201,0.041383616860257,1.071428571428571,1.5714285714285712,2.071428571428571,2.647535170154181,7.249582803621121,878.647724733672,31.077350269189623,29.816496580927726,6.816496580927726,15.443375672974064,14.658248290463863,3.158248290463863,1.5374574785652642,1.5374574785652642,0.664562072615965,0.664562072615965,0.301031036307982,0.301031036307982,-0.53,5323136.860647167,1.664861559012334,10.550192461908578,11.47,120.02369164229164,9.901064578912528,0.0,0.0,0.0,0.0,0.0,0.0,0.0,0.0,0.0,57.83529132793071,12.74584980265876,37.49675207986692,0.0,41.4285113708276,5.969305287951849,0.0,0.0,0.0,70.58114113058947,0.0,0.0,0.0,0.0,5.106527394840706,0.0,0.0,0.0,5.969305287951849,4.794537184071822,0.0,102.10858792250444,0.0,0.0,0.0,0.0,40.13,76.55044641854133,9.901064578912528,0.0,0.0,0.0,0.0,0.0,0.0,0.0,0.0,31.52744679191505,175.5354765803859,0.0,11.048215666082957,11.048215666082957,0.0,-2.9236089210971112,0.0,-46.29586668083468,-3.995765643953397,0.0,0.916666666666666,14.0,0.0,2.0,0.0,0.0,0.0,0.0,0.0,0.0,2.0,0.0,2.0,11.0,0.0,0.0,0.0,0.0,2.6572,56.85100000000005,1.0,0.0,0.0,0.0,0.0,0.0,0.0,0.0,1.0,1.0,1.0,1.0,0.0,0.0,0.0,0.0,0.0,0.0,0.0,0.0,0.0,0.0,0.0,0.0,0.0,0.0,0.0,0.0,0.0,0.0,0.0,0.0,0.0,0.0,0.0,0.0,0.0,0.0,0.0,0.0,0.0,0.0,0.0,0.0,0.0,0.0,0.0,0.0,0.0,0.0,0.0,0.0,0.0,0.0,0.0,0.0,0.0,0.0,0.0,0.0,0.0,0.0,0.0,0.0,0.0,0.0,0.0,0.0,0.0,0.0,0.0,0.0,0.0,0.0,0.0,0.0,0.0,0.0,0.0,0.0,0.0,0.0,0.0,0.0,0.0,,,,,,,,
Anion_0011,CCCCCCCCCCCCCC(=O)[O-],5.3287,-4.3556,0.9731,3.1292,-8.6174,35.5987,-1.0,548.8916,-70.2336,-2.3087,-1.6912,176.5559,0.0101,11.7466,0.0851,-2.7441,0.3206,2039.7315,8.1296,-2.6563,134.2479,-52.1393,14234.9884,301195.0242,392.6818,366.6028,2.7441,5.4947,0.0065,-0.2336,-0.1925,0.0164,8.938,3.4498,-0.4671,5.4882,5.4808,0.0033,,0.1146,-70.4773,1.8743,0.6782,0.1497,2.0,0.0,11.134119152477512,11.134119152477512,2.97775177153117,-4.99622307256236,0.479115183522575,47.125,227.36800000000025,200.152,227.20165368391,96.0,0.0,0.041383616860257,-0.5501718609055201,0.5501718609055201,0.041383616860257,0.9375,1.375,1.8125,2.759251880029689,7.485576354408425,1062.0440050074744,36.07735026918962,34.816496580927726,7.816496580927726,17.943375672974064,17.158248290463863,3.658248290463863,1.7874574785652642,1.7874574785652642,0.7895620726159651,0.7895620726159651,0.363531036307982,0.363531036307982,-0.53,60516720.69361199,1.8834725937774264,12.539108500345543,13.47,138.3734578717561,9.901064578912528,0.0,0.0,0.0,0.0,0.0,0.0,0.0,0.0,0.0,70.58114113058947,12.74584980265876,42.97978630454781,0.0,46.91154559550849,5.969305287951849,0.0,0.0,0.0,83.32699093324824,0.0,0.0,0.0,0.0,5.106527394840706,0.0,0.0,0.0,5.969305287951849,4.794537184071822,0.0,120.33747194984409,0.0,0.0,0.0,0.0,40.13,89.2962962212001,9.901064578912528,0.0,0.0,0.0,0.0,0.0,0.0,0.0,0.0,37.010481016595946,209.0268549320496,0.0,11.134119152477512,11.134119152477512,0.0,-2.97775177153117,0.0,-57.33996904485151,-4.06070575395532,0.0,0.928571428571428,16.0,0.0,2.0,0.0,0.0,0.0,0.0,0.0,0.0,2.0,0.0,2.0,13.0,0.0,0.0,0.0,0.0,3.437400000000002,66.08500000000005,1.0,0.0,0.0,0.0,0.0,0.0,0.0,0.0,1.0,1.0,1.0,1.0,0.0,0.0,0.0,0.0,0.0,0.0,0.0,0.0,0.0,0.0,0.0,0.0,0.0,0.0,0.0,0.0,0.0,0.0,0.0,0.0,0.0,0.0,0.0,0.0,0.0,0.0,0.0,0.0,0.0,0.0,0.0,0.0,0.0,0.0,0.0,0.0,0.0,0.0,0.0,0.0,0.0,0.0,0.0,0.0,0.0,0.0,0.0,0.0,0.0,0.0,0.0,0.0,0.0,0.0,0.0,0.0,0.0,0.0,0.0,0.0,0.0,0.0,0.0,0.0,0.0,0.0,0.0,0.0,0.0,0.0,0.0,0.0,0.0,,,,,,,,
Anion_0012,CCCCCCCC(=O)[O-],5.266,-4.3813,0.8847,3.1533,-9.7079,15.9168,-1.0,355.856,-69.9319,-1.9618,-1.7483,106.6595,0.0107,12.8611,0.0778,-3.2773,0.4176,17681.9217,8.8078,-5.6333,132.2875,-33.154,5211.3883,110198.0933,238.0663,218.2916,3.2773,6.5552,0.0006,-0.2548,0.062,-0.0048,10.1255,3.5708,-0.5096,6.5546,4.8646,0.0023,,0.1727,-70.6396,1.9913,0.6782,0.2206,2.0,0.0,10.77412426776266,10.77412426776266,2.7531779494205093,-4.327708333333334,0.52216788576784,41.8,143.20600000000013,128.08599999999998,143.10775329991,60.0,0.0,0.041383616860248,-0.5501718609055201,0.5501718609055201,0.041383616860248,1.5,2.2,2.8,2.35200907480102,6.547079013921288,530.1396708751446,21.077350269189623,19.816496580927726,4.816496580927726,10.443375672974064,9.658248290463863,2.158248290463863,1.037457478565264,1.037457478565264,0.414562072615965,0.414562072615965,0.176031036307982,0.176031036307982,-0.53,39741.89733691285,1.233362161379084,6.588063754427392,7.470000000000003,83.32415918336272,9.901064578912528,0.0,0.0,0.0,0.0,0.0,0.0,0.0,0.0,0.0,32.3435917226132,12.74584980265876,26.530683630505145,0.0,30.462442921465826,5.969305287951849,0.0,0.0,0.0,45.08944152527195,0.0,0.0,0.0,0.0,5.106527394840706,0.0,0.0,0.0,5.969305287951849,4.794537184071822,0.0,65.65081986782529,0.0,0.0,0.0,0.0,40.13,51.0587468132238,9.901064578912528,0.0,0.0,0.0,0.0,0.0,0.0,0.0,0.0,20.561378342553297,109.71063677091205,0.0,10.77412426776266,10.77412426776266,0.0,-2.7531779494205093,0.0,-25.297389573885116,-3.791651116465106,0.0,0.875,10.0,0.0,2.0,0.0,0.0,0.0,0.0,0.0,0.0,2.0,0.0,2.0,7.0,0.0,0.0,0.0,0.0,1.0968,38.383,1.0,0.0,0.0,0.0,0.0,0.0,0.0,0.0,1.0,1.0,1.0,1.0,0.0,0.0,0.0,0.0,0.0,0.0,0.0,0.0,0.0,0.0,0.0,0.0,0.0,0.0,0.0,0.0,0.0,0.0,0.0,0.0,0.0,0.0,0.0,0.0,0.0,0.0,0.0,0.0,0.0,0.0,0.0,0.0,0.0,0.0,0.0,0.0,0.0,0.0,0.0,0.0,0.0,0.0,0.0,0.0,0.0,0.0,0.0,0.0,0.0,0.0,0.0,0.0,0.0,0.0,0.0,0.0,0.0,0.0,0.0,0.0,0.0,0.0,0.0,0.0,0.0,0.0,0.0,0.0,0.0,0.0,0.0,0.0,0.0,,,,,,,,
Anion_0013,CCCCCC(=O)[O-],5.2873,-4.3367,0.9507,3.1333,-9.9882,13.7983,-1.0,302.4146,-69.6968,-1.9907,-1.693,83.3078,0.0104,13.1215,0.0762,-3.4275,0.4476,3073.5804,9.2245,-6.8122,132.9181,-26.8246,3186.7022,67381.5073,192.3875,171.4361,3.4275,6.8583,0.0033,-0.2612,0.1471,-0.0112,10.4358,3.5809,-0.5224,6.8549,4.6336,0.0021,,0.1998,-70.5948,2.2106,0.6782,0.2057,2.0,0.0,10.53516014739229,10.53516014739229,2.6085955215419503,-3.975462962962963,0.494768137130223,38.25,115.15199999999992,104.06399999999998,115.07645317191,48.0,0.0,0.041383615453741,-0.550171860911015,0.550171860911015,0.041383615453741,1.875,2.625,3.125,2.139733248300212,5.989640448872497,367.87192504561045,16.077350269189626,14.816496580927726,3.8164965809277263,7.943375672974064,7.158248290463863,1.6582482904638631,0.787457478565264,0.787457478565264,0.289562072615965,0.289562072615965,0.113531036307982,0.113531036307982,-0.53,3314.4468016170285,1.024574052697747,4.624559505409582,5.469999999999999,64.97439295389835,9.901064578912528,0.0,0.0,0.0,0.0,0.0,0.0,0.0,0.0,0.0,19.59774191995444,12.74584980265876,21.047649405824263,0.0,24.979408696784944,5.969305287951849,0.0,0.0,0.0,32.3435917226132,0.0,0.0,0.0,0.0,5.106527394840706,0.0,0.0,0.0,5.969305287951849,4.794537184071822,0.0,47.42193584048565,0.0,0.0,0.0,0.0,40.13,38.312897010565045,9.901064578912528,0.0,0.0,0.0,0.0,0.0,0.0,0.0,0.0,15.07834411787242,77.73389503023431,0.0,10.53516014739229,10.53516014739229,0.0,-2.6085955215419503,0.0,-15.65976851851852,-3.619184618291762,0.0,0.833333333333333,8.0,0.0,2.0,0.0,0.0,0.0,0.0,0.0,0.0,2.0,0.0,2.0,5.0,0.0,0.0,0.0,0.0,0.3166,29.148999999999983,1.0,0.0,0.0,0.0,0.0,0.0,0.0,0.0,1.0,1.0,1.0,1.0,0.0,0.0,0.0,0.0,0.0,0.0,0.0,0.0,0.0,0.0,0.0,0.0,0.0,0.0,0.0,0.0,0.0,0.0,0.0,0.0,0.0,0.0,0.0,0.0,0.0,0.0,0.0,0.0,0.0,0.0,0.0,0.0,0.0,0.0,0.0,0.0,0.0,0.0,0.0,0.0,0.0,0.0,0.0,0.0,0.0,0.0,0.0,0.0,0.0,0.0,0.0,0.0,0.0,0.0,0.0,0.0,0.0,0.0,0.0,0.0,0.0,0.0,0.0,0.0,0.0,0.0,0.0,0.0,0.0,0.0,0.0,0.0,0.0,,,,,,,,
Anion_0014,C=C(C)C(=O)[O-],3.0524,-4.3933,-1.3409,3.1664,-7.0666,9.53,-1.0,236.798,-69.5783,-1.9883,-2.8671,59.057,0.1213,10.233,0.0977,-1.9501,0.1858,138.3126,9.9851,-4.3979,83.6952,-19.4421,1502.8672,33626.137,134.1295,112.654,1.9501,3.9725,0.0723,-0.1906,-0.6081,0.0594,7.2524,3.3522,-0.3811,3.9002,4.7437000000000005,0.0044,,0.0946,-70.3513,2.0831,0.6782,0.325,2.0,0.0,10.01863425925926,10.01863425925926,1.24537037037037,-2.946759259259259,0.395342101065031,21.0,85.08199999999997,80.04199999999999,85.02950297991,34.0,0.0,0.06656518461599,-0.5452007753072621,0.5452007753072621,0.06656518461599,2.333333333333333,3.0,3.0,1.54284421569495,4.959680194514192,199.01818230486916,9.232050807568877,7.816496580927726,2.8164965809277263,4.764742878019982,3.658248290463863,1.1582482904638631,0.662457478565264,0.662457478565264,0.204124145231931,0.204124145231931,0.0,0.0,-0.79,106.45625088295157,1.088635906540711,1.59814696379692,1.521526479750778,43.12508269191397,9.901064578912528,0.0,0.0,0.0,0.0,0.0,0.0,0.0,0.0,0.0,6.531038962001867,12.424996647364946,4.11227566851066,8.71082240029229,16.754857359763626,5.969305287951849,0.0,0.0,0.0,6.851892117295679,0.0,12.104143492071136,0.0,0.0,5.106527394840706,0.0,0.0,0.0,5.969305287951849,4.794537184071822,0.0,13.705684898146778,12.104143492071136,0.0,0.0,0.0,40.13,24.925340897318662,9.901064578912528,0.0,0.0,0.0,0.0,0.0,0.0,0.0,0.0,6.853792780851101,32.666435185185186,0.0,10.01863425925926,10.01863425925926,-1.266203703703703,-1.9953703703703711,0.0,0.0,-4.19212962962963,0.0,0.25,6.0,0.0,2.0,0.0,0.0,0.0,0.0,0.0,0.0,2.0,0.0,2.0,2.0,0.0,0.0,0.0,0.0,-0.6876,19.820999999999994,1.0,0.0,0.0,0.0,0.0,0.0,0.0,0.0,1.0,1.0,1.0,1.0,0.0,0.0,0.0,0.0,0.0,0.0,0.0,0.0,0.0,0.0,0.0,0.0,0.0,0.0,0.0,0.0,0.0,0.0,0.0,0.0,0.0,0.0,0.0,0.0,0.0,0.0,0.0,0.0,0.0,0.0,0.0,0.0,0.0,0.0,0.0,0.0,0.0,0.0,0.0,0.0,0.0,0.0,0.0,0.0,0.0,0.0,0.0,0.0,0.0,0.0,0.0,0.0,0.0,0.0,0.0,0.0,0.0,0.0,0.0,0.0,0.0,0.0,0.0,0.0,0.0,0.0,0.0,0.0,0.0,0.0,0.0,0.0,0.0,,,,,,,,
Anion_0015,O=C([O-])Cc1ccccc1,2.6186,-4.937,-2.3184,3.0923,-5.4661,10.92,-1.0,305.9285,-64.4669,-1.8071,-3.6277,99.3474,0.1994,8.5584,0.1168,-1.1869,0.0823,47.1476,8.7709,-1.4551,82.6517,-29.0585,4025.5233,95763.5156,190.7154,170.3611,1.1869,2.5859,0.2121,-0.1387,-0.9527,0.1113,5.5484,3.1746,-0.2774,2.3738,4.8448,0.0077,19.4838,0.0295,-65.1752,1.8372,0.6782,4.05,2.0,0.0,10.61135582010582,10.61135582010582,0.710279667422524,-3.14537037037037,0.5713429347387611,20.6,135.14200000000005,128.08599999999998,135.04515304391,52.0,0.0,0.062572973269914,-0.549806217360698,0.549806217360698,0.062572973269914,1.6,2.2,2.7,2.230781029060305,3.72414499555567,468.1324408907678,13.54145188432738,11.816496580927726,4.816496580927726,7.618802153517009,5.908248290463863,2.408248290463863,1.412457478565265,1.412457478565265,0.727062072615965,0.727062072615965,0.414562072615965,0.414562072615965,-1.31,3368.479353881061,2.087500407228809,3.011779444695785,1.89537540220571,68.95183670170465,9.901064578912528,0.0,0.0,0.0,0.0,0.0,0.0,0.0,0.0,0.0,30.212093538316477,5.563451491696996,15.083747301621669,6.853792780851101,19.496374472104065,5.969305287951849,0.0,0.0,0.0,6.372924901329379,0.0,35.77554503001347,0.0,0.0,5.106527394840706,0.0,0.0,0.0,5.969305287951849,11.1674620854012,0.0,15.158761384888534,30.212093538316477,0.0,0.0,0.0,40.13,48.1177752192947,9.901064578912528,0.0,0.0,0.0,0.0,0.0,0.0,0.0,0.0,9.59530989319154,50.97351190476191,0.0,10.61135582010582,10.61135582010582,-0.927314814814814,-2.156453136810279,-4.050418556311412,-3.14537037037037,0.0,0.0,0.125,10.0,0.0,2.0,0.0,0.0,0.0,1.0,0.0,1.0,2.0,0.0,2.0,2.0,0.0,0.0,0.0,1.0,-0.021,35.153000000000006,1.0,0.0,0.0,0.0,0.0,0.0,0.0,0.0,1.0,1.0,1.0,1.0,0.0,0.0,0.0,0.0,0.0,0.0,0.0,0.0,0.0,0.0,0.0,0.0,0.0,0.0,0.0,0.0,0.0,0.0,0.0,0.0,0.0,0.0,1.0,0.0,0.0,0.0,0.0,0.0,0.0,0.0,0.0,0.0,0.0,0.0,0.0,0.0,0.0,0.0,0.0,0.0,0.0,0.0,0.0,0.0,0.0,0.0,0.0,0.0,0.0,0.0,0.0,0.0,0.0,0.0,0.0,0.0,0.0,0.0,0.0,0.0,0.0,0.0,0.0,0.0,0.0,0.0,0.0,0.0,0.0,0.0,0.0,0.0,0.0,,,,,,,,
Anion_0016,CCC(=O)[O-],5.2729,-4.2305,1.0423,3.1312,-10.2172,9.2255,-1.0,221.425,-69.0686,-2.0213,-1.5941,48.2551,0.0107,13.3484,0.0749,-3.5431,0.4702,1570.2321,10.1852,-8.7725,132.6118,-17.33,1077.9167,22800.8881,123.7621,99.7765,3.5431,7.0924,0.0064,-0.2654,0.2059,-0.0154,10.6875,3.6014,-0.5308,7.0861,4.2493,0.0018,,0.2398,-70.2568,2.5313,0.6782,0.2024,2.0,0.0,9.821597222222223,9.821597222222223,2.215277777777777,-3.256944444444444,0.405179006223593,27.6,73.07099999999998,68.031,73.02950297991,30.0,0.0,0.041108964454662,-0.550182865030315,0.550182865030315,0.041108964454662,2.6,3.2,3.2,1.617252175632594,4.568979241768044,147.46227801986964,8.577350269189626,7.316496580927726,2.3164965809277263,4.193375672974064,3.408248290463863,0.908248290463863,0.412457478565264,0.412457478565264,0.102062072615965,0.102062072615965,0.0,0.0,-0.53,69.54184355220156,0.7502390268312771,1.758184438040345,3.469999999999999,37.44974360970161,9.901064578912528,0.0,0.0,0.0,0.0,0.0,0.0,0.0,0.0,0.0,6.851892117295679,6.372924901329379,12.823098068802947,0.0,16.754857359763626,5.969305287951849,0.0,0.0,0.0,13.22481701862506,0.0,0.0,0.0,0.0,5.106527394840706,0.0,0.0,0.0,5.969305287951849,4.794537184071822,0.0,20.07860979947616,0.0,0.0,0.0,0.0,40.13,19.194122306576908,9.901064578912528,0.0,0.0,0.0,0.0,0.0,0.0,0.0,0.0,6.853792780851101,32.15657407407407,0.0,9.821597222222223,9.821597222222223,0.0,-2.215277777777777,0.0,-3.256944444444444,-3.160879629629629,0.0,0.6666666666666661,5.0,0.0,2.0,0.0,0.0,0.0,0.0,0.0,0.0,2.0,0.0,2.0,2.0,0.0,0.0,0.0,0.0,-0.8537,15.298000000000002,1.0,0.0,0.0,0.0,0.0,0.0,0.0,0.0,1.0,1.0,1.0,1.0,0.0,0.0,0.0,0.0,0.0,0.0,0.0,0.0,0.0,0.0,0.0,0.0,0.0,0.0,0.0,0.0,0.0,0.0,0.0,0.0,0.0,0.0,0.0,0.0,0.0,0.0,0.0,0.0,0.0,0.0,0.0,0.0,0.0,0.0,0.0,0.0,0.0,0.0,0.0,0.0,0.0,0.0,0.0,0.0,0.0,0.0,0.0,0.0,0.0,0.0,0.0,0.0,0.0,0.0,0.0,0.0,0.0,0.0,0.0,0.0,0.0,0.0,0.0,0.0,0.0,0.0,0.0,0.0,0.0,0.0,0.0,0.0,0.0,,,,,,,,
Anion_0017,O=C([O-])COc1ccc(Cl)cc1Cl,1.7714,-5.5814,-3.81,3.6881,-3.8366,8.2455,-1.0,369.5698,-59.4961,-2.1152,-4.6956,128.1971,0.3048,7.5247,0.1329,-0.0742,0.0004,11.524,8.5338,0.4239,77.368,-41.2349,6868.2004,194346.6304,231.1617,216.8763,0.0742,1.0163,0.8678,-0.0099,-1.8069,0.2401,3.837,3.6885,-0.0198,0.1485,4.5531,0.0107,,0.0091,-60.2094,2.1502,0.6782,2.8482000000000003,2.0,0.0,10.449560797570058,10.449560797570058,0.410776643990929,-3.243899281934997,0.7662977005963231,16.307692307692307,220.031,214.991,218.96212295991,70.0,0.0,0.138069900385217,-0.546432697994187,0.546432697994187,0.138069900385217,1.692307692307692,2.384615384615384,3.0,2.292348830875441,3.392277132218833,490.9392758897808,14.24855866551393,10.980673817410043,7.492531709446952,8.09192869997933,5.444461053936953,3.700389999955407,1.8236702420383544,2.57959918805681,0.941046588868384,1.396162736858657,0.5138959554453261,0.884311172297605,-0.929999999999999,5478.713705792304,5.076161952798515,4.34685154672948,3.125324761166416,91.8619733846392,14.637927532712578,12.308497076200194,0.0,0.0,0.0,0.0,0.0,0.0,0.0,0.0,23.20187978046503,18.127256122989884,5.022633313741326,17.845731382544272,21.491720313563675,29.17118506841688,0.0,0.0,0.0,0.0,6.558985242916289,28.172522750472535,0.0,5.749511833283905,9.843390348640757,0.0,5.749511833283905,23.20187978046503,12.528290530868135,4.794537184071822,0.0,6.853792780851101,18.127256122989884,10.045266627482652,0.0,0.0,49.36,46.450325114624576,9.901064578912528,0.0,0.0,0.0,0.0,0.0,0.0,0.0,4.736862953800049,30.05567256131613,40.606139770723104,11.14275671173819,10.449560797570058,9.48889989431987,0.0,-2.920143927941547,-1.884425075585788,0.0,-3.243899281934997,0.0,0.125,13.0,0.0,3.0,0.0,0.0,0.0,1.0,0.0,1.0,3.0,0.0,5.0,3.0,0.0,0.0,0.0,1.0,1.122099999999999,46.96400000000001,1.0,0.0,0.0,0.0,0.0,0.0,0.0,0.0,1.0,1.0,1.0,1.0,0.0,0.0,0.0,0.0,0.0,0.0,0.0,0.0,0.0,0.0,0.0,0.0,0.0,0.0,0.0,0.0,0.0,0.0,0.0,0.0,0.0,0.0,1.0,0.0,0.0,0.0,0.0,0.0,0.0,1.0,0.0,0.0,2.0,0.0,0.0,0.0,0.0,0.0,0.0,0.0,0.0,0.0,0.0,0.0,0.0,0.0,0.0,0.0,0.0,0.0,0.0,0.0,0.0,0.0,0.0,0.0,0.0,0.0,0.0,0.0,0.0,0.0,0.0,0.0,0.0,0.0,0.0,0.0,0.0,0.0,0.0,0.0,0.0,,,,,,,,
Anion_0018,O=C([O-])CS,4.5907,-5.5954,-1.0047,3.928,-6.9489,3.044,-1.0,219.4367,-56.9921,-2.0693,-3.3001,55.8023,0.0311,10.8769,0.0919,-1.5105,0.1049,37.2162,10.169,-3.3084,114.7046,-17.4381,1306.8546,39102.2926,118.6714,99.7276,1.5105,3.2896,0.2687,-0.1389,-1.2088,0.1111,7.0538,4.0329,-0.2777,3.0209,4.9408,0.0038,44.9998,0.0253,-59.4509,3.8498,0.6782,0.439,2.0,0.0,9.62513888888889,9.62513888888889,0.143518518518518,-2.569444444444444,0.405889864668376,18.8,91.11099999999998,88.08699999999999,90.98592391591,30.0,0.0,0.102609122474687,-0.5492705331422161,0.5492705331422161,0.102609122474687,2.6,3.2,3.2,1.66681272738686,3.908496637906844,103.45654516950492,6.784457050376173,5.224744871391589,3.041241452319315,3.504035844753885,2.270620726159658,1.270620726159657,0.38951955118123,0.5936436964131621,0.083333333333333,0.25,0.0,0.0,-0.18,38.3366927298978,1.512185309723858,2.081780104712042,3.820000000000002,39.11082302617538,9.901064578912528,1.123799173032188,0.0,0.0,0.0,0.0,0.0,0.0,12.53269603815698,0.0,0.0,0.0,8.4464739974906,5.969305287951849,12.642581691252968,18.50200132610883,1.123799173032188,0.0,0.0,0.0,5.704956885150159,0.0,0.0,0.0,5.106527394840706,0.0,0.0,12.53269603815698,12.798061346134196,4.794537184071822,0.0,2.74151711234044,0.0,0.0,0.0,0.0,40.13,11.674262173102008,9.901064578912528,0.0,12.53269603815698,0.0,0.0,0.0,0.0,0.0,0.0,3.865316285372628,19.07611111111111,-0.143518518518518,9.62513888888889,9.62513888888889,-2.569444444444444,-1.8634259259259247,0.0,0.0,0.0,0.0,0.5,5.0,0.0,2.0,0.0,0.0,0.0,0.0,0.0,0.0,3.0,1.0,3.0,2.0,0.0,0.0,0.0,0.0,-1.3339,18.86,1.0,0.0,0.0,0.0,0.0,0.0,0.0,0.0,1.0,1.0,1.0,1.0,0.0,0.0,0.0,0.0,0.0,0.0,0.0,0.0,0.0,0.0,1.0,0.0,0.0,0.0,0.0,0.0,0.0,0.0,0.0,0.0,0.0,0.0,0.0,0.0,0.0,0.0,0.0,0.0,0.0,0.0,0.0,0.0,0.0,0.0,0.0,0.0,0.0,0.0,0.0,0.0,0.0,0.0,0.0,0.0,0.0,0.0,0.0,0.0,0.0,0.0,0.0,0.0,0.0,0.0,0.0,0.0,0.0,0.0,0.0,0.0,0.0,0.0,0.0,0.0,0.0,0.0,0.0,0.0,0.0,0.0,0.0,0.0,0.0,,,,,,,,
Anion_0019,CCCC(CCC)C(=O)[O-],5.1816,-4.3968,0.7848,2.9972000000000003,-9.6632,10.7138,-1.0,353.5538,-70.3531,-1.9046,-1.806,106.7196,0.0116,12.6604,0.079,-3.333,0.4387,2256.6444,8.9243,-6.5396,129.9023,-33.1566,5215.9697,110231.9626,237.5475,218.4359,3.333,6.6705,0.0045,-0.2632,0.1679,-0.0132,10.1019,3.4359,-0.5265000000000001,6.666,4.5254,0.0022,,0.199,-71.0013,1.8746,0.6782,0.2986,2.0,0.0,11.38253684807256,11.38253684807256,3.010416666666667,-4.573611111111112,0.574585486305641,41.8,143.20600000000013,128.08599999999998,143.10775329991,60.0,0.0,0.044481374847845,-0.549865365652566,0.549865365652566,0.044481374847845,1.7000000000000002,2.2,2.5,2.330426925530379,6.894607147990172,488.6298958708176,21.077350269189623,19.816496580927726,4.816496580927726,10.443375672974064,9.658248290463863,2.158248290463863,1.162457478565264,1.162457478565264,0.579124145231931,0.579124145231931,0.258312072615965,0.258312072615965,-0.53,37978.9676053686,1.233362161379084,5.270170381876186,3.486817404820871,83.32415918336272,9.901064578912528,0.0,0.0,0.0,0.0,0.0,0.0,0.0,0.0,0.0,26.44963403725012,18.63980748802184,26.530683630505145,0.0,30.462442921465826,5.969305287951849,0.0,0.0,5.893957685363079,39.19548383990888,0.0,0.0,0.0,0.0,5.106527394840706,0.0,0.0,0.0,5.969305287951849,4.794537184071822,5.893957685363079,59.75686218246222,0.0,0.0,0.0,0.0,40.13,51.0587468132238,9.901064578912528,0.0,0.0,0.0,0.0,0.0,0.0,0.0,0.0,20.561378342553297,109.19355418556314,0.0,11.38253684807256,11.38253684807256,0.0,-7.584027777777779,0.0,-17.182192932728654,-7.775740504535149,0.0,0.875,10.0,0.0,2.0,0.0,0.0,0.0,0.0,0.0,0.0,2.0,0.0,2.0,7.0,0.0,0.0,0.0,0.0,0.9526999999999992,38.313,1.0,0.0,0.0,0.0,0.0,0.0,0.0,0.0,1.0,1.0,1.0,1.0,0.0,0.0,0.0,0.0,0.0,0.0,0.0,0.0,0.0,0.0,0.0,0.0,0.0,0.0,0.0,0.0,0.0,0.0,0.0,0.0,0.0,0.0,0.0,0.0,0.0,0.0,0.0,0.0,0.0,0.0,0.0,0.0,0.0,0.0,0.0,0.0,0.0,0.0,0.0,0.0,0.0,0.0,0.0,0.0,0.0,0.0,0.0,0.0,0.0,0.0,0.0,0.0,0.0,0.0,0.0,0.0,0.0,0.0,0.0,0.0,0.0,0.0,0.0,0.0,0.0,0.0,0.0,0.0,0.0,0.0,0.0,0.0,0.0,,,,,,,,
Anion_0020,CCCCC(=O)[O-],5.3004,-4.3233,0.977,3.1424,-10.0882,13.1482,-1.0,276.1643,-69.4389,-2.0139,-1.6732,71.617,0.0103,13.2307,0.0756,-3.4729,0.4558,2463.9762,9.5565,-7.465,133.3704,-23.6602,2359.3166,49894.9884,169.8547,147.5234,3.4729,6.95,0.0042,-0.2625,0.1652,-0.0125,10.5441,3.5983,-0.525,6.9458,4.5186,0.0019,,0.2126,-70.4302,2.3271,0.6782,0.1788,2.0,0.0,10.364879535147391,10.364879535147391,2.508680555555555,-3.759837962962963,0.498767382366579,35.714285714285715,101.12499999999994,92.05299999999998,101.06080310791,42.0,0.0,0.041383440387569,-0.5501718623538441,0.5501718623538441,0.041383440387569,2.1428571428571432,2.857142857142857,3.285714285714285,2.003681941453547,5.619692713382383,290.7646952447666,13.577350269189626,12.316496580927726,3.3164965809277263,6.693375672974064,5.908248290463863,1.4082482904638631,0.662457478565264,0.662457478565264,0.227062072615965,0.227062072615965,0.082281036307982,0.082281036307982,-0.53,939.7268305417138,0.9245744143806812,3.652815356489944,5.47,55.7995098391661,9.901064578912528,0.0,0.0,0.0,0.0,0.0,0.0,0.0,0.0,0.0,13.22481701862506,12.74584980265876,18.306132293483827,0.0,22.237891584444505,5.969305287951849,0.0,0.0,0.0,25.970666821283817,0.0,0.0,0.0,0.0,5.106527394840706,0.0,0.0,0.0,5.969305287951849,4.794537184071822,0.0,38.30749382681581,0.0,0.0,0.0,0.0,40.13,31.93997210923567,9.901064578912528,0.0,0.0,0.0,0.0,0.0,0.0,0.0,0.0,12.33682700553198,62.128273337112624,0.0,10.364879535147391,10.364879535147391,0.0,-2.508680555555555,0.0,-11.18199074074074,-3.500694444444445,0.0,0.8,7.0,0.0,2.0,0.0,0.0,0.0,0.0,0.0,0.0,2.0,0.0,2.0,4.0,0.0,0.0,0.0,0.0,-0.0735,24.53199999999999,1.0,0.0,0.0,0.0,0.0,0.0,0.0,0.0,1.0,1.0,1.0,1.0,0.0,0.0,0.0,0.0,0.0,0.0,0.0,0.0,0.0,0.0,0.0,0.0,0.0,0.0,0.0,0.0,0.0,0.0,0.0,0.0,0.0,0.0,0.0,0.0,0.0,0.0,0.0,0.0,0.0,0.0,0.0,0.0,0.0,0.0,0.0,0.0,0.0,0.0,0.0,0.0,0.0,0.0,0.0,0.0,0.0,0.0,0.0,0.0,0.0,0.0,0.0,0.0,0.0,0.0,0.0,0.0,0.0,0.0,0.0,0.0,0.0,0.0,0.0,0.0,0.0,0.0,0.0,0.0,0.0,0.0,0.0,0.0,0.0,,,,,,,,
Anion_0021,CC(C)C(=O)[O-],5.1988,-4.2705,0.9283,3.0058,-9.9837,9.683,-1.0,245.7272,-68.8985,-1.9395,-1.6711,59.9842,0.0113,12.9895,0.077,-3.489,0.4686,1111.1111,9.6816,-8.14,130.6153,-20.4971,1658.7535,35060.1223,145.4448,123.5741,3.489,6.9869,0.009,-0.2686,0.2416,-0.0186,10.4523,3.4744,-0.5372,6.9779,4.2598,0.0019,,0.2355,-69.9939,2.3567,0.6782,0.277,2.0,0.0,10.295972222222222,10.295972222222222,2.423611111111111,-3.569444444444444,0.42783168014026,32.333333333333336,87.09799999999996,80.04199999999999,87.04515304391,36.0,0.0,0.043930993447424,-0.5498874825104151,0.5498874825104151,0.043930993447424,2.166666666666666,2.666666666666666,2.666666666666666,1.7961023625300312,5.352089955344781,199.51288190739265,11.077350269189626,9.816496580927726,2.8164965809277263,5.443375672974064,4.658248290463863,1.1582482904638631,0.662457478565264,0.662457478565264,0.204124145231931,0.204124145231931,0.0,0.0,-0.53,244.26992130408425,0.8307599218308781,1.798837033645378,1.758184438040345,46.62462672443386,9.901064578912528,0.0,0.0,0.0,0.0,0.0,0.0,0.0,0.0,0.0,13.70378423459136,5.893957685363079,15.564615181143388,0.0,19.496374472104065,5.969305287951849,0.0,0.0,5.893957685363079,13.70378423459136,0.0,0.0,0.0,0.0,5.106527394840706,0.0,0.0,0.0,5.969305287951849,4.794537184071822,5.893957685363079,23.299094127782897,0.0,0.0,0.0,0.0,40.13,25.567047207906285,9.901064578912528,0.0,0.0,0.0,0.0,0.0,0.0,0.0,0.0,9.59530989319154,46.71245370370372,0.0,10.295972222222222,10.295972222222222,0.0,-5.993055555555556,0.0,0.0,-6.894675925925926,0.0,0.75,6.0,0.0,2.0,0.0,0.0,0.0,0.0,0.0,0.0,2.0,0.0,2.0,3.0,0.0,0.0,0.0,0.0,-0.6077,19.844999999999995,1.0,0.0,0.0,0.0,0.0,0.0,0.0,0.0,1.0,1.0,1.0,1.0,0.0,0.0,0.0,0.0,0.0,0.0,0.0,0.0,0.0,0.0,0.0,0.0,0.0,0.0,0.0,0.0,0.0,0.0,0.0,0.0,0.0,0.0,0.0,0.0,0.0,0.0,0.0,0.0,0.0,0.0,0.0,0.0,0.0,0.0,0.0,0.0,0.0,0.0,0.0,0.0,0.0,0.0,0.0,0.0,0.0,0.0,0.0,0.0,0.0,0.0,0.0,0.0,0.0,0.0,0.0,0.0,0.0,0.0,0.0,0.0,0.0,0.0,0.0,0.0,0.0,0.0,0.0,0.0,0.0,0.0,0.0,0.0,0.0,,,,,,,,
Anion_0022,CC(=O)CCC(=O)[O-],1.8819,-5.0016,-3.1197,3.6755,-5.623,6.6998,-1.0,274.2401,-62.7851,-2.6149,-4.0606,72.636,0.2292,9.2985,0.1075,-0.9737,0.051,25.5108,9.7545,-2.805,88.6282,-26.7085,2424.362,53336.6374,163.0233,144.8325,0.9737,2.3402,0.3927,-0.1047,-1.3509,0.1453,5.674,3.7265,-0.2094,1.9475,4.4485,0.0055,18.5984,0.0104,-64.4486,3.6002,0.6782,0.4565,2.0,0.0,10.968819444444444,10.968819444444444,2.107222222222222,-3.695949074074073,0.478861067743359,26.75,115.10799999999996,108.05199999999998,115.04006766391,46.0,0.0,0.12971466883317,-0.550157620461729,0.550157620461729,0.12971466883317,1.75,2.375,2.75,2.0003612296517,5.333735674281335,291.4910072353085,12.654700538379252,10.72474487139159,3.724744871391589,6.348076211353316,5.112372435695795,1.612372435695794,0.866581623797196,0.866581623797196,0.278093108923948,0.278093108923948,0.107796554461974,0.107796554461974,-0.8600000000000001,674.1217343926229,1.558993209760708,3.181985421619627,5.14,57.15109093887423,14.69560176298435,5.783244946364939,0.0,0.0,0.0,0.0,0.0,0.0,0.0,0.0,0.0,13.22481701862506,21.937540082472765,0.0,24.290911656175886,11.75255023431679,0.0,0.0,0.0,19.59774191995444,0.0,0.0,0.0,0.0,5.106527394840706,0.0,0.0,0.0,11.75255023431679,9.589074368143644,0.0,29.19305181314597,0.0,0.0,0.0,0.0,57.2,31.35029215427123,14.69560176298435,0.0,0.0,0.0,0.0,0.0,0.0,0.0,0.0,9.59530989319154,47.0048474111867,0.0,21.205921201814057,10.237101757369617,0.0,-4.588611111111111,0.0,-7.36550925925926,-3.410416666666667,0.0,0.6000000000000001,8.0,0.0,3.0,0.0,0.0,0.0,0.0,0.0,0.0,3.0,0.0,3.0,4.0,0.0,0.0,0.0,0.0,-0.8945000000000001,24.92199999999999,1.0,0.0,0.0,0.0,0.0,0.0,0.0,0.0,1.0,1.0,2.0,2.0,0.0,0.0,0.0,0.0,0.0,0.0,0.0,0.0,0.0,0.0,0.0,0.0,0.0,0.0,0.0,0.0,0.0,0.0,0.0,0.0,0.0,0.0,0.0,0.0,0.0,0.0,0.0,0.0,0.0,0.0,0.0,0.0,0.0,0.0,0.0,0.0,0.0,0.0,0.0,1.0,1.0,0.0,0.0,0.0,0.0,0.0,0.0,0.0,0.0,0.0,0.0,0.0,0.0,0.0,0.0,0.0,0.0,0.0,0.0,0.0,0.0,0.0,0.0,0.0,0.0,0.0,0.0,0.0,0.0,0.0,0.0,0.0,0.0,,,,,,,,
Anion_0023,O=C([O-])CCS,4.3921,-5.5177,-1.1257,3.6329,-6.6332,6.128,-1.0,244.8819,-56.2917,-1.8831,-3.3218,67.6144,0.0401,10.2661,0.0974,-1.5001,0.1096,45.1466,9.3955,-2.5620000000000003,109.7123,-20.5997,1944.4395,54898.8463,139.9702,122.0297,1.5001,3.2218,0.2215,-0.1461,-1.0664,0.1039,6.7428,3.7425,-0.2922,3.0003,4.9169,0.0045,,0.0276,-58.7016,3.6148,0.6782,1.1105,2.0,0.0,10.003819444444444,10.003819444444444,0.250138888888889,-3.139467592592592,0.460124511692713,25.0,105.13799999999996,100.09799999999998,105.00157397991,36.0,0.0,0.102223553722119,-0.550139975871913,0.550139975871913,0.102223553722119,2.333333333333333,3.0,3.166666666666666,1.870208202585873,4.668643179749835,169.11046533926623,9.284457050376172,7.724744871391589,3.541241452319315,4.754035844753886,3.520620726159658,1.520620726159657,0.51451955118123,0.7186436964131621,0.153093108923948,0.255155181539914,0.041666666666666,0.125,-0.18,142.13582339652638,1.402148738390831,3.02746887966805,3.820000000000001,48.285706140907614,9.901064578912528,1.123799173032188,0.0,0.0,0.0,0.0,0.0,0.0,12.53269603815698,0.0,0.0,12.077881786479535,11.45233951263273,0.0,15.384098803593409,18.50200132610883,1.123799173032188,0.0,0.0,6.372924901329379,5.704956885150159,0.0,0.0,0.0,5.106527394840706,0.0,0.0,12.53269603815698,12.798061346134196,4.794537184071822,0.0,11.85595912601026,0.0,0.0,0.0,0.0,40.13,18.047187074431385,9.901064578912528,0.0,12.53269603815698,0.0,0.0,0.0,0.0,0.0,0.0,6.6068333977130695,33.31854166666667,-0.250138888888889,10.003819444444444,10.003819444444444,-2.785879629629629,-2.150694444444444,0.0,-3.139467592592592,0.0,0.0,0.6666666666666661,6.0,0.0,2.0,0.0,0.0,0.0,0.0,0.0,0.0,3.0,1.0,3.0,3.0,0.0,0.0,0.0,0.0,-0.9438,23.476999999999997,1.0,0.0,0.0,0.0,0.0,0.0,0.0,0.0,1.0,1.0,1.0,1.0,0.0,0.0,0.0,0.0,0.0,0.0,0.0,0.0,0.0,0.0,1.0,0.0,0.0,0.0,0.0,0.0,0.0,0.0,0.0,0.0,0.0,0.0,0.0,0.0,0.0,0.0,0.0,0.0,0.0,0.0,0.0,0.0,0.0,0.0,0.0,0.0,0.0,0.0,0.0,0.0,0.0,0.0,0.0,0.0,0.0,0.0,0.0,0.0,0.0,0.0,0.0,0.0,0.0,0.0,0.0,0.0,0.0,0.0,0.0,0.0,0.0,0.0,0.0,0.0,0.0,0.0,0.0,0.0,0.0,0.0,0.0,0.0,0.0,,,,,,,,
Anion_0024,CC(C)CC(=O)[O-],5.2851,-4.3448,0.9403,3.1214,-10.0295,11.9372,-1.0,270.2078,-69.2716,-1.9626,-1.7022,71.6054,0.0105,13.1509,0.076,-3.454,0.4536,2471.9129,9.6061,-7.8418,132.9391,-23.6628,2358.643,49897.7751,166.4274,146.8187,3.454,6.9123,0.0043,-0.2627,0.1663,-0.0127,10.4831,3.575,-0.5253,6.908,4.3362,0.0019,,0.215,-70.2407,2.2535,0.6782,0.1944,2.0,0.0,10.454930555555556,10.454930555555556,2.546527777777777,-3.82986111111111,0.482217728487458,35.714285714285715,101.12499999999994,92.05299999999998,101.06080310791,42.0,0.0,0.041638631246618,-0.550161147104002,0.550161147104002,0.041638631246618,2.285714285714285,2.857142857142857,3.0,1.973009728321576,5.914983718107408,273.2549202404396,13.577350269189626,12.316496580927726,3.3164965809277263,6.693375672974064,5.908248290463863,1.4082482904638631,0.787457478565264,0.787457478565264,0.227062072615965,0.227062072615965,0.102062072615965,0.102062072615965,-0.53,883.9083582880662,0.9245744143806812,2.610921480426842,5.47,55.7995098391661,9.901064578912528,0.0,0.0,0.0,0.0,0.0,0.0,0.0,0.0,0.0,13.70378423459136,12.266882586692455,18.306132293483827,0.0,22.237891584444505,5.969305287951849,0.0,0.0,5.893957685363079,20.076709135920737,0.0,0.0,0.0,0.0,5.106527394840706,0.0,0.0,0.0,5.969305287951849,4.794537184071822,5.893957685363079,32.41353614145272,0.0,0.0,0.0,0.0,40.13,31.93997210923567,9.901064578912528,0.0,0.0,0.0,0.0,0.0,0.0,0.0,0.0,12.33682700553198,62.19324074074075,0.0,10.454930555555556,10.454930555555556,0.0,-6.332407407407407,0.0,-3.82986111111111,-7.274166666666666,0.0,0.8,7.0,0.0,2.0,0.0,0.0,0.0,0.0,0.0,0.0,2.0,0.0,2.0,4.0,0.0,0.0,0.0,0.0,-0.2176,24.46199999999999,1.0,0.0,0.0,0.0,0.0,0.0,0.0,0.0,1.0,1.0,1.0,1.0,0.0,0.0,0.0,0.0,0.0,0.0,0.0,0.0,0.0,0.0,0.0,0.0,0.0,0.0,0.0,0.0,0.0,0.0,0.0,0.0,0.0,0.0,0.0,0.0,0.0,0.0,0.0,0.0,0.0,0.0,0.0,0.0,0.0,0.0,0.0,0.0,0.0,0.0,0.0,0.0,0.0,0.0,0.0,0.0,0.0,0.0,0.0,0.0,0.0,0.0,0.0,0.0,0.0,0.0,0.0,0.0,0.0,0.0,0.0,0.0,0.0,0.0,0.0,0.0,0.0,0.0,0.0,0.0,0.0,0.0,0.0,0.0,0.0,,,,,,,,
Anion_0025,CCCCCCC=CCCCCCCCC(=O)[O-],1.4555,-4.5018,-3.0463,3.1272,-5.3302,23.365,-1.0,532.4054,-70.5148,-1.8729,-3.7741,199.2387,0.2226,8.4574,0.1185,-1.1015,0.0725,41.9793,7.8586,-1.1415,104.4119,-57.416,17757.5995,381502.4967,406.9961,398.0705,1.1015,2.4488,0.2459,-0.1296,-1.0129,0.1204,5.4027,3.1998,-0.2592,2.2029,4.46,0.0075,,0.0141,-70.4414,1.1213,0.6782,1.0742,2.0,0.0,11.162995125371296,11.162995125371296,2.450480462023344,-4.858592739781865,0.367576523421892,46.333333333333336,253.40600000000023,224.17399999999995,253.21730374791,106.0,0.0,0.057246283020743,-0.5501718609055201,0.5501718609055201,0.057246283020743,1.055555555555555,1.6111111111111112,2.222222222222222,2.84903525495953,7.540023459678679,1232.947017748703,39.23205080756888,37.816496580927726,8.816496580927726,19.758759813876274,18.658248290463863,4.158248290463863,2.037457478565265,2.037457478565265,0.9145620726159652,0.9145620726159652,0.426031036307982,0.426031036307982,-0.79,360762277.2297008,2.212472523588096,14.271690314620606,15.21,153.22368006870067,9.901064578912528,0.0,0.0,0.0,0.0,0.0,0.0,0.0,0.0,0.0,57.19358501734308,38.23754940797628,42.97978630454781,2.74151711234044,49.65306270784894,5.969305287951849,0.0,0.0,0.0,83.32699093324824,0.0,12.104143492071133,0.0,0.0,5.106527394840706,0.0,0.0,0.0,5.969305287951849,4.794537184071822,0.0,123.0789890621845,12.104143492071133,0.0,0.0,0.0,40.13,101.40043971327124,9.901064578912528,0.0,0.0,0.0,0.0,0.0,0.0,0.0,0.0,39.75199812893639,225.4726090396808,0.0,11.162995125371296,11.162995125371296,0.0,-2.9685304003778232,-4.922813727119505,-55.63561239864784,-4.02164276427824,0.0,0.8125,18.0,0.0,2.0,0.0,0.0,0.0,0.0,0.0,0.0,2.0,0.0,2.0,14.0,0.0,0.0,0.0,0.0,3.993600000000002,75.22500000000005,1.0,0.0,0.0,0.0,0.0,0.0,0.0,0.0,1.0,1.0,1.0,1.0,0.0,0.0,0.0,0.0,0.0,0.0,0.0,0.0,0.0,0.0,0.0,0.0,0.0,0.0,2.0,0.0,0.0,0.0,0.0,0.0,0.0,0.0,0.0,0.0,0.0,0.0,0.0,0.0,0.0,0.0,0.0,0.0,0.0,0.0,0.0,0.0,0.0,0.0,0.0,0.0,0.0,0.0,0.0,0.0,0.0,0.0,0.0,0.0,0.0,0.0,0.0,0.0,0.0,0.0,0.0,0.0,0.0,0.0,0.0,0.0,0.0,0.0,0.0,0.0,0.0,0.0,0.0,0.0,0.0,0.0,0.0,0.0,0.0,,,,,,,,
Anion_0026,N#CCC(=O)[O-],4.2603,-5.3148,-1.0545,4.0239,-7.5715,5.885,-1.0,228.3065,-63.7777,-2.1823,-3.1847,48.9937,0.0419,11.5954,0.0862,-1.7738,0.1357,45.8085,10.9924,-5.0564,114.7016,-18.708,1095.5365,25412.7945,120.7106,96.4782,1.7738,3.7659,0.2183,-0.153,-1.125,0.097,7.7072,4.1596,-0.3059,3.5476,4.7418,0.003,,0.0438,-61.8539,-0.4198,0.6782,2.651,2.0,0.0,9.543472222222222,9.543472222222222,0.9120370370370372,-2.8472222222222223,0.394240543272001,13.833333333333334,84.05399999999997,82.03799999999998,84.00910188391,32.0,0.0,0.074742489964255,-0.549040661327566,0.549040661327566,0.074742489964255,2.333333333333333,2.833333333333333,2.833333333333333,1.66681272738686,4.193609558837734,147.85263754543286,6.784457050376173,4.763710176427685,2.763710176427684,3.504035844753885,2.131855088213842,1.131855088213842,0.5242608774402541,0.5242608774402541,0.15796377205346,0.15796377205346,0.045643546458763,0.045643546458763,-1.04,38.3366927298978,2.189674338993739,2.212525252525253,2.96,37.62741179066688,9.901064578912528,0.0,0.0,0.0,0.0,0.0,0.0,0.0,5.261891554738487,0.0,0.0,0.0,2.74151711234044,18.411451502073504,12.642581691252968,5.969305287951849,5.261891554738487,0.0,0.0,6.372924901329379,0.0,0.0,0.0,6.069221312792274,5.106527394840706,0.0,0.0,0.0,5.969305287951849,4.794537184071822,11.33111286753076,9.11444201366982,0.0,0.0,0.0,0.0,63.92,12.342230189281228,9.901064578912528,0.0,0.0,0.0,6.069221312792274,0.0,0.0,0.0,0.0,8.003408667078928,12.546296296296296,0.0,9.543472222222222,17.262083333333333,0.0,-1.9999999999999991,0.9120370370370372,-2.8472222222222223,0.0,0.0,0.333333333333333,6.0,0.0,3.0,0.0,0.0,0.0,0.0,0.0,0.0,3.0,0.0,3.0,1.0,0.0,0.0,0.0,0.0,-1.35002,15.237,1.0,0.0,0.0,0.0,0.0,0.0,0.0,0.0,1.0,1.0,1.0,1.0,0.0,0.0,0.0,1.0,0.0,0.0,0.0,0.0,0.0,0.0,0.0,0.0,0.0,0.0,0.0,0.0,0.0,0.0,0.0,0.0,0.0,0.0,0.0,0.0,0.0,0.0,0.0,0.0,0.0,0.0,0.0,0.0,0.0,0.0,0.0,0.0,0.0,0.0,0.0,0.0,0.0,0.0,0.0,0.0,0.0,1.0,0.0,0.0,0.0,0.0,0.0,0.0,0.0,0.0,0.0,0.0,0.0,0.0,0.0,0.0,0.0,0.0,0.0,0.0,0.0,0.0,0.0,0.0,0.0,0.0,0.0,0.0,0.0,,,,,,,,
Anion_0027,O=CC(=O)[O-],1.6056,-4.8208,-3.2152,3.7276,-5.8233,4.57,-1.0,200.0949,-61.4931,-2.1401,-4.018,38.1357,0.4278,9.5509,0.1047,-1.0478,0.0575,26.6028,11.1373,-4.2297,47.4203,-17.1917,672.198,15126.028,97.8644,75.2748,1.0478,2.4716,0.3759,-0.1097,-1.3399,0.1403,5.8808,3.7851,-0.2194,2.0957,4.5016,0.0052,18.711,0.0251,-64.3939,4.3626000000000005,0.6782,0.284,2.0,0.0,9.148148148148149,9.148148148148149,1.685185185185184,-1.962962962962962,0.264571977780633,9.2,73.027,72.019,72.99311747191001,28.0,0.0,0.164998264725081,-0.541964757274182,0.541964757274182,0.164998264725081,2.2,2.4,2.4,1.360964047443681,3.567703455043203,74.79398751947123,5.154700538379251,3.224744871391589,2.224744871391589,2.642734410091836,1.362372435695794,0.862372435695794,0.38951955118123,0.38951955118123,0.083333333333333,0.083333333333333,0.0,0.0,-0.8600000000000001,13.609640474436812,2.381545893719806,1.458471337579617,3.139999999999998,29.626441594677512,9.901064578912528,7.34006384412207,6.262212162331241,0.0,0.0,0.0,4.794537184071822,0.0,0.0,0.0,0.0,0.0,0.0,0.0,16.06636031915457,12.23151745028309,0.0,0.0,0.0,0.0,0.0,0.0,0.0,0.0,5.106527394840706,0.0,0.0,0.0,12.23151745028309,9.589074368143644,0.0,1.37075855617022,0.0,0.0,0.0,0.0,57.2,12.23151745028309,0.0,0.0,0.0,0.0,0.0,0.0,0.0,0.0,0.0,16.06636031915457,5.731481481481481,0.0,18.19907407407408,9.050925925925926,0.0,-1.962962962962962,0.0,-1.685185185185184,0.0,0.0,0.0,5.0,0.0,3.0,0.0,0.0,0.0,0.0,0.0,0.0,3.0,0.0,3.0,1.0,0.0,0.0,0.0,0.0,-2.0648,11.071,1.0,0.0,0.0,0.0,0.0,0.0,0.0,0.0,1.0,1.0,2.0,2.0,0.0,0.0,0.0,0.0,0.0,0.0,0.0,0.0,0.0,0.0,0.0,1.0,0.0,0.0,0.0,0.0,0.0,0.0,0.0,0.0,0.0,0.0,0.0,0.0,0.0,0.0,0.0,0.0,0.0,0.0,0.0,0.0,0.0,0.0,0.0,0.0,0.0,0.0,0.0,0.0,0.0,0.0,0.0,0.0,0.0,0.0,0.0,0.0,0.0,0.0,0.0,0.0,0.0,0.0,0.0,0.0,0.0,0.0,0.0,0.0,0.0,0.0,0.0,0.0,0.0,0.0,0.0,0.0,0.0,0.0,0.0,0.0,0.0,,,,,,,,
Anion_0028,O=C([O-])CCc1ccccc1,1.5879,-4.7016,-3.1137,3.2172,-4.7187,15.7505,-1.0,336.3091,-68.1489,-2.0269,-3.9078,110.8587,0.3228,7.9359,0.1261,-0.7507,0.0356,26.1193,8.9036,-0.7683,85.558,-32.2163,5072.935,119261.4729,212.2362,193.3138,0.7507,1.8852,0.3837,-0.0945,-1.2332,0.1555,4.7543,3.2529,-0.1889,1.5014,4.8184000000000005,0.0097,15.7972,0.009,-68.6392,1.839,0.6782,3.2243,2.0,0.0,10.721071271101035,10.721071271101035,0.7837396069538921,-3.568428760393048,0.622504726792764,23.818181818181817,149.16900000000007,140.09699999999998,149.06080310791,58.0,0.0,0.062560534721008,-0.5501595056677471,0.5501595056677471,0.062560534721008,1.545454545454545,2.181818181818181,2.727272727272727,2.3304948727849557,3.75815189774423,552.2663338138912,16.04145188432738,14.316496580927726,5.316496580927726,8.86880215351701,7.158248290463863,2.658248290463863,1.537457478565265,1.537457478565265,0.7895620726159651,0.7895620726159651,0.426031036307982,0.426031036307982,-1.31,11629.169415196924,2.094810428148029,3.7604813030666033,2.846053041174158,78.12671981643685,9.901064578912528,0.0,0.0,0.0,0.0,0.0,0.0,0.0,0.0,0.0,30.212093538316477,18.309301294355755,11.45233951263273,6.853792780851101,22.237891584444505,5.969305287951849,0.0,0.0,0.0,12.74584980265876,0.0,35.77554503001347,0.0,0.0,5.106527394840706,0.0,0.0,0.0,5.969305287951849,11.1674620854012,0.0,24.27320339855835,30.212093538316477,0.0,0.0,0.0,40.13,54.49070012062408,9.901064578912528,0.0,0.0,0.0,0.0,0.0,0.0,0.0,0.0,12.33682700553198,66.6169173595364,0.0,10.721071271101035,10.721071271101035,-1.057685185185185,-2.38026738473167,-4.524206349206347,-6.930234315948605,0.0,0.0,0.222222222222222,11.0,0.0,2.0,0.0,0.0,0.0,1.0,0.0,1.0,2.0,0.0,2.0,3.0,0.0,0.0,0.0,1.0,0.369099999999999,39.77000000000002,1.0,0.0,0.0,0.0,0.0,0.0,0.0,0.0,1.0,1.0,1.0,1.0,0.0,0.0,0.0,0.0,0.0,0.0,0.0,0.0,0.0,0.0,0.0,0.0,0.0,0.0,0.0,0.0,0.0,0.0,0.0,0.0,0.0,0.0,1.0,0.0,0.0,0.0,0.0,0.0,0.0,0.0,0.0,0.0,0.0,0.0,0.0,0.0,0.0,0.0,0.0,0.0,0.0,0.0,0.0,0.0,0.0,0.0,0.0,0.0,0.0,0.0,0.0,0.0,0.0,0.0,0.0,0.0,0.0,0.0,0.0,0.0,0.0,0.0,0.0,0.0,0.0,0.0,0.0,0.0,0.0,0.0,0.0,0.0,0.0,,,,,,,,
Anion_0029,CC(C)(C)C(=O)[O-],5.2064,-4.3097,0.8967,2.9195,-9.8889,9.844,-1.0,263.2376,-68.5406,-1.7665000000000002,-1.7065,71.6807,0.0112,12.8084,0.0781,-3.4847,0.474,800.0,9.3514,-7.853,131.0002,-23.6645,2362.4631,49931.2065,162.8435,145.5694,3.4847,6.9819,0.0125,-0.2721,0.2826,-0.0221,10.3629,3.3935,-0.5441,6.9694,4.2339,0.002,,0.2362,-69.4803,2.0281,0.6782,0.279,2.0,0.0,10.770347222222224,10.770347222222224,2.631944444444444,-3.881944444444444,0.423014831200058,35.714285714285715,101.12499999999994,92.05299999999998,101.06080310791,42.0,0.0,0.046744357454694,-0.54959090334988,0.54959090334988,0.046744357454694,1.714285714285714,2.1428571428571432,2.1428571428571432,1.71213714564289,6.166459280731824,245.7060452188049,13.577350269189626,12.316496580927726,3.3164965809277263,6.693375672974064,5.908248290463863,1.4082482904638631,1.037457478565264,1.037457478565264,0.306186217847897,0.306186217847897,0.0,0.0,-0.53,684.8548582571561,0.9245744143806812,1.523475771840051,2.20126142595978,55.7995098391661,9.901064578912528,0.0,0.0,0.0,0.0,0.0,0.0,0.0,0.0,0.0,20.55567635188704,0.0,23.721122762880604,0.0,22.237891584444505,5.969305287951849,0.0,0.0,5.41499046939678,20.55567635188704,0.0,0.0,0.0,0.0,5.106527394840706,0.0,0.0,0.0,5.969305287951849,4.794537184071822,5.41499046939678,32.89250335741902,0.0,0.0,0.0,0.0,40.13,31.93997210923567,9.901064578912528,0.0,0.0,0.0,0.0,0.0,0.0,0.0,0.0,12.33682700553198,61.84125000000002,0.0,10.770347222222224,10.770347222222224,-3.881944444444444,-2.631944444444444,0.0,0.0,-11.201388888888888,0.0,0.8,7.0,0.0,2.0,0.0,0.0,0.0,0.0,0.0,0.0,2.0,0.0,2.0,0.0,0.0,0.0,0.0,0.0,-0.2176,24.46199999999999,1.0,0.0,0.0,0.0,0.0,0.0,0.0,0.0,1.0,1.0,1.0,1.0,0.0,0.0,0.0,0.0,0.0,0.0,0.0,0.0,0.0,0.0,0.0,0.0,0.0,0.0,0.0,0.0,0.0,0.0,0.0,0.0,0.0,0.0,0.0,0.0,0.0,0.0,0.0,0.0,0.0,0.0,0.0,0.0,0.0,0.0,0.0,0.0,0.0,0.0,0.0,0.0,0.0,0.0,0.0,0.0,0.0,0.0,0.0,0.0,0.0,0.0,0.0,0.0,0.0,0.0,0.0,0.0,0.0,0.0,0.0,0.0,0.0,0.0,0.0,0.0,0.0,0.0,0.0,0.0,0.0,0.0,0.0,0.0,0.0,,,,,,,,
Anion_0030,CCCCCCCCC(=O)[O-],5.2718,-4.4857,0.7861,3.1936,-9.669,11.6897,-1.0,363.6253,-69.6734,-1.6931,-1.8498,118.4166,0.0107,12.8625,0.0778,-3.2377,0.4075,,8.5903,-5.9746,132.4996,-36.3201,6417.6834,135644.5031,249.534,239.2395,3.2377,6.4754000000000005,0.0001,-0.2517,0.0221,-0.0017,10.0765,3.6011,-0.5035000000000001,6.4754000000000005,4.5455,0.0022,,0.1591,-70.1981,1.5397,0.6782,0.2163,2.0,0.0,10.861211044622165,10.861211044622165,2.806881653124212,-4.47777777777778,0.525125183858672,43.09090909090909,157.23300000000015,140.09699999999998,157.12340336391,66.0,0.0,0.041383616860257,-0.5501718609055201,0.5501718609055201,0.041383616860257,1.363636363636363,2.0,2.636363636363636,2.43820249313014,6.762462438804284,614.6078197327042,23.577350269189623,22.316496580927726,5.316496580927726,11.693375672974064,10.908248290463863,2.408248290463863,1.162457478565264,1.162457478565264,0.477062072615965,0.477062072615965,0.207281036307982,0.207281036307982,-0.53,136068.7665341137,1.340104782498923,7.575596620908132,9.470000000000002,92.49904229809492,9.901064578912528,0.0,0.0,0.0,0.0,0.0,0.0,0.0,0.0,0.0,38.716516623942574,12.74584980265876,29.272200742845584,0.0,33.20396003380626,5.969305287951849,0.0,0.0,0.0,51.46236642660133,0.0,0.0,0.0,0.0,5.106527394840706,0.0,0.0,0.0,5.969305287951849,4.794537184071822,0.0,74.76526188149506,0.0,0.0,0.0,0.0,40.13,57.431671714553175,9.901064578912528,0.0,0.0,0.0,0.0,0.0,0.0,0.0,0.0,23.302895454893736,125.978123217613,0.0,10.861211044622165,10.861211044622165,0.0,-2.806881653124212,0.0,-30.37109497039557,-3.855902016670868,0.0,0.8888888888888881,11.0,0.0,2.0,0.0,0.0,0.0,0.0,0.0,0.0,2.0,0.0,2.0,8.0,0.0,0.0,0.0,0.0,1.486899999999999,43.000000000000014,1.0,0.0,0.0,0.0,0.0,0.0,0.0,0.0,1.0,1.0,1.0,1.0,0.0,0.0,0.0,0.0,0.0,0.0,0.0,0.0,0.0,0.0,0.0,0.0,0.0,0.0,0.0,0.0,0.0,0.0,0.0,0.0,0.0,0.0,0.0,0.0,0.0,0.0,0.0,0.0,0.0,0.0,0.0,0.0,0.0,0.0,0.0,0.0,0.0,0.0,0.0,0.0,0.0,0.0,0.0,0.0,0.0,0.0,0.0,0.0,0.0,0.0,0.0,0.0,0.0,0.0,0.0,0.0,0.0,0.0,0.0,0.0,0.0,0.0,0.0,0.0,0.0,0.0,0.0,0.0,0.0,0.0,0.0,0.0,0.0,,,,,,,,
Anion_0031,CCCCCCC(=O)[O-],5.2842,-4.4139,0.8703000000000001,3.1755,-9.8496,12.8591,-1.0,320.3259,-69.3578,-1.8498,-1.7718,95.0391,0.0105,13.0251,0.0767,-3.337,0.4275,11247.9561,8.9728,-6.5498,132.905,-29.9901,4141.544,87541.2926,209.3805,193.1093,3.337,6.6751000000000005,0.001,-0.2562,0.0808,-0.0062,10.2771,3.603,-0.5124000000000001,6.6741,4.5485,0.0021,,0.1799,-70.1298,1.9436,0.6782,0.1945,2.0,0.0,10.667827971466364,10.667827971466364,2.688314909297053,-4.165208333333334,0.512663567538173,40.22222222222222,129.17899999999997,116.07499999999996,129.09210323591,54.0,0.0,0.041383616854897,-0.55017186090553,0.55017186090553,0.041383616854897,1.666666666666666,2.444444444444444,3.0,2.253819206525019,6.293278332058745,447.795183328872,18.577350269189623,17.316496580927726,4.316496580927726,9.193375672974064,8.408248290463863,1.9082482904638631,0.912457478565264,0.912457478565264,0.352062072615965,0.352062072615965,0.144781036307982,0.144781036307982,-0.53,11530.539060582,1.12794761072777,5.603868808567606,7.470000000000003,74.14927606863053,9.901064578912528,0.0,0.0,0.0,0.0,0.0,0.0,0.0,0.0,0.0,25.970666821283817,12.74584980265876,23.789166518164706,0.0,27.720925809125383,5.969305287951849,0.0,0.0,0.0,38.716516623942574,0.0,0.0,0.0,0.0,5.106527394840706,0.0,0.0,0.0,5.969305287951849,4.794537184071822,0.0,56.53637785415548,0.0,0.0,0.0,0.0,40.13,44.68582191189442,9.901064578912528,0.0,0.0,0.0,0.0,0.0,0.0,0.0,0.0,17.819861230212858,93.61495606575964,0.0,10.667827971466364,10.667827971466364,0.0,-2.688314909297053,0.0,-20.38146164021164,-3.714168792517008,0.0,0.8571428571428571,9.0,0.0,2.0,0.0,0.0,0.0,0.0,0.0,0.0,2.0,0.0,2.0,6.0,0.0,0.0,0.0,0.0,0.7066999999999991,33.765999999999984,1.0,0.0,0.0,0.0,0.0,0.0,0.0,0.0,1.0,1.0,1.0,1.0,0.0,0.0,0.0,0.0,0.0,0.0,0.0,0.0,0.0,0.0,0.0,0.0,0.0,0.0,0.0,0.0,0.0,0.0,0.0,0.0,0.0,0.0,0.0,0.0,0.0,0.0,0.0,0.0,0.0,0.0,0.0,0.0,0.0,0.0,0.0,0.0,0.0,0.0,0.0,0.0,0.0,0.0,0.0,0.0,0.0,0.0,0.0,0.0,0.0,0.0,0.0,0.0,0.0,0.0,0.0,0.0,0.0,0.0,0.0,0.0,0.0,0.0,0.0,0.0,0.0,0.0,0.0,0.0,0.0,0.0,0.0,0.0,0.0,,,,,,,,
Anion_0032,O=C([O-])CCCc1c[nH+]c2cccc[c-]12,1.1736,-4.6294,-3.4558,3.0004,-4.1747,15.6581,-0.9974,388.1177,-70.5685,-2.7734,-4.0426,149.1014,0.3378,7.175,0.1394,-0.5871000000000001,0.024,24.6541,7.874,0.1591,72.5027,-43.1185,9177.3654,216844.9812,261.3884,251.3882,0.5871000000000001,1.5802,0.4059,-0.0818,-1.2066,0.1682,4.1987,3.0244,-0.1636,1.1743,4.6037,0.0125,14.5321,0.003,-69.3938,0.9206,0.6782,3.4282,2.0,0.0,11.015517440778986,11.015517440778986,0.157756519274376,-3.856613166099775,0.675602831418601,25.066666666666663,202.2330000000001,190.137,202.08735220391,78.0,0.0,0.439753951949641,-0.5501716690033891,0.5501716690033891,0.439753951949641,1.733333333333333,2.6,3.4,2.823304328336276,3.028522326902429,963.6674804985804,21.27350269189626,19.263710176427686,7.263710176427685,12.029485756039968,9.80267548146378,3.855461885963821,2.484671074065223,2.484671074065223,1.549275668115924,1.549275668115924,0.973592932370446,0.973592932370446,-1.7699999999999991,378074.3292161675,2.876180762017689,4.170877177468794,2.180072296905652,104.65545501632474,9.901064578912528,11.689595928431022,0.0,0.0,0.0,1.4118420783282,4.977003270229252,0.0,0.0,18.127256122989884,11.60587019936029,25.875757474623157,18.306132293483827,1.37075855617022,31.3682540453424,16.872230220032908,0.0,0.0,0.0,19.118774703988137,0.0,35.90602153316493,0.0,0.0,10.083530665069958,0.0,0.0,0.0,5.969305287951849,11.1674620854012,0.0,33.387645412228174,30.34257004146794,1.4118420783282,10.902924932081056,0.0,54.27,71.89702645718597,9.901064578912528,0.0,4.977003270229252,0.0,0.0,0.0,0.0,0.0,0.0,16.49018619620062,93.04763967700003,0.0,11.17327396005336,10.31090906965276,-1.676563681027966,-2.542203903166203,-3.243964041635172,-12.3190910808768,0.0,0.0,0.25,15.0,1.0,3.0,0.0,0.0,0.0,1.0,1.0,2.0,2.0,0.0,3.0,4.0,0.0,0.0,0.0,2.0,0.445399999999999,54.04170000000002,1.0,0.0,0.0,0.0,0.0,1.0,1.0,0.0,1.0,1.0,1.0,1.0,0.0,0.0,0.0,0.0,1.0,0.0,0.0,0.0,0.0,1.0,0.0,0.0,0.0,0.0,0.0,0.0,0.0,0.0,1.0,0.0,0.0,0.0,1.0,0.0,1.0,0.0,0.0,0.0,0.0,0.0,0.0,0.0,0.0,0.0,0.0,0.0,0.0,0.0,0.0,0.0,0.0,0.0,0.0,0.0,0.0,0.0,0.0,0.0,0.0,0.0,0.0,0.0,1.0,0.0,0.0,0.0,0.0,0.0,0.0,0.0,0.0,0.0,0.0,0.0,0.0,0.0,0.0,0.0,0.0,0.0,0.0,0.0,0.0,,,,,,,,
Anion_0033,CC=CC(=O)[O-],2.9388,-4.3819,-1.4431,3.166,-6.9487000000000005,11.9575,-1.0,243.5753,-71.819,-2.2486,-2.9125,59.0189,0.1347,10.1147,0.0989,-1.8914,0.1769,124.6739,9.994,-4.2064,82.2917,-19.4414,1501.3366,33603.1375,136.5268,112.491,1.8914,3.8631,0.0804,-0.187,-0.6373,0.063,7.1256,3.3428,-0.374,3.7828,4.7852,0.0046,,0.0905,-72.5647,2.3162000000000003,0.6782,0.3019,2.0,0.0,9.860925925925926,9.860925925925926,1.210648148148148,-2.850046296296296,0.395342101065031,27.0,85.08199999999997,80.04199999999999,85.02950297991,34.0,0.0,0.063905082293111,-0.545479457863494,0.545479457863494,0.063905082293111,2.333333333333333,3.0,3.166666666666666,1.821595868641627,4.821572323709328,203.01818230486916,9.232050807568877,7.816496580927726,2.8164965809277263,4.764742878019982,3.658248290463863,1.1582482904638631,0.537457478565264,0.537457478565264,0.164562072615965,0.164562072615965,0.051031036307982,0.051031036307982,-0.79,136.61969014812203,1.088635906540711,2.447529691211401,3.21,43.12508269191397,9.901064578912528,0.0,0.0,0.0,0.0,0.0,0.0,0.0,0.0,0.0,6.052071746035566,12.903963863331246,4.11227566851066,8.71082240029229,16.754857359763626,5.969305287951849,0.0,0.0,0.0,6.851892117295679,0.0,12.104143492071133,0.0,0.0,5.106527394840706,0.0,0.0,0.0,5.969305287951849,4.794537184071822,0.0,13.705684898146778,12.104143492071133,0.0,0.0,0.0,40.13,24.925340897318662,9.901064578912528,0.0,0.0,0.0,0.0,0.0,0.0,0.0,0.0,6.853792780851101,32.84243055555555,0.0,9.860925925925926,9.860925925925926,0.0,-1.952662037037037,-2.511574074074074,0.0,-2.850046296296296,0.0,0.25,6.0,0.0,2.0,0.0,0.0,0.0,0.0,0.0,0.0,2.0,0.0,2.0,2.0,0.0,0.0,0.0,0.0,-0.6876,19.820999999999994,1.0,0.0,0.0,0.0,0.0,0.0,0.0,0.0,1.0,1.0,1.0,1.0,0.0,0.0,0.0,0.0,0.0,0.0,0.0,0.0,0.0,0.0,0.0,0.0,0.0,0.0,1.0,0.0,0.0,0.0,0.0,0.0,0.0,0.0,0.0,0.0,0.0,0.0,0.0,0.0,0.0,0.0,0.0,0.0,0.0,0.0,0.0,0.0,0.0,0.0,0.0,0.0,0.0,0.0,0.0,0.0,0.0,0.0,0.0,0.0,0.0,0.0,0.0,0.0,0.0,0.0,0.0,0.0,0.0,0.0,0.0,0.0,0.0,0.0,0.0,0.0,0.0,0.0,0.0,0.0,0.0,0.0,0.0,0.0,0.0,,,,,,,,
Anion_0034,O=C([O-])C1CCCCC1,5.2539,-4.4022,0.8516,3.0002,-9.8264,13.0351,-1.0,294.2739,-69.3287,-1.853,-1.7753,89.936,0.0107,12.8265,0.078,-3.4131,0.4541,1512.1584,9.045,-6.9625,132.1703,-28.985,3732.5024,80732.3567,189.1615,176.1792,3.4131,6.8329,0.0066,-0.2661,0.2065,-0.0161,10.2805,3.4543,-0.5322,6.8262,4.4543,0.0021,,0.2095,-70.2432,2.0893,0.6782,0.2439,2.0,0.0,11.059549319727893,11.059549319727893,2.656712962962962,-3.973611111111111,0.5084843975430711,71.33333333333333,127.16299999999993,116.07499999999996,127.07645317191,52.0,0.0,0.044481729728672,-0.5498653627361211,0.5498653627361211,0.044481729728672,1.555555555555555,2.111111111111111,2.555555555555555,2.241108222229269,3.881528318475007,423.68799315174965,16.577350269189626,15.316496580927726,4.316496580927726,8.443375672974064,7.658248290463863,2.158248290463863,1.287457478565265,1.287457478565265,0.704124145231931,0.704124145231931,0.352062072615965,0.352062072615965,-0.53,7126.724146689078,1.246788279230106,2.852566645594043,1.6989023562471832,70.33350391476569,9.901064578912528,0.0,0.0,0.0,0.0,0.0,0.0,0.0,0.0,0.0,19.118774703988137,18.63980748802184,21.047649405824263,0.0,24.979408696784944,5.969305287951849,0.0,0.0,5.893957685363079,31.864624506646894,0.0,0.0,0.0,0.0,5.106527394840706,0.0,0.0,0.0,5.969305287951849,4.794537184071822,5.893957685363079,46.94296862451935,0.0,0.0,0.0,0.0,40.13,43.72788747996182,9.901064578912528,0.0,0.0,0.0,0.0,0.0,0.0,0.0,0.0,15.07834411787242,81.709929138322,0.0,11.059549319727893,11.059549319727893,0.0,-6.630324074074074,0.0,-19.03203703703704,0.0,0.0,0.8571428571428571,9.0,0.0,2.0,1.0,0.0,1.0,0.0,0.0,0.0,2.0,0.0,2.0,1.0,1.0,0.0,1.0,1.0,0.316599999999999,31.581999999999983,1.0,0.0,0.0,0.0,0.0,0.0,0.0,0.0,1.0,1.0,1.0,1.0,0.0,0.0,0.0,0.0,0.0,0.0,0.0,0.0,0.0,0.0,0.0,0.0,0.0,0.0,0.0,0.0,0.0,0.0,0.0,0.0,0.0,0.0,0.0,0.0,0.0,0.0,0.0,0.0,0.0,0.0,0.0,0.0,0.0,0.0,0.0,0.0,0.0,0.0,0.0,0.0,0.0,0.0,0.0,0.0,0.0,0.0,0.0,0.0,0.0,0.0,0.0,0.0,0.0,0.0,0.0,0.0,0.0,0.0,0.0,0.0,0.0,0.0,0.0,0.0,0.0,0.0,0.0,0.0,0.0,0.0,0.0,0.0,0.0,,,,,,,,
Anion_0035,CCCCCCCCCCCCCCC(=O)[O-],5.2348,-4.4732,0.7616,3.1649,-8.941,25.3553,-1.0,538.0334,-70.3118,-1.9789,-1.8558,188.3743,0.0111,12.1059,0.0826,-2.888,0.3445,3205.5327,7.9359,-3.4415,131.4124,-55.3024,16197.27,342525.5082,391.7148,382.4554,2.888,5.7793,0.0032,-0.2385,-0.1385,0.0115,9.2855,3.5094000000000003,-0.4771,5.7761,5.1352,0.0029,,0.1178,-70.4357,1.4246,0.6782,0.2187,2.0,0.0,11.169528835652253,11.169528835652253,3.000147604864503,-5.073705396510459,0.459743491566832,47.64705882352941,241.39500000000024,212.16299999999995,241.21730374791,102.0,0.0,0.041383616860257,-0.5501718609055201,0.5501718609055201,0.041383616860257,0.8823529411764701,1.294117647058823,1.7058823529411762,2.8091902030538893,7.585264660777034,1155.62282452081,38.57735026918962,37.316496580927726,8.316496580927726,19.193375672974064,18.408248290463863,3.908248290463863,1.912457478565264,1.912457478565264,0.8520620726159651,0.8520620726159651,0.394781036307982,0.394781036307982,-0.53,203490555.2098745,1.993149925244524,13.534641241111824,15.469999999999995,147.54834098648834,9.901064578912528,0.0,0.0,0.0,0.0,0.0,0.0,0.0,0.0,0.0,76.95406603191886,12.74584980265876,45.721303416888254,0.0,49.65306270784894,5.969305287951849,0.0,0.0,0.0,89.69991583457762,0.0,0.0,0.0,0.0,5.106527394840706,0.0,0.0,0.0,5.969305287951849,4.794537184071822,0.0,129.4519139635139,0.0,0.0,0.0,0.0,40.13,95.66922112252948,9.901064578912528,0.0,0.0,0.0,0.0,0.0,0.0,0.0,0.0,39.75199812893639,225.8734760442268,0.0,11.169528835652253,11.169528835652253,0.0,-3.000147604864503,0.0,-62.95814359131092,-4.087575852689259,0.0,0.9333333333333332,17.0,0.0,2.0,0.0,0.0,0.0,0.0,0.0,0.0,2.0,0.0,2.0,14.0,0.0,0.0,0.0,0.0,3.827500000000002,70.70200000000006,1.0,0.0,0.0,0.0,0.0,0.0,0.0,0.0,1.0,1.0,1.0,1.0,0.0,0.0,0.0,0.0,0.0,0.0,0.0,0.0,0.0,0.0,0.0,0.0,0.0,0.0,0.0,0.0,0.0,0.0,0.0,0.0,0.0,0.0,0.0,0.0,0.0,0.0,0.0,0.0,0.0,0.0,0.0,0.0,0.0,0.0,0.0,0.0,0.0,0.0,0.0,0.0,0.0,0.0,0.0,0.0,0.0,0.0,0.0,0.0,0.0,0.0,0.0,0.0,0.0,0.0,0.0,0.0,0.0,0.0,0.0,0.0,0.0,0.0,0.0,0.0,0.0,0.0,0.0,0.0,0.0,0.0,0.0,0.0,0.0,,,,,,,,
Anion_0036,O=C([O-])c1ccco1,2.9582,-4.9309,-1.9727,3.6648,-6.1261,11.469,-1.0,255.0874,-68.9348,-2.2193,-3.4518,69.5555,0.1345,9.7909,0.1021,-1.2307,0.0773,33.0469,10.3767,-2.8323,84.6839,-24.653,2032.687,48455.2108,142.0333,120.2354,1.2307,2.7639,0.3026,-0.1257,-1.2171,0.1243,6.2034,3.7421,-0.2514,2.4613,5.0028,0.0053,20.0707,0.0265,-70.2532,2.8594,0.6782,0.356,2.0,0.0,10.095787037037036,10.095787037037036,0.537777777777777,-1.678703703703703,0.49701150610691,14.25,111.07599999999996,108.05199999999998,111.00876753591,42.0,0.0,0.148803637167452,-0.54152744415665,0.54152744415665,0.148803637167452,2.0,2.75,3.0,2.16535588199899,3.294579812854017,304.16644163375247,8.593858127134677,6.724744871391589,3.724744871391589,5.036581260209189,3.3164965809277263,1.816496580927726,1.070705769029128,1.070705769029128,0.565550587489213,0.565550587489213,0.277040811898598,0.277040811898598,-1.25,283.66162054186776,2.347633136094674,1.6944897959183671,0.7026627218934911,49.76134185071364,14.318215515965877,13.100311262996511,0.0,0.0,0.0,0.0,0.0,0.0,0.0,0.0,0.0,12.08483741532659,0.0,8.980731747181183,18.430491184476534,5.969305287951849,0.0,0.0,0.0,0.0,0.0,24.08429946904177,0.0,0.0,5.106527394840706,0.0,0.0,0.0,5.969305287951849,0.0,0.0,14.667060271456922,22.74120298722068,0.0,0.0,0.0,53.27,30.05360475699362,9.901064578912528,0.0,0.0,0.0,0.0,0.0,0.0,0.0,4.417150937053347,4.11227566851066,24.868240740740735,0.0,10.095787037037036,10.095787037037036,0.0,-2.442592592592592,-1.153518518518518,-0.63037037037037,0.0,0.0,0.0,8.0,0.0,3.0,0.0,0.0,0.0,0.0,1.0,1.0,3.0,0.0,3.0,1.0,0.0,0.0,0.0,1.0,-0.3569,23.0385,0.0,0.0,0.0,0.0,1.0,0.0,0.0,0.0,1.0,1.0,1.0,1.0,0.0,0.0,0.0,0.0,0.0,0.0,0.0,0.0,0.0,0.0,0.0,0.0,0.0,0.0,0.0,0.0,0.0,0.0,0.0,0.0,0.0,0.0,0.0,0.0,0.0,0.0,0.0,0.0,0.0,0.0,1.0,0.0,0.0,0.0,0.0,0.0,0.0,0.0,0.0,0.0,0.0,0.0,0.0,0.0,0.0,0.0,0.0,0.0,0.0,0.0,0.0,0.0,0.0,0.0,0.0,0.0,0.0,0.0,0.0,0.0,0.0,0.0,0.0,0.0,0.0,0.0,0.0,0.0,0.0,0.0,0.0,0.0,0.0,,,,,,,,
Anion_0037,CN(C)CC(=O)[O-],4.8696,-4.2077,0.6619,2.6342,-9.6051,10.0136,-1.0,259.1864,-69.9839,-1.887,-1.7729,69.5609,0.0159,12.2392,0.0817,-3.4854,0.4968,487.2958,8.8826,-7.2623,122.8417,-23.9224,2213.0797,46126.6752,156.3113,138.3986,3.4854,7.0024,0.0315,-0.2849,0.4257,-0.0349,10.1018,3.1309,-0.5697,6.9709,4.2956,0.0024,,0.2618,-70.5129,1.7378,0.6782,0.3721,2.0,0.0,10.328055555555554,10.328055555555554,0.6921296296296291,-3.600694444444444,0.417058648083648,32.142857142857146,102.11299999999994,94.04899999999998,102.05605207591,42.0,0.0,0.055431283268124,-0.548753182203488,0.548753182203488,0.055431283268124,2.1428571428571432,2.714285714285714,2.857142857142857,1.760229453731435,5.425709782217536,240.34773404230123,12.654700538379252,11.263710176427685,3.263710176427684,6.309401076758503,5.3290686837138,1.3290686837138,0.734671074065222,0.734671074065222,0.203090491792517,0.203090491792517,0.091287092917527,0.091287092917527,-0.5700000000000001,506.9460826746533,1.05113526523176,2.577420842715788,5.43,53.78943089480505,14.800974309763005,0.0,0.0,0.0,0.0,0.0,0.0,0.0,0.0,0.0,0.0,13.951653800564491,17.462928133677703,5.969305287951849,20.867133028274285,5.969305287951849,0.0,4.899909730850478,0.0,0.0,20.44851348488044,0.0,0.0,0.0,5.106527394840706,0.0,0.0,0.0,31.31772850368277,4.794537184071822,0.0,10.96606844936176,0.0,0.0,0.0,0.0,43.370000000000005,31.31772850368277,9.901064578912528,0.0,0.0,0.0,0.0,0.0,0.0,0.0,0.0,10.96606844936176,54.29074074074074,0.0,9.635925925925925,10.328055555555554,0.0,-2.421527777777776,0.0,0.0,-10.416527777777778,0.0,0.75,7.0,0.0,3.0,0.0,0.0,0.0,0.0,0.0,0.0,3.0,0.0,3.0,4.0,0.0,0.0,0.0,0.0,-1.702099999999999,23.56099999999999,1.0,0.0,0.0,0.0,0.0,0.0,0.0,0.0,1.0,1.0,1.0,1.0,0.0,0.0,0.0,1.0,0.0,0.0,0.0,1.0,0.0,0.0,0.0,0.0,0.0,0.0,0.0,0.0,0.0,0.0,0.0,0.0,0.0,0.0,0.0,0.0,0.0,0.0,0.0,0.0,0.0,0.0,0.0,0.0,0.0,0.0,0.0,0.0,0.0,0.0,0.0,0.0,0.0,0.0,0.0,0.0,0.0,0.0,0.0,0.0,0.0,0.0,0.0,0.0,0.0,0.0,0.0,0.0,0.0,0.0,0.0,0.0,0.0,0.0,0.0,0.0,0.0,0.0,0.0,0.0,0.0,0.0,0.0,0.0,0.0,,,,,,,,
Anion_0038,O=C([O-])CCCc1ccccc1,1.5368,-4.6004000000000005,-3.0635,3.2044,-4.7909,14.5675,-1.0,350.1557,-68.6233,-1.8546,-3.8322,122.5726,0.3055,7.9953,0.1252,-0.7933,0.0398,27.6704,8.6671,-0.7851,90.0443,-35.3807,6260.0209,145623.4224,227.744,214.5336,0.7933,1.9517,0.3652,-0.0989,-1.2056,0.1511,4.8307,3.2441,-0.1978,1.5865,4.7343,0.0093,15.9749,0.0089,-68.9774,1.5305,0.6782,2.7999,2.0,0.0,10.81293656042664,10.81293656042664,0.844423448391702,-3.8200426351096,0.657023543508502,26.5,163.19600000000008,152.10799999999998,163.07645317191,64.0,0.0,0.06256034092759,-0.5501716608506281,0.5501716608506281,0.06256034092759,1.5,2.166666666666666,2.75,2.418404735928635,3.793460864060683,638.2564323599075,18.541451884327383,16.816496580927726,5.816496580927726,10.118802153517008,8.408248290463863,2.908248290463863,1.662457478565265,1.662457478565265,0.8520620726159651,0.8520620726159651,0.457281036307982,0.457281036307982,-1.31,39855.31004810391,2.133566360389417,4.544018446795469,3.191164645691246,87.30160293116906,9.901064578912528,0.0,0.0,0.0,0.0,0.0,0.0,0.0,0.0,0.0,30.212093538316477,24.68222619568513,14.193856624973169,6.853792780851101,24.979408696784944,5.969305287951849,0.0,0.0,0.0,19.118774703988137,0.0,35.77554503001347,0.0,0.0,5.106527394840706,0.0,0.0,0.0,5.969305287951849,11.1674620854012,0.0,33.387645412228174,30.212093538316477,0.0,0.0,0.0,40.13,60.86362502195345,9.901064578912528,0.0,0.0,0.0,0.0,0.0,0.0,0.0,0.0,15.07834411787242,82.55576232730746,0.0,10.81293656042664,10.81293656042664,-1.167939814814814,-2.528942796254303,-4.911628663811201,-11.156457506613762,0.0,0.0,0.3,12.0,0.0,2.0,0.0,0.0,0.0,1.0,0.0,1.0,2.0,0.0,2.0,4.0,0.0,0.0,0.0,1.0,0.7591999999999991,44.38700000000003,1.0,0.0,0.0,0.0,0.0,0.0,0.0,0.0,1.0,1.0,1.0,1.0,0.0,0.0,0.0,0.0,0.0,0.0,0.0,0.0,0.0,0.0,0.0,0.0,0.0,0.0,0.0,0.0,0.0,0.0,0.0,0.0,0.0,0.0,1.0,0.0,0.0,0.0,0.0,0.0,0.0,0.0,0.0,0.0,0.0,0.0,0.0,0.0,0.0,0.0,0.0,0.0,0.0,0.0,0.0,0.0,0.0,0.0,0.0,0.0,0.0,0.0,0.0,0.0,0.0,0.0,0.0,0.0,0.0,0.0,0.0,0.0,0.0,0.0,0.0,0.0,0.0,0.0,0.0,0.0,0.0,0.0,0.0,0.0,0.0,,,,,,,,
Anion_0039,CC=CC=CC(=O)[O-],1.5590000000000002,-4.6219,-3.0628,3.2175,-4.8203,17.1406,-1.0,299.1875,-73.1623,-2.3623,-3.8423,81.5814,0.3804,8.0377,0.1244,-0.8014,0.04,27.5387,9.3008,-1.0665,60.7863,-24.7265,2769.7712,63502.7993,178.0623,151.2041,0.8014,1.9659,0.3631,-0.0997,-1.208,0.1503,4.8602,3.2574,-0.1994,1.6028,4.9185,0.0095,15.8629,0.0141,-73.587,2.1088,0.6782,0.1959,2.0,0.0,10.13320956160242,10.13320956160242,1.121111111111111,-2.907147581254724,0.367554855284582,30.25,111.11999999999996,104.06399999999998,111.04515304391,44.0,0.0,0.064232450328786,-0.545467341051275,0.545467341051275,0.064232450328786,1.875,2.625,3.125,2.109625640082503,5.453655158275607,337.87979767609386,12.386751345948127,10.816496580927726,3.8164965809277263,6.586110083065902,5.158248290463863,1.6582482904638631,0.787457478565264,0.787457478565264,0.289562072615965,0.289562072615965,0.113531036307982,0.113531036307982,-1.05,921.906404716054,1.467165814463112,4.118067226890756,4.95,57.97530488885857,9.901064578912528,0.0,0.0,0.0,0.0,0.0,0.0,0.0,0.0,0.0,18.1562152381067,12.903963863331246,4.11227566851066,11.45233951263273,19.496374472104065,5.969305287951849,0.0,0.0,0.0,6.851892117295679,0.0,24.208286984142266,0.0,0.0,5.106527394840706,0.0,0.0,0.0,5.969305287951849,4.794537184071822,0.0,16.447202010487217,24.208286984142266,0.0,0.0,0.0,40.13,37.02948438938979,9.901064578912528,0.0,0.0,0.0,0.0,0.0,0.0,0.0,0.0,9.59530989319154,48.00562027588813,0.0,10.13320956160242,10.13320956160242,0.0,-1.997137188208616,-4.784421296296295,0.0,-2.907147581254724,0.0,0.166666666666666,8.0,0.0,2.0,0.0,0.0,0.0,0.0,0.0,0.0,2.0,0.0,2.0,3.0,0.0,0.0,0.0,0.0,-0.131399999999999,28.960999999999988,1.0,0.0,0.0,0.0,0.0,0.0,0.0,0.0,1.0,1.0,1.0,1.0,0.0,0.0,0.0,0.0,0.0,0.0,0.0,0.0,0.0,0.0,0.0,0.0,0.0,0.0,3.0,0.0,0.0,0.0,0.0,0.0,0.0,0.0,0.0,0.0,0.0,0.0,0.0,0.0,0.0,0.0,0.0,0.0,0.0,0.0,0.0,0.0,0.0,0.0,0.0,0.0,0.0,0.0,0.0,0.0,0.0,0.0,0.0,0.0,0.0,0.0,0.0,0.0,0.0,0.0,0.0,0.0,0.0,0.0,0.0,0.0,0.0,0.0,0.0,0.0,0.0,0.0,0.0,0.0,0.0,0.0,0.0,0.0,0.0,,,,,,,,
Anion_0040,C#CC(=O)[O-],4.0323,-4.7041,-0.6718000000000001,3.7382,-8.0274,7.08,-1.0,208.2179,-68.0748,-2.4349,-2.6879,42.5967,0.0471,11.7656,0.085,-2.1446,0.1955,92.6784,11.36,-6.0365,100.6969,-15.2123,783.3766,19125.5513,102.4192,79.4875,2.1446,4.3971,0.1079,-0.1823,-0.7968000000000001,0.0677,8.2229,3.9337,-0.3646,4.2892,4.8064,0.003,,0.0911,-68.7961,2.4781,0.6782,0.409,2.0,0.0,9.194583333333334,9.194583333333334,1.405092592592592,-1.509259259259259,0.320252776351747,6.8,69.039,68.031,68.99820285191001,26.0,0.0,0.124268345034454,-0.536560046099066,0.536560046099066,0.124268345034454,2.4,3.0,3.0,1.348587896012422,3.498225283337703,107.69694286392864,4.991563831562721,3.3164965809277263,2.3164965809277263,2.770055610029662,1.4082482904638631,0.908248290463863,0.412457478565264,0.412457478565264,0.102062072615965,0.102062072615965,0.0,0.0,-0.97,14.834466856136649,2.278138957816377,1.36003300330033,3.030000000000002,30.829087000889626,9.901064578912528,7.34006384412207,0.0,0.0,0.0,0.0,0.0,0.0,0.0,6.399401534821945,5.920434318855644,0.0,0.0,0.0,11.271823135082748,5.969305287951849,0.0,0.0,0.0,0.0,0.0,0.0,0.0,12.319835853677588,5.106527394840706,0.0,0.0,0.0,5.969305287951849,4.794537184071822,12.319835853677588,1.37075855617022,0.0,0.0,0.0,0.0,40.13,5.969305287951849,9.901064578912528,0.0,0.0,0.0,0.0,12.319835853677588,0.0,0.0,0.0,1.37075855617022,5.951111111111112,0.0,9.194583333333334,9.194583333333334,0.0,-0.078703703703703,0.0,1.405092592592592,0.0,0.0,0.0,5.0,0.0,2.0,0.0,0.0,0.0,0.0,0.0,0.0,2.0,0.0,2.0,0.0,0.0,0.0,0.0,0.0,-1.6305,13.84,1.0,0.0,0.0,0.0,0.0,0.0,0.0,0.0,1.0,1.0,1.0,1.0,0.0,0.0,0.0,0.0,0.0,0.0,0.0,0.0,0.0,0.0,0.0,0.0,0.0,0.0,0.0,0.0,0.0,0.0,0.0,0.0,0.0,0.0,0.0,0.0,0.0,0.0,0.0,0.0,0.0,0.0,0.0,0.0,0.0,0.0,0.0,0.0,0.0,0.0,0.0,0.0,0.0,0.0,0.0,0.0,0.0,0.0,0.0,0.0,0.0,0.0,0.0,0.0,0.0,0.0,0.0,0.0,0.0,0.0,0.0,0.0,0.0,0.0,0.0,0.0,0.0,0.0,1.0,0.0,0.0,0.0,0.0,0.0,0.0,,,,,,,,
Anion_0041,O=C([O-])C(=O)c1ccccc1,1.5592,-5.0091,-3.4499,3.225,-4.2019,12.7721,-1.0,313.3863,-67.2338,-2.3668,-4.2295,100.768,0.5059,7.4269,0.1346,-0.4885,0.0161,19.8332,9.1131,-0.1246,45.943,-32.0883,4137.1701,100712.6344,189.1329,169.4245,0.4885,1.4811,0.5042,-0.0658,-1.3683,0.1842,4.218,3.2411,-0.1315,0.9769,4.9827,0.0122,15.8322,0.0036,-68.9437,3.3986,0.6782,1.8209,2.0,0.0,11.071927437641722,11.071927437641722,0.6899092970521531,-2.112471655328797,0.425076336299621,15.454545454545457,149.12500000000003,144.08499999999998,149.02441759990998,56.0,0.0,0.207935735970156,-0.5413930529768141,0.5413930529768141,0.207935735970156,1.272727272727272,1.818181818181818,2.272727272727273,2.232728044989675,3.643355856110975,467.9325290673149,12.618802153517008,10.22474487139159,5.224744871391589,7.2854688201836755,5.112372435695795,2.612372435695794,1.6165816237971962,1.6165816237971962,0.912457478565264,0.912457478565264,0.465593108923948,0.465593108923948,-1.639999999999999,2500.655410388436,3.172338513822828,2.964319183921407,1.6398783373809942,70.30341780141276,9.901064578912528,5.969305287951849,0.0,5.783244946364939,0.0,0.0,4.794537184071822,0.0,0.0,0.0,30.212093538316477,0.0,5.563451491696996,6.853792780851101,21.549394543835447,11.75255023431679,0.0,0.0,0.0,0.0,0.0,35.77554503001347,0.0,0.0,5.106527394840706,0.0,0.0,0.0,11.75255023431679,4.794537184071822,0.0,17.211781456619917,30.212093538316477,0.0,0.0,0.0,57.2,47.52809526433026,14.69560176298435,0.0,0.0,0.0,0.0,0.0,0.0,0.0,0.0,6.853792780851101,36.15626039304611,0.0,21.38698696145125,10.315059523809524,-0.8833333333333321,-3.740249433106575,-3.901390778533634,0.0,0.0,0.0,0.0,11.0,0.0,3.0,0.0,0.0,0.0,1.0,0.0,1.0,3.0,0.0,3.0,2.0,0.0,0.0,0.0,1.0,-0.3808,35.77950000000001,1.0,0.0,0.0,0.0,0.0,0.0,0.0,0.0,1.0,1.0,2.0,2.0,0.0,0.0,0.0,0.0,0.0,0.0,0.0,0.0,0.0,0.0,0.0,0.0,0.0,0.0,0.0,0.0,0.0,0.0,0.0,0.0,0.0,0.0,1.0,0.0,0.0,0.0,0.0,0.0,0.0,0.0,0.0,0.0,0.0,0.0,0.0,0.0,0.0,0.0,0.0,1.0,1.0,0.0,0.0,0.0,0.0,0.0,0.0,0.0,0.0,0.0,0.0,0.0,0.0,0.0,0.0,0.0,0.0,0.0,0.0,0.0,0.0,0.0,0.0,0.0,0.0,0.0,0.0,0.0,0.0,0.0,0.0,0.0,0.0,,,,,,,,
Anion_0042,COc1ccc(CC(=O)[O-])cc1,2.4417,-4.9218,-2.4801,2.9645,-5.3476,14.342,-1.0,350.1878,-65.8703,-2.1552,-3.7009,115.6714,0.2119,8.3121,0.1203,-1.1915,0.0854,52.8821,8.1976,-1.2737,80.9164,-36.2906,5596.1809,130617.9472,223.8273,204.3827,1.1915,2.5722,0.1891,-0.1433,-0.8865000000000001,0.1067,5.433,3.0499,-0.2867,2.3831,4.6535,0.0081,22.8823,0.028,-66.7235,2.3302,0.6782,3.901,2.0,0.0,10.765780974426807,10.765780974426807,0.913983371126228,-3.279484953703704,0.6324179109372331,22.5,165.16800000000006,156.09599999999998,165.05571772791,64.0,0.0,0.118378129896814,-0.549806217216403,0.549806217216403,0.118378129896814,1.75,2.416666666666666,2.916666666666666,2.304872092101905,3.658349612856492,564.1018395954355,16.74855866551393,14.72474487139159,5.724744871391589,9.303253565384518,7.316496580927726,2.8164965809277263,1.718643696413162,1.718643696413162,0.9311862178478972,0.9311862178478972,0.516624145231931,0.516624145231931,-1.509999999999999,16191.726447015888,2.48704838702459,3.758873354833853,2.268477910803053,83.24026504594372,14.637927532712576,5.749511833283905,0.0,0.0,0.0,0.0,0.0,0.0,0.0,0.0,12.08483741532659,17.648288907023584,15.083747301621669,16.633262352074127,26.974754538244557,5.969305287951849,0.0,0.0,0.0,6.372924901329379,7.037952458882589,29.733126322350174,0.0,5.749511833283905,9.843390348640757,0.0,5.749511833283905,0.0,13.007257746834435,11.1674620854012,0.0,17.900278497228975,24.16967483065318,0.0,0.0,0.0,49.36,54.862820803797895,9.901064578912528,0.0,0.0,0.0,0.0,0.0,0.0,0.0,4.736862953800049,12.33682700553198,69.76292072152935,0.0,10.765780974426807,10.765780974426807,-1.059822373393801,-3.156770636495339,-4.089444444444442,-3.279484953703704,0.0,-3.042293595679012,0.222222222222222,12.0,0.0,3.0,0.0,0.0,0.0,1.0,0.0,1.0,3.0,0.0,3.0,4.0,0.0,0.0,0.0,1.0,-0.0124,41.70500000000002,1.0,0.0,0.0,0.0,0.0,0.0,0.0,0.0,1.0,1.0,1.0,1.0,0.0,0.0,0.0,0.0,0.0,0.0,0.0,0.0,0.0,0.0,0.0,0.0,0.0,0.0,0.0,0.0,0.0,0.0,0.0,0.0,0.0,0.0,1.0,0.0,0.0,0.0,0.0,0.0,0.0,1.0,0.0,0.0,0.0,0.0,0.0,0.0,0.0,0.0,0.0,0.0,0.0,0.0,0.0,1.0,0.0,0.0,0.0,0.0,0.0,0.0,0.0,0.0,0.0,0.0,0.0,0.0,0.0,0.0,0.0,0.0,0.0,0.0,0.0,0.0,0.0,0.0,0.0,0.0,0.0,0.0,0.0,0.0,0.0,,,,,,,,
Anion_0043,O=C([O-])c1cccs1,2.2448,-5.1252,-2.8804,3.6609,-4.9391,11.255,-1.0,265.8479,-69.0504,-2.1777,-4.0028,84.5195,0.2532,8.6,0.1163,-0.6391,0.0237,18.8359,9.7826,-1.1172,71.249,-23.8316,2824.7978,82176.7825,152.9469,135.612,0.6391,1.8091,0.5309,-0.0743,-1.5109,0.1757,4.9628,3.6846,-0.1486,1.2782,4.9718,0.0078,17.7418,0.003,-70.7608,3.2099,0.6782,0.27,2.0,0.0,10.199953703703702,10.199953703703702,0.213703703703703,-1.493518518518518,0.5368863842760601,14.25,127.14399999999996,124.11999999999998,126.98592391591,42.0,0.0,0.081472985279006,-0.5439308104228681,0.5439308104228681,0.081472985279006,2.0,2.75,3.0,2.16535588199899,3.294579812854017,306.9213291359159,8.593858127134677,6.724744871391589,4.541241452319316,5.036581260209189,3.3164965809277263,2.632993161855452,1.070705769029128,1.887202349956854,0.565550587489213,1.242527617235709,0.277040811898598,0.666560363079828,-0.8300000000000001,283.66162054186776,2.63904975301874,1.961225714690048,0.8692020605459401,54.60737585704829,9.901064578912528,0.0,0.0,0.0,0.0,0.0,0.0,0.0,0.0,11.336785877934735,6.042418707663295,11.398533117330894,4.877147193701299,10.08158095646251,14.013340247423187,17.306091165886585,0.0,0.0,0.0,0.0,0.0,22.318099018695484,0.0,0.0,5.106527394840706,0.0,0.0,11.336785877934735,5.969305287951849,0.0,0.0,13.78396004628378,17.440951824994187,0.0,0.0,0.0,40.13,12.011723995615144,9.901064578912528,0.0,16.275680311032193,11.336785877934735,0.0,0.0,0.0,0.0,0.0,4.11227566851066,21.025648148148147,0.578703703703703,9.85273148148148,9.986249999999998,0.0,-1.493518518518518,-0.783148148148147,0.0,0.0,0.0,0.0,8.0,0.0,2.0,0.0,0.0,0.0,0.0,1.0,1.0,3.0,0.0,3.0,1.0,0.0,0.0,0.0,1.0,0.111599999999999,28.649499999999996,0.0,0.0,0.0,0.0,1.0,0.0,0.0,0.0,1.0,1.0,1.0,1.0,0.0,0.0,0.0,0.0,0.0,0.0,0.0,0.0,0.0,0.0,0.0,0.0,0.0,0.0,0.0,0.0,0.0,0.0,0.0,0.0,0.0,0.0,0.0,0.0,0.0,0.0,0.0,0.0,0.0,0.0,0.0,0.0,0.0,0.0,0.0,0.0,0.0,0.0,0.0,0.0,0.0,0.0,0.0,0.0,0.0,0.0,0.0,0.0,0.0,0.0,0.0,0.0,0.0,0.0,0.0,0.0,0.0,0.0,0.0,0.0,0.0,0.0,0.0,0.0,0.0,0.0,0.0,0.0,0.0,0.0,1.0,0.0,0.0,,,,,,,,
Anion_0044,CCCCCCC/C=C/CCCCCC(=O)[O-],1.2681,-4.3942,-3.1261,3.1027,-5.2642,35.1554,-1.0,566.158,-70.1843,-2.2445,-3.7601,187.4868,0.2431,8.3669,0.1196,-1.0808,0.0701,41.4203,7.9051,-1.0181,102.5131,-54.2513,15710.3097,337956.8779,402.9687,378.2002,1.0808,2.407,0.2455,-0.129,-1.011,0.121,5.3343,3.1728,-0.258,2.1615,4.5242,0.0077,,0.0145,-70.2519,1.634,0.6782,1.2313,2.0,0.0,11.113183028039083,11.113183028039083,2.414579593411437,-4.721671092105348,0.385417559070663,45.76470588235294,239.37900000000025,212.16299999999995,239.20165368391,100.0,0.0,0.057246283026253,-0.5501718608996701,0.5501718608996701,0.057246283026253,1.117647058823529,1.7058823529411762,2.294117647058823,2.801938774554282,7.442175255702182,1138.4004454351914,36.73205080756888,35.316496580927726,8.316496580927726,18.508759813876274,17.408248290463863,3.908248290463863,1.912457478565264,1.912457478565264,0.8520620726159651,0.8520620726159651,0.394781036307982,0.394781036307982,-0.79,107424376.86314654,2.104799532644423,13.275746219592374,15.210000000000004,144.04879695396846,9.901064578912528,0.0,0.0,0.0,0.0,0.0,0.0,0.0,0.0,0.0,50.820660116013705,38.23754940797628,40.23826919220736,2.74151711234044,46.91154559550849,5.969305287951849,0.0,0.0,0.0,76.95406603191886,0.0,12.104143492071133,0.0,0.0,5.106527394840706,0.0,0.0,0.0,5.969305287951849,4.794537184071822,0.0,113.96454704851467,12.104143492071133,0.0,0.0,0.0,40.13,95.02751481194184,9.901064578912528,0.0,0.0,0.0,0.0,0.0,0.0,0.0,0.0,37.010481016595946,208.69611329279903,0.0,11.113183028039083,11.113183028039083,0.0,-2.921925826183895,-4.8361393245569815,-50.14898019215494,-4.015434005981439,0.0,0.8,17.0,0.0,2.0,0.0,0.0,0.0,0.0,0.0,0.0,2.0,0.0,2.0,13.0,0.0,0.0,0.0,0.0,3.603500000000002,70.60800000000005,1.0,0.0,0.0,0.0,0.0,0.0,0.0,0.0,1.0,1.0,1.0,1.0,0.0,0.0,0.0,0.0,0.0,0.0,0.0,0.0,0.0,0.0,0.0,0.0,0.0,0.0,2.0,0.0,0.0,0.0,0.0,0.0,0.0,0.0,0.0,0.0,0.0,0.0,0.0,0.0,0.0,0.0,0.0,0.0,0.0,0.0,0.0,0.0,0.0,0.0,0.0,0.0,0.0,0.0,0.0,0.0,0.0,0.0,0.0,0.0,0.0,0.0,0.0,0.0,0.0,0.0,0.0,0.0,0.0,0.0,0.0,0.0,0.0,0.0,0.0,0.0,0.0,0.0,0.0,0.0,0.0,0.0,0.0,0.0,0.0,,,,,,,,
Anion_0045,CC(C)(Oc1ccc(Cl)cc1)C(=O)[O-],2.016,-5.2538,-3.2378,3.3024,-4.5509,9.219,-1.0,385.3185,-63.4126,-2.013,-4.2458,139.1517,0.2567,7.8533,0.1273,-0.6243000000000001,0.0248,21.8962,8.17,-0.3761,82.0771,-43.5182,8186.302,207042.4968,254.4445,243.6068,0.6243000000000001,1.7052,0.4567,-0.0795,-1.3391,0.1705,4.5757,3.3272,-0.159,1.2485,4.5212,0.0093,15.973,0.001,-63.6572,1.5794,0.6782,2.544,2.0,0.0,11.380170208000894,11.380170208000894,0.625770975056689,-3.904454837490552,0.7594185010769221,23.214285714285715,213.64000000000007,203.56,213.03239543991,76.0,0.0,0.14251957295446,-0.545816995717201,0.545816995717201,0.14251957295446,1.5714285714285712,2.1428571428571432,2.571428571428571,2.395008590333769,3.794482656726417,637.9273636710559,19.24855866551393,16.602709344400814,7.358638290419271,10.59192869997933,8.25547881743234,3.633443290441567,2.213812150765673,2.591776623774901,1.114165850973451,1.303148087478065,0.531567407332734,0.626058525585041,-1.22,57097.00479355705,3.417543059890342,3.881428910052045,2.635383945340095,101.31344388738984,14.637927532712576,11.350562644267594,0.0,0.0,0.0,0.0,0.0,0.0,0.0,0.0,11.600939890232516,37.87345906524454,13.247184650762646,11.45233951263273,28.345513094414773,17.570245178184365,0.0,0.0,0.0,19.304835045575047,0.0,29.192308144394502,0.0,5.749511833283905,9.843390348640757,0.0,5.749511833283905,11.600939890232516,11.570356098935536,4.794537184071822,0.0,27.41136979629356,24.16967483065318,5.022633313741326,0.0,0.0,49.36,60.2159603112053,9.901064578912528,0.0,0.0,0.0,0.0,0.0,0.0,0.0,4.736862953800049,25.308525451934717,78.34961566725457,5.552338496612635,11.380170208000894,10.754399232944206,-3.904454837490552,-3.791517384731669,-3.757179075333835,0.0,-7.55559452947846,0.0,0.3,14.0,0.0,3.0,0.0,0.0,0.0,1.0,0.0,1.0,3.0,0.0,4.0,5.0,0.0,0.0,0.0,1.0,1.247299999999999,51.166000000000025,1.0,0.0,0.0,0.0,0.0,0.0,0.0,0.0,1.0,1.0,1.0,1.0,0.0,0.0,0.0,0.0,0.0,0.0,0.0,0.0,0.0,0.0,0.0,0.0,0.0,0.0,0.0,0.0,0.0,0.0,0.0,0.0,0.0,0.0,1.0,0.0,0.0,0.0,0.0,0.0,0.0,1.0,0.0,0.0,1.0,0.0,0.0,0.0,0.0,0.0,0.0,0.0,0.0,0.0,0.0,0.0,0.0,0.0,0.0,0.0,0.0,0.0,0.0,0.0,0.0,0.0,0.0,0.0,0.0,0.0,0.0,0.0,0.0,0.0,0.0,0.0,0.0,0.0,0.0,0.0,0.0,0.0,0.0,0.0,0.0,,,,,,,,
Anion_0046,C=CCCCCCCCCC(=O)[O-],0.8536,-4.4117,-3.5581,3.1388,-5.1383,21.2366,-0.5241,437.3549,-69.7074,-2.0665,-3.9849,140.8758,0.2661,8.2771,0.1211,-0.9997,0.0616,37.3087,8.28,-1.1563,103.1727,-41.5887,8820.5163,190757.404,302.7012,281.2088,0.9997,2.2808,0.2814,-0.12,-1.0695,0.13,5.1999,3.2005,-0.24,1.9995,4.5616,0.0082,21.3863,0.0145,-69.996,1.6769,0.6782,0.0291,1.9996,0.0004,10.963353818967736,10.963353818967736,1.632348442227365,-4.587406698790629,0.405175230469657,39.84615384615385,183.27100000000016,164.11899999999997,183.13905342791,76.0,0.0,0.056959607053506,-0.5501718609055201,0.5501718609055201,0.056959607053506,1.384615384615384,2.0,2.615384615384615,2.586652302714136,7.012331785406261,774.1434451332609,26.732050807568875,25.316496580927726,6.316496580927726,13.54743494847109,12.408248290463863,2.908248290463863,1.4124574785652642,1.4124574785652642,0.602062072615965,0.602062072615965,0.269781036307982,0.269781036307982,-0.79,876277.6139381652,1.681223448439539,9.29920606601249,11.21,107.34926449503952,9.901064578912528,0.0,0.0,0.0,0.0,0.0,0.0,0.0,0.0,6.531038962001867,31.543771351353087,25.49169960531752,27.901442186675364,4.11227566851066,35.94547714614671,5.969305287951849,0.0,0.0,0.0,50.98339921063503,0.0,12.583110708037434,0.0,0.0,5.106527394840706,0.0,0.0,0.0,5.969305287951849,4.794537184071822,0.0,77.0278117778692,12.583110708037434,0.0,0.0,0.0,40.13,69.5358152066243,9.901064578912528,0.0,0.0,0.0,0.0,0.0,0.0,0.0,0.0,26.044412567234176,143.47585517811152,0.0,10.963353818967736,10.963353818967736,0.0,-2.847392825453567,-1.769109997170738,-35.15371155119532,-1.632348442227365,0.0,0.7272727272727271,13.0,0.0,2.0,0.0,0.0,0.0,0.0,0.0,0.0,2.0,0.0,2.0,9.0,0.0,0.0,0.0,0.0,2.043099999999999,52.14000000000004,1.0,0.0,0.0,0.0,0.0,0.0,0.0,0.0,1.0,1.0,1.0,1.0,0.0,0.0,0.0,0.0,0.0,0.0,0.0,0.0,0.0,0.0,0.0,0.0,0.0,0.0,1.0,0.0,0.0,0.0,0.0,0.0,0.0,0.0,0.0,0.0,0.0,0.0,0.0,0.0,0.0,0.0,0.0,0.0,0.0,0.0,0.0,0.0,0.0,0.0,0.0,0.0,0.0,0.0,0.0,0.0,0.0,0.0,0.0,0.0,0.0,0.0,0.0,0.0,0.0,0.0,0.0,0.0,0.0,0.0,0.0,0.0,0.0,0.0,0.0,0.0,0.0,0.0,0.0,0.0,0.0,0.0,0.0,0.0,0.0,,,,,,,,
Anion_0047,O=C([O-])COc1ccccc1,2.2757,-4.9978,-2.7222,3.2588,-5.2483,11.3206,-1.0,319.8269,-66.3092,-2.0424,-3.8599,104.0894,0.2112,8.5071,0.1175,-0.9947,0.0582,33.2335,8.747,-1.3286,87.2534,-33.1247,4490.3975,105882.7206,197.1557,178.873,0.9947,2.291,0.3015,-0.117,-1.1321,0.133,5.3065,3.317,-0.2338,1.9895,4.704,0.0076,17.4778,0.0143,-67.3046,2.3596,0.6782,2.7067,2.0,0.0,10.420446271101037,10.420446271101037,0.6885544217687071,-3.297595427059714,0.6014690131617201,19.454545454545453,151.14100000000005,144.08499999999998,151.04006766390998,58.0,0.0,0.127583685149003,-0.546432709908467,0.546432709908467,0.127583685149003,1.636363636363636,2.272727272727273,2.818181818181818,2.292348830875441,3.392277132218833,484.8974319098144,14.24855866551393,12.22474487139159,5.224744871391589,8.091928699979333,6.066496580927726,2.5664965809277263,1.445705769029128,1.445705769029128,0.713488514873247,0.713488514873247,0.382259775590615,0.382259775590615,-1.509999999999999,5478.713705792304,2.5155924442510877,3.607707076422454,2.708675792549771,74.0653819312115,14.637927532712578,12.308497076200194,0.0,0.0,0.0,0.0,0.0,0.0,0.0,0.0,18.127256122989884,12.08483741532659,0.0,15.564615181143388,24.233237425904115,5.969305287951849,0.0,0.0,0.0,0.0,6.558985242916289,30.212093538316477,0.0,5.749511833283905,9.843390348640757,0.0,5.749511833283905,0.0,12.528290530868135,4.794537184071822,0.0,9.59530989319154,30.212093538316477,0.0,0.0,0.0,49.36,48.48989590246852,9.901064578912528,0.0,0.0,0.0,0.0,0.0,0.0,0.0,4.736862953800049,9.59530989319154,54.81001921138825,0.0,10.420446271101037,10.420446271101037,0.0,-3.093045162509447,-3.843604497354495,0.0,-3.297595427059714,0.0,0.125,11.0,0.0,3.0,0.0,0.0,0.0,1.0,0.0,1.0,3.0,0.0,3.0,3.0,0.0,0.0,0.0,1.0,-0.1847,36.94400000000001,1.0,0.0,0.0,0.0,0.0,0.0,0.0,0.0,1.0,1.0,1.0,1.0,0.0,0.0,0.0,0.0,0.0,0.0,0.0,0.0,0.0,0.0,0.0,0.0,0.0,0.0,0.0,0.0,0.0,0.0,0.0,0.0,0.0,0.0,1.0,0.0,0.0,0.0,0.0,0.0,0.0,1.0,0.0,0.0,0.0,0.0,0.0,0.0,0.0,0.0,0.0,0.0,0.0,0.0,0.0,0.0,0.0,0.0,0.0,0.0,0.0,0.0,0.0,0.0,1.0,0.0,0.0,0.0,0.0,0.0,0.0,0.0,0.0,0.0,0.0,0.0,0.0,0.0,0.0,0.0,0.0,0.0,0.0,0.0,0.0,,,,,,,,
Anion_0048,CCCCCCCC/C=C/CCCCCCCC(=O)O,4.0381,-10.4104,-6.3723,7.595,-1.3824,1.9595,0.0,645.8589,-10.6122,-6.0979,-8.3913,220.4051,0.0473,8.9774,0.1114,3.1063,0.5374,1.5679,10.6277,3.5157,116.8944,-64.0345,21740.2074,467553.0717,475.2512,454.5528,-3.1063,0.1656,6.3782,0.346,-5.3507,0.596,1.9198,8.1324,0.6920000000000001,-6.2126,3.9654,0.0055,2.1884,0.8407,-5.9574,0.765,0.6782,3.9131,2.0,0.0,11.730466398583564,11.730466398583564,2.497915946683201,-4.921492909095152,0.290516941798881,47.8,282.4679999999995,248.19599999999997,282.2558803280007,118.0,0.0,0.302839556532194,-0.481230389785216,0.481230389785216,0.302839556532194,1.0,1.55,2.15,2.970746661530693,7.711929549632987,1442.2774639513368,44.93915758875543,43.816496580927726,9.816496580927726,22.796764616337057,21.566496580927726,4.658248290463863,2.287457478565265,2.287457478565265,1.039562072615965,1.039562072615965,0.488531036307982,0.488531036307982,-0.79,6964441627.714542,2.336898608785311,16.264914881933006,17.21,173.0650870564602,5.108808191107212,0.0,0.0,0.0,1.431199657232634,5.969305287951849,4.794537184071822,0.0,0.0,0.0,69.93943482000184,31.864624506646894,48.86644014260623,2.74151711234044,55.13837772879634,5.969305287951849,1.431199657232634,0.0,0.0,96.072840735907,0.0,12.104143492071133,0.0,0.0,0.0,0.0,0.0,0.0,11.078113479059065,4.794537184071822,0.0,141.30787308952415,12.104143492071133,0.0,1.431199657232634,0.0,37.3,114.14628951593,4.794537184071822,0.0,0.0,0.0,0.0,0.0,0.0,0.0,5.108808191107212,46.66623201084992,267.3388623898279,0.0,11.730466398583564,3.273983512887087,0.0,-2.497915946683201,-5.126999540429369,-66.37555747100534,-4.092839343180665,0.0,0.833333333333333,20.0,1.0,2.0,0.0,0.0,0.0,0.0,0.0,0.0,2.0,1.0,2.0,16.0,0.0,0.0,0.0,0.0,6.108500000000006,87.08780000000007,1.0,0.0,0.0,0.0,0.0,0.0,0.0,0.0,1.0,1.0,1.0,0.0,0.0,0.0,0.0,0.0,0.0,0.0,0.0,0.0,0.0,0.0,0.0,0.0,0.0,0.0,2.0,0.0,0.0,0.0,0.0,0.0,0.0,0.0,0.0,0.0,0.0,0.0,0.0,0.0,0.0,0.0,0.0,0.0,0.0,0.0,0.0,0.0,0.0,0.0,0.0,0.0,0.0,0.0,0.0,0.0,0.0,0.0,0.0,0.0,0.0,0.0,0.0,0.0,0.0,0.0,0.0,0.0,0.0,0.0,0.0,0.0,0.0,0.0,0.0,0.0,0.0,0.0,0.0,0.0,0.0,0.0,0.0,0.0,0.0,,,,,,,,
Anion_0049,O=C([O-])C#Cc1ccccc1,1.591,-5.1572,-3.5662000000000003,3.6793,-4.0395,19.055,-1.0,336.6688,-69.6576,-2.3501,-4.3617,105.4316,0.3765,7.7188,0.1296,-0.1801,0.0021,12.6072,9.4248,0.3084,67.9888,-30.1086,4430.9764,110908.167,199.2919,175.0591,0.1801,1.1534,0.7932,-0.0233,-1.7496,0.2267,4.0416,3.6814,-0.0467,0.3602,5.0467,0.011,22.1995,0.0014,-69.9319,1.9462,0.6782,0.249,2.0,0.0,10.094057382212146,10.094057382212146,0.351666666666666,-1.674248866213152,0.473675230623643,14.363636363636363,145.13700000000003,140.09699999999998,145.02950297991,54.0,0.0,0.116294659943846,-0.536545042366794,0.536545042366794,0.116294659943846,1.454545454545454,2.090909090909091,2.636363636363636,2.230686828273443,3.538222784191211,497.9215994376043,12.455665446700475,10.316496580927726,5.316496580927726,7.357948465255108,5.158248290463863,2.658248290463863,1.537457478565265,1.537457478565265,0.7895620726159651,0.7895620726159651,0.426031036307982,0.426031036307982,-1.7499999999999991,2654.5173256453977,3.100415512465374,3.426296296296296,2.546296296296296,71.50606320762488,9.901064578912528,5.969305287951849,0.0,0.0,0.0,0.0,0.0,0.0,0.0,0.0,24.04769044184553,18.005271734182234,5.563451491696996,6.853792780851101,16.754857359763626,5.969305287951849,0.0,0.0,0.0,0.0,0.0,35.77554503001347,0.0,11.840868637711289,5.106527394840706,0.0,0.0,0.0,5.969305287951849,4.794537184071822,11.840868637711289,12.417244272548094,30.212093538316477,0.0,0.0,0.0,40.13,36.18139882626832,9.901064578912528,0.0,5.563451491696996,0.0,0.0,0.0,5.920434318855644,5.920434318855644,0.0,6.853792780851101,36.627899029982366,0.0,10.094057382212146,10.094057382212146,-0.351666666666666,1.909915910808767,-2.707596371882085,0.0,0.0,0.0,0.0,11.0,0.0,2.0,0.0,0.0,0.0,1.0,0.0,1.0,2.0,0.0,2.0,0.0,0.0,0.0,0.0,1.0,-0.212,38.32700000000001,1.0,0.0,0.0,0.0,0.0,0.0,0.0,0.0,1.0,1.0,1.0,1.0,0.0,0.0,0.0,0.0,0.0,0.0,0.0,0.0,0.0,0.0,0.0,0.0,0.0,0.0,0.0,0.0,0.0,0.0,0.0,0.0,0.0,0.0,1.0,0.0,0.0,0.0,0.0,0.0,0.0,0.0,0.0,0.0,0.0,0.0,0.0,0.0,0.0,0.0,0.0,0.0,0.0,0.0,0.0,0.0,0.0,0.0,0.0,0.0,0.0,0.0,0.0,0.0,0.0,0.0,0.0,0.0,0.0,0.0,0.0,0.0,0.0,0.0,0.0,0.0,0.0,0.0,0.0,0.0,0.0,0.0,0.0,0.0,0.0,,,,,,,,
Anion_0050,O=C([O-])C(F)(F)C(F)(F)C(F)(F)F,5.4996,-6.7843,-1.2847,5.4651,-7.476,5.912,-1.0,294.0831,-48.8109,-2.4069000000000003,-4.0345,67.4681,0.0077,12.9411,0.0773,-1.0055,0.0391,13.0141,12.1715,-4.5282,138.5168,-50.0919,2511.2339,53772.1376,169.8914,148.7242,1.0055,2.7793,0.7684000000000001,-0.0777,-2.2298,0.1723,7.5151,5.5042,-0.1554,2.0109,4.8271,0.0022,26.7188,0.0,-54.069,6.9868,0.6782,0.534,2.0,0.0,11.688078703703704,11.688078703703704,3.782569444444442,-6.642291666666667,0.628769559841168,14.384615384615383,213.028,213.028,212.97920035991,78.0,0.0,0.459831923442681,-0.543712811459644,0.543712811459644,0.459831923442681,0.923076923076923,1.23076923076923,1.307692307692307,1.835624055439132,5.158825498434269,217.02265691171957,11.077350269189626,5.462247891992316,5.462247891992316,5.443375672974064,2.481123945996158,2.481123945996158,1.934002636483496,1.934002636483496,1.006727193603988,1.006727193603988,0.306193907121116,0.306193907121116,-1.02,260.6586158723568,11.98,2.739507255002751,1.676698457280368,65.94858104374279,9.901064578912528,5.969305287951849,0.0,0.0,0.0,18.02135685363263,0.0,0.0,30.732905333723743,0.0,0.0,0.0,0.0,0.0,40.63396991263628,5.969305287951849,0.0,0.0,0.0,18.02135685363263,0.0,0.0,0.0,0.0,5.106527394840706,30.732905333723743,0.0,0.0,23.99066214158448,4.794537184071822,0.0,0.0,0.0,0.0,0.0,0.0,40.13,23.99066214158448,40.63396991263628,0.0,0.0,0.0,0.0,0.0,0.0,0.0,0.0,0.0,80.20761574074075,0.0,9.27326388888889,9.27326388888889,0.0,-16.69518518518518,0.0,-6.642291666666667,0.0,0.0,0.75,13.0,0.0,2.0,0.0,0.0,0.0,0.0,0.0,0.0,2.0,0.0,9.0,2.0,0.0,0.0,0.0,0.0,0.569199999999999,20.956000000000003,1.0,0.0,0.0,0.0,0.0,0.0,0.0,0.0,1.0,1.0,1.0,1.0,0.0,0.0,0.0,0.0,0.0,0.0,0.0,0.0,0.0,0.0,0.0,0.0,0.0,7.0,0.0,0.0,0.0,0.0,0.0,0.0,0.0,0.0,0.0,0.0,0.0,0.0,0.0,0.0,0.0,0.0,0.0,0.0,7.0,0.0,0.0,0.0,0.0,0.0,0.0,0.0,0.0,0.0,0.0,0.0,0.0,0.0,0.0,0.0,0.0,0.0,0.0,0.0,0.0,0.0,0.0,0.0,0.0,0.0,0.0,0.0,0.0,0.0,0.0,0.0,0.0,0.0,0.0,0.0,0.0,0.0,0.0,0.0,0.0,19.43173578042117,10.14739153735459,2.732794767277658,-2.277929256209726,2.454915302793178,-2.598329975382604,5.743103728259737,-0.387382899886744
Anion_0051,C=CCCC(=O)[O-],2.4223,-4.564,-2.1418,3.2426,-6.4834,12.3034,-1.0,273.0666,-67.5473,-2.0429,-3.3529,70.7988,0.1538,9.7261,0.1028,-1.6204,0.135,74.0746,9.5335,-3.1954,103.5889,-22.6057,2179.319,48236.9514,162.0807,137.442,1.6204,3.3762,0.1354,-0.1666,-0.8111,0.0834,6.6184,3.3777,-0.3332,3.2408,4.7894,0.0052,,0.0572,-68.4212,2.2386,0.6782,2.4778,2.0,0.0,10.240266912320484,10.240266912320484,1.277662037037037,-3.44699074074074,0.4556791565639,26.0,99.10899999999997,92.05299999999998,99.04515304391,40.0,0.0,0.056972014250731,-0.550159893345119,0.550159893345119,0.056972014250731,2.428571428571428,3.1428571428571432,3.571428571428571,2.014869858147802,5.36773012545928,277.8047416973656,11.732050807568877,10.316496580927726,3.3164965809277263,6.047434948471087,4.908248290463863,1.4082482904638631,0.662457478565264,0.662457478565264,0.227062072615965,0.227062072615965,0.082281036307982,0.082281036307982,-0.79,525.8810329765764,1.130669608630296,3.401938579654511,5.21,52.29996580664622,9.901064578912528,0.0,0.0,0.0,0.0,0.0,0.0,0.0,0.0,6.531038962001867,6.052071746035566,12.74584980265876,11.45233951263273,4.11227566851066,19.496374472104065,5.969305287951849,0.0,0.0,0.0,12.74584980265876,0.0,12.583110708037434,0.0,0.0,5.106527394840706,0.0,0.0,0.0,5.969305287951849,4.794537184071822,0.0,22.341159695850298,12.583110708037434,0.0,0.0,0.0,40.13,31.29826579864805,9.901064578912528,0.0,0.0,0.0,0.0,0.0,0.0,0.0,0.0,9.59530989319154,47.66985969387756,0.0,10.240266912320484,10.240266912320484,0.0,-2.325462962962962,-1.341018518518518,-6.70625,-1.277662037037037,0.0,0.4,7.0,0.0,2.0,0.0,0.0,0.0,0.0,0.0,0.0,2.0,0.0,2.0,3.0,0.0,0.0,0.0,0.0,-0.2975,24.43799999999999,1.0,0.0,0.0,0.0,0.0,0.0,0.0,0.0,1.0,1.0,1.0,1.0,0.0,0.0,0.0,0.0,0.0,0.0,0.0,0.0,0.0,0.0,0.0,0.0,0.0,0.0,1.0,0.0,0.0,0.0,0.0,0.0,0.0,0.0,0.0,0.0,0.0,0.0,0.0,0.0,0.0,0.0,0.0,0.0,0.0,0.0,0.0,0.0,0.0,0.0,0.0,0.0,0.0,0.0,0.0,0.0,0.0,0.0,0.0,0.0,0.0,0.0,0.0,0.0,0.0,0.0,0.0,0.0,0.0,0.0,0.0,0.0,0.0,0.0,0.0,0.0,0.0,0.0,0.0,0.0,0.0,0.0,0.0,0.0,0.0,,,,,,,,
Anion_0052,O=C([O-])C12CC3CC(CC(C3)C1)C2,5.1834,-4.5035,0.6799000000000001,2.8441,-9.463,14.547,-1.0,337.4171,-69.4994,-1.8035,-1.9118,126.3618,0.0114,12.3071,0.0813,-3.3094,0.445,1136.3636,8.3844,-5.8338,130.2241,-39.6412,7397.5963,164364.5109,229.7483,233.7761,3.3094,6.6277,0.0088,-0.2689,0.2327,-0.0189,9.908,3.2891,-0.5378000000000001,6.6189,4.5847,0.0025,,0.1997,-70.3072,1.9331,0.6782,0.319,2.0,0.0,12.111078514739226,12.111078514739226,2.834374999999999,-4.235069444444445,0.601012046133037,109.6923076923077,179.23900000000012,164.11899999999997,179.10775329991,72.0,0.0,0.047604149206344,-0.5495569979631051,0.5495569979631051,0.047604149206344,1.23076923076923,1.615384615384615,1.923076923076923,2.463465918984085,2.781031041869252,686.7111047905214,22.577350269189623,21.316496580927726,6.316496580927726,11.943375672974064,11.158248290463863,3.658248290463863,2.912457478565265,2.912457478565265,1.993686217847897,1.993686217847897,1.465593108923948,1.465593108923948,-0.53,315008.3139923329,1.889004609082364,2.282604147585991,0.975660670497388,99.40149206596485,9.901064578912528,0.0,0.0,0.0,0.0,0.0,0.0,0.0,0.0,0.0,0.0,55.91942246406551,31.94567409990192,0.0,30.462442921465826,5.969305287951849,0.0,0.0,23.09686352548601,38.23754940797628,0.0,0.0,0.0,0.0,5.106527394840706,0.0,0.0,0.0,5.969305287951849,4.794537184071822,23.09686352548601,58.79892775052962,0.0,0.0,0.0,0.0,40.13,67.30371822141413,9.901064578912528,0.0,0.0,0.0,0.0,0.0,0.0,0.0,0.0,20.561378342553297,122.79430130385488,0.0,12.111078514739226,12.111078514739226,-4.235069444444445,-14.961250000000003,0.0,-24.65347222222222,0.0,0.0,0.9090909090909092,13.0,0.0,2.0,4.0,0.0,4.0,0.0,0.0,0.0,2.0,0.0,2.0,1.0,4.0,0.0,4.0,4.0,0.9526999999999992,45.61200000000002,1.0,0.0,0.0,0.0,0.0,0.0,0.0,0.0,1.0,1.0,1.0,1.0,0.0,0.0,0.0,0.0,0.0,0.0,0.0,0.0,0.0,0.0,0.0,0.0,0.0,0.0,0.0,0.0,0.0,0.0,0.0,0.0,0.0,0.0,0.0,0.0,0.0,0.0,0.0,0.0,0.0,0.0,0.0,0.0,0.0,0.0,0.0,0.0,0.0,0.0,0.0,0.0,0.0,0.0,0.0,0.0,0.0,0.0,0.0,0.0,0.0,0.0,0.0,0.0,0.0,0.0,0.0,0.0,0.0,0.0,0.0,0.0,0.0,0.0,0.0,0.0,0.0,0.0,0.0,0.0,0.0,0.0,0.0,0.0,0.0,,,,,,,,
Anion_0053,O=C([O-])CCCCCCCCCCS,0.7901,-4.5616,-3.7715,3.1551,-4.182,14.8475,-0.8522000000000001,457.205,-68.9972,-2.5752,-4.1665,161.0591,0.299,7.3371,0.1364,-0.5135000000000001,0.0182,21.0623,7.9262,0.3022,94.1769,-45.8921,11479.5778,273565.299,321.8962,313.1393,0.5135000000000001,1.5034,0.4765,-0.0698,-1.3208,0.1802,4.2002,3.1733,-0.1396,1.0269,4.6277,0.0117,15.3428,0.0005,-69.9737,2.8736,0.6782,0.0171,1.9987,0.0013,11.02435582628905,11.02435582628905,0.6876531736596151,-4.7156610213529895,0.449869423212684,42.71428571428572,217.35400000000016,196.186,217.12677449191,84.0,0.0,0.102211364845209,-0.5501718609055201,0.5501718609055201,0.102211364845209,1.071428571428571,1.5714285714285712,2.071428571428571,2.65580950624562,7.135571343887714,816.0884434310511,29.284457050376176,27.72474487139159,7.541241452319316,14.754035844753886,13.520620726159658,3.520620726159658,1.51451955118123,1.718643696413162,0.653093108923948,0.755155181539914,0.295296554461974,0.346327590769957,-0.18,2857759.916910044,1.985806312404244,10.898003120124804,11.820000000000002,121.68477105876538,9.901064578912528,1.123799173032188,0.0,0.0,0.0,0.0,0.0,0.0,12.53269603815698,0.0,38.23754940797628,24.823731589138298,33.384476411356246,0.0,37.31623570231693,18.50200132610883,1.123799173032188,0.0,0.0,57.356324111964405,5.704956885150159,0.0,0.0,0.0,5.106527394840706,0.0,0.0,12.53269603815698,12.798061346134196,4.794537184071822,0.0,84.77149523536876,0.0,0.0,0.0,0.0,40.13,81.56328232322339,9.901064578912528,0.0,0.0,0.0,0.0,0.0,0.0,0.0,0.0,28.538970296436585,160.78621430884664,-0.6876531736596151,11.02435582628905,11.02435582628905,-3.5810460921053453,-2.888212115267609,0.0,-40.67801458039217,0.0,0.0,0.9090909090909092,14.0,0.0,2.0,0.0,0.0,0.0,0.0,0.0,0.0,3.0,1.0,3.0,11.0,0.0,0.0,0.0,0.0,2.177,60.413000000000046,1.0,0.0,0.0,0.0,0.0,0.0,0.0,0.0,1.0,1.0,1.0,1.0,0.0,0.0,0.0,0.0,0.0,0.0,0.0,0.0,0.0,0.0,1.0,0.0,0.0,0.0,0.0,0.0,0.0,0.0,0.0,0.0,0.0,0.0,0.0,0.0,0.0,0.0,0.0,0.0,0.0,0.0,0.0,0.0,0.0,0.0,0.0,0.0,0.0,0.0,0.0,0.0,0.0,0.0,0.0,0.0,0.0,0.0,0.0,0.0,0.0,0.0,0.0,0.0,0.0,0.0,0.0,0.0,0.0,0.0,0.0,0.0,0.0,0.0,0.0,0.0,0.0,0.0,0.0,0.0,0.0,0.0,0.0,0.0,0.0,,,,,,,,
Anion_0054,CCCCCCCCCCC(=O)[O-],5.3158,-4.3766,0.9392,3.1397,-9.0777,29.1169,-1.0,455.1846,-69.8372,-2.1697,-1.7187,141.5909,0.0102,12.2174,0.0819,-2.9691,0.3608,,8.4063,-3.7357,133.8841,-42.6466,9165.9092,193909.7781,315.1047,292.4069,2.9691,5.9395,0.0015,-0.243,-0.0853,0.007,9.4385,3.5005,-0.4859,5.938,5.3043,0.0029,,0.1379,-70.3264,1.9806,0.6782,0.1649,2.0,0.0,10.99541407207257,10.99541407207257,2.890478990130641,-4.721693121693123,0.516874786427873,45.07692307692308,185.28700000000015,164.11899999999997,185.15470349191,78.0,0.0,0.041383616860257,-0.5501718609055201,0.5501718609055201,0.041383616860257,1.153846153846153,1.692307692307692,2.230769230769231,2.58436130637429,7.108466389644488,789.0315716701361,28.577350269189623,27.316496580927726,6.316496580927726,14.193375672974064,13.408248290463863,2.908248290463863,1.4124574785652642,1.4124574785652642,0.602062072615965,0.602062072615965,0.269781036307982,0.269781036307982,-0.53,1573258.3732297192,1.556068502834437,9.557183958151702,11.47,110.8488085275594,9.901064578912528,0.0,0.0,0.0,0.0,0.0,0.0,0.0,0.0,0.0,51.46236642660133,12.74584980265876,34.75523496752647,0.0,38.686994258487154,5.969305287951849,0.0,0.0,0.0,64.20821622926009,0.0,0.0,0.0,0.0,5.106527394840706,0.0,0.0,0.0,5.969305287951849,4.794537184071822,0.0,92.99414590883462,0.0,0.0,0.0,0.0,40.13,70.17752151721194,9.901064578912528,0.0,0.0,0.0,0.0,0.0,0.0,0.0,0.0,28.78592967957461,158.9113177386634,0.0,10.99541407207257,10.99541407207257,0.0,-2.890478990130641,0.0,-40.88895413390589,-3.956046092105348,0.0,0.9090909090909092,13.0,0.0,2.0,0.0,0.0,0.0,0.0,0.0,0.0,2.0,0.0,2.0,10.0,0.0,0.0,0.0,0.0,2.2671,52.23400000000004,1.0,0.0,0.0,0.0,0.0,0.0,0.0,0.0,1.0,1.0,1.0,1.0,0.0,0.0,0.0,0.0,0.0,0.0,0.0,0.0,0.0,0.0,0.0,0.0,0.0,0.0,0.0,0.0,0.0,0.0,0.0,0.0,0.0,0.0,0.0,0.0,0.0,0.0,0.0,0.0,0.0,0.0,0.0,0.0,0.0,0.0,0.0,0.0,0.0,0.0,0.0,0.0,0.0,0.0,0.0,0.0,0.0,0.0,0.0,0.0,0.0,0.0,0.0,0.0,0.0,0.0,0.0,0.0,0.0,0.0,0.0,0.0,0.0,0.0,0.0,0.0,0.0,0.0,0.0,0.0,0.0,0.0,0.0,0.0,0.0,,,,,,,,
Anion_0055,O=C([O-])C1CC1,5.2593,-4.4262,0.8331000000000001,3.2193,-9.8411,9.848,-1.0,236.7872,-68.2487,-2.0235,-1.7965,54.7293,0.0109,13.0604,0.0766,-3.3109,0.4197,33333.3333,10.1414,-7.2346,132.0537,-19.4456,1397.5795,30762.356,136.7386,112.2439,3.3109,6.6221,0.0003,-0.2535,0.0458,-0.0035,10.2608,3.639,-0.507,6.6218,4.7643,0.0021,,0.2059,-69.3969,2.4936,0.6782,0.245,2.0,0.0,10.135972222222222,10.135972222222222,2.006944444444444,-2.73611111111111,0.415643443029672,55.0,85.08199999999997,80.04199999999999,85.02950297991,34.0,0.0,0.044482489529122,-0.5498653565836561,0.5498653565836561,0.044482489529122,2.166666666666666,2.666666666666666,2.666666666666666,2.1077673515709,3.061165006317661,208.52230736518905,9.077350269189626,7.816496580927726,2.8164965809277263,4.693375672974064,3.908248290463863,1.4082482904638631,0.912457478565264,0.912457478565264,0.454124145231931,0.454124145231931,0.133312072615965,0.133312072615965,-0.53,198.13013104766455,0.99703179776849,0.964551163153282,0.5057254621854761,42.80885457056901,9.901064578912528,0.0,0.0,0.0,0.0,0.0,0.0,0.0,0.0,0.0,0.0,18.63980748802184,12.823098068802947,0.0,16.754857359763626,5.969305287951849,0.0,0.0,5.893957685363079,12.74584980265876,0.0,0.0,0.0,0.0,5.106527394840706,0.0,0.0,0.0,5.969305287951849,4.794537184071822,5.893957685363079,19.59964258350986,0.0,0.0,0.0,0.0,40.13,24.60911277597369,9.901064578912528,0.0,0.0,0.0,0.0,0.0,0.0,0.0,0.0,6.853792780851101,34.16787037037037,0.0,10.135972222222222,10.135972222222222,0.0,-4.743055555555555,0.0,-5.280092592592592,0.0,0.0,0.75,6.0,0.0,2.0,1.0,0.0,1.0,0.0,0.0,0.0,2.0,0.0,2.0,1.0,1.0,0.0,1.0,1.0,-0.8537,17.730999999999998,1.0,0.0,0.0,0.0,0.0,0.0,0.0,0.0,1.0,1.0,1.0,1.0,0.0,0.0,0.0,0.0,0.0,0.0,0.0,0.0,0.0,0.0,0.0,0.0,0.0,0.0,0.0,0.0,0.0,0.0,0.0,0.0,0.0,0.0,0.0,0.0,0.0,0.0,0.0,0.0,0.0,0.0,0.0,0.0,0.0,0.0,0.0,0.0,0.0,0.0,0.0,0.0,0.0,0.0,0.0,0.0,0.0,0.0,0.0,0.0,0.0,0.0,0.0,0.0,0.0,0.0,0.0,0.0,0.0,0.0,0.0,0.0,0.0,0.0,0.0,0.0,0.0,0.0,0.0,0.0,0.0,0.0,0.0,0.0,0.0,,,,,,,,
Anion_0056,O=C([O-])C(c1ccccc1)c1ccccc1,2.6741,-5.3255,-2.6514,3.0322,-4.3992,9.297,-1.0,407.23,-61.3022,-1.5878,-3.9885,162.14,0.2707,7.4314,0.1346,-0.6835,0.0314,26.9397,7.853,0.8619,75.262,-43.946,10403.2398,254366.8662,270.1818,261.5967,0.6835,1.7382,0.3712,-0.092,-1.1744,0.158,4.4306,3.0636,-0.1839,1.367,5.041,0.0123,14.8583,0.0042,-61.3749,0.9823,0.6782,3.651,2.0,0.0,11.875489417989415,11.875489417989415,0.837491601578903,-3.346296296296296,0.7726980382885811,20.625,211.24000000000007,200.152,211.07645317191,80.0,0.0,0.062595894513589,-0.549126582747074,0.549126582747074,0.062595894513589,1.0,1.375,1.6875,2.6108386640673302,3.12262456999499,858.4946794166601,21.005553499465137,18.816496580927726,7.816496580927726,12.29422863405995,9.658248290463863,4.158248290463863,2.662457478565265,2.662457478565265,1.7041241452319311,1.7041241452319311,1.0791241452319311,1.0791241452319311,-2.089999999999999,451414.0050172415,3.453383332233523,4.619630554976046,2.111671879964506,109.62881290843988,9.901064578912528,0.0,0.0,0.0,0.0,0.0,0.0,0.0,0.0,0.0,60.42418707663295,11.126902983393991,7.264716241533299,19.676890849654047,24.979408696784944,5.969305287951849,0.0,0.0,0.0,5.893957685363079,0.0,71.55109006002695,0.0,0.0,5.106527394840706,0.0,0.0,0.0,5.969305287951849,4.794537184071822,0.0,32.099204786629485,60.42418707663295,0.0,0.0,0.0,40.13,83.41435303334188,9.901064578912528,0.0,0.0,0.0,0.0,0.0,0.0,0.0,0.0,15.07834411787242,85.5789724531788,0.0,11.875489417989415,11.875489417989415,-2.1536470143613,-5.652258125472411,-9.607379482657262,0.0,0.0,0.0,0.071428571428571,16.0,0.0,2.0,0.0,0.0,0.0,2.0,0.0,2.0,2.0,0.0,2.0,3.0,0.0,0.0,0.0,2.0,1.5683999999999991,59.73400000000003,1.0,0.0,0.0,0.0,0.0,0.0,0.0,0.0,1.0,1.0,1.0,1.0,0.0,0.0,0.0,0.0,0.0,0.0,0.0,0.0,0.0,0.0,0.0,0.0,0.0,0.0,0.0,0.0,0.0,0.0,0.0,0.0,0.0,0.0,2.0,0.0,0.0,0.0,0.0,0.0,0.0,0.0,0.0,0.0,0.0,0.0,0.0,0.0,0.0,0.0,0.0,0.0,0.0,0.0,0.0,0.0,0.0,0.0,0.0,0.0,0.0,0.0,0.0,0.0,0.0,0.0,0.0,0.0,0.0,0.0,0.0,0.0,0.0,0.0,0.0,0.0,0.0,0.0,0.0,0.0,0.0,0.0,0.0,0.0,0.0,,,,,,,,
Anion_0057,COc1ccc(C=CC(=O)[O-])cc1,1.2843,-4.8105,-3.5262,3.2588,-3.9172,22.4129,-1.0,375.1158,-73.0152,-2.5622,-4.1683,126.3809,0.475,7.176,0.1394,-0.3292,0.0076,16.7229,8.5629,0.652,56.9754,-38.3984,6516.4379,155048.4412,234.7619,216.6204,0.3292,1.2564,0.598,-0.0459,-1.4648,0.2041,3.9248,3.2664,-0.0918,0.6584,4.9367,0.0134,16.7243,0.0,-73.3716,2.2404,0.6782,0.1981,2.0,0.0,10.569338603516092,10.569338603516092,0.761952003023431,-3.016668267615689,0.629967286808164,22.615384615384617,177.17900000000006,168.10699999999997,177.05571772791,68.0,0.0,0.118400592544607,-0.545466971826558,0.545466971826558,0.118400592544607,1.692307692307692,2.384615384615384,2.923076923076923,2.389893021428802,3.678301080565227,633.5817632661557,17.403259203893178,15.22474487139159,6.224744871391589,9.880603834574144,7.566496580927726,3.066496580927726,1.843643696413162,1.843643696413162,0.9936862178478972,0.9936862178478972,0.528093108923948,0.528093108923948,-1.77,30017.056349145754,2.8717012561181603,4.303970000923489,2.987277016152848,88.91560412815606,14.637927532712576,5.749511833283905,0.0,0.0,0.0,0.0,0.0,0.0,0.0,0.0,18.136909161362155,23.70036065305915,0.0,25.344084752366413,26.974754538244557,12.021377033987417,0.0,0.0,0.0,0.0,7.037952458882589,35.78519806838574,0.0,5.749511833283905,9.843390348640757,0.0,5.749511833283905,0.0,13.007257746834435,4.794537184071822,0.0,17.900278497228975,30.221746576688744,0.0,6.052071746035566,0.0,49.36,60.59403939453965,9.901064578912528,0.0,0.0,0.0,0.0,0.0,0.0,0.0,4.736862953800049,12.33682700553198,70.26727710293255,0.0,10.569338603516092,10.569338603516092,-0.761952003023431,-2.878509358990509,-5.998824680335096,0.0,0.0,-3.016668267615689,0.1,13.0,0.0,3.0,0.0,0.0,0.0,1.0,0.0,1.0,3.0,0.0,3.0,4.0,0.0,0.0,0.0,1.0,0.458299999999999,47.03500000000002,1.0,0.0,0.0,0.0,0.0,0.0,0.0,0.0,1.0,1.0,1.0,1.0,0.0,0.0,0.0,0.0,0.0,0.0,0.0,0.0,0.0,0.0,0.0,0.0,0.0,0.0,0.0,0.0,0.0,0.0,0.0,0.0,0.0,0.0,1.0,0.0,0.0,0.0,0.0,0.0,0.0,1.0,0.0,0.0,0.0,0.0,0.0,0.0,0.0,0.0,0.0,0.0,0.0,0.0,0.0,1.0,0.0,0.0,0.0,0.0,0.0,0.0,0.0,0.0,0.0,0.0,0.0,0.0,0.0,0.0,0.0,0.0,0.0,0.0,0.0,0.0,0.0,0.0,0.0,0.0,0.0,0.0,0.0,0.0,0.0,,,,,,,,
Anion_0058,O=C([O-])c1cc2ccccc2[nH]1,2.1343,-5.1846,-3.0503,3.5198,-4.4857,14.272,-1.0,326.9188,-66.7298,-2.6322,-4.1175,114.032,0.268,8.0055,0.1249,-0.4829,0.0146,17.3611,8.9166,-0.0351,71.0572,-33.635,5206.7962,127597.0321,200.8951,182.6489,0.4829,1.5419,0.5760000000000001,-0.0603,-1.5184,0.1897,4.5003,3.5344,-0.1207,0.9659,4.9237,0.0096,17.2611,0.0001,-66.1128,1.337,0.6782,0.187,2.0,0.0,10.81654195011338,10.81654195011338,0.29611111111111,-1.774943310657596,0.6611487435583511,17.333333333333332,160.15200000000004,154.10399999999998,160.04040201191,60.0,0.0,0.16658762405791,-0.5432037822521311,0.5432037822521311,0.16658762405791,1.583333333333333,2.333333333333333,3.083333333333333,2.552359055835203,3.130642099820035,641.6482932966397,13.77350269189626,11.763710176427685,5.763710176427685,8.285468820183675,6.05267548146378,3.105461885963821,2.096474472940212,2.096474472940212,1.328062761033451,1.328062761033451,0.835035629110462,0.835035629110462,-1.7699999999999991,9418.204916031902,2.935678423325268,2.373363897516029,0.954501118117542,77.13080567212806,14.87806784914178,0.0,1.4118420783282,0.0,0.0,0.0,0.0,0.0,0.0,0.0,18.127256122989884,12.08483741532659,10.902924932081056,18.517026063651407,18.166699438091825,16.872230220032904,0.0,4.977003270229252,0.0,0.0,0.0,35.90602153316493,0.0,0.0,5.106527394840706,0.0,0.0,0.0,10.9463085581811,0.0,0.0,17.34225795977138,30.212093538316477,1.4118420783282,10.902924932081056,0.0,55.92,41.87532682111678,9.901064578912528,0.0,10.902924932081056,4.977003270229252,0.0,0.0,0.0,0.0,0.0,8.265634859179302,45.168715041572185,0.0,11.11302343159486,10.520430839002268,-1.136851851851851,-1.774943310657596,-2.890374149659863,0.0,0.0,0.0,0.0,12.0,1.0,3.0,0.0,0.0,0.0,1.0,1.0,2.0,2.0,1.0,3.0,1.0,0.0,0.0,0.0,2.0,0.5314,42.62920000000001,0.0,0.0,0.0,0.0,1.0,1.0,1.0,0.0,1.0,1.0,1.0,1.0,0.0,0.0,0.0,0.0,1.0,0.0,0.0,0.0,0.0,1.0,0.0,0.0,0.0,0.0,0.0,0.0,0.0,0.0,0.0,0.0,0.0,0.0,1.0,0.0,1.0,0.0,0.0,0.0,0.0,0.0,0.0,0.0,0.0,0.0,0.0,0.0,0.0,0.0,0.0,0.0,0.0,0.0,0.0,0.0,0.0,0.0,0.0,0.0,0.0,0.0,0.0,0.0,1.0,0.0,0.0,0.0,0.0,0.0,0.0,0.0,0.0,0.0,0.0,0.0,0.0,0.0,0.0,0.0,0.0,0.0,0.0,0.0,0.0,,,,,,,,
Anion_0059,CC(C)=CC(=O)[O-],3.0498,-4.435,-1.3852,3.0712,-6.8273,12.71,-1.0,265.6978,-72.3911,-2.2194,-2.9101,70.652,0.1218,9.8985,0.101,-1.878,0.1782,139.0821,9.5002,-3.7701,83.972,-22.6113,2170.878,48166.1545,157.2308,135.6191,1.878,3.828,0.0719,-0.1897,-0.5966,0.0603,7.0055,3.2494,-0.3795,3.7561,4.7431,0.0049,,0.0866,-72.9778,2.1279,0.6782,0.371,2.0,0.0,10.177592592592593,10.177592592592593,1.384259259259258,-3.136504629629629,0.423371028789174,26.0,99.10899999999997,92.05299999999998,99.04515304391,40.0,0.0,0.064167256052504,-0.545469100992947,0.545469100992947,0.064167256052504,2.0,2.571428571428571,2.714285714285714,1.787988461098693,5.574635829961032,254.78519168871173,11.732050807568877,10.316496580927726,3.3164965809277263,5.976067743425169,4.908248290463863,1.4082482904638631,0.787457478565264,0.787457478565264,0.227062072615965,0.227062072615965,0.102062072615965,0.102062072615965,-0.79,386.2055075973179,1.130669608630296,2.394521355353814,5.21,52.29996580664621,9.901064578912528,0.0,0.0,0.0,0.0,0.0,0.0,0.0,0.0,0.0,5.573104530069267,19.75585598062693,8.224551337021321,7.34006384412207,19.496374472104065,5.969305287951849,0.0,0.0,0.0,13.70378423459136,0.0,11.625176276104837,0.0,0.0,5.106527394840706,0.0,0.0,0.0,5.969305287951849,4.794537184071822,0.0,23.299094127782897,11.625176276104837,0.0,0.0,0.0,40.13,31.29826579864804,9.901064578912528,0.0,0.0,0.0,0.0,0.0,0.0,0.0,0.0,9.59530989319154,47.42962962962963,0.0,10.177592592592593,10.177592592592593,-1.384259259259258,-2.118287037037036,-1.5092592592592582,0.0,-6.27300925925926,0.0,0.4,7.0,0.0,2.0,0.0,0.0,0.0,0.0,0.0,0.0,2.0,0.0,2.0,3.0,0.0,0.0,0.0,0.0,-0.2975,24.43799999999999,1.0,0.0,0.0,0.0,0.0,0.0,0.0,0.0,1.0,1.0,1.0,1.0,0.0,0.0,0.0,0.0,0.0,0.0,0.0,0.0,0.0,0.0,0.0,0.0,0.0,0.0,1.0,0.0,0.0,0.0,0.0,0.0,0.0,0.0,0.0,0.0,0.0,0.0,0.0,0.0,0.0,0.0,0.0,0.0,0.0,0.0,0.0,0.0,0.0,0.0,0.0,0.0,0.0,0.0,0.0,0.0,0.0,0.0,0.0,0.0,0.0,0.0,0.0,0.0,0.0,0.0,0.0,0.0,0.0,0.0,0.0,0.0,0.0,0.0,0.0,0.0,0.0,0.0,0.0,0.0,0.0,0.0,0.0,0.0,0.0,,,,,,,,
Anion_0060,O=C([O-])Cc1ccc(Cl)cc1,2.4338,-5.3233,-2.8895,3.3162000000000003,-4.7423,8.361,-1.0,331.8381,-59.1687,-1.8643,-4.1064,111.1175,0.2365,8.0585,0.1241,-0.7131000000000001,0.0316,23.7869,8.509,-0.4976,77.7405,-33.1199,5069.6701,134508.8039,208.0351,188.8272,0.7131000000000001,1.8465,0.4204,-0.0885,-1.3016,0.1615,4.7739,3.3478,-0.177,1.4261,4.7188,0.009,16.1667,0.0035,-59.8473,1.8647,0.6782,4.433,2.0,0.0,10.625244708994709,10.625244708994709,0.488057445200302,-3.120679012345679,0.6518136237023421,18.63636363636364,169.58700000000005,163.539,169.00618069191,58.0,0.0,0.063850497804583,-0.549806217306506,0.549806217306506,0.063850497804583,1.636363636363636,2.181818181818181,2.636363636363636,2.230781029060305,3.72414499555567,472.2741503408441,13.54145188432738,11.194461053936951,5.950389999955408,7.618802153517008,5.597230526968477,2.9751949999777043,1.601439715069878,1.979404188079105,0.821553190868272,1.010535427372886,0.461807631742119,0.5562987499944261,-1.02,3368.479353881061,3.151589643499931,3.39416330920392,2.5967957815864637,77.85013242841848,9.901064578912528,0.0,0.0,0.0,0.0,0.0,0.0,0.0,0.0,0.0,23.685777305559107,17.648288907023584,20.106380615362998,5.483034224680881,18.12561591593385,17.570245178184365,0.0,0.0,0.0,6.372924901329379,0.0,34.7557596360915,0.0,0.0,5.106527394840706,0.0,0.0,11.600939890232516,5.969305287951849,11.1674620854012,0.0,13.788002828718314,24.16967483065318,5.022633313741326,0.0,0.0,40.13,47.09798982537273,9.901064578912528,0.0,0.0,0.0,0.0,0.0,0.0,0.0,0.0,19.825491227253835,43.95824735449735,5.48934618291761,10.625244708994709,10.137187263794406,-0.891759259259258,-2.138312547241118,-3.031496913580246,-3.120679012345679,0.0,0.0,0.125,11.0,0.0,2.0,0.0,0.0,0.0,1.0,0.0,1.0,2.0,0.0,3.0,2.0,0.0,0.0,0.0,1.0,0.6323999999999991,40.16300000000002,1.0,0.0,0.0,0.0,0.0,0.0,0.0,0.0,1.0,1.0,1.0,1.0,0.0,0.0,0.0,0.0,0.0,0.0,0.0,0.0,0.0,0.0,0.0,0.0,0.0,0.0,0.0,0.0,0.0,0.0,0.0,0.0,0.0,0.0,1.0,0.0,0.0,0.0,0.0,0.0,0.0,0.0,0.0,0.0,1.0,0.0,0.0,0.0,0.0,0.0,0.0,0.0,0.0,0.0,0.0,0.0,0.0,0.0,0.0,0.0,0.0,0.0,0.0,0.0,0.0,0.0,0.0,0.0,0.0,0.0,0.0,0.0,0.0,0.0,0.0,0.0,0.0,0.0,0.0,0.0,0.0,0.0,0.0,0.0,0.0,,,,,,,,
Anion_0061,C#CCCC(=O)[O-],3.9089,-4.5687,-0.6598,3.31,-7.7891,10.7791,-1.0,267.3397,-67.3554,-2.2903,-2.6142000000000003,65.9277,0.0558,11.0991,0.0901,-2.2396,0.226,194.2353,9.7999,-4.3729,121.3222,-21.5475,1911.2139,44338.7555,152.7458,127.7913,2.2396,4.5309,0.0517,-0.2018,-0.5352,0.0482,8.0151,3.5359,-0.4035,4.4791,4.9531,0.0036,,0.0993,-67.7658,2.0226,0.6782,0.8085,2.0,0.0,10.087413548752837,10.087413548752837,1.362847222222222,-3.207291666666666,0.420919852802941,20.857142857142858,97.09299999999996,92.05299999999998,97.02950297991,38.0,0.0,0.123824953851261,-0.550135525589298,0.550135525589298,0.123824953851261,2.285714285714285,3.0,3.428571428571428,1.860915766877196,4.960144356595765,248.29953167011715,9.99156383156272,8.316496580927726,3.3164965809277263,5.254035844753885,3.908248290463863,1.4082482904638631,0.662457478565264,0.662457478565264,0.227062072615965,0.227062072615965,0.082281036307982,0.082281036307982,-0.97,221.44897625838635,1.516531432621378,3.228807157057654,5.03,49.17885323035411,9.901064578912528,1.37075855617022,0.0,0.0,0.0,0.0,0.0,0.0,0.0,12.319835853677588,0.0,6.372924901329379,17.825264413962106,0.0,16.754857359763626,5.969305287951849,0.0,0.0,0.0,12.74584980265876,0.0,0.0,0.0,12.319835853677588,5.106527394840706,0.0,0.0,0.0,5.969305287951849,4.794537184071822,12.319835853677588,19.59964258350986,0.0,0.0,0.0,0.0,40.13,18.715155090610608,9.901064578912528,0.0,0.0,0.0,0.0,12.319835853677588,0.0,0.0,0.0,6.853792780851101,33.432742346938774,0.0,10.087413548752837,10.087413548752837,0.0,-0.687314814814814,0.0,-4.753587962962962,0.0,0.0,0.4,7.0,0.0,2.0,0.0,0.0,0.0,0.0,0.0,0.0,2.0,0.0,2.0,2.0,0.0,0.0,0.0,0.0,-0.8503000000000001,23.073999999999995,1.0,0.0,0.0,0.0,0.0,0.0,0.0,0.0,1.0,1.0,1.0,1.0,0.0,0.0,0.0,0.0,0.0,0.0,0.0,0.0,0.0,0.0,0.0,0.0,0.0,0.0,0.0,0.0,0.0,0.0,0.0,0.0,0.0,0.0,0.0,0.0,0.0,0.0,0.0,0.0,0.0,0.0,0.0,0.0,0.0,0.0,0.0,0.0,0.0,0.0,0.0,0.0,0.0,0.0,0.0,0.0,0.0,0.0,0.0,0.0,0.0,0.0,0.0,0.0,0.0,0.0,0.0,0.0,0.0,0.0,0.0,0.0,0.0,0.0,0.0,0.0,0.0,0.0,1.0,0.0,0.0,0.0,0.0,0.0,0.0,,,,,,,,
Anion_0062,O=C([O-])C(=O)Cc1ccccc1,1.8141,-4.9659,-3.1518,3.3097,-4.3229,13.872,-1.0,336.5071,-65.8857,-2.3392,-4.0589,112.2882,0.4143,7.6326,0.131,-0.5067,0.0168,19.4337,8.9527,0.1343,56.8641,-35.2531,5198.7647,124825.9652,209.4007,191.5802,0.5067,1.528,0.5148,-0.0663,-1.4015,0.1837,4.3398,3.3265,-0.1327,1.0133,5.0501,0.0114,16.1735,0.002,-67.5218,3.2971,0.6782,0.8591000000000001,2.0,0.0,11.203948412698413,11.203948412698413,0.7681027966742251,-3.271527777777779,0.5667933234125231,18.83333333333333,163.15200000000004,156.09599999999998,163.04006766390998,62.0,0.0,0.182126326207152,-0.541700577515698,0.541700577515698,0.182126326207152,1.416666666666666,2.0,2.5,2.322745435717199,3.693748155209624,552.6613477279863,15.118802153517008,12.72474487139159,5.724744871391589,8.529485756039968,6.362372435695795,2.862372435695794,1.7415816237971962,1.7415816237971962,0.923926442257282,0.923926442257282,0.477062072615965,0.477062072615965,-1.639999999999999,8385.111022939089,3.011702096030919,3.6650127290329513,2.196104623645067,79.47830091614499,9.901064578912528,5.969305287951849,5.783244946364939,0.0,0.0,0.0,4.794537184071822,0.0,0.0,0.0,30.212093538316477,5.563451491696996,9.11444201366982,6.853792780851101,24.290911656175886,11.75255023431679,0.0,0.0,0.0,6.372924901329379,0.0,35.77554503001347,0.0,0.0,5.106527394840706,0.0,0.0,0.0,11.75255023431679,15.961999269473022,0.0,15.158761384888534,30.212093538316477,0.0,0.0,0.0,57.2,53.90102016565964,14.69560176298435,0.0,0.0,0.0,0.0,0.0,0.0,0.0,0.0,9.59530989319154,51.5798472537163,0.0,21.62872338750315,10.424774974804738,-1.020648148148147,-4.34459089191232,-4.413245464852607,-3.271527777777779,0.0,0.0,0.111111111111111,12.0,0.0,3.0,0.0,0.0,0.0,1.0,0.0,1.0,3.0,0.0,3.0,3.0,0.0,0.0,0.0,1.0,-0.4519,40.16000000000002,1.0,0.0,0.0,0.0,0.0,0.0,0.0,0.0,1.0,1.0,2.0,2.0,0.0,0.0,0.0,0.0,0.0,0.0,0.0,0.0,0.0,0.0,0.0,0.0,0.0,0.0,0.0,0.0,0.0,0.0,0.0,0.0,0.0,0.0,1.0,0.0,0.0,0.0,0.0,0.0,0.0,0.0,0.0,0.0,0.0,0.0,0.0,0.0,0.0,0.0,0.0,1.0,1.0,0.0,0.0,0.0,0.0,0.0,0.0,0.0,0.0,0.0,0.0,0.0,0.0,0.0,0.0,0.0,0.0,0.0,0.0,0.0,0.0,0.0,0.0,0.0,0.0,0.0,0.0,0.0,0.0,0.0,0.0,0.0,0.0,,,,,,,,
Anion_0063,C=CCC(=O)[O-],3.4005,-4.6196,-1.2191,3.1231,-7.1956,8.5461,-1.0,243.6871,-65.1278,-1.9138,-2.9193,59.2544,0.0761,10.3187,0.0969,-2.0362,0.2009,174.8251,9.6563,-4.1677,96.8386,-19.4454,1512.2208,33729.8076,137.7338,113.2542,2.0362,4.1297,0.0572,-0.1973,-0.5434,0.0527,7.3965,3.324,-0.3947,4.0725,4.7805,0.0044,,0.0973,-66.2705,2.3783,0.6782,3.3537,2.0,0.0,9.96,9.96,1.167407407407407,-3.042824074074074,0.416334651474938,21.0,85.08199999999997,80.04199999999999,85.02950297991,34.0,0.0,0.057357236281098,-0.549830014638102,0.549830014638102,0.057357236281098,2.666666666666666,3.333333333333333,3.5,1.8527337015266632,4.855695354830342,204.52795730919604,9.232050807568877,7.816496580927726,2.8164965809277263,4.797434948471087,3.658248290463863,1.1582482904638631,0.537457478565264,0.537457478565264,0.164562072615965,0.164562072615965,0.051031036307982,0.051031036307982,-0.79,146.3659624206064,1.088635906540711,2.447529691211401,3.21,43.12508269191397,9.901064578912528,0.0,0.0,0.0,0.0,0.0,0.0,0.0,0.0,6.531038962001867,6.052071746035566,0.0,15.083747301621669,4.11227566851066,16.754857359763626,5.969305287951849,0.0,0.0,0.0,6.372924901329379,0.0,12.583110708037434,0.0,0.0,5.106527394840706,0.0,0.0,0.0,5.969305287951849,4.794537184071822,0.0,13.226717682180478,12.583110708037434,0.0,0.0,0.0,40.13,24.925340897318662,9.901064578912528,0.0,0.0,0.0,0.0,0.0,0.0,0.0,0.0,6.853792780851101,32.86245370370371,0.0,9.96,9.96,0.0,-2.111574074074074,-1.210648148148147,-3.042824074074074,-1.167407407407407,0.0,0.25,6.0,0.0,2.0,0.0,0.0,0.0,0.0,0.0,0.0,2.0,0.0,2.0,2.0,0.0,0.0,0.0,0.0,-0.6876,19.820999999999994,1.0,0.0,0.0,0.0,0.0,0.0,0.0,0.0,1.0,1.0,1.0,1.0,0.0,0.0,0.0,0.0,0.0,0.0,0.0,0.0,0.0,0.0,0.0,0.0,0.0,0.0,0.0,0.0,0.0,0.0,0.0,0.0,0.0,0.0,0.0,0.0,0.0,0.0,0.0,0.0,0.0,0.0,0.0,0.0,0.0,0.0,0.0,0.0,0.0,0.0,0.0,0.0,0.0,0.0,0.0,0.0,0.0,0.0,0.0,0.0,0.0,0.0,0.0,0.0,0.0,0.0,0.0,0.0,0.0,0.0,0.0,0.0,0.0,0.0,0.0,0.0,0.0,0.0,0.0,0.0,0.0,0.0,0.0,0.0,0.0,,,,,,,,
Anion_0064,CCC(=O)C(=O)[O-],2.2908,-4.6441,-2.3533,3.2749,-6.6319,10.3141,-1.0,254.5106,-65.6933,-2.438,-3.4987,61.2227,0.2283,9.9067,0.1009,-1.6786,0.1423,78.2001,9.8997,-4.7298,67.5872,-23.5338,1722.0448,38007.5754,147.0451,123.5575,1.6786,3.4862,0.1291,-0.1694,-0.7982,0.0807,6.7742,3.4172,-0.3387,3.357,4.2634,0.0044,,0.0655,-67.88,3.9465,0.6782,0.7769,2.0,0.0,10.414189814814817,10.414189814814817,2.067129629629629,-3.383101851851851,0.406706301388445,22.571428571428573,101.08099999999996,96.041,101.02441759991,40.0,0.0,0.17749415519379,-0.5417093464999291,0.5417093464999291,0.17749415519379,2.0,2.571428571428571,2.714285714285714,1.829215050497362,4.866911094741325,217.2234470623422,10.154700538379252,8.22474487139159,3.224744871391589,5.104059275497024,3.862372435695794,1.362372435695794,0.741581623797196,0.741581623797196,0.298926442257282,0.298926442257282,0.051031036307982,0.051031036307982,-0.8600000000000001,188.4091502012283,1.577679197351477,2.336829674585406,1.918210116731517,47.976207824142,9.901064578912528,5.969305287951849,5.783244946364939,0.0,0.0,0.0,4.794537184071822,0.0,0.0,0.0,6.851892117295679,0.0,13.226717682180478,0.0,21.549394543835447,11.75255023431679,0.0,0.0,0.0,13.22481701862506,0.0,0.0,0.0,0.0,5.106527394840706,0.0,0.0,0.0,11.75255023431679,9.589074368143644,0.0,20.07860979947616,0.0,0.0,0.0,0.0,57.2,24.977367252941846,14.69560176298435,0.0,0.0,0.0,0.0,0.0,0.0,0.0,0.0,6.853792780851101,32.80990740740741,0.0,20.256157407407407,9.841967592592592,0.0,-4.404050925925925,0.0,-3.383101851851851,-3.287546296296296,0.0,0.5,7.0,0.0,3.0,0.0,0.0,0.0,0.0,0.0,0.0,3.0,0.0,3.0,3.0,0.0,0.0,0.0,0.0,-1.2846,20.304999999999996,1.0,0.0,0.0,0.0,0.0,0.0,0.0,0.0,1.0,1.0,2.0,2.0,0.0,0.0,0.0,0.0,0.0,0.0,0.0,0.0,0.0,0.0,0.0,0.0,0.0,0.0,0.0,0.0,0.0,0.0,0.0,0.0,0.0,0.0,0.0,0.0,0.0,0.0,0.0,0.0,0.0,0.0,0.0,0.0,0.0,0.0,0.0,0.0,0.0,0.0,0.0,1.0,1.0,0.0,0.0,0.0,0.0,0.0,0.0,0.0,0.0,0.0,0.0,0.0,0.0,0.0,0.0,0.0,0.0,0.0,0.0,0.0,0.0,0.0,0.0,0.0,0.0,0.0,0.0,0.0,0.0,0.0,0.0,0.0,0.0,,,,,,,,
Anion_0065,COCC(=O)[O-],5.1575,-4.5122,0.6453,3.1848,-9.8552,8.644,-1.0,234.1863,-67.3505,-2.0674,-1.9334,53.1982,0.0115,13.04,0.0767,-3.3352,0.4265,11111.1111,9.7793,-8.3603,130.8484,-21.3914,1331.2477,27981.9131,130.8558,108.5807,3.3352,6.6713000000000005,0.0009,-0.2558,0.0752,-0.0058,10.2817,3.6113,-0.5115000000000001,6.6704,4.0447,0.0018,,0.2016,-69.0055,3.0441,0.6782,0.207,2.0,0.0,9.837638888888888,9.837638888888888,2.214236111111111,-3.272569444444444,0.408353868608407,25.0,89.06999999999996,84.02999999999999,89.02441759991001,36.0,0.0,0.085694402375503,-0.547623914879476,0.547623914879476,0.085694402375503,2.5,3.166666666666666,3.333333333333333,1.563741061716008,4.248770814829776,160.84580283277586,9.284457050376172,7.724744871391589,2.724744871391589,4.650482454160612,3.5664965809277263,1.066496580927726,0.491581623797196,0.491581623797196,0.134364369641316,0.134364369641316,0.041666666666666,0.041666666666666,-0.5700000000000001,96.9519458263925,1.198350596964404,2.6557336343115123,3.429999999999999,42.5632888392085,14.637927532712576,0.0,0.0,0.0,0.0,0.0,0.0,0.0,0.0,0.0,0.0,0.0,7.037952458882589,19.382083311719235,21.491720313563675,5.969305287951849,0.0,0.0,0.0,0.0,13.596937701798876,0.0,0.0,0.0,5.106527394840706,0.0,0.0,0.0,19.566242989750727,9.53140013787187,0.0,6.853792780851101,0.0,0.0,0.0,0.0,49.36,19.566242989750727,9.901064578912528,0.0,0.0,0.0,0.0,0.0,0.0,0.0,4.736862953800049,6.853792780851101,35.55798611111111,0.0,9.837638888888888,9.837638888888888,0.0,-2.214236111111111,0.0,0.0,-3.272569444444444,-3.079791666666667,0.6666666666666661,6.0,0.0,3.0,0.0,0.0,0.0,0.0,0.0,0.0,3.0,0.0,3.0,3.0,0.0,0.0,0.0,0.0,-1.6173000000000002,16.883,1.0,0.0,0.0,0.0,0.0,0.0,0.0,0.0,1.0,1.0,1.0,1.0,0.0,0.0,0.0,0.0,0.0,0.0,0.0,0.0,0.0,0.0,0.0,0.0,0.0,0.0,0.0,0.0,0.0,0.0,0.0,0.0,0.0,0.0,0.0,0.0,0.0,0.0,0.0,0.0,0.0,1.0,0.0,0.0,0.0,0.0,0.0,0.0,0.0,0.0,0.0,0.0,0.0,0.0,0.0,1.0,0.0,0.0,0.0,0.0,0.0,0.0,0.0,0.0,0.0,0.0,0.0,0.0,0.0,0.0,0.0,0.0,0.0,0.0,0.0,0.0,0.0,0.0,0.0,0.0,0.0,0.0,0.0,0.0,0.0,,,,,,,,
Anion_0066,CC=C(C)C(=O)[O-],3.3542,-4.425,-1.0708,3.0574,-7.1946,9.8417,-1.0,265.3686,-69.933,-2.0096,-2.7479,70.7833,0.0878,10.252,0.0975,-2.0686,0.2088,212.2363,9.4512,-4.2009,90.9467,-22.6109,2177.9629,48234.7383,158.2261,136.3673,2.0686,4.1852,0.048,-0.2018,-0.4944,0.0482,7.4033,3.2662,-0.4035,4.1372,4.6937,0.0044,,0.1009,-70.6679,2.0662,0.6782,0.443,2.0,0.0,10.335300925925925,10.335300925925925,1.418981481481481,-3.162384259259259,0.423371028789174,31.142857142857142,99.10899999999997,92.05299999999998,99.04515304391,40.0,0.0,0.066827187660272,-0.5451904259641891,0.5451904259641891,0.066827187660272,2.1428571428571432,2.857142857142857,3.0,1.792751967017054,5.5320542333547,270.78519168871173,11.732050807568877,10.316496580927726,3.3164965809277263,5.976067743425169,4.908248290463863,1.4082482904638631,0.787457478565264,0.787457478565264,0.329124145231931,0.329124145231931,0.051031036307982,0.051031036307982,-0.79,392.6126807767348,1.130669608630296,2.394521355353814,1.9777543186180424,52.29996580664622,9.901064578912528,0.0,0.0,0.0,0.0,0.0,0.0,0.0,0.0,0.0,6.052071746035566,19.276888764660622,8.224551337021321,7.34006384412207,19.496374472104065,5.969305287951849,0.0,0.0,0.0,13.70378423459136,0.0,11.625176276104837,0.0,0.0,5.106527394840706,0.0,0.0,0.0,5.969305287951849,4.794537184071822,0.0,23.299094127782897,11.625176276104837,0.0,0.0,0.0,40.13,31.29826579864805,9.901064578912528,0.0,0.0,0.0,0.0,0.0,0.0,0.0,0.0,9.59530989319154,47.11196759259258,0.0,10.335300925925925,10.335300925925925,-1.474537037037036,-2.16099537037037,-1.418981481481481,0.0,-6.228055555555556,0.0,0.4,7.0,0.0,2.0,0.0,0.0,0.0,0.0,0.0,0.0,2.0,0.0,2.0,3.0,0.0,0.0,0.0,0.0,-0.2975,24.43799999999999,1.0,0.0,0.0,0.0,0.0,0.0,0.0,0.0,1.0,1.0,1.0,1.0,0.0,0.0,0.0,0.0,0.0,0.0,0.0,0.0,0.0,0.0,0.0,0.0,0.0,0.0,1.0,0.0,0.0,0.0,0.0,0.0,0.0,0.0,0.0,0.0,0.0,0.0,0.0,0.0,0.0,0.0,0.0,0.0,0.0,0.0,0.0,0.0,0.0,0.0,0.0,0.0,0.0,0.0,0.0,0.0,0.0,0.0,0.0,0.0,0.0,0.0,0.0,0.0,0.0,0.0,0.0,0.0,0.0,0.0,0.0,0.0,0.0,0.0,0.0,0.0,0.0,0.0,0.0,0.0,0.0,0.0,0.0,0.0,0.0,,,,,,,,
Anion_0067,O=C([O-])Cc1ccc(F)cc1,2.4004,-5.2041,-2.8037,3.3402,-5.0635,9.0077,-1.0,316.661,-60.5958,-2.4008000000000003,-4.0038,99.3232,0.2267,8.4037,0.119,-0.8617,0.0442,27.3633,8.9456,-1.1444,80.0483,-33.2958,4122.4006,98377.1423,194.9528,174.1264,0.8617,2.0889,0.3655,-0.1025,-1.2393,0.1475,5.1077,3.3843,-0.205,1.7233,4.7623,0.008,16.7157,0.0093,-61.6126,2.7393,0.6782,4.199,2.0,0.0,13.121191421012847,13.121191421012847,1.047314814814814,-3.228703703703704,0.6049376551194651,18.63636363636364,153.13200000000003,147.08399999999995,153.03573123191,58.0,0.0,0.122727609241773,-0.5498062172525481,0.5498062172525481,0.122727609241773,1.636363636363636,2.181818181818181,2.636363636363636,2.230781029060305,3.72414499555567,472.2741503408441,13.54145188432738,11.194461053936951,5.194461053936953,7.618802153517008,5.597230526968477,2.597230526968476,1.601439715069878,1.601439715069878,0.821553190868272,0.821553190868272,0.461807631742119,0.461807631742119,-1.38,3368.479353881061,2.929729638452295,3.142667965973564,2.3719445651382243,71.71240160446305,9.901064578912528,5.817220841045895,0.0,0.0,0.0,0.0,0.0,4.39041504767482,0.0,0.0,12.08483741532659,17.648288907023584,15.083747301621669,5.483034224680881,22.516030963608667,5.969305287951849,0.0,0.0,0.0,6.372924901329379,0.0,35.55034716339607,0.0,0.0,5.106527394840706,4.39041504767482,0.0,0.0,5.969305287951849,11.1674620854012,5.817220841045895,13.788002828718314,24.16967483065318,0.0,0.0,0.0,40.13,47.89257735267729,14.291479626587348,0.0,0.0,0.0,0.0,0.0,0.0,0.0,0.0,8.224551337021321,56.123486394557816,0.0,10.56448082010582,10.56448082010582,-1.047314814814814,-3.677957294028721,-4.381805555555553,-3.228703703703704,0.0,0.0,0.125,11.0,0.0,2.0,0.0,0.0,0.0,1.0,0.0,1.0,2.0,0.0,3.0,2.0,0.0,0.0,0.0,1.0,0.118099999999999,35.111000000000004,1.0,0.0,0.0,0.0,0.0,0.0,0.0,0.0,1.0,1.0,1.0,1.0,0.0,0.0,0.0,0.0,0.0,0.0,0.0,0.0,0.0,0.0,0.0,0.0,0.0,0.0,0.0,0.0,0.0,0.0,0.0,0.0,0.0,0.0,1.0,0.0,0.0,0.0,0.0,0.0,0.0,0.0,0.0,0.0,1.0,0.0,0.0,0.0,0.0,0.0,0.0,0.0,0.0,0.0,0.0,0.0,0.0,0.0,0.0,0.0,0.0,0.0,0.0,0.0,0.0,0.0,0.0,0.0,0.0,0.0,0.0,0.0,0.0,0.0,0.0,0.0,0.0,0.0,0.0,0.0,0.0,0.0,0.0,0.0,0.0,,,,,,,,
Anion_0068,O=C([O-])C1CCCC1,5.2974,-4.4467,0.8507,3.0967,-9.8469,11.5732,-1.0,274.6904,-68.6369,-1.8489,-1.798,78.1668,0.0103,12.9436,0.0772,-3.3751,0.44,3383.4985,9.3783,-7.2345,133.4108,-25.8148,2827.817,61429.7498,171.9997,154.1073,3.3751,6.7532,0.003,-0.2607,0.1392,-0.0107,10.287,3.5368,-0.5215000000000001,6.7502,4.447,0.002,,0.2041,-69.6165,2.1504,0.6782,0.1962,2.0,0.0,10.818194444444444,10.818194444444444,2.488194444444445,-3.673611111111111,0.477099333329729,67.25,113.13599999999994,104.06399999999998,113.06080310791,46.0,0.0,0.044481729751226,-0.549865362736078,0.549865362736078,0.044481729751226,1.75,2.25,2.5,2.173857283721867,3.712970785111462,347.6823683877945,14.077350269189626,12.816496580927726,3.8164965809277263,7.193375672974064,6.408248290463863,1.9082482904638631,1.162457478565265,1.162457478565265,0.641624145231931,0.641624145231931,0.320812072615965,0.320812072615965,-0.53,2102.119993359046,1.15276813945541,2.158633811658892,0.99703179776849,61.15862080003348,9.901064578912528,0.0,0.0,0.0,0.0,0.0,0.0,0.0,0.0,0.0,12.74584980265876,18.63980748802184,18.306132293483827,0.0,22.237891584444505,5.969305287951849,0.0,0.0,5.893957685363079,25.49169960531752,0.0,0.0,0.0,0.0,5.106527394840706,0.0,0.0,0.0,5.969305287951849,4.794537184071822,5.893957685363079,37.82852661084951,0.0,0.0,0.0,0.0,40.13,37.354962578632446,9.901064578912528,0.0,0.0,0.0,0.0,0.0,0.0,0.0,0.0,12.33682700553198,65.55884259259258,0.0,10.818194444444444,10.818194444444444,0.0,-6.161805555555556,0.0,-14.11675925925926,0.0,0.0,0.833333333333333,8.0,0.0,2.0,1.0,0.0,1.0,0.0,0.0,0.0,2.0,0.0,2.0,1.0,1.0,0.0,1.0,1.0,-0.0735,26.964999999999986,1.0,0.0,0.0,0.0,0.0,0.0,0.0,0.0,1.0,1.0,1.0,1.0,0.0,0.0,0.0,0.0,0.0,0.0,0.0,0.0,0.0,0.0,0.0,0.0,0.0,0.0,0.0,0.0,0.0,0.0,0.0,0.0,0.0,0.0,0.0,0.0,0.0,0.0,0.0,0.0,0.0,0.0,0.0,0.0,0.0,0.0,0.0,0.0,0.0,0.0,0.0,0.0,0.0,0.0,0.0,0.0,0.0,0.0,0.0,0.0,0.0,0.0,0.0,0.0,0.0,0.0,0.0,0.0,0.0,0.0,0.0,0.0,0.0,0.0,0.0,0.0,0.0,0.0,0.0,0.0,0.0,0.0,0.0,0.0,0.0,,,,,,,,
Anion_0069,CCOC(=O)CC(=O)[O-],3.5927,-5.4149,-1.8223,3.9504,-6.5807,10.3103,-1.0,294.762,-64.4582,-2.4849,-3.6186,77.7799,0.0644,10.5311,0.0949,-1.3152,0.0821,30.3417,9.9599,-3.7344,103.2099,-30.8032,2815.058,61269.9735,183.6756,158.1074,1.3152,2.9601,0.3298,-0.1249,-1.3176,0.1251,6.6628,4.0325,-0.2497,2.6303,4.4279,0.0038,26.3689,0.0151,-66.3032,3.6517,0.6782,2.6103,2.0,0.0,10.860486111111111,10.860486111111111,2.172569444444444,-3.612499999999999,0.352032532128771,24.666666666666668,131.107,124.05099999999996,131.03498228391,52.0,0.0,0.310996189065303,-0.549542479027271,0.549542479027271,0.310996189065303,1.888888888888888,2.555555555555555,3.0,1.9990770906121391,4.9039101453804514,306.3892713108193,13.361807319565798,11.132993161855453,4.132993161855452,6.821202757815639,5.270620726159658,1.770620726159657,0.9040391023624612,0.9040391023624612,0.347852884514564,0.347852884514564,0.155197702974649,0.155197702974649,-1.06,1041.5191642089244,1.9679492557774751,3.8841085217214752,4.799991610833361,62.26463616838111,14.637927532712576,0.0,0.0,0.0,0.0,5.969305287951849,4.794537184071822,0.0,0.0,0.0,0.0,6.851892117295679,6.853792780851101,21.64273254453796,29.02777460997593,11.9386105759037,0.0,0.0,0.0,13.22481701862506,6.558985242916289,0.0,0.0,0.0,5.106527394840706,0.0,0.0,0.0,18.49759581881999,14.325937321943693,0.0,22.8201269118166,0.0,0.0,0.0,0.0,66.43,31.72241283744505,14.69560176298435,0.0,0.0,0.0,0.0,0.0,0.0,0.0,4.736862953800049,9.59530989319154,50.49317743764172,0.0,21.008493480725623,10.148007369614511,0.0,-4.618086262282692,0.0,-3.612499999999999,-6.835758692365837,0.0,0.6000000000000001,9.0,0.0,4.0,0.0,0.0,0.0,0.0,0.0,0.0,4.0,0.0,4.0,4.0,0.0,0.0,0.0,0.0,-1.3104999999999989,26.256999999999987,1.0,0.0,0.0,0.0,0.0,0.0,0.0,0.0,1.0,1.0,2.0,2.0,0.0,0.0,0.0,0.0,0.0,0.0,0.0,0.0,0.0,0.0,0.0,0.0,0.0,0.0,0.0,0.0,0.0,0.0,0.0,0.0,0.0,0.0,0.0,0.0,0.0,0.0,0.0,0.0,1.0,1.0,0.0,0.0,0.0,0.0,0.0,0.0,0.0,0.0,0.0,0.0,0.0,0.0,0.0,0.0,0.0,0.0,0.0,0.0,0.0,0.0,0.0,0.0,0.0,0.0,0.0,0.0,0.0,0.0,0.0,0.0,0.0,0.0,0.0,0.0,0.0,0.0,0.0,0.0,0.0,0.0,0.0,0.0,0.0,,,,,,,,
Anion_0070,O=C([O-])Cc1ccc(Br)cc1,2.4404,-5.4907,-3.0503,3.4655,-4.4743,7.193,-1.0,338.4596,-58.6496,-1.9052,-4.2705,117.6966,0.2604,7.9398,0.1259,-0.5044000000000001,0.016,18.1094,8.6309,0.0552,76.1315,-32.6537,5584.7647,168154.234,214.393,196.779,0.5044000000000001,1.561,0.5522,-0.0635,-1.4805,0.1865,4.4903,3.4815,-0.1271,1.0088,4.8475,0.0097,16.8802,0.0001,-59.101,1.6784,0.6782,4.535,2.0,0.0,10.64651207010582,10.64651207010582,0.147779667422524,-3.08287037037037,0.7278855344255141,18.63636363636364,214.038,207.98999999999995,212.95566511191,58.0,0.0,0.063469597884897,-0.5498062173198011,0.5498062173198011,0.063469597884897,1.636363636363636,2.181818181818181,2.636363636363636,2.230781029060305,3.72414499555567,472.2741503408441,13.54145188432738,11.194461053936951,6.780457593051658,7.618802153517008,5.597230526968477,3.390228796525829,1.601439715069878,2.3944379846272312,0.821553190868272,1.218052325646948,0.461807631742119,0.6600571991314571,-0.8300000000000001,3368.479353881061,3.27069151627593,3.5289206965279103,2.71791641803436,81.41441380717818,9.901064578912528,0.0,0.0,0.0,0.0,0.0,0.0,0.0,0.0,0.0,28.01478131327594,17.648288907023584,19.55646681745408,5.483034224680881,18.12561591593385,21.8992491859012,0.0,0.0,0.0,6.372924901329379,0.0,34.20584583818258,0.0,0.0,5.106527394840706,0.0,0.0,15.929943897949348,5.969305287951849,11.1674620854012,0.0,13.788002828718314,28.64239434648559,0.0,0.0,0.0,40.13,42.075356511631405,9.901064578912528,0.0,4.472719515832414,0.0,0.0,0.0,0.0,0.0,15.929943897949348,8.224551337021321,44.14505102040816,2.818200349584278,10.64651207010582,10.64651207010582,-0.8373148148148141,-2.11053476946334,-2.558888888888887,-3.08287037037037,0.0,0.0,0.125,11.0,0.0,2.0,0.0,0.0,0.0,1.0,0.0,1.0,2.0,0.0,3.0,2.0,0.0,0.0,0.0,1.0,0.741499999999999,42.853000000000016,1.0,0.0,0.0,0.0,0.0,0.0,0.0,0.0,1.0,1.0,1.0,1.0,0.0,0.0,0.0,0.0,0.0,0.0,0.0,0.0,0.0,0.0,0.0,0.0,0.0,0.0,0.0,0.0,0.0,0.0,0.0,0.0,0.0,0.0,1.0,0.0,0.0,0.0,0.0,0.0,0.0,0.0,0.0,0.0,1.0,0.0,0.0,0.0,0.0,0.0,0.0,0.0,0.0,0.0,0.0,0.0,0.0,0.0,0.0,0.0,0.0,0.0,0.0,0.0,0.0,0.0,0.0,0.0,0.0,0.0,0.0,0.0,0.0,0.0,0.0,0.0,0.0,0.0,0.0,0.0,0.0,0.0,0.0,0.0,0.0,,,,,,,,
Anion_0071,CC(C)CCC(=O)[O-],5.2677,-4.3388,0.9289,3.1247,-9.943,13.1295,-1.0,292.8303,-69.8784,-1.9647,-1.7049,83.2819,0.0107,13.0677,0.0765,-3.4092,0.4447,3529.1851,9.3904,-6.9785,132.302,-26.8264,3184.9421,67373.2618,186.2075,169.45,3.4092,6.8215,0.0032,-0.2609,0.1423,-0.0109,10.3878,3.5694,-0.5217,6.8183,4.6152,0.0021,,0.2042,-70.7556,2.1637,0.6782,0.2114,2.0,0.0,10.591495181405897,10.591495181405897,2.636458333333332,-4.046296296296297,0.525778691570556,38.25,115.15199999999992,104.06399999999998,115.07645317191,48.0,0.0,0.041393702779786,-0.5501716788055621,0.5501716788055621,0.041393702779786,2.125,2.75,3.125,2.113073919972914,6.294552613762391,350.36215004128354,16.077350269189626,14.816496580927726,3.8164965809277263,7.943375672974064,7.158248290463863,1.6582482904638631,0.912457478565264,0.912457478565264,0.289562072615965,0.289562072615965,0.113531036307982,0.113531036307982,-0.53,3127.3494015599126,1.024574052697747,3.46926703691159,5.469999999999999,64.97439295389835,9.901064578912528,0.0,0.0,0.0,0.0,0.0,0.0,0.0,0.0,0.0,13.70378423459136,18.63980748802184,21.047649405824263,0.0,24.979408696784944,5.969305287951849,0.0,0.0,5.893957685363079,26.44963403725012,0.0,0.0,0.0,0.0,5.106527394840706,0.0,0.0,0.0,5.969305287951849,4.794537184071822,5.893957685363079,41.52797815512256,0.0,0.0,0.0,0.0,40.13,38.312897010565045,9.901064578912528,0.0,0.0,0.0,0.0,0.0,0.0,0.0,0.0,15.07834411787242,77.94101426681785,0.0,10.591495181405897,10.591495181405897,0.0,-6.612083333333333,0.0,-8.020949074074075,-7.574305555555558,0.0,0.833333333333333,8.0,0.0,2.0,0.0,0.0,0.0,0.0,0.0,0.0,2.0,0.0,2.0,5.0,0.0,0.0,0.0,0.0,0.172499999999999,29.078999999999983,1.0,0.0,0.0,0.0,0.0,0.0,0.0,0.0,1.0,1.0,1.0,1.0,0.0,0.0,0.0,0.0,0.0,0.0,0.0,0.0,0.0,0.0,0.0,0.0,0.0,0.0,0.0,0.0,0.0,0.0,0.0,0.0,0.0,0.0,0.0,0.0,0.0,0.0,0.0,0.0,0.0,0.0,0.0,0.0,0.0,0.0,0.0,0.0,0.0,0.0,0.0,0.0,0.0,0.0,0.0,0.0,0.0,0.0,0.0,0.0,0.0,0.0,0.0,0.0,0.0,0.0,0.0,0.0,0.0,0.0,0.0,0.0,0.0,0.0,0.0,0.0,0.0,0.0,0.0,0.0,0.0,0.0,0.0,0.0,0.0,,,,,,,,
Anion_0072,CC(C)(C)OC(=O)N1CCC(C(=O)[O-])CC1,2.8534,-4.883,-2.0296,3.3128,-6.2975,18.76,-1.0,426.8873,-68.8707,-2.6617,-3.4563,151.6713,0.106,9.6103,0.1041,-1.4924,0.1159,58.0046,8.4321,-2.3896,114.2457,-52.2432,10608.1343,230212.4554,300.5573,294.6911,1.4924,3.1571,0.1724,-0.1553,-0.9102,0.0947,6.4134,3.4287,-0.3106,2.9847,4.5136,0.0051,,0.0291,-69.035,2.1477,0.6782,0.799,2.0,0.0,12.857507086167796,12.857507086167796,1.13125,-4.4449148872512,0.650386163028931,51.875,228.26800000000011,210.124,228.12413163591,92.0,0.0,0.409778424028846,-0.54986294809749,0.54986294809749,0.409778424028846,1.5,2.0625,2.5,2.52595161830288,3.987402931123903,789.3925361135465,27.939157588755425,25.580206757355413,7.580206757355411,14.443211225743786,12.691441119409594,3.6914411194095953,2.520630282572464,2.520630282572464,1.212511849741334,1.212511849741334,0.6527656791491291,0.6527656791491291,-1.26,2055518.388910152,2.596053264292556,4.718527703418083,3.715237163466544,120.66296687328077,19.537837263563056,5.601050810983688,0.0,0.0,0.0,6.093240070938415,0.0,4.794537184071822,0.0,0.0,0.0,33.3015261545458,49.53063635301081,0.0,44.106118727848376,12.062545358890263,0.0,4.899909730850478,5.893957685363079,38.90257696552949,12.99371936863189,0.0,0.0,0.0,5.106527394840706,4.794537184071822,0.0,0.0,35.55722526935632,9.53140013787187,5.893957685363079,57.97518016560981,0.0,0.0,0.0,0.0,69.67,74.7527091092652,14.69560176298435,0.0,0.0,0.0,0.0,0.0,0.0,0.0,4.736862953800049,24.67365401106396,140.9840296742549,0.0,23.239119441815596,11.512862355647798,-4.4449148872512,-7.301885432413705,0.0,-11.530545871126227,-21.375331947593857,0.0,0.818181818181818,16.0,0.0,5.0,0.0,1.0,1.0,0.0,0.0,0.0,4.0,0.0,5.0,1.0,0.0,1.0,1.0,1.0,0.383399999999999,55.53800000000004,1.0,0.0,0.0,0.0,0.0,0.0,0.0,0.0,1.0,1.0,2.0,2.0,0.0,0.0,0.0,1.0,0.0,0.0,0.0,0.0,1.0,0.0,0.0,0.0,0.0,0.0,0.0,1.0,0.0,0.0,0.0,0.0,0.0,0.0,0.0,0.0,0.0,0.0,0.0,0.0,0.0,1.0,0.0,0.0,0.0,0.0,0.0,0.0,0.0,0.0,0.0,0.0,0.0,0.0,0.0,0.0,0.0,0.0,0.0,0.0,0.0,0.0,0.0,0.0,0.0,0.0,0.0,0.0,0.0,1.0,0.0,0.0,0.0,0.0,0.0,0.0,0.0,0.0,0.0,0.0,0.0,0.0,0.0,0.0,0.0,,,,,,,,
Anion_0073,COc1ccc(CC(=O)[O-])cc1OC,2.6477,-5.0668,-2.4191000000000003,3.0632,-5.2376,12.6497,-1.0,386.5547,-65.8043,-2.3721,-3.743,132.0836,0.1932,8.3008,0.1205,-1.0872,0.0715,43.3428,8.104,-1.0014,81.8856,-43.5199,7435.366,171032.6041,255.2186,237.78,1.0872,2.4109,0.2365,-0.131,-0.988,0.119,5.3091,3.1347,-0.262,2.1744,4.6385000000000005,0.0081,22.4706,0.0183,-66.6333,2.5229,0.6782,4.2866,2.0,0.0,10.96031104339884,10.96031104339884,1.121275037792894,-3.449076790438399,0.677938526711506,23.857142857142858,195.19400000000007,184.106,195.06628241191,76.0,0.0,0.16049913071608,-0.549806197892102,0.549806197892102,0.16049913071608,1.5714285714285712,2.285714285714285,2.928571428571428,2.371723533300503,3.8594293487192193,691.8179313764552,19.95566544670048,17.632993161855453,6.6329931618554525,10.98770497725203,8.72474487139159,3.224744871391589,2.024829914261059,2.024829914261059,1.176977029746495,1.176977029746495,0.6858684026685551,0.6858684026685551,-1.709999999999999,77519.78368592696,2.888023944732545,4.504872697550273,2.386614898895229,97.52869339018284,19.374790486512623,0.0,11.49902366656781,0.0,0.0,0.0,0.0,0.0,0.0,0.0,6.042418707663295,17.648288907023584,15.083747301621669,26.412731923297155,34.45313460438504,5.969305287951849,0.0,0.0,0.0,6.372924901329379,14.075904917765175,23.69070761468688,0.0,11.49902366656781,14.580253302440804,0.0,11.49902366656781,0.0,20.045210205717023,11.1674620854012,0.0,20.641795609569414,18.127256122989884,0.0,0.0,0.0,58.59,61.60786638830109,9.901064578912528,0.0,0.0,0.0,0.0,0.0,0.0,0.0,9.473725907600098,15.07834411787242,88.91446928539935,0.0,10.96031104339884,10.96031104339884,-1.227183484504912,-4.667132975875536,-3.603317743764171,-3.449076790438399,0.0,-6.471713710947342,0.3,14.0,0.0,4.0,0.0,0.0,0.0,1.0,0.0,1.0,4.0,0.0,4.0,6.0,0.0,0.0,0.0,1.0,-0.0038,48.257000000000026,1.0,0.0,0.0,0.0,0.0,0.0,0.0,0.0,1.0,1.0,1.0,1.0,0.0,0.0,0.0,0.0,0.0,0.0,0.0,0.0,0.0,0.0,0.0,0.0,0.0,0.0,0.0,0.0,0.0,0.0,0.0,0.0,0.0,0.0,1.0,0.0,0.0,0.0,0.0,0.0,0.0,2.0,0.0,0.0,0.0,0.0,0.0,0.0,0.0,0.0,0.0,0.0,0.0,0.0,0.0,2.0,0.0,0.0,0.0,0.0,0.0,0.0,0.0,0.0,0.0,0.0,0.0,0.0,0.0,0.0,0.0,0.0,0.0,0.0,0.0,0.0,0.0,0.0,0.0,0.0,0.0,0.0,0.0,0.0,0.0,,,,,,,,
Anion_0074,O=C([O-])CCc1c[nH+]c2cccc[c-]12,1.1398,-4.5705,-3.4308,3.0148,-4.1955,16.4089,-1.0,373.6025,-72.0486,-2.9687,-4.0007,137.3418,0.3538,7.2102,0.1387,-0.5903,0.0243,24.5704,8.0847,0.0992,71.6417,-39.9508,7723.413,184324.2385,244.0382,229.6471,0.5903,1.5889,0.4082,-0.0817,-1.2122,0.1682,4.2198,3.0391,-0.1635,1.1807,4.6823,0.0126,14.6355,0.0039,-70.9071,1.149,0.6782,3.4908,2.0,0.0,10.976164073654154,10.976164073654154,0.213997071050642,-3.603630598072564,0.639181558310849,22.857142857142858,188.20600000000007,178.12599999999998,188.07170213991,72.0,0.0,0.43975395374394,-0.550160523633161,0.550160523633161,0.43975395374394,1.7857142857142851,2.6428571428571432,3.428571428571428,2.7497958768814152,3.072371486290413,872.0371432860805,18.77350269189626,16.763710176427686,6.763710176427685,10.779485756039968,8.55267548146378,3.605461885963821,2.359671074065223,2.359671074065223,1.486775668115923,1.486775668115923,0.942342932370446,0.942342932370446,-1.7699999999999991,111495.97341991076,2.858166666635781,3.536369908004895,1.6150300824875572,95.4805719015925,9.901064578912528,11.689595928431022,0.0,0.0,0.0,1.4118420783282,4.977003270229252,0.0,0.0,18.127256122989884,11.60587019936029,19.502832573293773,15.564615181143388,1.37075855617022,28.62673693300196,16.872230220032908,0.0,0.0,0.0,12.74584980265876,0.0,35.90602153316493,0.0,0.0,10.083530665069958,0.0,0.0,0.0,5.969305287951849,11.1674620854012,0.0,24.27320339855835,30.34257004146794,1.4118420783282,10.902924932081056,0.0,54.27,65.5241015558566,9.901064578912528,0.0,4.977003270229252,0.0,0.0,0.0,0.0,0.0,0.0,13.74866908386018,76.79614356313513,0.0,11.190161144704796,10.36146499958008,-1.492849111866968,-2.390169648106155,-2.998362885277567,-7.966388062169315,0.0,0.0,0.181818181818181,14.0,1.0,3.0,0.0,0.0,0.0,1.0,1.0,2.0,2.0,0.0,3.0,3.0,0.0,0.0,0.0,2.0,0.055299999999999,49.424700000000016,1.0,0.0,0.0,0.0,0.0,1.0,1.0,0.0,1.0,1.0,1.0,1.0,0.0,0.0,0.0,0.0,1.0,0.0,0.0,0.0,0.0,1.0,0.0,0.0,0.0,0.0,0.0,0.0,0.0,0.0,1.0,0.0,0.0,0.0,1.0,0.0,1.0,0.0,0.0,0.0,0.0,0.0,0.0,0.0,0.0,0.0,0.0,0.0,0.0,0.0,0.0,0.0,0.0,0.0,0.0,0.0,0.0,0.0,0.0,0.0,0.0,0.0,0.0,0.0,1.0,0.0,0.0,0.0,0.0,0.0,0.0,0.0,0.0,0.0,0.0,0.0,0.0,0.0,0.0,0.0,0.0,0.0,0.0,0.0,0.0,,,,,,,,
Anion_0075,Cc1ccc(CC(=O)[O-])cc1,2.5937,-4.8995,-2.3058,2.9831000000000003,-5.4076,14.065,-1.0,334.8984,-66.3264,-1.9578,-3.6026,110.9085,0.2022,8.3907,0.1192,-1.2123,0.0876,53.5045,8.3667,-1.2415,81.873,-32.2277,5075.4649,119334.3996,213.216,193.8442,1.2123,2.6114,0.1869,-0.1445,-0.8854000000000001,0.1055,5.4952,3.0707,-0.289,2.4245,4.7748,0.0081,22.2426,0.0304,-66.8723,1.8256,0.6782,4.252,2.0,0.0,10.744023644179894,10.744023644179894,0.8838907785336351,-3.270795540438397,0.605866708217894,23.818181818181817,149.16900000000007,140.09699999999998,149.06080310791,58.0,0.0,0.062582904708712,-0.549806217350153,0.549806217350153,0.062582904708712,1.727272727272727,2.363636363636363,2.818181818181818,2.24115925007672,3.836035715509491,546.7565588095642,16.04145188432738,14.316496580927726,5.316496580927726,8.830127018922195,7.158248290463863,2.658248290463863,1.6624574785652642,1.6624574785652642,0.8520620726159651,0.8520620726159651,0.477062072615965,0.477062072615965,-1.31,10006.776051592557,2.094810428148029,3.191164645691246,2.415175907762296,78.12671981643683,9.901064578912528,0.0,0.0,0.0,0.0,0.0,0.0,0.0,0.0,0.0,29.733126322350174,12.415343608992677,19.19602297013233,5.483034224680881,22.237891584444505,5.969305287951849,0.0,0.0,0.0,13.22481701862506,0.0,35.29657781404717,0.0,0.0,5.106527394840706,0.0,0.0,0.0,5.969305287951849,11.1674620854012,6.851892117295679,23.46372998892597,24.16967483065318,0.0,0.0,0.0,40.13,54.49070012062408,9.901064578912528,0.0,0.0,0.0,0.0,0.0,0.0,0.0,0.0,12.33682700553198,66.15063775510204,0.0,10.744023644179894,10.744023644179894,-1.938983371126227,-2.236172524565382,-4.088055555555554,-3.270795540438397,-2.938011385109599,0.0,0.222222222222222,11.0,0.0,2.0,0.0,0.0,0.0,1.0,0.0,1.0,2.0,0.0,2.0,3.0,0.0,0.0,0.0,1.0,0.28742,39.890000000000015,1.0,0.0,0.0,0.0,0.0,0.0,0.0,0.0,1.0,1.0,1.0,1.0,0.0,0.0,0.0,0.0,0.0,0.0,0.0,0.0,0.0,0.0,0.0,0.0,0.0,0.0,0.0,0.0,0.0,0.0,0.0,0.0,0.0,0.0,1.0,0.0,0.0,0.0,0.0,0.0,0.0,0.0,0.0,0.0,0.0,0.0,0.0,0.0,0.0,0.0,0.0,0.0,0.0,0.0,0.0,0.0,0.0,0.0,0.0,0.0,0.0,0.0,0.0,0.0,0.0,0.0,0.0,0.0,0.0,0.0,0.0,0.0,0.0,0.0,0.0,0.0,0.0,0.0,0.0,0.0,0.0,0.0,0.0,0.0,0.0,,,,,,,,
Anion_0076,O=C([O-])c1c[nH+]c2cccc[c-]12,1.8241,-4.6417,-2.8176,3.1123,-4.8078,14.843,-1.0,320.619,-76.3276,-3.1386,-3.7296,113.8801,0.3117,7.9201,0.1263,-0.8478,0.0454,30.8928,8.7654,-0.5342,71.8506,-33.6192,5194.5984,127353.4699,197.2944,181.8055,0.8478,2.0192,0.3237,-0.107,-1.1323,0.143,4.8532,3.1577,-0.2141,1.6955,4.9634,0.01,15.6284,0.014,-75.0189,1.1518,0.6782,0.22,2.0,0.0,10.928392857142857,10.928392857142857,0.342407407407406,-1.749045729402872,0.539326402164325,17.333333333333332,160.15200000000004,154.10399999999998,160.04040201191,60.0,0.0,0.442312079027147,-0.5911373508718001,0.5911373508718001,0.442312079027147,1.75,2.583333333333333,3.333333333333333,2.571453993631168,3.165262332818974,692.6482932966401,13.77350269189626,11.763710176427685,5.763710176427685,8.285468820183675,6.052675481463779,3.105461885963821,2.109671074065223,2.109671074065223,1.401337740731889,1.401337740731889,0.886066665418445,0.886066665418445,-1.7699999999999991,9601.80921221878,2.935678423325268,2.373363897516029,0.87055758622134,77.13080567212806,9.901064578912528,11.689595928431022,0.0,0.0,0.0,1.4118420783282,4.977003270229252,0.0,0.0,18.127256122989884,6.042418707663295,10.949675706161791,11.45233951263273,1.37075855617022,23.14370270832108,16.872230220032908,0.0,0.0,0.0,0.0,0.0,35.90602153316493,0.0,0.0,10.083530665069958,0.0,0.0,0.0,5.969305287951849,0.0,0.0,17.211781456619917,30.34257004146794,1.4118420783282,10.902924932081056,0.0,54.27,41.87532682111679,9.901064578912528,0.0,10.902924932081056,4.977003270229252,0.0,0.0,0.0,0.0,0.0,8.265634859179302,45.0273544973545,0.0,11.287837301587302,10.554318783068783,-1.044259259259258,-1.749045729402872,-2.33731670445956,-0.738888888888888,0.0,0.0,0.0,12.0,1.0,3.0,0.0,0.0,0.0,1.0,1.0,2.0,2.0,0.0,3.0,1.0,0.0,0.0,0.0,2.0,-0.2637,40.42720000000001,0.0,0.0,0.0,0.0,1.0,1.0,1.0,0.0,1.0,1.0,1.0,1.0,0.0,0.0,0.0,0.0,1.0,0.0,0.0,0.0,0.0,1.0,0.0,0.0,0.0,0.0,0.0,0.0,0.0,0.0,0.0,0.0,0.0,0.0,1.0,0.0,1.0,0.0,0.0,0.0,0.0,0.0,0.0,0.0,0.0,0.0,0.0,0.0,0.0,0.0,0.0,0.0,0.0,0.0,0.0,0.0,0.0,0.0,0.0,0.0,0.0,0.0,0.0,0.0,1.0,0.0,0.0,0.0,0.0,0.0,0.0,0.0,0.0,0.0,0.0,0.0,0.0,0.0,0.0,0.0,0.0,0.0,0.0,0.0,0.0,,,,,,,,
Anion_0077,O=C([O-])CCC(=O)c1ccccc1,1.0322,-5.3674,-4.3352,3.5812,-3.1834,11.9715,-1.0,356.3274,-64.6123,-2.406,-4.8513,123.7767,0.5041,6.7646,0.1478,0.1989,0.0029,9.4682,8.9074,0.9496,54.3747,-38.4254,6379.7223,151542.2305,223.4937,212.0671,-0.1989,0.6584,1.0562,0.0294,-1.89,0.2794,3.1864,3.5841000000000003,0.0588,-0.3978,4.7296,0.0153,,0.0141,-65.6301,2.7456,0.6782,1.0177,2.0,0.0,12.100932067271351,12.100932067271351,0.8240530780213321,-3.756963931405898,0.6252790833609221,21.692307692307693,177.17900000000006,168.10699999999997,177.05571772791,68.0,0.0,0.162747556126894,-0.5501573947855211,0.5501573947855211,0.162747556126894,1.307692307692307,1.923076923076923,2.461538461538461,2.420870004888919,3.6438078332603903,639.0915382704827,17.61880215351701,15.22474487139159,6.224744871391589,9.779485756039966,7.612372435695795,3.112372435695794,1.866581623797196,1.866581623797196,1.005155181539914,1.005155181539914,0.533827590769957,0.533827590769957,-1.639999999999999,29510.405359595927,2.941320127682075,4.401518920554619,3.06895046657986,88.65318403087723,9.901064578912528,0.0,5.783244946364939,0.0,0.0,0.0,4.794537184071822,0.0,0.0,0.0,30.212093538316477,6.372924901329379,23.3887159056591,6.853792780851101,27.03242876851633,11.75255023431679,0.0,0.0,0.0,12.74584980265876,0.0,35.77554503001347,0.0,0.0,5.106527394840706,0.0,0.0,0.0,11.75255023431679,4.794537184071822,0.0,35.44066548395956,30.212093538316477,0.0,0.0,0.0,57.2,60.273945066989015,14.69560176298435,0.0,0.0,0.0,0.0,0.0,0.0,0.0,0.0,12.33682700553198,66.0780478526287,0.0,22.78609084992021,10.685158782648864,-1.123958333333333,-4.37785483329134,-4.762600886033424,-7.451550099206353,0.0,0.0,0.2,13.0,0.0,3.0,0.0,0.0,0.0,1.0,0.0,1.0,3.0,0.0,3.0,4.0,0.0,0.0,0.0,1.0,0.399399999999999,45.01350000000002,1.0,0.0,0.0,0.0,0.0,0.0,0.0,0.0,1.0,1.0,2.0,2.0,0.0,0.0,0.0,0.0,0.0,0.0,0.0,0.0,0.0,0.0,0.0,0.0,0.0,0.0,0.0,0.0,0.0,0.0,0.0,0.0,0.0,0.0,1.0,0.0,0.0,0.0,0.0,0.0,0.0,0.0,0.0,0.0,0.0,0.0,0.0,0.0,0.0,0.0,0.0,1.0,1.0,0.0,0.0,0.0,0.0,0.0,0.0,0.0,0.0,0.0,0.0,0.0,0.0,0.0,0.0,0.0,0.0,0.0,0.0,0.0,0.0,0.0,0.0,0.0,0.0,0.0,0.0,0.0,0.0,0.0,0.0,0.0,0.0,,,,,,,,
Anion_0078,O=C([O-])C=Cc1c[nH+]c[n-]1,2.3579,-4.6637,-2.3058,3.1924,-5.5216,11.0196,-1.0,295.89,-75.7931,-3.5666,-3.4847,91.8038,0.2393,8.714,0.1148,-1.1646,0.078,42.5321,9.0449,-1.6612,78.0208,-29.5814,3488.9987,82253.2467,176.9355,156.1945,1.1646,2.5658000000000003,0.2365,-0.1335,-1.0139,0.1165,5.5995,3.2703,-0.2671,2.3292,4.8565000000000005,0.0073,18.9767,0.0274,-73.297,0.3924,0.6782,1.9566,2.0,0.0,10.25105253212396,10.25105253212396,0.311936885865457,-1.869943310657596,0.452401275276329,19.4,137.11800000000002,132.07799999999995,137.03565097991,52.0,0.0,0.166918898187643,-0.545465996938955,0.545465996938955,0.166918898187643,2.2,3.0,3.5,2.433300056223472,3.348855895702745,452.6198853062036,11.74855866551393,9.710923771927645,4.710923771927643,6.857948465255108,4.749889076963737,2.302675481463779,1.321474472940212,1.321474472940212,0.6565705698034391,0.6565705698034391,0.344084435182972,0.344084435182972,-1.5799999999999992,1861.4745430109565,2.574037504358776,2.81668657277272,1.7369933797768211,64.30409981778054,14.87806784914178,1.37075855617022,1.4118420783282,0.0,0.0,0.0,0.0,4.983978520947208,0.0,0.0,0.0,12.104143492071133,6.172895210814761,22.078880665277197,21.77294415215086,12.021377033987417,0.0,4.983978520947208,0.0,0.0,0.0,24.222266665665018,0.0,0.0,15.067509186017164,0.0,0.0,0.0,5.969305287951849,4.794537184071822,0.0,11.17696221952934,18.528338670816552,1.4118420783282,6.052071746035566,0.0,68.37,36.24364369965243,9.901064578912528,0.0,0.0,4.977003270229252,0.0,0.0,0.0,0.0,4.983978520947208,6.894876303009082,35.44627362055933,0.0,13.874285714285714,10.25105253212396,-0.49611111111111,-1.869943310657596,-1.985092592592592,-1.220464852607708,0.0,0.0,0.0,10.0,1.0,4.0,0.0,0.0,0.0,0.0,1.0,1.0,2.0,0.0,4.0,2.0,0.0,0.0,0.0,1.0,-1.778999999999999,30.3587,1.0,0.0,0.0,0.0,0.0,2.0,1.0,0.0,1.0,1.0,1.0,1.0,0.0,0.0,0.0,1.0,1.0,0.0,0.0,0.0,0.0,1.0,0.0,0.0,0.0,0.0,0.0,0.0,0.0,0.0,0.0,0.0,0.0,0.0,0.0,0.0,0.0,0.0,0.0,0.0,0.0,0.0,0.0,0.0,0.0,0.0,0.0,1.0,0.0,0.0,0.0,0.0,0.0,0.0,0.0,0.0,0.0,0.0,0.0,0.0,0.0,0.0,0.0,0.0,0.0,0.0,0.0,0.0,0.0,0.0,0.0,0.0,0.0,0.0,0.0,0.0,0.0,0.0,0.0,0.0,0.0,0.0,0.0,0.0,0.0,,,,,,,,
Anion_0079,O=C([O-])C(F)(F)C(F)(F)C(F)(F)C(F)(F)F,5.4759,-6.933,-1.4571,5.5783000000000005,-7.0204,7.1754,-1.0,325.9076,-47.4113,-2.4638,-4.1951,81.3255,0.0079,12.5988,0.0794,-0.7211000000000001,0.0207,10.6808,11.9956,-3.3527,137.3174,-61.6913,3691.5053,78948.1759,195.2233,178.0612,0.7211000000000001,2.3785,0.9364,-0.0572,-2.4286,0.1928,7.0411,5.599,-0.1145,1.4421,5.0425,0.0025,27.2451,0.0038,-53.3268,7.7011,0.6782,0.4012,2.0,0.0,12.085208333333334,12.085208333333334,4.04034722222222,-7.204791666666667,0.7177137362255911,15.0625,263.035,263.035,262.97600679991,96.0,0.0,0.459660439096607,-0.543714401169047,0.543714401169047,0.459660439096607,0.75,1.0625,1.25,2.003681941453547,5.619692713382383,290.7646952447666,13.577350269189626,6.71817683801077,6.71817683801077,6.693375672974064,3.109088419005385,3.109088419005385,2.508395680921295,2.508395680921295,1.401066572965745,1.401066572965745,0.503363596801994,0.503363596801994,-1.16,939.7268305417138,14.839999999999998,3.417284360053293,1.775506679124264,80.64459396399187,9.901064578912528,5.969305287951849,0.0,0.0,0.0,23.9438860217272,0.0,0.0,39.513735429073385,0.0,0.0,0.0,0.0,0.0,49.41480000798592,5.969305287951849,0.0,0.0,0.0,23.9438860217272,0.0,0.0,0.0,0.0,5.106527394840706,39.513735429073385,0.0,0.0,29.913191309679053,4.794537184071822,0.0,0.0,0.0,0.0,0.0,0.0,40.13,29.913191309679053,49.41480000798592,0.0,0.0,0.0,0.0,0.0,0.0,0.0,0.0,0.0,105.96145360922146,0.0,9.399539399092973,9.399539399092973,0.0,-25.061504629629624,0.0,-7.032361111111111,0.0,0.0,0.8,16.0,0.0,2.0,0.0,0.0,0.0,0.0,0.0,0.0,2.0,0.0,11.0,3.0,0.0,0.0,0.0,0.0,1.204499999999999,25.903,1.0,0.0,0.0,0.0,0.0,0.0,0.0,0.0,1.0,1.0,1.0,1.0,0.0,0.0,0.0,0.0,0.0,0.0,0.0,0.0,0.0,0.0,0.0,0.0,0.0,9.0,0.0,0.0,0.0,0.0,0.0,0.0,0.0,0.0,0.0,0.0,0.0,0.0,0.0,0.0,0.0,0.0,0.0,0.0,9.0,0.0,0.0,0.0,0.0,0.0,0.0,0.0,0.0,0.0,0.0,0.0,0.0,0.0,0.0,0.0,0.0,0.0,0.0,0.0,0.0,0.0,0.0,0.0,0.0,0.0,0.0,0.0,0.0,0.0,0.0,0.0,0.0,0.0,0.0,0.0,0.0,0.0,0.0,0.0,0.0,19.432813119494845,10.044436145130984,2.817016992364686,-2.332665379731211,2.522362884364629,-2.65428372540036,5.744835105073311,-0.409605921375021
Anion_0080,CCCCCCCCCCCCCCCCCCC(=O)[O-],5.1939,-4.5857,0.6083000000000001,3.1855,-8.5482,23.5899,-1.0,641.3301,-69.9858,-1.7504,-1.9887,235.1417,0.0116,11.7337,0.0852,-2.6813,0.3064,928.05,7.6427,-2.7285,130.3444,-67.9632,25214.3398,533119.5944,478.6072,479.2145,2.6813,5.3735,0.0108,-0.2285,-0.2521,0.0215,8.8545,3.4918,-0.457,5.3627,5.1385,0.0032,,0.0943,-69.6374,0.7238,0.6782,0.2256,2.0,0.0,11.277585959217737,11.277585959217737,3.068728607789729,-5.3136991630904,0.337727641019259,49.23809523809524,297.50299999999925,260.20699999999994,297.27990400391104,126.0,0.0,0.041383616860257,-0.5501718609055201,0.5501718609055201,0.041383616860257,0.7142857142857141,1.047619047619047,1.380952380952381,2.980106062201977,7.89869777868759,1540.691648658934,48.57735026918962,47.316496580927726,10.316496580927726,24.193375672974064,23.408248290463863,4.908248290463863,2.412457478565265,2.412457478565265,1.102062072615965,1.102062072615965,0.519781036307982,0.519781036307982,-0.53,25686866126.403976,2.433403734543579,17.52136106831022,19.47,184.24787344541724,9.901064578912528,0.0,0.0,0.0,0.0,0.0,0.0,0.0,0.0,0.0,102.4457656372364,12.74584980265876,56.68737186625004,0.0,60.61913115721072,5.969305287951849,0.0,0.0,0.0,115.19161543989516,0.0,0.0,0.0,0.0,5.106527394840706,0.0,0.0,0.0,5.969305287951849,4.794537184071822,0.0,165.90968201819317,0.0,0.0,0.0,0.0,40.13,121.160920727847,9.901064578912528,0.0,0.0,0.0,0.0,0.0,0.0,0.0,0.0,50.71806657829818,293.76757582741004,0.0,11.277585959217737,11.277585959217737,0.0,-3.068728607789729,0.0,-85.9174739407488,-4.169878530640383,0.0,0.9473684210526312,21.0,0.0,2.0,0.0,0.0,0.0,0.0,0.0,0.0,2.0,0.0,2.0,18.0,0.0,0.0,0.0,0.0,5.3879000000000055,89.17000000000007,1.0,0.0,0.0,0.0,0.0,0.0,0.0,0.0,1.0,1.0,1.0,1.0,0.0,0.0,0.0,0.0,0.0,0.0,0.0,0.0,0.0,0.0,0.0,0.0,0.0,0.0,0.0,0.0,0.0,0.0,0.0,0.0,0.0,0.0,0.0,0.0,0.0,0.0,0.0,0.0,0.0,0.0,0.0,0.0,0.0,0.0,0.0,0.0,0.0,0.0,0.0,0.0,0.0,0.0,0.0,0.0,0.0,0.0,0.0,0.0,0.0,0.0,0.0,0.0,0.0,0.0,0.0,0.0,0.0,0.0,0.0,0.0,0.0,0.0,0.0,0.0,0.0,0.0,0.0,0.0,0.0,0.0,0.0,0.0,0.0,,,,,,,,
Anion_0081,O=C([O-])c1ccc[nH]1,3.4292,-4.7236,-1.2944,3.4016,-6.7115,10.746,-1.0,257.9381,-69.8573,-2.7694,-3.009,74.0315,0.0885,10.1131,0.0989,-1.6549,0.1354,66.313,9.8821,-3.3269,91.1563,-24.0277,2269.3446,53580.7312,147.1133,126.0143,1.6549,3.4607,0.1508,-0.1636,-0.8733000000000001,0.0864,6.8469,3.537,-0.3273,3.3099,4.9325,0.0048,,0.0551,-69.4903,1.7242000000000002,0.6782,0.324,2.0,0.0,10.269537037037036,10.269537037037036,0.194444444444444,-1.72037037037037,0.523311494268002,16.0,110.09199999999996,106.06,110.02475194791,42.0,0.0,0.165964343188338,-0.5432044580575951,0.5432044580575951,0.165964343188338,2.125,2.875,3.125,2.1576101785818382,3.482312463299751,320.20768593610154,9.464101615137755,7.763710176427685,3.763710176427684,5.464101615137755,3.802675481463779,1.855461885963821,1.109671074065223,1.109671074065223,0.5978576627209671,0.5978576627209671,0.295629681079231,0.295629681079231,-1.25,418.57637464487664,1.931179015684153,1.6944897959183671,0.7026627218934911,51.63920014005725,14.87806784914178,0.0,1.4118420783282,0.0,0.0,0.0,0.0,0.0,0.0,0.0,0.0,12.08483741532659,6.172895210814761,15.775508951310968,15.425182325751388,5.969305287951849,0.0,4.977003270229252,0.0,0.0,0.0,23.951660620989813,0.0,0.0,5.106527394840706,0.0,0.0,0.0,10.9463085581811,0.0,0.0,14.60074084743094,18.25773262614135,1.4118420783282,0.0,0.0,55.92,29.92096590894166,9.901064578912528,0.0,4.977003270229252,0.0,0.0,0.0,0.0,0.0,0.0,5.524117746838861,27.94203703703704,0.0,10.46398148148148,10.269537037037036,-0.7592592592592581,-1.72037037037037,-1.236851851851851,-0.62574074074074,0.0,0.0,0.0,8.0,1.0,3.0,0.0,0.0,0.0,0.0,1.0,1.0,2.0,1.0,3.0,1.0,0.0,0.0,0.0,1.0,-0.6218,25.1232,0.0,0.0,0.0,0.0,1.0,1.0,1.0,0.0,1.0,1.0,1.0,1.0,0.0,0.0,0.0,0.0,1.0,0.0,0.0,0.0,0.0,1.0,0.0,0.0,0.0,0.0,0.0,0.0,0.0,0.0,0.0,0.0,0.0,0.0,0.0,0.0,0.0,0.0,0.0,0.0,0.0,0.0,0.0,0.0,0.0,0.0,0.0,0.0,0.0,0.0,0.0,0.0,0.0,0.0,0.0,0.0,0.0,0.0,0.0,0.0,0.0,0.0,0.0,0.0,0.0,0.0,0.0,0.0,0.0,0.0,0.0,0.0,0.0,0.0,0.0,0.0,0.0,0.0,0.0,0.0,0.0,0.0,0.0,0.0,0.0,,,,,,,,
Anion_0082,C#CCCCC(=O)[O-],3.5758,-4.5085,-0.9327,3.2286,-7.5415,12.0914,-1.0,292.0053,-67.974,-2.2165,-2.7206,77.6922,0.0704,10.77,0.0929,-2.1565,0.216,190.834,9.2417,-3.868,122.3461,-24.7104,2667.1455,60952.3593,173.8757,150.6844,2.1565,4.3666,0.0537,-0.2002,-0.536,0.0498,7.7574,3.4445,-0.4004,4.3129,4.8433,0.0039,,0.088,-68.2595,1.8238,0.6782,0.2228,2.0,0.0,10.33079506802721,10.33079506802721,1.330099678760393,-3.541319444444444,0.364960110320788,25.25,111.11999999999996,104.06399999999998,111.04515304391,44.0,0.0,0.12382475801502,-0.5501712659855811,0.5501712659855811,0.12382475801502,2.125,2.875,3.375,2.024513601803164,5.4609907232905535,324.10744884656515,12.49156383156272,10.816496580927726,3.8164965809277263,6.504035844753885,5.158248290463863,1.6582482904638631,0.787457478565264,0.787457478565264,0.289562072615965,0.289562072615965,0.113531036307982,0.113531036307982,-0.97,795.6338455086434,1.50557057360398,4.195837479270316,5.03,58.353736345086354,9.901064578912528,1.37075855617022,0.0,0.0,0.0,0.0,0.0,0.0,0.0,12.319835853677588,0.0,12.74584980265876,20.566781526302545,0.0,19.496374472104065,5.969305287951849,0.0,0.0,0.0,19.118774703988137,0.0,0.0,0.0,12.319835853677588,5.106527394840706,0.0,0.0,0.0,5.969305287951849,4.794537184071822,12.319835853677588,28.714084597179674,0.0,0.0,0.0,0.0,40.13,25.088079991939985,9.901064578912528,0.0,0.0,0.0,0.0,12.319835853677588,0.0,0.0,0.0,9.59530989319154,48.39397628495843,0.0,10.33079506802721,10.33079506802721,0.0,-0.90506424792139,0.0,-8.733835506424793,0.0,0.0,0.5,8.0,0.0,2.0,0.0,0.0,0.0,0.0,0.0,0.0,2.0,0.0,2.0,3.0,0.0,0.0,0.0,0.0,-0.4602,27.690999999999992,1.0,0.0,0.0,0.0,0.0,0.0,0.0,0.0,1.0,1.0,1.0,1.0,0.0,0.0,0.0,0.0,0.0,0.0,0.0,0.0,0.0,0.0,0.0,0.0,0.0,0.0,0.0,0.0,0.0,0.0,0.0,0.0,0.0,0.0,0.0,0.0,0.0,0.0,0.0,0.0,0.0,0.0,0.0,0.0,0.0,0.0,0.0,0.0,0.0,0.0,0.0,0.0,0.0,0.0,0.0,0.0,0.0,0.0,0.0,0.0,0.0,0.0,0.0,0.0,0.0,0.0,0.0,0.0,0.0,0.0,0.0,0.0,0.0,0.0,0.0,0.0,0.0,0.0,1.0,0.0,0.0,0.0,0.0,0.0,0.0,,,,,,,,
Anion_0083,O=C([O-])C1=CC=[S+2]=C1,2.657,-15.8976,-13.2406,14.0011,4.9842,2.709,1.0,273.1491,-49.5904,-1.5036,-14.5691,78.1087,0.1874,9.0169,0.1109,9.4926,4.9967,0.3267,19.739,8.93,87.166,-23.1096,2383.9969,71246.8492,154.9284,134.9504,-9.4926,11.6215,30.6068,1.0528,-11.7469,1.3028,0.0125,18.9978,2.1055,-18.9853,4.8419,0.0066,2.1873,4.8344000000000005,-51.2725,2.5076,0.6782,4.273,2.0,0.0,10.228148148148149,10.228148148148149,0.213703703703703,-1.560416666666666,0.396404544991936,23.25,127.14399999999996,124.11999999999998,126.98482675609,40.0,0.0,,,,,2.0,2.75,3.0,2.073812643176793,3.215547495005776,324.6192317060679,8.593858127134677,6.724744871391589,4.541241452319316,5.036581260209189,3.3164965809277263,2.632993161855452,1.093643696413162,1.7060161321089562,0.584279326771846,1.094589689851674,0.271306330052589,0.711856917541803,-0.7000000000000001,263.37420568345283,2.731049109246865,2.046097814776274,0.9237157130738052,54.20478984541727,0.0,0.0,0.0,0.0,0.0,53.23494442037425,0.0,0.0,0.0,0.0,0.0,0.0,0.0,0.0,14.013340247423187,27.59642789684622,0.0,0.0,0.0,0.0,0.0,11.625176276104837,0.0,0.0,5.106527394840706,0.0,0.0,0.0,16.656374357387698,15.734590723530342,0.0,4.11227566851066,11.625176276104837,0.0,0.0,0.0,40.13,17.594481564056682,9.901064578912528,0.0,10.687069069435848,10.94005353945852,0.0,0.0,0.0,0.0,0.0,4.11227566851066,21.04365740740741,0.0,10.228148148148149,9.722777777777775,-0.48611111111111,-1.560416666666666,-0.430555555555555,0.0,0.0,0.649166666666666,0.0,8.0,0.0,2.0,0.0,1.0,1.0,0.0,0.0,0.0,2.0,0.0,3.0,1.0,0.0,0.0,0.0,1.0,-1.6367,32.583,1.0,0.0,0.0,0.0,0.0,0.0,0.0,0.0,1.0,1.0,1.0,1.0,0.0,0.0,0.0,0.0,0.0,0.0,0.0,0.0,0.0,0.0,0.0,0.0,0.0,0.0,1.0,0.0,0.0,0.0,0.0,0.0,0.0,0.0,0.0,0.0,0.0,0.0,0.0,0.0,0.0,0.0,0.0,0.0,0.0,0.0,0.0,0.0,0.0,0.0,0.0,0.0,0.0,0.0,0.0,0.0,0.0,0.0,0.0,0.0,0.0,0.0,0.0,0.0,0.0,0.0,0.0,0.0,0.0,0.0,0.0,0.0,0.0,0.0,0.0,0.0,0.0,0.0,0.0,0.0,0.0,0.0,0.0,0.0,0.0,,,,,,,,
Anion_0084,O=C([O-])Cc1ccc2ccccc2c1,1.5137,-5.2464,-3.7327,3.1048,-3.5951,13.366,-1.0,370.9393,-63.5592,-1.8159,-4.4895,139.3508,0.4235,6.6999,0.1493,-0.2451,0.0045,16.3854,8.1013,1.0719,56.5394,-38.6578,7737.5034,189431.8465,239.8945,225.8467,0.2451,1.1006,0.6103000000000001,-0.0366,-1.4298,0.2134,3.5996,3.1093,-0.0732,0.4903,4.8317,0.0161,16.6871,0.0001,-63.8758,1.4543,0.6782,3.841,2.0,0.0,10.9812760351054,10.9812760351054,0.42694633408919,-3.255343561035526,0.7032730051539171,20.428571428571427,185.20200000000008,176.12999999999997,185.06080310791,70.0,0.0,0.063228807322809,-0.549806214333112,0.549806214333112,0.063228807322809,1.2857142857142851,2.0,2.714285714285714,2.4571492666095702,3.168243640374669,860.2008999338876,17.850852961085884,15.816496580927726,6.816496580927726,10.440169358562926,8.158248290463863,3.658248290463863,2.412457478565265,2.412457478565265,1.4770620726159651,1.4770620726159651,0.9458120726159652,0.9458120726159652,-1.8299999999999992,69982.06826230716,3.089338795289362,3.4993326132542,1.7399158245150792,94.44344223377544,9.901064578912528,0.0,0.0,0.0,0.0,0.0,0.0,0.0,0.0,0.0,42.29693095364306,16.335899920626588,15.083747301621669,9.59530989319154,22.237891584444505,16.74175371688144,0.0,0.0,0.0,6.372924901329379,0.0,47.86038244534006,0.0,0.0,5.106527394840706,0.0,0.0,0.0,5.969305287951849,11.1674620854012,0.0,17.900278497228975,42.29693095364306,0.0,10.772448428929591,0.0,40.13,70.97506106355087,9.901064578912528,0.0,0.0,0.0,0.0,0.0,0.0,0.0,0.0,12.33682700553198,69.27037683977912,0.0,10.9812760351054,10.051667663979172,-0.972193877551019,-2.209179474258839,-5.283270292684973,-3.255343561035526,0.0,0.0,0.083333333333333,14.0,0.0,2.0,0.0,0.0,0.0,2.0,0.0,2.0,2.0,0.0,2.0,2.0,0.0,0.0,0.0,2.0,1.132199999999999,52.65900000000003,1.0,0.0,0.0,0.0,0.0,0.0,0.0,0.0,1.0,1.0,1.0,1.0,0.0,0.0,0.0,0.0,0.0,0.0,0.0,0.0,0.0,0.0,0.0,0.0,0.0,0.0,0.0,0.0,0.0,0.0,0.0,0.0,0.0,0.0,2.0,0.0,1.0,0.0,0.0,0.0,0.0,0.0,0.0,0.0,0.0,0.0,0.0,0.0,0.0,0.0,0.0,0.0,0.0,0.0,0.0,0.0,0.0,0.0,0.0,0.0,0.0,0.0,0.0,0.0,0.0,0.0,0.0,0.0,0.0,0.0,0.0,0.0,0.0,0.0,0.0,0.0,0.0,0.0,0.0,0.0,0.0,0.0,0.0,0.0,0.0,,,,,,,,
Anion_0085,O=C([O-])CN1C(=O)c2ccccc2C1=O,0.2971,-5.5032,-5.2061,3.68,-2.2595,15.598,-1.0,366.6959,-72.8916,-3.157,-5.3547,129.9056,0.7416,5.9395,0.1684,0.7103,0.0425,6.1629,9.2606,2.1019,41.6927,-43.939,7054.3152,170962.4384,234.5468,217.2825,-0.7103,0.2021,1.6226,0.1196,-2.1951,0.3696,2.302,3.7225,0.2392,-1.4205,4.971,0.0237,,0.0498,-74.4021,3.9892,0.6782,1.266,1.9936,0.0064,12.020932067271351,12.020932067271351,0.275833333333333,-3.475746409674982,0.580654161010948,20.933333333333334,204.16100000000003,198.113,204.03023125191,76.0,0.0,0.261401913991041,-0.548191146480239,0.548191146480239,0.261401913991041,1.333333333333333,1.8,2.2,2.65230585656606,2.776826066161183,669.2348509541812,16.27350269189626,13.08020675735541,7.080206757355411,9.529485756039966,6.737316974177663,3.737316974177663,2.594976202882188,2.594976202882188,1.724502418359462,1.724502418359462,1.141965639790207,1.141965639790207,-2.169999999999999,32137.990064010955,4.566155709816851,3.197887032832597,1.375316000153518,93.35379714709173,9.901064578912528,0.0,0.0,0.0,11.814359458703011,0.0,14.48898409899412,0.0,0.0,0.0,12.08483741532659,12.08483741532659,0.0,31.8176192926831,27.714690284077488,17.78366474665486,0.0,4.899909730850478,0.0,0.0,6.496859684315945,35.29657781404717,0.0,0.0,5.106527394840706,0.0,0.0,0.0,29.18043416182128,4.794537184071822,0.0,28.940528688558956,24.16967483065318,0.0,0.0,0.0,77.50999999999999,59.577102245017976,19.49013894705617,0.0,4.899909730850478,0.0,0.0,0.0,0.0,0.0,0.0,8.224551337021321,44.4236967750063,0.0,34.51995244394054,10.753921642731168,-1.507175925925925,-5.236424792139078,-3.228223733938018,0.0,-3.475746409674982,0.0,0.1,15.0,0.0,5.0,0.0,1.0,1.0,1.0,0.0,1.0,4.0,0.0,5.0,2.0,0.0,0.0,0.0,2.0,-0.9675,46.81600000000002,1.0,0.0,0.0,0.0,0.0,0.0,0.0,0.0,1.0,1.0,3.0,3.0,0.0,0.0,0.0,1.0,0.0,0.0,0.0,0.0,0.0,0.0,0.0,0.0,0.0,0.0,0.0,2.0,0.0,0.0,0.0,0.0,0.0,0.0,1.0,0.0,1.0,0.0,0.0,0.0,0.0,0.0,0.0,0.0,0.0,0.0,0.0,0.0,1.0,0.0,0.0,0.0,0.0,0.0,0.0,0.0,0.0,0.0,0.0,0.0,0.0,0.0,0.0,0.0,0.0,0.0,0.0,0.0,0.0,0.0,0.0,0.0,0.0,0.0,0.0,0.0,0.0,0.0,0.0,0.0,0.0,0.0,0.0,0.0,0.0,,,,,,,,
Anion_0086,COC(=O)CCC(=O)[O-],4.9144,-5.8908000000000005,-0.9764,4.1699,-7.7592,6.0626,-1.0,284.8924,-65.1431,-2.2703,-3.4336,77.6899,0.0184,11.929,0.0838,-1.7946,0.135,42.2923,9.8124,-4.9301,130.777,-30.801,2813.5198,60978.8323,173.7056,152.6398,1.7946,3.8258,0.2365,-0.1505,-1.1876,0.0995,7.8942,4.3049,-0.3009,3.5893,4.2358,0.0025,,0.0236,-66.7307,3.1797,0.6782,0.2788,2.0,0.0,10.943194444444444,10.943194444444444,2.137314814814814,-3.699074074074073,0.445821119541436,24.666666666666668,131.107,124.051,131.03498228391,52.0,0.0,0.305384725569848,-0.550155150599222,0.550155150599222,0.305384725569848,1.777777777777777,2.444444444444444,2.8888888888888893,1.994599908291021,5.071497078137882,306.3892713108193,13.361807319565798,11.132993161855453,4.132993161855452,6.82120275781564,5.270620726159658,1.770620726159657,0.9269770297464952,0.9269770297464952,0.359321848206581,0.359321848206581,0.127577590769957,0.127577590769957,-1.06,1021.2351530450028,1.9679492557774751,3.8841085217214752,4.799991610833361,62.26463616838112,14.637927532712576,0.0,0.0,0.0,0.0,5.969305287951849,4.794537184071822,0.0,0.0,0.0,0.0,6.372924901329379,11.45233951263273,17.52315302872263,29.02777460997593,11.9386105759037,0.0,0.0,0.0,12.74584980265876,7.037952458882589,0.0,0.0,0.0,5.106527394840706,0.0,0.0,0.0,18.976563034786288,14.325937321943693,0.0,22.341159695850298,0.0,0.0,0.0,0.0,66.43,31.72241283744505,14.69560176298435,0.0,0.0,0.0,0.0,0.0,0.0,0.0,4.736862953800049,9.59530989319154,50.387854780801206,0.0,21.206444160997734,10.263249716553288,0.0,-4.623433484504913,0.0,-7.36550925925926,0.0,-3.285272581254725,0.6000000000000001,9.0,0.0,4.0,0.0,0.0,0.0,0.0,0.0,0.0,4.0,0.0,4.0,4.0,0.0,0.0,0.0,0.0,-1.3104999999999989,26.256999999999987,1.0,0.0,0.0,0.0,0.0,0.0,0.0,0.0,1.0,1.0,2.0,2.0,0.0,0.0,0.0,0.0,0.0,0.0,0.0,0.0,0.0,0.0,0.0,0.0,0.0,0.0,0.0,0.0,0.0,0.0,0.0,0.0,0.0,0.0,0.0,0.0,0.0,0.0,0.0,0.0,1.0,1.0,0.0,0.0,0.0,0.0,0.0,0.0,0.0,0.0,0.0,0.0,0.0,0.0,0.0,1.0,0.0,0.0,0.0,0.0,0.0,0.0,0.0,0.0,0.0,0.0,0.0,0.0,0.0,0.0,0.0,0.0,0.0,0.0,0.0,0.0,0.0,0.0,0.0,0.0,0.0,0.0,0.0,0.0,0.0,,,,,,,,
Anion_0087,O=C([O-])C=Cc1ccc(Cl)cc1,0.982,-5.0898,-4.1078,3.5343,-3.2995,14.7015,-1.0,356.9785,-67.3236,-2.3191,-4.5988,121.8765,0.5401,6.8338,0.1463,0.1174,0.001,10.2496,8.9053,1.3315,52.5573,-35.2242,5954.286,159328.9894,217.8194,201.0844,-0.1174,0.7408,0.9757,0.0172,-1.8259,0.2672,3.3005,3.5353,0.0344,-0.2348,5.0009,0.0157,,0.0095,-67.4465,1.7639,0.6782,0.19,2.0,0.0,10.454707245037934,10.454707245037934,0.429138321995464,-1.938137755102041,0.6415122256565561,19.08333333333333,181.598,175.54999999999995,181.00618069191,62.0,0.0,0.064253963737595,-0.545466971826714,0.545466971826714,0.064253963737595,1.583333333333333,2.166666666666666,2.666666666666666,2.324109840727561,3.725155823702038,539.6616674438746,14.196152422706634,11.694461053936951,6.450389999955408,8.196152422706634,5.847230526968477,3.225194999977704,1.726439715069878,2.104404188079106,0.884053190868272,1.073035427372886,0.473276595434136,0.5677677136864431,-1.279999999999999,6275.096569964415,3.622886838671276,3.926368094926434,2.760850325969622,83.52547151063084,9.901064578912528,0.0,0.0,0.0,0.0,0.0,0.0,0.0,0.0,0.0,29.737849051594672,23.70036065305915,5.022633313741326,14.193856624973169,18.12561591593385,23.62231692421993,0.0,0.0,0.0,0.0,0.0,40.80783138212707,0.0,0.0,5.106527394840706,0.0,0.0,11.600939890232516,5.969305287951849,4.794537184071822,0.0,13.788002828718314,30.221746576688744,5.022633313741326,6.052071746035566,0.0,40.13,52.82920841611448,9.901064578912528,0.0,0.0,0.0,0.0,0.0,0.0,0.0,0.0,19.825491227253835,44.32932728647015,5.539165441896922,10.454707245037934,10.025568923042467,-0.593888888888888,-1.938137755102041,-4.705631141345425,0.0,0.0,0.0,0.0,12.0,0.0,2.0,0.0,0.0,0.0,1.0,0.0,1.0,2.0,0.0,3.0,2.0,0.0,0.0,0.0,1.0,1.1031,45.493000000000016,1.0,0.0,0.0,0.0,0.0,0.0,0.0,0.0,1.0,1.0,1.0,1.0,0.0,0.0,0.0,0.0,0.0,0.0,0.0,0.0,0.0,0.0,0.0,0.0,0.0,0.0,0.0,0.0,0.0,0.0,0.0,0.0,0.0,0.0,1.0,0.0,0.0,0.0,0.0,0.0,0.0,0.0,0.0,0.0,1.0,0.0,0.0,0.0,0.0,0.0,0.0,0.0,0.0,0.0,0.0,0.0,0.0,0.0,0.0,0.0,0.0,0.0,0.0,0.0,0.0,0.0,0.0,0.0,0.0,0.0,0.0,0.0,0.0,0.0,0.0,0.0,0.0,0.0,0.0,0.0,0.0,0.0,0.0,0.0,0.0,,,,,,,,
Anion_0088,O=C([O-])c1cc2ccccc2oc1=O,1.0959,-5.5879,-4.4921,3.8025,-2.8994,17.6731,-1.0,352.895,-75.0561,-3.0547,-5.0399,122.9259,0.5823,6.7019,0.1492,0.4516,0.0152,7.4065,9.3141,1.6606,48.1107,-40.4726,6168.5075,152446.4459,217.0868,199.6176,-0.4516,0.4471,1.3502,0.0673,-2.127,0.3173,2.9146,3.8177,0.1348,-0.9031,5.0358,0.0167,,0.0313,-76.6158,3.9363,0.6782,1.6203,2.0,0.0,11.395059523809522,11.395059523809522,0.467777777777777,-1.936980347694634,0.5987395231340991,15.285714285714286,189.146,184.106,189.01933221991,70.0,0.0,0.344925948045022,-0.544532413282761,0.544532413282761,0.344925948045022,1.428571428571428,2.1428571428571432,2.857142857142857,2.3221891141336792,3.155505408963963,780.0543905115624,14.480609473082808,11.632993161855453,6.6329931618554525,8.768632067778068,6.020620726159658,3.520620726159658,2.381101174978427,2.381101174978427,1.506101174978427,1.506101174978427,0.91971725415588,0.91971725415588,-2.1,13313.11019132838,4.412593239911365,2.990702947845806,1.264784438960662,85.42495704276041,14.318215515965877,5.583020141642242,0.0,0.0,0.0,5.625586319077987,0.0,4.794537184071822,0.0,0.0,18.127256122989884,12.08483741532659,5.3862242144647965,18.386549560499944,21.172008296816973,16.938549644058888,0.0,0.0,0.0,0.0,0.0,46.19566853316328,0.0,0.0,10.732113713918691,0.0,0.0,0.0,5.969305287951849,0.0,0.0,17.211781456619917,39.42378165944165,0.0,10.969244356107035,0.0,70.34,58.33968099315035,14.69560176298435,0.0,0.0,0.0,0.0,0.0,0.0,0.0,4.417150937053347,6.853792780851101,42.1104793398841,0.0,22.146309838750312,10.283472537163014,-3.008276643990928,-1.936980347694634,-3.428338057445198,0.0,0.0,0.0,0.0,14.0,0.0,4.0,0.0,0.0,0.0,1.0,1.0,2.0,4.0,0.0,4.0,1.0,0.0,0.0,0.0,2.0,0.156499999999999,46.81450000000001,0.0,0.0,0.0,0.0,1.0,0.0,0.0,0.0,1.0,1.0,1.0,1.0,0.0,0.0,0.0,0.0,0.0,0.0,0.0,0.0,0.0,0.0,0.0,0.0,0.0,0.0,0.0,0.0,0.0,0.0,0.0,0.0,0.0,0.0,1.0,0.0,1.0,0.0,0.0,0.0,0.0,0.0,0.0,0.0,0.0,0.0,0.0,0.0,0.0,0.0,0.0,0.0,0.0,0.0,0.0,0.0,0.0,0.0,0.0,0.0,0.0,0.0,0.0,0.0,1.0,0.0,0.0,0.0,0.0,0.0,0.0,0.0,0.0,0.0,0.0,0.0,0.0,0.0,0.0,0.0,0.0,0.0,0.0,0.0,0.0,,,,,,,,
Anion_0089,CCC(CC)C(=O)[O-],5.1976,-4.3626000000000005,0.835,3.0007,-9.7816,10.4311,-1.0,294.5724,-69.5172,-1.8548,-1.7638,83.3726,0.0114,12.7823,0.0782,-3.3904,0.4497,1795.9764,9.236,-7.3562,130.4577,-26.8265,3190.7301,67424.8906,188.6995,170.0975,3.3904,6.7869,0.006,-0.2653,0.1949,-0.0153,10.2312,3.4504,-0.5305,6.7809,4.3304,0.0021,,0.2132,-70.3736,2.033,0.6782,0.2868,2.0,0.0,10.929305555555556,10.929305555555556,2.7548611111111123,-4.142361111111112,0.525778691570556,38.25,115.15199999999992,104.06399999999998,115.07645317191,48.0,0.0,0.044460895767865,-0.549865732097619,0.549865732097619,0.044460895767865,2.0,2.5,2.75,2.111374709449848,6.296919711883831,338.36215004128354,16.077350269189626,14.816496580927726,3.8164965809277263,7.943375672974064,7.158248290463863,1.6582482904638631,0.912457478565264,0.912457478565264,0.454124145231931,0.454124145231931,0.133312072615965,0.133312072615965,-0.53,3156.505190627524,1.024574052697747,3.46926703691159,1.958669537588103,64.97439295389835,9.901064578912528,0.0,0.0,0.0,0.0,0.0,0.0,0.0,0.0,0.0,13.70378423459136,18.63980748802184,21.047649405824263,0.0,24.979408696784944,5.969305287951849,0.0,0.0,5.893957685363079,26.44963403725012,0.0,0.0,0.0,0.0,5.106527394840706,0.0,0.0,0.0,5.969305287951849,4.794537184071822,5.893957685363079,41.52797815512256,0.0,0.0,0.0,0.0,40.13,38.312897010565045,9.901064578912528,0.0,0.0,0.0,0.0,0.0,0.0,0.0,0.0,15.07834411787242,77.3637037037037,0.0,10.929305555555556,10.929305555555556,0.0,-6.897222222222224,0.0,-7.950925925925928,-7.457500000000001,0.0,0.833333333333333,8.0,0.0,2.0,0.0,0.0,0.0,0.0,0.0,0.0,2.0,0.0,2.0,5.0,0.0,0.0,0.0,0.0,0.172499999999999,29.078999999999983,1.0,0.0,0.0,0.0,0.0,0.0,0.0,0.0,1.0,1.0,1.0,1.0,0.0,0.0,0.0,0.0,0.0,0.0,0.0,0.0,0.0,0.0,0.0,0.0,0.0,0.0,0.0,0.0,0.0,0.0,0.0,0.0,0.0,0.0,0.0,0.0,0.0,0.0,0.0,0.0,0.0,0.0,0.0,0.0,0.0,0.0,0.0,0.0,0.0,0.0,0.0,0.0,0.0,0.0,0.0,0.0,0.0,0.0,0.0,0.0,0.0,0.0,0.0,0.0,0.0,0.0,0.0,0.0,0.0,0.0,0.0,0.0,0.0,0.0,0.0,0.0,0.0,0.0,0.0,0.0,0.0,0.0,0.0,0.0,0.0,,,,,,,,
Anion_0090,COc1ccc(C=CC(=O)[O-])cc1OC,1.2961,-4.8416,-3.5455,3.2186,-3.8542,22.2696,-1.0,416.5325,-74.3359,-2.8373,-4.1936,142.9077,0.4688,7.0728,0.1414,-0.3177,0.0071,16.8106,8.1818,0.7872,56.6781,-45.6265,8501.4088,198985.167,267.905,250.1153,0.3177,1.2304,0.5949,-0.0449,-1.4504,0.2051,3.8613,3.2258,-0.0899,0.6355000000000001,4.8023,0.0136,16.5345,0.0001,-74.7599,2.5831,0.6782,0.3931,2.0,0.0,10.72376375783708,10.72376375783708,0.929313114134542,-3.222263715671453,0.673123215814558,23.866666666666667,207.20500000000007,196.117,207.06628241191,80.0,0.0,0.160809465929148,-0.54546697175761,0.54546697175761,0.160809465929148,1.533333333333333,2.266666666666666,2.933333333333333,2.44992440118168,3.887734926311104,763.1215821493281,20.610365985079728,18.132993161855453,7.132993161855452,11.565055246441656,8.97474487139159,3.474744871391589,2.149829914261059,2.149829914261059,1.239477029746495,1.239477029746495,0.6973373663605721,0.6973373663605721,-1.97,143180.93177826094,3.265638660164182,5.046466054687782,3.016515733140179,103.20403247239518,19.374790486512623,0.0,11.49902366656781,0.0,0.0,0.0,0.0,0.0,0.0,0.0,12.09449045369886,23.70036065305915,0.0,35.12355432358945,34.45313460438504,12.021377033987417,0.0,0.0,0.0,0.0,14.075904917765175,29.742779360722444,0.0,11.49902366656781,14.580253302440804,0.0,11.49902366656781,0.0,20.045210205717023,4.794537184071822,0.0,20.641795609569414,24.17932786902545,0.0,6.052071746035566,0.0,58.59,67.33908497904285,9.901064578912528,0.0,0.0,0.0,0.0,0.0,0.0,0.0,9.473725907600098,15.07834411787242,89.5107207836456,0.0,10.72376375783708,10.72376375783708,-0.929313114134542,-4.275817599416309,-5.844593765747038,0.0,0.0,-6.408523820021837,0.181818181818181,15.0,0.0,4.0,0.0,0.0,0.0,1.0,0.0,1.0,4.0,0.0,4.0,6.0,0.0,0.0,0.0,1.0,0.466899999999999,53.587000000000025,1.0,0.0,0.0,0.0,0.0,0.0,0.0,0.0,1.0,1.0,1.0,1.0,0.0,0.0,0.0,0.0,0.0,0.0,0.0,0.0,0.0,0.0,0.0,0.0,0.0,0.0,0.0,0.0,0.0,0.0,0.0,0.0,0.0,0.0,1.0,0.0,0.0,0.0,0.0,0.0,0.0,2.0,0.0,0.0,0.0,0.0,0.0,0.0,0.0,0.0,0.0,0.0,0.0,0.0,0.0,2.0,0.0,0.0,0.0,0.0,0.0,0.0,0.0,0.0,0.0,0.0,0.0,0.0,0.0,0.0,0.0,0.0,0.0,0.0,0.0,0.0,0.0,0.0,0.0,0.0,0.0,0.0,0.0,0.0,0.0,,,,,,,,
Anion_0091,C=CCCCC(=O)[O-],2.0166,-4.4476,-2.431,3.1969,-6.265,12.868,-1.0,297.1944,-68.4641,-1.9897,-3.4394,82.4907,0.1784,9.4619,0.1057,-1.534,0.1245,69.4903,9.1512,-2.8022,107.2944,-25.7684,2977.4432,65454.598,183.3224,160.7099,1.534,3.215,0.1469,-0.162,-0.8315,0.088,6.3896,3.3215,-0.3241,3.0681,4.7085,0.0055,,0.0484,-69.1998,2.0472,0.6782,1.4841,2.0,0.0,10.44301634542706,10.44301634542706,1.367571334089191,-3.710069444444444,0.382715740293736,29.75,113.13599999999994,104.06399999999998,113.06080310791,46.0,0.0,0.056959800162817,-0.550171663877256,0.550171663877256,0.056959800162817,2.25,3.0,3.5,2.147518137236101,5.780678550718468,354.4975794700956,14.232050807568877,12.816496580927726,3.8164965809277263,7.297434948471087,6.158248290463863,1.6582482904638631,0.787457478565264,0.787457478565264,0.289562072615965,0.289562072615965,0.113531036307982,0.113531036307982,-0.79,1851.1606342975197,1.201877035117817,4.371030595813205,5.21,61.47484892137845,9.901064578912528,0.0,0.0,0.0,0.0,0.0,0.0,0.0,0.0,6.531038962001867,6.052071746035566,19.118774703988137,14.193856624973169,4.11227566851066,22.237891584444505,5.969305287951849,0.0,0.0,0.0,19.118774703988137,0.0,12.583110708037434,0.0,0.0,5.106527394840706,0.0,0.0,0.0,5.969305287951849,4.794537184071822,0.0,31.455601709520117,12.583110708037434,0.0,0.0,0.0,40.13,37.67119069997742,9.901064578912528,0.0,0.0,0.0,0.0,0.0,0.0,0.0,0.0,12.33682700553198,62.981528250188944,0.0,10.44301634542706,10.44301634542706,0.0,-2.476216458805744,-1.4512731481481471,-10.822500000000002,-1.367571334089191,0.0,0.5,8.0,0.0,2.0,0.0,0.0,0.0,0.0,0.0,0.0,2.0,0.0,2.0,4.0,0.0,0.0,0.0,0.0,0.0926,29.05499999999999,1.0,0.0,0.0,0.0,0.0,0.0,0.0,0.0,1.0,1.0,1.0,1.0,0.0,0.0,0.0,0.0,0.0,0.0,0.0,0.0,0.0,0.0,0.0,0.0,0.0,0.0,1.0,0.0,0.0,0.0,0.0,0.0,0.0,0.0,0.0,0.0,0.0,0.0,0.0,0.0,0.0,0.0,0.0,0.0,0.0,0.0,0.0,0.0,0.0,0.0,0.0,0.0,0.0,0.0,0.0,0.0,0.0,0.0,0.0,0.0,0.0,0.0,0.0,0.0,0.0,0.0,0.0,0.0,0.0,0.0,0.0,0.0,0.0,0.0,0.0,0.0,0.0,0.0,0.0,0.0,0.0,0.0,0.0,0.0,0.0,,,,,,,,
Anion_0092,O=C([O-])C1CCC1,5.2728,-4.3993,0.8735,3.0705,-9.8567,10.8915,-1.0,256.5522,-68.5747,-1.91,-1.7629,66.3981,0.0105,12.9272,0.0773,-3.3931,0.4453,2469.5148,9.403,-7.2976,132.3899,-22.6233,2049.4635,44736.8249,152.7397,132.2789,3.3931,6.7903,0.004,-0.2624,0.1613,-0.0124,10.302,3.5158,-0.5249,6.7862,4.4458,0.0021,,0.2097,-69.61,2.2671,0.6782,0.2455,2.0,0.0,10.477083333333333,10.477083333333333,2.247569444444445,-3.204861111111111,0.445823123700881,62.0,99.10899999999997,92.05299999999998,99.04515304391,40.0,0.0,0.04448173569778,-0.5498653627129371,0.5498653627129371,0.04448173569778,2.0,2.571428571428571,2.857142857142857,1.998182533563566,3.323237455498187,278.4552797164775,11.577350269189626,10.316496580927726,3.3164965809277263,5.943375672974064,5.158248290463863,1.6582482904638631,1.037457478565265,1.037457478565265,0.579124145231931,0.579124145231931,0.227062072615965,0.227062072615965,-0.53,569.4820220656163,1.066949199436289,1.523475771840051,0.734423082283964,51.98373768530124,9.901064578912528,0.0,0.0,0.0,0.0,0.0,0.0,0.0,0.0,0.0,6.372924901329379,18.63980748802184,15.564615181143388,0.0,19.496374472104065,5.969305287951849,0.0,0.0,5.893957685363079,19.118774703988137,0.0,0.0,0.0,0.0,5.106527394840706,0.0,0.0,0.0,5.969305287951849,4.794537184071822,5.893957685363079,28.714084597179674,0.0,0.0,0.0,0.0,40.13,30.98203767730307,9.901064578912528,0.0,0.0,0.0,0.0,0.0,0.0,0.0,0.0,9.59530989319154,49.39460648148148,0.0,10.477083333333333,10.477083333333333,0.0,-5.452430555555557,0.0,-9.229675925925925,0.0,0.0,0.8,7.0,0.0,2.0,1.0,0.0,1.0,0.0,0.0,0.0,2.0,0.0,2.0,1.0,1.0,0.0,1.0,1.0,-0.4636,22.347999999999992,1.0,0.0,0.0,0.0,0.0,0.0,0.0,0.0,1.0,1.0,1.0,1.0,0.0,0.0,0.0,0.0,0.0,0.0,0.0,0.0,0.0,0.0,0.0,0.0,0.0,0.0,0.0,0.0,0.0,0.0,0.0,0.0,0.0,0.0,0.0,0.0,0.0,0.0,0.0,0.0,0.0,0.0,0.0,0.0,0.0,0.0,0.0,0.0,0.0,0.0,0.0,0.0,0.0,0.0,0.0,0.0,0.0,0.0,0.0,0.0,0.0,0.0,0.0,0.0,0.0,0.0,0.0,0.0,0.0,0.0,0.0,0.0,0.0,0.0,0.0,0.0,0.0,0.0,0.0,0.0,0.0,0.0,0.0,0.0,0.0,,,,,,,,
Anion_0093,O=C([O-])C1=[C-]O[C+]=C1,1.3529,-4.3488,-2.9959,3.278,-5.5672,1.329,-1.0,241.0278,-50.0306,-1.211,-3.6723,62.6221,0.4526,8.8452,0.1131,-1.1446,0.0741,38.8651,10.4211,-3.2982,59.1937,-23.4898,1703.7454,42530.309,126.5157,108.1844,1.1446,2.5465,0.2573,-0.1294,-1.0667,0.1206,5.6413,3.3521,-0.2588,2.2892,4.706,0.0068,17.3362,0.0422,-52.2284,2.7306,0.6782,2.493,2.0,0.0,9.94050925925926,9.94050925925926,0.337962962962963,-1.467592592592592,0.395985200160535,17.25,109.05999999999996,108.05199999999998,108.99311747191,40.0,0.0,0.192859985686055,-0.544639789065088,0.544639789065088,0.192859985686055,2.25,3.0,3.25,2.13150297283791,2.8371319014106597,204.24864701500317,6.8533711511285205,4.724744871391589,3.724744871391589,4.21521405516327,2.3164965809277263,1.816496580927726,1.093643696413162,1.093643696413162,0.584279326771845,0.584279326771845,0.271306330052589,0.271306330052589,-1.339999999999999,132.15318431595043,3.636214985445398,1.638900095472268,0.668950271980247,47.28825384943272,14.637927532712578,0.0,6.26208044842079,0.0,0.0,0.0,0.0,0.0,0.0,0.0,0.0,0.0,6.052071746035566,19.17524882261213,16.008686088882797,5.969305287951849,0.0,0.0,0.0,0.0,0.0,24.149337172946414,0.0,0.0,5.106527394840706,0.0,0.0,0.0,5.969305287951849,9.53140013787187,12.52416089684158,1.37075855617022,11.625176276104837,0.0,0.0,0.0,49.36,11.542409818021117,9.901064578912528,0.0,6.052071746035566,0.0,0.0,0.0,0.0,12.52416089684158,4.736862953800049,1.37075855617022,10.928055555555556,0.0,9.94050925925926,9.94050925925926,-0.393518518518518,-1.467592592592592,-0.337962962962963,3.889999999999999,0.0,0.0,0.0,8.0,0.0,3.0,0.0,1.0,1.0,0.0,0.0,0.0,3.0,0.0,3.0,1.0,0.0,0.0,0.0,1.0,-1.22952,20.661,1.0,0.0,0.0,0.0,0.0,0.0,0.0,0.0,1.0,1.0,1.0,1.0,0.0,0.0,0.0,0.0,0.0,0.0,0.0,0.0,0.0,0.0,0.0,0.0,0.0,0.0,0.0,0.0,0.0,0.0,0.0,0.0,0.0,0.0,0.0,0.0,0.0,0.0,0.0,0.0,0.0,1.0,0.0,0.0,0.0,0.0,0.0,0.0,0.0,0.0,0.0,0.0,0.0,0.0,0.0,0.0,0.0,0.0,0.0,0.0,0.0,0.0,0.0,0.0,0.0,0.0,0.0,0.0,0.0,0.0,0.0,0.0,0.0,0.0,0.0,0.0,0.0,0.0,0.0,0.0,0.0,0.0,0.0,0.0,0.0,,,,,,,,
Anion_0094,COc1cccc(CC(=O)[O-])c1,2.6971,-5.0098,-2.3127,3.1164,-5.4061,11.2814,-1.0,346.0762,-64.8622,-2.1238,-3.6613,115.6598,0.184,8.5225,0.1173,-1.1449,0.0769,43.8659,8.4607,-1.2954,83.4311,-36.2939,5594.8728,130637.0612,222.2577,203.8046,1.1449,2.5178000000000003,0.228,-0.1344,-0.9858,0.1156,5.483,3.1932,-0.2686,2.2898,4.7275,0.0076,20.2346,0.0224,-65.6918,2.2753,0.6782,3.9605,2.0,0.0,10.805885889077851,10.805885889077851,0.9175713340891912,-3.314962207105063,0.6324179109372331,22.5,165.16800000000006,156.09599999999998,165.05571772791,64.0,0.0,0.118645615974619,-0.549806198042313,0.549806198042313,0.118645615974619,1.916666666666666,2.75,3.416666666666666,2.3039278083093,3.72165600563505,593.3518395954354,16.748558665513926,14.72474487139159,5.724744871391589,9.303253565384518,7.316496580927726,2.8164965809277263,1.718643696413162,1.718643696413162,0.9311862178478972,0.9311862178478972,0.542139663385923,0.542139663385923,-1.51,16168.965358714671,2.487048387024592,3.758873354833853,2.268477910803053,83.24026504594372,14.637927532712576,5.749511833283905,0.0,0.0,0.0,0.0,0.0,0.0,0.0,0.0,12.08483741532659,17.648288907023584,15.083747301621669,16.633262352074127,26.974754538244557,5.969305287951849,0.0,0.0,0.0,6.372924901329379,7.037952458882589,29.733126322350174,0.0,5.749511833283905,9.843390348640757,0.0,5.749511833283905,0.0,13.007257746834435,11.1674620854012,0.0,17.900278497228975,24.16967483065318,0.0,0.0,0.0,49.36,54.862820803797895,9.901064578912528,0.0,0.0,0.0,0.0,0.0,0.0,0.0,4.736862953800049,12.33682700553198,69.78587679516251,0.0,10.805885889077851,10.805885889077851,-1.094675925925925,-3.252232142857142,-3.978875188964474,-3.314962207105063,0.0,-3.090236441798943,0.222222222222222,12.0,0.0,3.0,0.0,0.0,0.0,1.0,0.0,1.0,3.0,0.0,3.0,4.0,0.0,0.0,0.0,1.0,-0.0124,41.70500000000002,1.0,0.0,0.0,0.0,0.0,0.0,0.0,0.0,1.0,1.0,1.0,1.0,0.0,0.0,0.0,0.0,0.0,0.0,0.0,0.0,0.0,0.0,0.0,0.0,0.0,0.0,0.0,0.0,0.0,0.0,0.0,0.0,0.0,0.0,1.0,0.0,0.0,0.0,0.0,0.0,0.0,1.0,0.0,0.0,0.0,0.0,0.0,0.0,0.0,0.0,0.0,0.0,0.0,0.0,0.0,1.0,0.0,0.0,0.0,0.0,0.0,0.0,0.0,0.0,0.0,0.0,0.0,0.0,0.0,0.0,0.0,0.0,0.0,0.0,0.0,0.0,0.0,0.0,0.0,0.0,0.0,0.0,0.0,0.0,0.0,,,,,,,,
Anion_0095,O=C([O-])CCCc1ccc2ccc3cccc4ccc1c2c34,0.204,-5.1418,-4.9378,3.1619,-1.9693,18.0876,-0.0465,482.3583,-68.3076,-1.8776,-5.0398,219.8567,0.7237,5.1312,0.195,0.5963,0.0348,7.2684,7.4347,3.4124,41.6123,-58.8851,19232.4469,476072.7252,334.2165,343.049,-0.5963,0.1844,1.3769,0.1163,-1.8791,0.3663,2.0041,3.1967,0.2327,-1.1926,4.8273,0.0358,,0.0529,-67.6526,0.5444,0.6782,6.7536000000000005,1.9571,0.0429,11.396005490367171,11.396005490367171,0.31294196691022,-3.973374892503681,0.5373944817120331,23.363636363636363,287.3379999999997,272.218,287.1077532999104,108.0,0.0,0.062956830276727,-0.550171660839155,0.550171660839155,0.062956830276727,0.954545454545454,1.59090909090909,2.318181818181818,2.795631067093332,2.4342176850224693,1650.525935310177,28.314954576223645,25.816496580927726,10.816496580927726,16.761536563608843,13.658248290463863,6.158248290463863,4.4124574785652655,4.4124574785652655,3.164562072615966,3.164562072615966,2.301031036307983,2.301031036307983,-2.609999999999999,54714995.3577724,4.690620931678631,4.988248207158343,1.995015365400319,148.94550340718152,9.901064578912528,0.0,0.0,0.0,0.0,0.0,0.0,0.0,0.0,0.0,54.38176836896965,56.99957148247391,14.193856624973169,12.33682700553198,30.462442921465826,38.28665057474063,0.0,0.0,0.0,19.118774703988137,0.0,59.94521986066665,0.0,0.0,5.106527394840706,0.0,0.0,0.0,5.969305287951849,11.1674620854012,0.0,38.87067963690907,54.38176836896965,0.0,32.31734528678877,0.0,40.13,111.9644209249306,9.901064578912528,0.0,5.3862242144647965,0.0,0.0,0.0,0.0,0.0,0.0,20.561378342553297,123.78770804577152,0.0,11.396005490367171,8.618460585059374,-1.146327003023431,-2.600041694950604,-7.297348383663992,-11.675123706226708,0.0,0.0,0.15,22.0,0.0,2.0,0.0,0.0,0.0,4.0,0.0,4.0,2.0,0.0,2.0,4.0,0.0,0.0,0.0,4.0,3.656600000000002,88.09100000000005,1.0,0.0,0.0,0.0,0.0,0.0,0.0,0.0,1.0,1.0,1.0,1.0,0.0,0.0,0.0,0.0,0.0,0.0,0.0,0.0,0.0,0.0,0.0,0.0,0.0,0.0,0.0,0.0,0.0,0.0,1.0,0.0,0.0,0.0,4.0,0.0,0.0,0.0,0.0,0.0,0.0,0.0,0.0,0.0,0.0,0.0,0.0,0.0,0.0,0.0,0.0,0.0,0.0,0.0,0.0,0.0,0.0,0.0,0.0,0.0,0.0,0.0,0.0,0.0,0.0,0.0,0.0,0.0,0.0,0.0,0.0,0.0,0.0,0.0,0.0,0.0,0.0,0.0,0.0,0.0,0.0,0.0,0.0,0.0,0.0,,,,,,,,
Anion_0096,CC(=O)CCCC(=O)[O-],1.7912,-4.9774,-3.1862,3.5648,-5.5135000000000005,7.9261,-1.0,295.0027,-63.9384,-2.5013,-4.0818,84.4087,0.2305,9.0784,0.1102,-0.9743,0.0523,27.0966,9.3217,-2.4443,89.2986,-29.8726,3267.7555,71458.8946,183.0449,167.1005,0.9743,2.3186,0.3698,-0.1073,-1.2953,0.1427,5.5659,3.6172,-0.2146,1.9487,4.413,0.0059,18.3548,0.0099,-65.4322,3.3168,0.6782,0.3318,2.0,0.0,11.24474537037037,11.24474537037037,2.217476851851851,-3.912384259259259,0.51358787835162,30.0,129.13499999999996,120.06299999999996,129.05571772791,52.0,0.0,0.129352390552705,-0.5501716460784011,0.5501716460784011,0.129352390552705,1.666666666666666,2.333333333333333,2.777777777777777,2.135651222407629,5.7491131790146,368.98948760601,15.154700538379252,13.22474487139159,4.224744871391589,7.598076211353316,6.362372435695795,1.862372435695794,0.991581623797196,0.991581623797196,0.340593108923948,0.340593108923948,0.139046554461974,0.139046554461974,-0.8600000000000001,2376.979810539692,1.592992634153756,4.062432372063822,7.140000000000003,66.32597405360646,14.69560176298435,5.783244946364939,0.0,0.0,0.0,0.0,0.0,0.0,0.0,0.0,0.0,19.59774191995444,24.679057194813204,0.0,27.03242876851633,11.75255023431679,0.0,0.0,0.0,25.970666821283817,0.0,0.0,0.0,0.0,5.106527394840706,0.0,0.0,0.0,11.75255023431679,9.589074368143644,0.0,38.30749382681581,0.0,0.0,0.0,0.0,57.2,37.72321705560061,14.69560176298435,0.0,0.0,0.0,0.0,0.0,0.0,0.0,0.0,12.33682700553198,62.18854922524565,0.0,21.68669879062736,10.441953420256992,0.0,-4.805702003023431,0.0,-11.64925925925926,-3.528906840513984,0.0,0.6666666666666661,9.0,0.0,3.0,0.0,0.0,0.0,0.0,0.0,0.0,3.0,0.0,3.0,5.0,0.0,0.0,0.0,0.0,-0.5044000000000001,29.538999999999987,1.0,0.0,0.0,0.0,0.0,0.0,0.0,0.0,1.0,1.0,2.0,2.0,0.0,0.0,0.0,0.0,0.0,0.0,0.0,0.0,0.0,0.0,0.0,0.0,0.0,0.0,0.0,0.0,0.0,0.0,0.0,0.0,0.0,0.0,0.0,0.0,0.0,0.0,0.0,0.0,0.0,0.0,0.0,0.0,0.0,0.0,0.0,0.0,0.0,0.0,0.0,1.0,1.0,0.0,0.0,0.0,0.0,0.0,0.0,0.0,0.0,0.0,0.0,0.0,0.0,0.0,0.0,0.0,0.0,0.0,0.0,0.0,0.0,0.0,0.0,0.0,0.0,0.0,0.0,0.0,0.0,0.0,0.0,0.0,0.0,,,,,,,,
Anion_0097,O=C([O-])Cc1cccs1,2.3825,-5.1022,-2.7197,3.1306,-4.9809,9.488,-1.0,294.6679,-62.1629,-1.8485,-3.911,96.2619,0.2227,8.1115,0.1233,-0.9252,0.0528,33.3556,8.674,-0.9594,69.8057,-27.0004,3726.1774,104329.1971,180.5503,161.0141,0.9252,2.1501,0.2998,-0.1141,-1.1027,0.1359,5.0337,3.1834,-0.2281,1.8503,4.7824,0.009,16.2071,0.0153,-64.1634,3.1709,0.6782,3.933,2.0,0.0,10.409040060468632,10.409040060468632,0.323958333333333,-2.808680555555556,0.583079956979581,18.88888888888889,141.17100000000002,136.13099999999997,141.00157397991,48.0,0.0,0.073950950523777,-0.549774661201592,0.549774661201592,0.073950950523777,2.111111111111111,2.8888888888888893,3.333333333333333,2.32760383620741,3.330797765110112,385.8187371857675,11.093858127134675,9.22474487139159,5.041241452319316,6.280598196065481,4.566496580927726,2.882993161855452,1.195705769029128,2.012202349956854,0.595748290463863,1.208120726159657,0.333806330052589,0.774356917541803,-0.8300000000000001,1003.1972534053938,2.421524224137483,2.63904975301874,1.852927112248124,63.78225897178053,9.901064578912528,0.0,0.0,0.0,0.0,0.0,0.0,0.0,0.0,11.336785877934735,6.042418707663295,11.398533117330894,19.960894495322968,4.11227566851066,16.754857359763626,17.306091165886585,0.0,0.0,0.0,6.372924901329379,0.0,22.318099018695484,0.0,0.0,5.106527394840706,0.0,0.0,11.336785877934735,5.969305287951849,11.1674620854012,0.0,11.7309399745524,17.440951824994187,0.0,0.0,0.0,40.13,29.30421479830912,9.901064578912528,0.0,5.356114409667599,11.336785877934735,0.0,0.0,0.0,0.0,0.0,6.853792780851101,35.713702286470145,0.472083333333332,9.943762282690855,10.085081727135298,0.0,-1.965509259259258,-1.023773148148147,-2.808680555555556,0.0,0.0,0.166666666666666,9.0,0.0,2.0,0.0,0.0,0.0,0.0,1.0,1.0,3.0,0.0,3.0,2.0,0.0,0.0,0.0,1.0,0.040499999999999,33.029999999999994,1.0,0.0,0.0,0.0,0.0,0.0,0.0,0.0,1.0,1.0,1.0,1.0,0.0,0.0,0.0,0.0,0.0,0.0,0.0,0.0,0.0,0.0,0.0,0.0,0.0,0.0,0.0,0.0,0.0,0.0,0.0,0.0,0.0,0.0,0.0,0.0,0.0,0.0,0.0,0.0,0.0,0.0,0.0,0.0,0.0,0.0,0.0,0.0,0.0,0.0,0.0,0.0,0.0,0.0,0.0,0.0,0.0,0.0,0.0,0.0,0.0,0.0,0.0,0.0,0.0,0.0,0.0,0.0,0.0,0.0,0.0,0.0,0.0,0.0,0.0,0.0,0.0,0.0,0.0,0.0,0.0,0.0,1.0,0.0,0.0,,,,,,,,
Anion_0098,O=C([O-])CCCCc1ccccc1,1.5999,-4.6449,-3.045,3.2463,-4.813,13.3338,-1.0,369.8881,-69.2223,-1.7949000000000002,-3.8451,134.2579,0.2866,8.0593,0.1243,-0.7834,0.0385,26.6762,8.4982,-0.7074,92.768,-38.5456,7568.1058,174574.0516,245.5306,236.551,0.7834,1.9447,0.378,-0.0969,-1.2315,0.1531,4.8514,3.2847,-0.1937,1.5667,4.6788,0.009,16.2004,0.0064,-69.4525,1.3469,0.6782,3.3437,2.0,0.0,10.890505630499318,10.890505630499318,0.895196982342319,-4.036477820294785,0.6328161846781141,28.76923076923077,177.2230000000001,164.11899999999997,177.09210323591,70.0,0.0,0.062560339446082,-0.550171859347928,0.550171859347928,0.062560339446082,1.384615384615384,2.076923076923077,2.692307692307692,2.496738898104911,3.830140895352788,725.9425535712538,21.041451884327383,19.316496580927726,6.316496580927726,11.36880215351701,9.658248290463863,3.158248290463863,1.787457478565265,1.787457478565265,0.9145620726159652,0.9145620726159652,0.488531036307982,0.488531036307982,-1.31,135897.49822385033,2.191430701410326,5.355726156931021,4.307351977764983,96.4764860459013,9.901064578912528,0.0,0.0,0.0,0.0,0.0,0.0,0.0,0.0,0.0,30.212093538316477,31.055151097014512,16.935373737313608,6.853792780851101,27.720925809125383,5.969305287951849,0.0,0.0,0.0,25.49169960531752,0.0,35.77554503001347,0.0,0.0,5.106527394840706,0.0,0.0,0.0,5.969305287951849,11.1674620854012,0.0,42.50208742589801,30.212093538316477,0.0,0.0,0.0,40.13,67.23654992328284,9.901064578912528,0.0,0.0,0.0,0.0,0.0,0.0,0.0,0.0,17.819861230212858,98.71169910632732,0.0,10.890505630499318,10.890505630499318,-1.257849111866968,-2.635892489711932,-5.230689759700175,-15.701612339380205,0.0,0.0,0.363636363636363,13.0,0.0,2.0,0.0,0.0,0.0,1.0,0.0,1.0,2.0,0.0,2.0,5.0,0.0,0.0,0.0,1.0,1.149299999999999,49.00400000000003,1.0,0.0,0.0,0.0,0.0,0.0,0.0,0.0,1.0,1.0,1.0,1.0,0.0,0.0,0.0,0.0,0.0,0.0,0.0,0.0,0.0,0.0,0.0,0.0,0.0,0.0,0.0,0.0,0.0,0.0,0.0,0.0,0.0,0.0,1.0,0.0,0.0,0.0,0.0,0.0,0.0,0.0,0.0,0.0,0.0,0.0,0.0,0.0,0.0,0.0,0.0,0.0,0.0,0.0,0.0,0.0,0.0,0.0,0.0,0.0,0.0,0.0,0.0,0.0,0.0,0.0,0.0,0.0,0.0,0.0,0.0,0.0,0.0,0.0,0.0,0.0,0.0,0.0,0.0,0.0,0.0,0.0,0.0,0.0,0.0,,,,,,,,
Anion_0099,O=C([O-])CC1CCCCC1,5.3004,-4.43,0.8705,3.1078,-9.8678,15.396,-1.0,322.3303,-69.4627,-1.9526,-1.7797,101.5307,0.0103,12.9756,0.0771,-3.3801,0.4402,3570.484,8.912,-6.2695,133.4017,-32.1502,4749.5083,102550.6706,212.3814,200.3342,3.3801,6.763,0.0029,-0.2605,0.1361,-0.0105,10.308,3.548,-0.521,6.7601,4.7013,0.0022,,0.1896,-70.3333,2.145,0.6782,0.1888,2.0,0.0,11.006376133786848,11.006376133786848,2.741378495842783,-4.190046296296296,0.567760389374904,69.8,141.1900000000001,128.08599999999998,141.09210323591,58.0,0.0,0.041659476199178,-0.550160777898499,0.550160777898499,0.041659476199178,1.7000000000000002,2.3,2.8,2.341185405881439,4.017196017784095,506.0926087227081,19.077350269189623,17.816496580927726,4.816496580927726,9.693375672974064,8.908248290463863,2.408248290463863,1.412457478565265,1.412457478565265,0.727062072615965,0.727062072615965,0.414562072615965,0.414562072615965,-0.53,24535.62305363749,1.34558350559486,3.5925082832361293,2.3768530239607677,79.50838702949787,9.901064578912528,0.0,0.0,0.0,0.0,0.0,0.0,0.0,0.0,0.0,31.864624506646894,12.266882586692455,23.789166518164706,0.0,27.720925809125383,5.969305287951849,0.0,0.0,5.893957685363079,38.23754940797628,0.0,0.0,0.0,0.0,5.106527394840706,0.0,0.0,0.0,5.969305287951849,4.794537184071822,5.893957685363079,56.057410638189175,0.0,0.0,0.0,0.0,40.13,50.1008123812912,9.901064578912528,0.0,0.0,0.0,0.0,0.0,0.0,0.0,0.0,17.819861230212858,98.33494047619048,0.0,11.006376133786848,11.006376133786848,0.0,-6.93142479213908,0.0,-23.99960128495843,0.0,0.0,0.875,10.0,0.0,2.0,1.0,0.0,1.0,0.0,0.0,0.0,2.0,0.0,2.0,2.0,1.0,0.0,1.0,1.0,0.7066999999999991,36.19899999999999,1.0,0.0,0.0,0.0,0.0,0.0,0.0,0.0,1.0,1.0,1.0,1.0,0.0,0.0,0.0,0.0,0.0,0.0,0.0,0.0,0.0,0.0,0.0,0.0,0.0,0.0,0.0,0.0,0.0,0.0,0.0,0.0,0.0,0.0,0.0,0.0,0.0,0.0,0.0,0.0,0.0,0.0,0.0,0.0,0.0,0.0,0.0,0.0,0.0,0.0,0.0,0.0,0.0,0.0,0.0,0.0,0.0,0.0,0.0,0.0,0.0,0.0,0.0,0.0,0.0,0.0,0.0,0.0,0.0,0.0,0.0,0.0,0.0,0.0,0.0,0.0,0.0,0.0,0.0,0.0,0.0,0.0,0.0,0.0,0.0,,,,,,,,
Anion_0100,Cc1ccc(C=CC(=O)[O-])cc1,1.232,-4.7962,-3.5642,3.2701,-3.886,21.393,-1.0,359.8384,-73.2424,-2.3561,-4.1802,121.5511,0.4759,7.1561,0.1397,-0.308,0.0066,16.3132,8.7826,0.6763,56.3228,-34.3354,5948.3032,142658.1178,224.8523,206.134,0.308,1.229,0.613,-0.043,-1.4811,0.207,3.8926,3.2767,-0.086,0.616,5.0374,0.0137,17.0196,0.0001,-73.2912,1.7268,0.6782,0.2189,2.0,0.0,10.550029604434366,10.550029604434366,0.757222222222222,-2.9004468222474173,0.600554965999826,23.83333333333333,161.18000000000006,152.10799999999998,161.06080310791,62.0,0.0,0.064253963697644,-0.545466971826789,0.545466971826789,0.064253963697644,1.666666666666666,2.333333333333333,2.833333333333333,2.335352304385702,3.839072465823673,615.9040600606168,16.696152422706632,14.816496580927726,5.816496580927726,9.40747728811182,7.408248290463863,2.908248290463863,1.7874574785652642,1.7874574785652642,0.9145620726159652,0.9145620726159652,0.488531036307982,0.488531036307982,-1.569999999999999,18636.111388997902,2.456756380837396,3.715479048307071,2.580198846893159,83.80205889864921,9.901064578912528,0.0,0.0,0.0,0.0,0.0,0.0,0.0,0.0,0.0,35.78519806838574,18.46741535502824,4.11227566851066,14.193856624973169,22.237891584444505,12.021377033987417,0.0,0.0,0.0,6.851892117295679,0.0,41.348649560082734,0.0,0.0,5.106527394840706,0.0,0.0,0.0,5.969305287951849,4.794537184071822,6.851892117295679,23.46372998892597,30.221746576688744,0.0,6.052071746035566,0.0,40.13,60.22191871136583,9.901064578912528,0.0,0.0,0.0,0.0,0.0,0.0,0.0,0.0,12.33682700553198,66.63412725970016,0.0,10.550029604434366,10.550029604434366,-1.58219387755102,-2.016889684114386,-5.984656084656082,0.0,-2.9004468222474173,0.0,0.1,12.0,0.0,2.0,0.0,0.0,0.0,1.0,0.0,1.0,2.0,0.0,2.0,3.0,0.0,0.0,0.0,1.0,0.758119999999999,45.22000000000002,1.0,0.0,0.0,0.0,0.0,0.0,0.0,0.0,1.0,1.0,1.0,1.0,0.0,0.0,0.0,0.0,0.0,0.0,0.0,0.0,0.0,0.0,0.0,0.0,0.0,0.0,0.0,0.0,0.0,0.0,0.0,0.0,0.0,0.0,1.0,0.0,0.0,0.0,0.0,0.0,0.0,0.0,0.0,0.0,0.0,0.0,0.0,0.0,0.0,0.0,0.0,0.0,0.0,0.0,0.0,0.0,0.0,0.0,0.0,0.0,0.0,0.0,0.0,0.0,0.0,0.0,0.0,0.0,0.0,0.0,0.0,0.0,0.0,0.0,0.0,0.0,0.0,0.0,0.0,0.0,0.0,0.0,0.0,0.0,0.0,,,,,,,,
Anion_0102,CC(C)(C)CC(=O)[O-],5.2712,-4.4209,0.8503000000000001,3.0974,-9.8896,12.3225,-1.0,285.7706,-68.8625,-1.849,-1.7853,83.2561,0.0107,12.987,0.077,-3.3961,0.4441,3162.3559,9.2903,-7.4707,132.6432,-26.8306,3183.2358,67378.0699,180.4721,167.7301,3.3961,6.7957,0.0035,-0.2615,0.1493,-0.0115,10.3337,3.5414,-0.523,6.7922,4.306,0.002,,0.2033,-69.6633,1.9716,0.6782,0.1992,2.0,0.0,10.77159722222222,10.77159722222222,2.712152777777777,-4.116319444444445,0.488500433603741,38.25,115.15199999999992,104.06399999999998,115.07645317191,48.0,0.0,0.041905086510598,-0.5501501735263531,0.5501501735263531,0.041905086510598,1.875,2.375,2.5,1.92149526268828,6.722283056656533,322.8132750196488,16.077350269189626,14.816496580927726,3.8164965809277263,7.943375672974064,7.158248290463863,1.6582482904638631,1.162457478565264,1.162457478565264,0.289562072615965,0.289562072615965,0.153093108923948,0.153093108923948,-0.53,2521.0017846470246,1.024574052697747,2.158633811658892,5.469999999999999,64.97439295389835,9.901064578912528,0.0,0.0,0.0,0.0,0.0,0.0,0.0,0.0,0.0,20.55567635188704,11.78791537072616,21.047649405824263,0.0,24.979408696784944,5.969305287951849,0.0,0.0,5.41499046939678,26.928601253216417,0.0,0.0,0.0,0.0,5.106527394840706,0.0,0.0,0.0,5.969305287951849,4.794537184071822,5.41499046939678,42.00694537108886,0.0,0.0,0.0,0.0,40.13,38.312897010565045,9.901064578912528,0.0,0.0,0.0,0.0,0.0,0.0,0.0,0.0,15.07834411787242,78.07094907407408,0.0,10.77159722222222,10.77159722222222,-4.09837962962963,-2.712152777777777,0.0,-4.116319444444445,-11.770625,0.0,0.833333333333333,8.0,0.0,2.0,0.0,0.0,0.0,0.0,0.0,0.0,2.0,0.0,2.0,1.0,0.0,0.0,0.0,0.0,0.172499999999999,29.078999999999983,1.0,0.0,0.0,0.0,0.0,0.0,0.0,0.0,1.0,1.0,1.0,1.0,0.0,0.0,0.0,0.0,0.0,0.0,0.0,0.0,0.0,0.0,0.0,0.0,0.0,0.0,0.0,0.0,0.0,0.0,0.0,0.0,0.0,0.0,0.0,0.0,0.0,0.0,0.0,0.0,0.0,0.0,0.0,0.0,0.0,0.0,0.0,0.0,0.0,0.0,0.0,0.0,0.0,0.0,0.0,0.0,0.0,0.0,0.0,0.0,0.0,0.0,0.0,0.0,0.0,0.0,0.0,0.0,0.0,0.0,0.0,0.0,0.0,0.0,0.0,0.0,0.0,0.0,0.0,0.0,0.0,0.0,0.0,0.0,0.0,,,,,,,,
Anion_0103,O=C([O-])c1cc2ccccc2o1,1.8443,-5.2876,-3.4433,3.746,-4.1429,15.971,-1.0,324.9482,-68.6675,-2.2382,-4.3654,109.5137,0.3176,7.8889,0.1268,-0.1985,0.0025,12.5376,9.3761,0.2122,68.5802,-34.2577,4840.7673,119569.8506,195.715,176.3173,0.1985,1.1945,0.7976000000000001,-0.0252,-1.7738,0.2248,4.1454,3.7485,-0.0503,0.3969,4.9926,0.0102,22.0949,0.002,-69.5279,2.4204,0.6782,0.225,2.0,0.0,10.64279195011338,10.64279195011338,0.254444444444444,-1.733276643990929,0.6210246097642781,16.166666666666668,161.13600000000002,156.09599999999998,161.02441759991,60.0,0.0,0.150371747467219,-0.54152679634958,0.54152679634958,0.150371747467219,1.5,2.25,3.0,2.615141360529381,3.022035639581752,646.0992362435826,12.903259203893182,10.72474487139159,5.724744871391589,7.857948465255108,5.566496580927726,3.066496580927726,2.047767841645094,2.047767841645094,1.281143696413162,1.281143696413162,0.7993994389765381,0.7993994389765381,-1.7699999999999991,6660.765045268333,3.30858271178063,2.373363897516029,0.954501118117542,75.25294738278443,14.318215515965877,11.552325429594092,5.760247418874442,0.0,0.0,0.0,0.0,0.0,0.0,0.0,18.127256122989884,12.08483741532659,5.3862242144647965,6.853792780851101,21.172008296816973,16.938549644058888,0.0,0.0,0.0,0.0,0.0,35.97234095719092,0.0,0.0,5.106527394840706,0.0,0.0,0.0,5.969305287951849,0.0,0.0,17.40857738379736,34.62924447536982,0.0,10.969244356107035,0.0,53.27,41.94164624514276,9.901064578912528,0.0,10.969244356107035,0.0,0.0,0.0,0.0,0.0,0.0,11.270943717904448,42.043529856387,0.0,10.64279195011338,10.388347505668936,-0.347037037037036,-2.532350718065003,-2.695281557067271,0.0,0.0,0.0,0.0,12.0,0.0,3.0,0.0,0.0,0.0,1.0,1.0,2.0,3.0,0.0,3.0,1.0,0.0,0.0,0.0,2.0,0.7963,40.54450000000001,0.0,0.0,0.0,0.0,1.0,0.0,0.0,0.0,1.0,1.0,1.0,1.0,0.0,0.0,0.0,0.0,0.0,0.0,0.0,0.0,0.0,0.0,0.0,0.0,0.0,0.0,0.0,0.0,0.0,0.0,0.0,0.0,0.0,0.0,1.0,0.0,1.0,0.0,0.0,0.0,0.0,0.0,1.0,0.0,0.0,0.0,0.0,0.0,0.0,0.0,0.0,0.0,0.0,0.0,0.0,0.0,0.0,0.0,0.0,0.0,0.0,0.0,0.0,0.0,1.0,0.0,0.0,0.0,0.0,0.0,0.0,0.0,0.0,0.0,0.0,0.0,0.0,0.0,0.0,0.0,0.0,0.0,0.0,0.0,0.0,,,,,,,,
Anion_0104,O=C([O-])Cc1ccccc1Cl,2.4788,-5.2620000000000005,-2.7833,3.2784,-4.853,10.4613,-1.0,323.3789,-63.82,-1.8755,-4.0227,111.2843,0.2304,8.1315,0.123,-0.7874,0.0381,26.2043,8.6188,-0.6432,78.4773,-33.1164,5084.2756,134665.3662,202.5323,186.9462,0.7874,1.9562,0.3816,-0.0968,-1.2455,0.1532,4.8911,3.3165,-0.1937,1.5746,4.7751,0.0089,16.2038,0.0064,-64.3749,1.7522000000000002,0.6782,4.0675,2.0,0.0,10.63604717813051,10.63604717813051,0.6547241118669681,-3.089814814814816,0.6518136237023421,18.63636363636364,169.58700000000005,163.539,169.00618069191,58.0,0.0,0.063850827040935,-0.549805273693602,0.549805273693602,0.063850827040935,1.727272727272727,2.363636363636363,3.0,2.230781029060305,3.724144995555669,472.2741503408441,13.54145188432738,11.194461053936951,5.950389999955408,7.618802153517008,5.597230526968477,2.9751949999777043,1.601439715069878,1.979404188079105,0.8687987499944251,1.152272104751346,0.485430411305195,0.627167088683656,-1.02,3368.479353881061,3.151589643499931,3.39416330920392,2.238581132662438,77.85013242841848,9.901064578912528,0.0,0.0,0.0,0.0,0.0,0.0,0.0,0.0,0.0,29.7281960132224,11.60587019936029,20.106380615362998,5.483034224680881,18.12561591593385,17.570245178184365,0.0,0.0,0.0,6.372924901329379,0.0,34.7557596360915,0.0,0.0,5.106527394840706,0.0,0.0,11.600939890232516,5.969305287951849,11.1674620854012,0.0,13.788002828718314,24.16967483065318,5.022633313741326,0.0,0.0,40.13,47.09798982537273,9.901064578912528,0.0,0.0,0.0,0.0,0.0,0.0,0.0,0.0,19.825491227253835,43.81530974426808,5.562399691358023,10.63604717813051,9.97419532627866,-0.828549382716049,-2.120897581254723,-2.920912383471906,-3.089814814814816,0.0,0.0,0.125,11.0,0.0,2.0,0.0,0.0,0.0,1.0,0.0,1.0,2.0,0.0,3.0,2.0,0.0,0.0,0.0,1.0,0.6323999999999991,40.16300000000002,1.0,0.0,0.0,0.0,0.0,0.0,0.0,0.0,1.0,1.0,1.0,1.0,0.0,0.0,0.0,0.0,0.0,0.0,0.0,0.0,0.0,0.0,0.0,0.0,0.0,0.0,0.0,0.0,0.0,0.0,0.0,0.0,0.0,0.0,1.0,0.0,0.0,0.0,0.0,0.0,0.0,0.0,0.0,0.0,1.0,0.0,0.0,0.0,0.0,0.0,0.0,0.0,0.0,0.0,0.0,0.0,0.0,0.0,0.0,0.0,0.0,0.0,0.0,0.0,0.0,0.0,0.0,0.0,0.0,0.0,0.0,0.0,0.0,0.0,0.0,0.0,0.0,0.0,0.0,0.0,0.0,0.0,0.0,0.0,0.0,,,,,,,,
Anion_0105,CC(C)CC(=O)C(=O)[O-],2.2556,-4.6672,-2.4116,3.2358,-6.5054,13.6662,-1.0,301.372,-66.8676,-2.3934,-3.5394,84.545,0.2321,9.7413,0.1027,-1.6348,0.1373,76.6194,9.502,-4.4291,67.0409,-29.8663,3273.3863,71446.9239,187.3667,169.0767,1.6348,3.4016,0.132,-0.1678,-0.8005,0.0822,6.6427,3.3731,-0.3356,3.2696,4.1712,0.0045,,0.058,-68.8021,3.6497,0.6782,0.6961,2.0,0.0,11.047523148148148,11.047523148148148,2.398379629629629,-3.956018518518519,0.475688576182193,30.0,129.13499999999996,120.06299999999996,129.05571772791,52.0,0.0,0.178024766273081,-0.541709092561765,0.541709092561765,0.178024766273081,1.888888888888888,2.444444444444444,2.777777777777777,2.105366483562451,6.089336427365664,351.47971260168305,15.154700538379252,13.22474487139159,4.224744871391589,7.604059275497024,6.362372435695795,1.862372435695794,1.116581623797196,1.116581623797196,0.423926442257282,0.423926442257282,0.164562072615965,0.164562072615965,-0.8600000000000001,2256.952870378948,1.592992634153756,3.222126320930433,3.700224089635855,66.32597405360646,9.901064578912528,5.969305287951849,5.783244946364939,0.0,0.0,0.0,4.794537184071822,0.0,0.0,0.0,13.70378423459136,5.893957685363079,18.70975190686136,0.0,27.03242876851633,11.75255023431679,0.0,0.0,5.893957685363079,20.076709135920737,0.0,0.0,0.0,0.0,5.106527394840706,0.0,0.0,0.0,11.75255023431679,9.589074368143644,5.893957685363079,32.41353614145272,0.0,0.0,0.0,0.0,57.2,37.72321705560061,14.69560176298435,0.0,0.0,0.0,0.0,0.0,0.0,0.0,0.0,12.33682700553198,63.04122260015118,0.0,21.342722033257747,10.2951988851096,0.0,-8.903402777777778,0.0,-3.956018518518519,-7.486388888888889,0.0,0.6666666666666661,9.0,0.0,3.0,0.0,0.0,0.0,0.0,0.0,0.0,3.0,0.0,3.0,5.0,0.0,0.0,0.0,0.0,-0.6485000000000001,29.468999999999987,1.0,0.0,0.0,0.0,0.0,0.0,0.0,0.0,1.0,1.0,2.0,2.0,0.0,0.0,0.0,0.0,0.0,0.0,0.0,0.0,0.0,0.0,0.0,0.0,0.0,0.0,0.0,0.0,0.0,0.0,0.0,0.0,0.0,0.0,0.0,0.0,0.0,0.0,0.0,0.0,0.0,0.0,0.0,0.0,0.0,0.0,0.0,0.0,0.0,0.0,0.0,1.0,1.0,0.0,0.0,0.0,0.0,0.0,0.0,0.0,0.0,0.0,0.0,0.0,0.0,0.0,0.0,0.0,0.0,0.0,0.0,0.0,0.0,0.0,0.0,0.0,0.0,0.0,0.0,0.0,0.0,0.0,0.0,0.0,0.0,,,,,,,,
Anion_0106,O=C([O-])Cc1cccc(Cl)c1,2.4898,-5.3332,-2.8434,3.389,-4.7738,9.167,-1.0,331.5081,-59.9955,-1.8621,-4.0883,111.1679,0.2281,8.1628,0.1225,-0.6924,0.0294,22.4517,8.7469,-0.5423,79.066,-33.1198,5073.964,134566.9841,207.4345,189.1328,0.6924,1.8302,0.4454,-0.0848,-1.3483,0.1652,4.8032,3.4184,-0.1696,1.3848,4.7947,0.0088,16.4417,0.0031,-60.6486,1.837,0.6782,4.107,2.0,0.0,10.629496409674982,10.629496409674982,0.563773148148147,-3.109814814814815,0.6518136237023421,18.63636363636364,169.58700000000002,163.53899999999996,169.00618069191,58.0,0.0,0.064145902459794,-0.549806210077395,0.549806210077395,0.064145902459794,1.818181818181818,2.545454545454545,3.181818181818181,2.230781029060305,3.72414499555567,472.2741503408441,13.54145188432738,11.194461053936951,5.950389999955408,7.618802153517008,5.597230526968477,2.9751949999777043,1.601439715069878,1.979404188079105,0.821553190868272,1.010535427372886,0.485430411305195,0.627167088683656,-1.02,3368.479353881061,3.151589643499931,3.39416330920392,2.5967957815864637,77.85013242841848,9.901064578912528,0.0,0.0,0.0,0.0,0.0,0.0,0.0,0.0,0.0,23.685777305559107,17.648288907023584,20.106380615362998,5.483034224680881,18.12561591593385,17.570245178184365,0.0,0.0,0.0,6.372924901329379,0.0,34.7557596360915,0.0,0.0,5.106527394840706,0.0,0.0,11.600939890232516,5.969305287951849,11.1674620854012,0.0,13.788002828718314,24.16967483065318,5.022633313741326,0.0,0.0,40.13,47.09798982537273,9.901064578912528,0.0,0.0,0.0,0.0,0.0,0.0,0.0,0.0,19.825491227253835,43.9092186318972,5.512456538170823,10.629496409674982,10.065723261526834,-0.871759259259258,-2.131761778785588,-2.9757812106324,-3.109814814814815,0.0,0.0,0.125,11.0,0.0,2.0,0.0,0.0,0.0,1.0,0.0,1.0,2.0,0.0,3.0,2.0,0.0,0.0,0.0,1.0,0.6323999999999991,40.16300000000002,1.0,0.0,0.0,0.0,0.0,0.0,0.0,0.0,1.0,1.0,1.0,1.0,0.0,0.0,0.0,0.0,0.0,0.0,0.0,0.0,0.0,0.0,0.0,0.0,0.0,0.0,0.0,0.0,0.0,0.0,0.0,0.0,0.0,0.0,1.0,0.0,0.0,0.0,0.0,0.0,0.0,0.0,0.0,0.0,1.0,0.0,0.0,0.0,0.0,0.0,0.0,0.0,0.0,0.0,0.0,0.0,0.0,0.0,0.0,0.0,0.0,0.0,0.0,0.0,0.0,0.0,0.0,0.0,0.0,0.0,0.0,0.0,0.0,0.0,0.0,0.0,0.0,0.0,0.0,0.0,0.0,0.0,0.0,0.0,0.0,,,,,,,,
Anion_0107,O=C([O-])CC1=CC=[S+2]=C1,2.0403,-16.445,-14.4048,14.5135,6.5637,3.6022,1.0,319.7045,-49.2759,-3.0061,-15.4249,91.1957,0.3865,7.9498,0.1258,10.5385,6.9851,0.2533,19.667,10.1975,57.3949,-26.3034,3260.0246,93526.0392,193.0061,167.4837,-10.5385,18.3958,39.473,1.3256,-12.5261,1.5756,0.4214,21.4986,2.6513,-21.0772,4.3937,0.0087,2.4567,6.3803,-49.0963,2.1483,0.6782,1.9382,2.0,0.0,10.425816326530612,10.425816326530612,0.323958333333333,-2.884953703703703,0.450885831954628,26.88888888888889,141.17100000000002,136.13099999999997,141.00047682009,46.0,0.0,,,,,2.111111111111111,2.8888888888888893,3.333333333333333,2.258833107180125,3.283806697503231,404.4449265012981,11.093858127134675,9.22474487139159,5.041241452319316,6.280598196065481,4.566496580927726,2.882993161855452,1.218643696413162,1.831016132108956,0.60721725415588,1.117527617235709,0.337436217847897,0.74568450831176,-0.7000000000000001,941.9334056941124,2.500463564927356,2.7310491092468663,1.9328588933924031,63.37967296014951,0.0,0.0,0.0,0.0,0.0,62.34938643404408,0.0,0.0,0.0,0.0,0.0,0.0,0.0,0.0,16.754857359763626,27.59642789684622,0.0,0.0,0.0,6.372924901329379,0.0,11.625176276104837,0.0,0.0,5.106527394840706,0.0,0.0,0.0,16.656374357387698,15.734590723530342,0.0,13.226717682180478,11.625176276104837,0.0,0.0,0.0,40.13,29.310941000103988,9.901064578912528,0.0,5.343534534717924,10.94005353945852,0.0,0.0,0.0,0.0,0.0,6.853792780851101,35.80873771730915,0.0,10.425816326530612,9.679820956160242,-0.6041666666666661,-2.002499999999999,-0.560925925925925,-2.884953703703703,0.0,0.5548379629629621,0.166666666666666,9.0,0.0,2.0,0.0,1.0,1.0,0.0,0.0,0.0,2.0,0.0,3.0,2.0,0.0,0.0,0.0,1.0,-1.2466,37.20000000000001,1.0,0.0,0.0,0.0,0.0,0.0,0.0,0.0,1.0,1.0,1.0,1.0,0.0,0.0,0.0,0.0,0.0,0.0,0.0,0.0,0.0,0.0,0.0,0.0,0.0,0.0,1.0,0.0,0.0,0.0,0.0,0.0,0.0,0.0,0.0,0.0,0.0,0.0,0.0,0.0,0.0,0.0,0.0,0.0,0.0,0.0,0.0,0.0,0.0,0.0,0.0,0.0,0.0,0.0,0.0,0.0,0.0,0.0,0.0,0.0,0.0,0.0,0.0,0.0,0.0,0.0,0.0,0.0,0.0,0.0,0.0,0.0,0.0,0.0,0.0,0.0,0.0,0.0,0.0,0.0,0.0,0.0,0.0,0.0,0.0,,,,,,,,
Anion_0108,COC(=O)C=CC(=O)[O-],1.2074,-5.1812,-3.9738,3.7999,-4.1191,14.9428,-1.0,297.6263,-66.2848,-2.9835000000000003,-4.5776,76.9699,0.4742,7.919,0.1263,-0.1596,0.0016,11.9512,10.0081,-0.8305,51.4827,-29.738,2617.0294,59388.2456,173.3617,147.6706,0.1596,1.1559,0.8367,-0.0202,-1.8202,0.2298,4.1207,3.8015,-0.0403,0.3192,4.7484,0.0096,23.9856,0.001,-67.7968,3.8173,0.6782,0.1304,2.0,0.0,10.665856481481482,10.665856481481482,1.373958333333332,-3.073814247921391,0.334688653869679,21.11111111111111,129.09099999999998,124.051,129.01933221991,50.0,0.0,0.330028059772008,-0.545462821059794,0.545462821059794,0.330028059772008,1.777777777777777,2.444444444444444,2.8888888888888893,1.978190530420166,4.7227871662517416,290.98734869211705,11.51650785794505,9.132993161855453,4.132993161855452,6.148553027005267,4.270620726159658,1.770620726159657,0.9269770297464952,0.9269770297464952,0.359321848206581,0.359321848206581,0.127577590769957,0.127577590769957,-1.32,540.0460148047055,2.512051041471195,3.653849826388888,4.534939496131719,58.76509213586122,14.637927532712576,0.0,0.0,0.0,0.0,5.969305287951849,0.0,4.794537184071822,0.0,0.0,0.0,6.052071746035566,6.052071746035566,19.86105052768553,26.286257497635493,11.9386105759037,0.0,0.0,0.0,0.0,7.037952458882589,12.104143492071133,0.0,0.0,5.106527394840706,0.0,0.0,0.0,18.976563034786288,14.325937321943693,0.0,6.853792780851101,12.104143492071133,0.0,0.0,0.0,66.43,31.08070652685742,14.69560176298435,0.0,0.0,0.0,0.0,0.0,0.0,0.0,4.736862953800049,6.853792780851101,36.42496126228269,0.0,20.65176823507181,9.985911753590326,0.0,-3.766952003023431,-2.805208333333332,0.0,0.0,-3.073814247921391,0.2,9.0,0.0,4.0,0.0,0.0,0.0,0.0,0.0,0.0,4.0,0.0,4.0,3.0,0.0,0.0,0.0,0.0,-1.5345,26.162999999999997,1.0,0.0,0.0,0.0,0.0,0.0,0.0,0.0,1.0,1.0,2.0,2.0,0.0,0.0,0.0,0.0,0.0,0.0,0.0,0.0,0.0,0.0,0.0,0.0,0.0,0.0,0.0,0.0,0.0,0.0,0.0,0.0,0.0,0.0,0.0,0.0,0.0,0.0,0.0,0.0,1.0,1.0,0.0,0.0,0.0,0.0,0.0,0.0,0.0,0.0,0.0,0.0,0.0,0.0,0.0,1.0,0.0,0.0,0.0,0.0,0.0,0.0,0.0,0.0,0.0,0.0,0.0,0.0,0.0,0.0,0.0,0.0,0.0,0.0,0.0,0.0,0.0,0.0,0.0,0.0,0.0,0.0,0.0,0.0,0.0,,,,,,,,
Anion_0109,O=C([O-])C(F)F,5.1555,-5.4461,-0.2906,4.3983,-8.8834,4.867,-1.0,214.9147,-59.754,-2.5815,-2.8683,38.1965,0.0119,13.2817,0.0753,-2.2426,0.1893,57.1755,11.7901,-7.6078,128.3862,-22.6372,745.9189,15984.8311,107.3283,83.1575,2.2426,4.66,0.1749,-0.1688,-1.0779,0.0812,9.0727,4.5876,-0.3377,4.4851,4.3337,0.0018,,0.0607,-62.4286,4.5779,0.6782,0.291,2.0,0.0,10.849537037037038,10.849537037037038,2.67361111111111,-4.444444444444445,0.418797058188903,13.333333333333334,95.024,94.016,94.99500929191,36.0,0.0,0.277348237825096,-0.544140406281709,0.544140406281709,0.277348237825096,2.0,2.166666666666666,2.166666666666666,1.314320486706178,3.791118417086966,86.18080946738405,6.077350269189626,3.572425526946181,2.572425526946181,2.943375672974064,1.53621276347309,1.03621276347309,0.5478682864984491,0.5478682864984491,0.154303349962091,0.154303349962091,0.0,0.0,-0.67,17.086166327180322,3.517617260787993,1.690137140121582,1.6303003003003,33.79599030048622,9.901064578912528,7.34006384412207,0.0,0.0,6.401496384060876,0.0,0.0,8.78083009534964,0.0,0.0,0.0,0.0,0.0,0.0,20.052653230432387,5.969305287951849,0.0,0.0,0.0,6.401496384060876,0.0,0.0,0.0,0.0,5.106527394840706,8.78083009534964,0.0,0.0,12.370801672012725,4.794537184071822,0.0,1.37075855617022,0.0,0.0,0.0,0.0,40.13,12.370801672012725,8.78083009534964,0.0,0.0,0.0,0.0,0.0,0.0,0.0,0.0,11.271823135082748,27.09027777777778,0.0,8.972222222222221,8.972222222222221,0.0,-2.67361111111111,0.0,-4.444444444444445,0.0,0.0,0.5,6.0,0.0,2.0,0.0,0.0,0.0,0.0,0.0,0.0,2.0,0.0,4.0,1.0,0.0,0.0,0.0,0.0,-0.9986,11.011,1.0,0.0,0.0,0.0,0.0,0.0,0.0,0.0,1.0,1.0,1.0,1.0,0.0,0.0,0.0,0.0,0.0,0.0,0.0,0.0,0.0,0.0,0.0,0.0,0.0,2.0,0.0,0.0,0.0,0.0,0.0,0.0,0.0,0.0,0.0,0.0,0.0,0.0,0.0,0.0,0.0,0.0,0.0,0.0,2.0,0.0,0.0,0.0,0.0,0.0,0.0,0.0,0.0,0.0,0.0,0.0,0.0,0.0,0.0,0.0,0.0,0.0,0.0,0.0,0.0,0.0,0.0,0.0,0.0,0.0,0.0,0.0,0.0,0.0,0.0,0.0,0.0,0.0,0.0,0.0,0.0,0.0,0.0,0.0,0.0,,,,,,,,
Anion_0110,O=C([O-])C(F)(F)C(F)(F)F,5.5433,-6.5375,-0.9942,5.2724,-8.0301,4.745,-1.0,263.0936,-50.4453,-2.4036,-3.7658,53.6485,0.0073,13.3025,0.0752,-1.3788,0.0715,17.55,12.1909,-5.9111,141.0302,-38.4903,1558.7822,33438.6757,143.7077,118.2668,1.3788,3.3275,0.5698,-0.1036,-1.9468,0.1463,8.1016,5.3439,-0.2073,2.7577,4.5187,0.0019,29.6232,0.0037,-55.0313,6.3114,0.6782,0.494,2.0,0.0,11.266203703703704,11.266203703703704,3.444444444444443,-6.077546296296296,0.507491647275447,13.3,163.021,163.021,162.98239391991,60.0,0.0,0.458873784102744,-0.543632671158078,0.543632671158078,0.458873784102744,1.1,1.4,1.4,1.617252175632594,4.568979241768044,147.46227801986964,8.577350269189626,4.206318945973862,4.206318945973862,4.193375672974064,1.8531594729869312,1.8531594729869312,1.359609592045698,1.359609592045698,0.6123878142422321,0.6123878142422321,0.115727512471568,0.115727512471568,-0.8800000000000001,69.54184355220156,9.12,2.064650867914837,1.337560529335762,51.25256812349372,9.901064578912528,5.969305287951849,0.0,0.0,0.0,12.098827685538051,0.0,0.0,21.9520752383741,0.0,0.0,0.0,0.0,0.0,31.853139817286632,5.969305287951849,0.0,0.0,0.0,12.098827685538051,0.0,0.0,0.0,0.0,5.106527394840706,21.9520752383741,0.0,0.0,18.0681329734899,4.794537184071822,0.0,0.0,0.0,0.0,0.0,0.0,40.13,18.0681329734899,21.9520752383741,0.0,0.0,0.0,0.0,0.0,0.0,0.0,0.0,9.901064578912528,55.27240740740741,0.0,9.086597222222222,9.086597222222222,0.0,-9.20138888888889,0.0,-6.077546296296296,0.0,0.0,0.6666666666666661,10.0,0.0,2.0,0.0,0.0,0.0,0.0,0.0,0.0,2.0,0.0,7.0,1.0,0.0,0.0,0.0,0.0,-0.0661,16.009,1.0,0.0,0.0,0.0,0.0,0.0,0.0,0.0,1.0,1.0,1.0,1.0,0.0,0.0,0.0,0.0,0.0,0.0,0.0,0.0,0.0,0.0,0.0,0.0,0.0,5.0,0.0,0.0,0.0,0.0,0.0,0.0,0.0,0.0,0.0,0.0,0.0,0.0,0.0,0.0,0.0,0.0,0.0,0.0,5.0,0.0,0.0,0.0,0.0,0.0,0.0,0.0,0.0,0.0,0.0,0.0,0.0,0.0,0.0,0.0,0.0,0.0,0.0,0.0,0.0,0.0,0.0,0.0,0.0,0.0,0.0,0.0,0.0,0.0,0.0,0.0,0.0,0.0,0.0,0.0,0.0,0.0,0.0,0.0,0.0,19.42862406901576,10.328640152398096,2.5839073848690983,-2.1887222397551422,2.339354216202855,-2.511469346621072,5.735937883031548,-0.363425576585554
Anion_0111,N#[N+][N-]CC(=O)[O-],3.2335,-5.2881,-2.0546,3.794,-6.7145,6.072,-1.0,236.2661,-65.615,-1.9704,-3.6714,54.1573,0.1027,10.5085,0.0952,-1.4603000000000002,0.1015,38.5951,10.3176,-4.146,95.8555,-22.3977,1375.2025,30345.0434,127.1969,104.1551,1.4603000000000002,3.1796,0.2591,-0.139,-1.1669,0.111,6.816,3.8955,-0.2779,2.9205,4.5461,0.0039,27.4699,0.0304,-61.722,-2.6008,0.6782,3.679,2.0,0.0,9.66,9.66,1.957777777777777,-2.9357638888888893,0.325132368415431,13.0,100.05699999999996,98.04099999999998,100.01524988391,38.0,0.0,0.08342496386356,-0.550038721187255,0.550038721187255,0.08342496386356,2.285714285714285,2.857142857142857,3.0,1.650309744494273,4.057057088612519,161.68590801734666,7.49156383156272,5.1581373674276,3.1581373674276,4.004035844753885,2.281855088213841,1.281855088213842,0.5887035965402461,0.5887035965402461,0.186008452467523,0.186008452467523,0.063185508821384,0.063185508821384,-1.31,59.41115080179386,2.7964413565972013,2.903219616204691,4.69,42.35013920324505,9.901064578912528,0.0,0.0,0.0,0.0,0.0,0.0,0.0,0.0,5.392851322138609,5.425791397110385,0.0,8.71082240029229,11.581834926402754,12.642581691252968,5.969305287951849,5.392851322138609,0.0,0.0,0.0,6.496859684315945,10.510766639197191,0.0,0.0,5.106527394840706,0.0,0.0,0.0,12.466164972267794,4.794537184071822,5.392851322138609,2.74151711234044,0.0,0.0,10.510766639197191,0.0,82.38,12.466164972267794,9.901064578912528,0.0,0.0,0.0,0.0,0.0,0.0,5.084975242086809,5.425791397110385,8.13436843447905,12.730185185185183,0.0,9.66,19.19576388888889,2.3078703703703702,-2.041388888888888,0.0,0.0,-2.9357638888888893,0.0,0.5,7.0,0.0,5.0,0.0,0.0,0.0,0.0,0.0,0.0,3.0,0.0,5.0,2.0,0.0,0.0,0.0,0.0,-1.12192,18.317,1.0,0.0,0.0,0.0,0.0,0.0,0.0,0.0,1.0,1.0,1.0,1.0,0.0,0.0,0.0,3.0,0.0,0.0,0.0,0.0,0.0,0.0,0.0,0.0,0.0,0.0,0.0,0.0,0.0,0.0,0.0,1.0,0.0,0.0,0.0,0.0,0.0,1.0,0.0,0.0,0.0,0.0,0.0,0.0,0.0,0.0,0.0,0.0,0.0,0.0,0.0,0.0,0.0,0.0,0.0,0.0,0.0,0.0,0.0,0.0,0.0,0.0,0.0,0.0,0.0,0.0,0.0,0.0,0.0,0.0,0.0,0.0,0.0,0.0,0.0,0.0,0.0,0.0,0.0,0.0,0.0,0.0,0.0,0.0,0.0,,,,,,,,
Anion_0112,COc1ccccc1CC(=O)[O-],2.6584,-5.1605,-2.5021,3.2351,-5.1995000000000005,9.382,-1.0,334.1782,-64.3637,-1.8975,-3.8313,115.6108,0.1989,8.4346,0.1186,-0.9822,0.0572,33.2336,8.5611,-1.0783,82.5923,-36.2915,5592.248,130567.561,214.821,201.7386,0.9822,2.2653,0.3009,-0.1164,-1.1265,0.1336,5.2567,3.2923,-0.2329,1.9644,4.7236,0.0079,17.4735,0.0129,-65.1023,1.9578,0.6782,3.898,2.0,0.0,10.864119425547996,10.864119425547996,0.8776407785336351,-3.36412037037037,0.6324179109372331,22.5,165.16800000000006,156.09599999999998,165.05571772791,64.0,0.0,0.121927678885763,-0.5498037342861101,0.5498037342861101,0.121927678885763,1.833333333333333,2.583333333333333,3.25,2.309949845347381,3.795496241280974,593.3518395954354,16.748558665513926,14.72474487139159,5.724744871391589,9.303253565384518,7.316496580927726,2.8164965809277263,1.718643696413162,1.718643696413162,0.98221725415588,0.98221725415588,0.567655181539914,0.567655181539914,-1.51,16292.076259235078,2.487048387024592,3.758873354833853,1.985036469518851,83.24026504594372,14.637927532712576,5.749511833283905,0.0,0.0,0.0,0.0,0.0,0.0,0.0,0.0,18.127256122989884,11.60587019936029,15.083747301621669,16.633262352074127,26.974754538244557,5.969305287951849,0.0,0.0,0.0,6.372924901329379,7.037952458882589,29.733126322350174,0.0,5.749511833283905,9.843390348640757,0.0,5.749511833283905,0.0,13.007257746834435,11.1674620854012,0.0,17.900278497228975,24.16967483065318,0.0,0.0,0.0,49.36,54.86282080379789,9.901064578912528,0.0,0.0,0.0,0.0,0.0,0.0,0.0,4.736862953800049,12.33682700553198,69.81251133786849,0.0,10.864119425547996,10.864119425547996,-1.1346064814814811,-3.376738473167044,-3.840865929705215,-3.36412037037037,0.0,-3.157752267573697,0.222222222222222,12.0,0.0,3.0,0.0,0.0,0.0,1.0,0.0,1.0,3.0,0.0,3.0,4.0,0.0,0.0,0.0,1.0,-0.0124,41.70500000000002,1.0,0.0,0.0,0.0,0.0,0.0,0.0,0.0,1.0,1.0,1.0,1.0,0.0,0.0,0.0,0.0,0.0,0.0,0.0,0.0,0.0,0.0,0.0,0.0,0.0,0.0,0.0,0.0,0.0,0.0,0.0,0.0,0.0,0.0,1.0,0.0,0.0,0.0,0.0,0.0,0.0,1.0,0.0,0.0,0.0,0.0,0.0,0.0,0.0,0.0,0.0,0.0,0.0,0.0,0.0,1.0,0.0,0.0,0.0,0.0,0.0,0.0,0.0,0.0,1.0,0.0,0.0,0.0,0.0,0.0,0.0,0.0,0.0,0.0,0.0,0.0,0.0,0.0,0.0,0.0,0.0,0.0,0.0,0.0,0.0,,,,,,,,
Anion_0113,Cc1ccc(C(=O)c2ccc(CC(=O)[O-])n2C)cc1,1.3462,-5.5777,-4.2315,3.2868,-2.8349,18.2752,-1.0,471.0,-63.8034,-2.6084,-4.9046,184.8366,0.529,6.1216,0.1634,0.226,0.0042,9.9225,7.9207,2.3151,51.6541,-54.6427,14031.0894,334815.0472,321.0702,310.394,-0.226,0.556,1.0079,0.0369,-1.7564000000000002,0.2869,2.839,3.2909,0.0738,-0.4519,4.8919,0.0213,,0.0182,-63.9043,2.0311,0.6782,4.6462,2.0,0.0,13.197128684807254,13.197128684807254,0.208742323318216,-3.653089005217434,0.762037977840295,23.157894736842103,256.28100000000006,242.16899999999995,256.09791688791,98.0,0.0,0.208866073970944,-0.5497461731602891,0.5497461731602891,0.208866073970944,1.31578947368421,2.052631578947368,2.631578947368421,2.9077518122362878,3.030523206290987,1145.455944759342,26.005553499465137,23.171958466891542,9.171958466891548,14.68418629441922,11.783192828945731,4.783192828945732,3.2742054159221228,3.2742054159221228,2.034119121248615,2.034119121248615,1.228578279187442,1.228578279187442,-2.36,4399428.491913502,4.065873568160133,5.098974739644812,2.731273488562092,130.51920475978653,14.468164226703884,0.0,0.0,5.783244946364939,0.0,0.0,4.794537184071822,0.0,0.0,0.0,29.733126322350174,18.93672953262227,41.54150502547071,13.91847933186978,33.88622154936743,11.75255023431679,0.0,4.567099647791356,6.975826900282246,13.22481701862506,0.0,58.769271219070674,0.0,0.0,5.106527394840706,0.0,0.0,0.0,16.319649882108145,18.143288985683448,6.851892117295679,46.49991594354585,36.25451224597977,0.0,0.0,0.0,62.13,90.72246537229478,14.69560176298435,0.0,4.567099647791356,0.0,0.0,0.0,0.0,0.0,0.0,19.19061978638308,107.51420548890684,0.0,24.46395623446732,11.266827549660064,-4.884868374595782,-4.149635282513167,-7.170201837679516,-3.653089005217434,-6.637194773028333,0.0,0.2,19.0,0.0,4.0,0.0,0.0,0.0,1.0,1.0,2.0,4.0,0.0,4.0,6.0,0.0,0.0,0.0,2.0,0.856919999999999,68.73550000000003,1.0,0.0,0.0,0.0,0.0,1.0,0.0,0.0,1.0,1.0,2.0,2.0,0.0,0.0,0.0,1.0,0.0,0.0,0.0,0.0,0.0,0.0,0.0,0.0,0.0,0.0,0.0,0.0,0.0,0.0,0.0,0.0,0.0,0.0,1.0,0.0,0.0,0.0,0.0,0.0,0.0,0.0,0.0,0.0,0.0,0.0,0.0,0.0,0.0,0.0,0.0,1.0,0.0,0.0,0.0,0.0,0.0,0.0,0.0,0.0,0.0,0.0,0.0,0.0,0.0,0.0,0.0,0.0,0.0,0.0,0.0,0.0,0.0,0.0,0.0,0.0,0.0,0.0,0.0,0.0,0.0,0.0,0.0,0.0,0.0,,,,,,,,
Anion_0114,O=C([O-])C=Cc1ccco1,1.4643000000000002,-4.854,-3.3897,3.4032,-4.3101,16.1593,-1.0,307.4989,-70.1428,-2.3771,-4.1219,92.0393,0.4081,7.7133,0.1296,-0.4535,0.0134,17.7374,9.3284,-0.2266,58.8301,-29.9345,3472.6984,83381.5799,179.1467,156.9469,0.4535,1.4711,0.5641,-0.0588,-1.4749,0.1912,4.3235,3.4165,-0.1176,0.907,5.0044,0.0109,16.8686,0.0016,-70.9769,2.533,0.6782,0.2028,2.0,0.0,10.243966364323509,10.243966364323509,0.554724111866969,-1.8806840513983367,0.540661414471658,19.4,137.11400000000003,132.07399999999998,137.02441759991,52.0,0.0,0.126191540962545,-0.5454649839708651,0.5454649839708651,0.126191540962545,2.0,2.8,3.3,2.433300056223472,3.348855895702745,447.7232883539638,11.74855866551393,9.72474487139159,4.724744871391589,6.857948465255108,4.816496580927726,2.3164965809277263,1.320705769029128,1.320705769029128,0.658248290463863,0.658248290463863,0.348905181539914,0.348905181539914,-1.51,1861.4745430109565,2.617263365609756,2.866950766129801,1.777617877482845,64.61156404765823,14.318215515965877,7.131005975044663,0.0,0.0,0.0,0.0,0.0,0.0,0.0,0.0,0.0,24.18898090739772,0.0,17.69155414747347,21.172008296816973,12.021377033987417,0.0,0.0,0.0,0.0,0.0,30.13637121507734,0.0,0.0,5.106527394840706,0.0,0.0,0.0,5.969305287951849,4.794537184071822,0.0,12.614040199725542,28.793274733256244,0.0,6.052071746035566,0.0,53.27,42.15774824906476,9.901064578912528,0.0,0.0,0.0,0.0,0.0,0.0,0.0,4.417150937053347,6.853792780851101,39.97030139833712,0.0,10.243966364323509,10.243966364323509,0.0,-2.464758125472411,-3.179492630385486,-0.647316704459561,0.0,0.0,0.0,10.0,0.0,3.0,0.0,0.0,0.0,0.0,1.0,1.0,3.0,0.0,3.0,2.0,0.0,0.0,0.0,1.0,0.042699999999999,32.749,1.0,0.0,0.0,0.0,0.0,0.0,0.0,0.0,1.0,1.0,1.0,1.0,0.0,0.0,0.0,0.0,0.0,0.0,0.0,0.0,0.0,0.0,0.0,0.0,0.0,0.0,0.0,0.0,0.0,0.0,0.0,0.0,0.0,0.0,0.0,0.0,0.0,0.0,0.0,0.0,0.0,0.0,1.0,0.0,0.0,0.0,0.0,0.0,0.0,0.0,0.0,0.0,0.0,0.0,0.0,0.0,0.0,0.0,0.0,0.0,0.0,0.0,0.0,0.0,0.0,0.0,0.0,0.0,0.0,0.0,0.0,0.0,0.0,0.0,0.0,0.0,0.0,0.0,0.0,0.0,0.0,0.0,0.0,0.0,0.0,,,,,,,,
Anion_0115,C=C(C(=O)[O-])c1ccccc1,2.1397,-4.9413,-2.8016,3.1348,-4.7675,11.734,-1.0,323.7489,-66.8811,-1.9176,-3.8714,110.2431,0.2938,7.9023,0.1265,-0.8164,0.0422,29.4031,8.719100000000001,-0.4686,69.6819,-31.1664,4827.56,117033.2457,200.8031,181.8305,0.8164,1.9728,0.3401,-0.1033,-1.1592,0.1467,4.8097,3.177,-0.2066,1.6327,4.9416,0.01,15.6136,0.0118,-67.3049,1.6632,0.6782,3.034,2.0,0.0,10.808392857142858,10.808392857142858,0.677815570672713,-1.936545729402872,0.569614844791265,17.636363636363637,147.15300000000005,140.09699999999998,147.04515304391,56.0,0.0,0.071487499671017,-0.544814843779795,0.544814843779795,0.071487499671017,1.545454545454545,2.181818181818181,2.636363636363636,2.279953645353438,3.819032579372819,531.5199579937982,14.196152422706634,12.316496580927726,5.316496580927726,8.196152422706636,6.158248290463863,2.658248290463863,1.662457478565265,1.662457478565265,0.9541241452319312,0.9541241452319312,0.477062072615965,0.477062072615965,-1.569999999999999,5882.28040501187,2.482514050089481,3.012055326400651,1.673851239693235,74.62717578391698,9.901064578912528,0.0,0.0,0.0,0.0,0.0,0.0,0.0,0.0,0.0,36.74313250031834,11.136556021766264,0.0,15.564615181143388,19.496374472104065,11.542409818021117,0.0,0.0,0.0,0.0,0.0,42.30658399201534,0.0,0.0,5.106527394840706,0.0,0.0,0.0,5.969305287951849,4.794537184071822,0.0,15.158761384888534,36.74313250031834,0.0,5.573104530069267,0.0,40.13,53.84899381003645,9.901064578912528,0.0,0.0,0.0,0.0,0.0,0.0,0.0,0.0,9.59530989319154,50.948565759637184,0.0,10.808392857142858,10.808392857142858,-1.742592592592592,-1.936545729402872,-3.699667422524563,0.0,-1.186545729402871,0.0,0.0,11.0,0.0,2.0,0.0,0.0,0.0,1.0,0.0,1.0,2.0,0.0,2.0,2.0,0.0,0.0,0.0,1.0,0.4497,40.48300000000002,1.0,0.0,0.0,0.0,0.0,0.0,0.0,0.0,1.0,1.0,1.0,1.0,0.0,0.0,0.0,0.0,0.0,0.0,0.0,0.0,0.0,0.0,0.0,0.0,0.0,0.0,0.0,0.0,0.0,0.0,0.0,0.0,0.0,0.0,1.0,0.0,0.0,0.0,0.0,0.0,0.0,0.0,0.0,0.0,0.0,0.0,0.0,0.0,0.0,0.0,0.0,0.0,0.0,0.0,0.0,0.0,0.0,0.0,0.0,0.0,0.0,0.0,0.0,0.0,0.0,0.0,0.0,0.0,0.0,0.0,0.0,0.0,0.0,0.0,0.0,0.0,0.0,0.0,0.0,0.0,0.0,0.0,0.0,0.0,0.0,,,,,,,,
Anion_0116,CC(C)C(=O)C(=O)[O-],2.217,-4.6283,-2.4114,3.1818,-6.5344,11.6233,-1.0,275.8266,-66.7036,-2.356,-3.5199,72.9182,0.2396,9.7162,0.1029,-1.6763,0.1446,85.9625,9.5759,-4.5063,66.7364,-26.7,2437.7767,53439.1114,167.58,146.7762,1.6763,3.4693,0.1168,-0.1725,-0.7527,0.0775,6.679,3.3265,-0.345,3.3526,4.2111,0.0046,,0.0657,-68.6893,3.6636,0.6782,0.6426000000000001,2.0,0.0,10.888564814814815,10.888564814814815,2.275462962962963,-3.695601851851852,0.431823093790388,26.75,115.10799999999996,108.05199999999998,115.04006766391,46.0,0.0,0.180281608298737,-0.5417017271604561,0.5417017271604561,0.180281608298737,1.75,2.25,2.375,1.9648507286425168,5.64457040829791,273.9812322309815,12.654700538379252,10.72474487139159,3.724744871391589,6.354059275497024,5.112372435695795,1.612372435695794,0.991581623797196,0.991581623797196,0.412457478565264,0.412457478565264,0.102062072615965,0.102062072615965,-0.8600000000000001,644.4710389947458,1.558993209760708,2.448193831535354,1.728094061153873,57.15109093887423,9.901064578912528,5.969305287951849,5.783244946364939,0.0,0.0,0.0,4.794537184071822,0.0,0.0,0.0,13.70378423459136,0.0,15.489267578554616,0.0,24.290911656175886,11.75255023431679,0.0,0.0,5.893957685363079,13.70378423459136,0.0,0.0,0.0,0.0,5.106527394840706,0.0,0.0,0.0,11.75255023431679,9.589074368143644,5.893957685363079,23.299094127782897,0.0,0.0,0.0,0.0,57.2,31.350292154271223,14.69560176298435,0.0,0.0,0.0,0.0,0.0,0.0,0.0,0.0,9.59530989319154,47.49912037037037,0.0,21.047199074074072,10.15863425925926,0.0,-8.473611111111111,0.0,0.0,-7.14800925925926,0.0,0.6000000000000001,8.0,0.0,3.0,0.0,0.0,0.0,0.0,0.0,0.0,3.0,0.0,3.0,4.0,0.0,0.0,0.0,0.0,-1.0386,24.85199999999999,1.0,0.0,0.0,0.0,0.0,0.0,0.0,0.0,1.0,1.0,2.0,2.0,0.0,0.0,0.0,0.0,0.0,0.0,0.0,0.0,0.0,0.0,0.0,0.0,0.0,0.0,0.0,0.0,0.0,0.0,0.0,0.0,0.0,0.0,0.0,0.0,0.0,0.0,0.0,0.0,0.0,0.0,0.0,0.0,0.0,0.0,0.0,0.0,0.0,0.0,0.0,1.0,1.0,0.0,0.0,0.0,0.0,0.0,0.0,0.0,0.0,0.0,0.0,0.0,0.0,0.0,0.0,0.0,0.0,0.0,0.0,0.0,0.0,0.0,0.0,0.0,0.0,0.0,0.0,0.0,0.0,0.0,0.0,0.0,0.0,,,,,,,,
Anion_0117,COc1ccc(CCC(=O)[O-])cc1,1.5944,-4.6746,-3.0802,3.1602,-4.7987,17.4833,-1.0,376.4287,-69.3815,-2.3006,-3.8774,127.2188,0.3001,7.9589,0.1258,-0.8193,0.0423,29.0897,8.3476,-0.7853,85.8843,-39.4488,6824.4212,157946.6951,243.9135,226.3937,0.8193,1.9835,0.345,-0.1028,-1.1705,0.1473,4.8411,3.2026,-0.2055,1.6385,4.6004000000000005,0.0092,15.9955,0.0081,-69.9798,2.2207,0.6782,2.7408,2.0,0.0,10.846676566479056,10.846676566479056,0.987443310657595,-3.676705404383976,0.670879458617877,25.07692307692308,179.19500000000008,168.10699999999997,179.07136779191,70.0,0.0,0.118377738772772,-0.5501595056674831,0.5501595056674831,0.118377738772772,1.692307692307692,2.384615384615384,2.923076923076923,2.395535114415116,3.739752979826496,650.6026718192462,19.24855866551393,17.22474487139159,6.224744871391589,10.553253565384518,8.566496580927726,3.066496580927726,1.843643696413162,1.843643696413162,0.9936862178478972,0.9936862178478972,0.528093108923948,0.528093108923948,-1.509999999999999,55612.34768114694,2.499724197365718,4.499571342364573,3.15128754635011,92.41514816067595,14.637927532712576,5.749511833283905,0.0,0.0,0.0,0.0,0.0,0.0,0.0,0.0,12.08483741532659,30.394138709682345,11.45233951263273,16.633262352074127,29.716271650584996,5.969305287951849,0.0,0.0,0.0,12.74584980265876,7.037952458882589,29.733126322350174,0.0,5.749511833283905,9.843390348640757,0.0,5.749511833283905,0.0,13.007257746834435,11.1674620854012,0.0,27.01472051089879,24.16967483065318,0.0,0.0,0.0,49.36,61.23574570512727,9.901064578912528,0.0,0.0,0.0,0.0,0.0,0.0,0.0,4.736862953800049,15.07834411787242,85.62157777690582,0.0,10.846676566479056,10.846676566479056,-1.190192743764172,-3.439129162467454,-4.489772297808012,-7.172625543272865,0.0,-3.106544495884775,0.3,13.0,0.0,3.0,0.0,0.0,0.0,1.0,0.0,1.0,3.0,0.0,3.0,5.0,0.0,0.0,0.0,1.0,0.377699999999999,46.32200000000002,1.0,0.0,0.0,0.0,0.0,0.0,0.0,0.0,1.0,1.0,1.0,1.0,0.0,0.0,0.0,0.0,0.0,0.0,0.0,0.0,0.0,0.0,0.0,0.0,0.0,0.0,0.0,0.0,0.0,0.0,0.0,0.0,0.0,0.0,1.0,0.0,0.0,0.0,0.0,0.0,0.0,1.0,0.0,0.0,0.0,0.0,0.0,0.0,0.0,0.0,0.0,0.0,0.0,0.0,0.0,1.0,0.0,0.0,0.0,0.0,0.0,0.0,0.0,0.0,0.0,0.0,0.0,0.0,0.0,0.0,0.0,0.0,0.0,0.0,0.0,0.0,0.0,0.0,0.0,0.0,0.0,0.0,0.0,0.0,0.0,,,,,,,,
Anion_0118,O=C([O-])C(=O)Cc1c[nH+]c2cccc[c-]12,1.3145,-4.8718,-3.5573,3.0785,-3.9001,17.1902,-1.0,380.3892,-69.5197,-3.4031,-4.2146,138.7938,0.437,6.9786,0.1433,-0.4109,0.0122,19.6479,8.1197,0.9302,57.4552,-42.9884,7880.2092,191248.3531,244.8065,229.8203,0.4109,1.332,0.5103,-0.0588,-1.3338,0.1912,3.9123,3.0907,-0.1176,0.8217,4.9358,0.0145,15.2286,0.0007,-69.4737,2.6790000000000003,0.6782,1.3045,2.0,0.0,11.535399974804736,11.535399974804736,0.225108182161753,-3.292965797430085,0.48456908276464,18.933333333333334,202.18900000000005,194.125,202.05096669591,76.0,0.0,0.439754166472849,-0.5417012805495981,0.5417012805495981,0.439754166472849,1.666666666666666,2.4666666666666672,3.2,2.744184017369556,3.054301895003376,872.5043617047942,17.850852961085884,15.171958466891548,7.171958466891548,10.440169358562926,7.756799626695711,3.809586031195752,2.563795219297154,2.563795219297154,1.62114003775724,1.62114003775724,0.9933739686784292,0.9933739686784292,-2.099999999999999,80528.07998970963,3.808863451554388,3.5702103482235312,1.73867264948346,96.83215300130064,9.901064578912528,17.658901216382873,5.783244946364939,0.0,0.0,1.4118420783282,9.771540454301077,0.0,0.0,18.127256122989884,6.042418707663295,12.320434262332013,13.226717682180478,1.37075855617022,30.679757004733336,22.65547516639785,0.0,0.0,0.0,6.372924901329379,0.0,35.90602153316493,0.0,0.0,10.083530665069958,0.0,0.0,0.0,11.75255023431679,15.961999269473022,0.0,15.158761384888534,30.34257004146794,1.4118420783282,10.902924932081056,0.0,71.34,64.93442160089216,14.69560176298435,0.0,4.977003270229252,0.0,0.0,0.0,0.0,0.0,0.0,11.00715197151974,61.353452748383305,0.0,22.44037593432435,10.092460369950452,-1.43544170445956,-4.354603699504492,-2.9343889623750723,-4.245188019652307,0.0,0.0,0.09090909090909,15.0,1.0,4.0,0.0,0.0,0.0,1.0,1.0,2.0,3.0,0.0,4.0,3.0,0.0,0.0,0.0,2.0,-0.765699999999999,49.814700000000016,1.0,0.0,0.0,0.0,0.0,1.0,1.0,0.0,1.0,1.0,2.0,2.0,0.0,0.0,0.0,0.0,1.0,0.0,0.0,0.0,0.0,1.0,0.0,0.0,0.0,0.0,0.0,0.0,0.0,0.0,0.0,0.0,0.0,0.0,1.0,0.0,1.0,0.0,0.0,0.0,0.0,0.0,0.0,0.0,0.0,0.0,0.0,0.0,0.0,0.0,0.0,1.0,1.0,0.0,0.0,0.0,0.0,0.0,0.0,0.0,0.0,0.0,0.0,0.0,1.0,0.0,0.0,0.0,0.0,0.0,0.0,0.0,0.0,0.0,0.0,0.0,0.0,0.0,0.0,0.0,0.0,0.0,0.0,0.0,0.0,,,,,,,,
Anion_0119,O=C([O-])Cc1cccc(Br)c1,2.4079,-5.4875,-3.0796,3.5308,-4.5071,8.752,-1.0,338.7596,-59.4928,-1.9214,-4.2836,117.7507,0.2552,8.0379,0.1244,-0.4882,0.0148,17.3641,8.8281,0.0359,77.6303,-32.6533,5589.8793,168227.5873,213.1928,197.5505,0.4882,1.5522,0.5759000000000001,-0.0607,-1.5213,0.1893,4.5219000000000005,3.5456,-0.1215,0.9763,4.9201,0.0095,17.2827,0.0001,-59.9145,1.6649,0.6782,4.013,2.0,0.0,10.657274187452758,10.657274187452758,0.223495370370369,-3.05537037037037,0.7278855344255141,18.63636363636364,214.03800000000004,207.99,212.95566511191,58.0,0.0,0.063764691303641,-0.5498062118629751,0.5498062118629751,0.063764691303641,1.818181818181818,2.545454545454545,3.181818181818181,2.230781029060305,3.72414499555567,472.2741503408441,13.54145188432738,11.194461053936951,6.780457593051658,7.618802153517008,5.597230526968477,3.390228796525829,1.601439715069878,2.3944379846272312,0.821553190868272,1.218052325646948,0.485430411305195,0.782804762389202,-0.8300000000000001,3368.479353881061,3.270691516275932,3.5289206965279103,2.71791641803436,81.41441380717818,9.901064578912528,0.0,0.0,0.0,0.0,0.0,0.0,0.0,0.0,0.0,28.01478131327594,17.648288907023584,19.55646681745408,5.483034224680881,18.12561591593385,21.8992491859012,0.0,0.0,0.0,6.372924901329379,0.0,34.20584583818258,0.0,0.0,5.106527394840706,0.0,0.0,15.929943897949348,5.969305287951849,11.1674620854012,0.0,13.788002828718314,28.64239434648559,0.0,0.0,0.0,40.13,42.075356511631405,9.901064578912528,0.0,4.472719515832414,0.0,0.0,0.0,0.0,0.0,15.929943897949348,8.224551337021321,44.0237325207861,2.798197278911564,10.657274187452758,10.657274187452758,-0.786689814814814,-2.093953136810279,-2.533798185941041,-3.05537037037037,0.0,0.0,0.125,11.0,0.0,2.0,0.0,0.0,0.0,1.0,0.0,1.0,2.0,0.0,3.0,2.0,0.0,0.0,0.0,1.0,0.741499999999999,42.853000000000016,1.0,0.0,0.0,0.0,0.0,0.0,0.0,0.0,1.0,1.0,1.0,1.0,0.0,0.0,0.0,0.0,0.0,0.0,0.0,0.0,0.0,0.0,0.0,0.0,0.0,0.0,0.0,0.0,0.0,0.0,0.0,0.0,0.0,0.0,1.0,0.0,0.0,0.0,0.0,0.0,0.0,0.0,0.0,0.0,1.0,0.0,0.0,0.0,0.0,0.0,0.0,0.0,0.0,0.0,0.0,0.0,0.0,0.0,0.0,0.0,0.0,0.0,0.0,0.0,0.0,0.0,0.0,0.0,0.0,0.0,0.0,0.0,0.0,0.0,0.0,0.0,0.0,0.0,0.0,0.0,0.0,0.0,0.0,0.0,0.0,,,,,,,,
Anion_0120,O=C([O-])Cc1ccc(C(F)(F)F)cc1,2.3641,-5.6515,-3.2873,3.7088,-4.3178,8.6733,-1.0,360.4434,-54.6926,-2.6218,-4.4694,114.0455,0.2538,8.0266,0.1246,-0.3045,0.0058,13.8528,9.3244,-0.1416,73.0945,-44.9284,5627.0874,132421.6188,225.2161,204.7706,0.3045,1.3309,0.7219,-0.0379,-1.7021000000000002,0.2121,4.3236,3.7146,-0.0759,0.609,4.8959,0.0095,19.7143,0.0006,-56.9206,4.1716,0.6782,4.4647,2.0,0.0,12.62728442302847,12.62728442302847,1.305092592592592,-5.188011385109601,0.718819442127214,18.5,203.139,197.09099999999995,203.03253767191,76.0,0.0,0.415909839922786,-0.5498062173494991,0.5498062173494991,0.415909839922786,1.428571428571428,1.928571428571428,2.285714285714285,2.24115925007672,3.836035715509492,555.0212213160547,16.04145188432738,12.450389999955409,6.450389999955407,8.830127018922195,6.225194999977703,3.225194999977703,2.1602165476079,2.1602165476079,1.135535427372886,1.135535427372886,0.6187987499944251,0.6187987499944251,-1.52,10006.776051592557,4.816088154269973,3.691990030171849,2.757871479170181,86.40841452471213,9.901064578912528,0.0,0.0,0.0,0.0,6.176298517443475,0.0,0.0,13.17124514302446,0.0,12.08483741532659,17.648288907023584,15.083747301621669,11.046485716377877,31.296861058958307,5.969305287951849,0.0,0.0,0.0,12.549223418772854,0.0,35.29657781404717,0.0,0.0,5.106527394840706,13.17124514302446,0.0,0.0,5.969305287951849,17.343760602844675,0.0,19.35145432041531,24.16967483065318,0.0,0.0,0.0,40.13,53.81510652077188,23.07230972193699,0.0,0.0,0.0,0.0,0.0,0.0,0.0,0.0,8.224551337021321,81.04215844671201,0.0,10.632912533068785,10.632912533068785,-3.188983371126228,-2.376797524565382,-5.933055555555553,-8.642480394935756,0.0,0.0,0.222222222222222,14.0,0.0,2.0,0.0,0.0,0.0,1.0,0.0,1.0,2.0,0.0,5.0,2.0,0.0,0.0,0.0,1.0,0.9977999999999992,40.155000000000015,1.0,0.0,0.0,0.0,0.0,0.0,0.0,0.0,1.0,1.0,1.0,1.0,0.0,0.0,0.0,0.0,0.0,0.0,0.0,0.0,0.0,0.0,0.0,0.0,0.0,3.0,0.0,0.0,0.0,0.0,0.0,0.0,0.0,0.0,1.0,0.0,0.0,0.0,0.0,0.0,0.0,0.0,0.0,0.0,3.0,0.0,0.0,0.0,0.0,0.0,0.0,0.0,0.0,0.0,0.0,0.0,0.0,0.0,0.0,0.0,0.0,0.0,0.0,0.0,0.0,0.0,0.0,0.0,0.0,0.0,0.0,0.0,0.0,0.0,0.0,0.0,0.0,0.0,0.0,0.0,0.0,0.0,0.0,0.0,0.0,,,,,,,,
Anion_0121,CCCC=CC(=O)[O-],2.9679,-4.4499,-1.482,3.1584,-6.8398,15.8904,-1.0,297.9792,-71.3826,-2.1426,-2.966,82.4492,0.1307,9.9981,0.1,-1.8407,0.1695,115.3976,9.311,-3.869,83.088,-25.7704,2973.6428,65423.266,182.6832,160.6148,1.8407,3.7683,0.0869,-0.1841,-0.6588,0.0659,7.0092,3.3278,-0.3682,3.6814,4.5617,0.0046,,0.0731,-72.0598,2.1417,0.6782,0.3454,2.0,0.0,10.257822184429326,10.257822184429326,1.58460648148148,-3.501157407407407,0.48656619788016,34.25,113.13599999999994,104.06399999999998,113.06080310791,46.0,0.0,0.063915412442416,-0.545479276744206,0.545479276744206,0.063915412442416,2.25,3.0,3.5,2.12544318128269,5.73929603928951,352.9878044657687,14.232050807568877,12.816496580927726,3.8164965809277263,7.264742878019984,6.158248290463863,1.6582482904638631,0.787457478565264,0.787457478565264,0.289562072615965,0.289562072615965,0.113531036307982,0.113531036307982,-0.79,1747.1142950143712,1.201877035117817,4.371030595813205,5.21,61.474848921378445,9.901064578912528,0.0,0.0,0.0,0.0,0.0,0.0,0.0,0.0,0.0,19.276888764660622,12.424996647364946,9.59530989319154,8.71082240029229,22.237891584444505,5.969305287951849,0.0,0.0,0.0,19.59774191995444,0.0,12.104143492071133,0.0,0.0,5.106527394840706,0.0,0.0,0.0,5.969305287951849,4.794537184071822,0.0,31.934568925486413,12.104143492071133,0.0,0.0,0.0,40.13,37.671190699977416,9.901064578912528,0.0,0.0,0.0,0.0,0.0,0.0,0.0,0.0,12.33682700553198,62.95153391912321,0.0,10.257822184429326,10.257822184429326,0.0,-2.180354780801209,-3.178935185185184,-6.950162037037037,-3.407726284958427,0.0,0.5,8.0,0.0,2.0,0.0,0.0,0.0,0.0,0.0,0.0,2.0,0.0,2.0,4.0,0.0,0.0,0.0,0.0,0.0926,29.05499999999999,1.0,0.0,0.0,0.0,0.0,0.0,0.0,0.0,1.0,1.0,1.0,1.0,0.0,0.0,0.0,0.0,0.0,0.0,0.0,0.0,0.0,0.0,0.0,0.0,0.0,0.0,1.0,0.0,0.0,0.0,0.0,0.0,0.0,0.0,0.0,0.0,0.0,0.0,0.0,0.0,0.0,0.0,0.0,0.0,0.0,0.0,0.0,0.0,0.0,0.0,0.0,0.0,0.0,0.0,0.0,0.0,0.0,0.0,0.0,0.0,0.0,0.0,0.0,0.0,0.0,0.0,0.0,0.0,0.0,0.0,0.0,0.0,0.0,0.0,0.0,0.0,0.0,0.0,0.0,0.0,0.0,0.0,0.0,0.0,0.0,,,,,,,,
Anion_0122,CCOC(=O)C=CC(=O)[O-],1.218,-5.1656,-3.9477,3.7692,-4.1205,18.1526,-1.0,327.6214,-66.8643,-2.9252,-4.5566,88.556,0.4721,7.8897,0.1267,-0.1756,0.002,12.2192,9.6936,-0.7848,51.581,-32.9053,3478.5521,78272.688,198.7222,172.0195,0.1756,1.1697,0.8184,-0.0223,-1.7968000000000002,0.2277,4.1224,3.7712,-0.0445,0.3513,4.63,0.0094,23.0716,0.0015,-68.177,3.5598,0.6782,0.1329,2.0,0.0,10.982523148148148,10.982523148148148,1.50173611111111,-3.386314247921391,0.369524508250042,24.6,143.11800000000005,136.06199999999998,143.03498228391,56.0,0.0,0.330293812649563,-0.5454628210536681,0.5454628210536681,0.330293812649563,1.9,2.6,3.1,2.121506672117958,5.028736477294279,369.0504339420451,14.01650785794505,11.632993161855453,4.6329931618554525,7.398553027005265,5.520620726159658,2.020620726159658,1.029039102362461,1.029039102362461,0.410352884514564,0.410352884514564,0.173926442257282,0.173926442257282,-1.32,1947.543125004286,2.375691556103319,4.548568030750281,4.829700598802395,67.93997525059345,14.637927532712576,0.0,0.0,0.0,0.0,5.969305287951849,0.0,4.794537184071822,0.0,0.0,0.0,12.903963863331246,10.164347414546226,18.011324755549015,29.02777460997593,11.9386105759037,0.0,0.0,0.0,6.851892117295679,6.558985242916289,12.104143492071133,0.0,0.0,5.106527394840706,0.0,0.0,0.0,18.49759581881999,14.325937321943693,0.0,16.447202010487217,12.104143492071133,0.0,0.0,0.0,66.43,37.4536314281868,14.69560176298435,0.0,0.0,0.0,0.0,0.0,0.0,0.0,4.736862953800049,9.59530989319154,51.1775,0.0,21.101102725812545,10.1185795776644,0.0,-4.012296390778534,-3.032901077097505,0.0,-6.685318168934241,0.0,0.333333333333333,10.0,0.0,4.0,0.0,0.0,0.0,0.0,0.0,0.0,4.0,0.0,4.0,4.0,0.0,0.0,0.0,0.0,-1.144399999999999,30.77999999999999,1.0,0.0,0.0,0.0,0.0,0.0,0.0,0.0,1.0,1.0,2.0,2.0,0.0,0.0,0.0,0.0,0.0,0.0,0.0,0.0,0.0,0.0,0.0,0.0,0.0,0.0,0.0,0.0,0.0,0.0,0.0,0.0,0.0,0.0,0.0,0.0,0.0,0.0,0.0,0.0,1.0,1.0,0.0,0.0,0.0,0.0,0.0,0.0,0.0,0.0,0.0,0.0,0.0,0.0,0.0,0.0,0.0,0.0,0.0,0.0,0.0,0.0,0.0,0.0,0.0,0.0,0.0,0.0,0.0,0.0,0.0,0.0,0.0,0.0,0.0,0.0,0.0,0.0,0.0,0.0,0.0,0.0,0.0,0.0,0.0,,,,,,,,
Anion_0123,O=C([O-])C=Cc1ccc(F)cc1,1.0821,-5.0345,-3.9524,3.5459,-3.5869,15.0796,-1.0,341.6923,-67.9089,-2.8081,-4.4935,110.0802,0.5165000000000001,7.1328,0.1402,-0.0205,0.0,11.4777,9.3466,0.8195,54.2727,-35.4011,4921.3918,119773.0406,205.2993,186.1528,0.0205,0.9122,0.8713000000000001,-0.0029,-1.7627000000000002,0.2471,3.5869,3.5459,-0.0057,0.041,5.1035,0.0141,47.0413,0.0029,-68.4242,2.6452,0.6782,0.195,2.0,0.0,13.187667548500883,13.187667548500883,0.749444444444443,-1.998901643990929,0.6014681265281681,19.08333333333333,165.14300000000003,159.09499999999997,165.03573123191,62.0,0.0,0.122750021450192,-0.5454669718266211,0.5454669718266211,0.122750021450192,1.583333333333333,2.166666666666666,2.666666666666666,2.324109840727561,3.725155823702038,539.6616674438746,14.196152422706634,11.694461053936951,5.694461053936953,8.196152422706634,5.847230526968477,2.847230526968476,1.726439715069878,1.726439715069878,0.884053190868272,0.884053190868272,0.473276595434136,0.473276595434136,-1.64,6275.096569964415,3.391133242866793,3.6650127290329513,2.537166624834163,77.3877406866754,9.901064578912528,5.817220841045895,0.0,0.0,0.0,0.0,0.0,4.39041504767482,0.0,0.0,18.136909161362155,23.70036065305915,0.0,14.193856624973169,22.516030963608667,12.021377033987417,0.0,0.0,0.0,0.0,0.0,41.602418909431634,0.0,0.0,5.106527394840706,4.39041504767482,0.0,0.0,5.969305287951849,4.794537184071822,5.817220841045895,13.788002828718314,30.221746576688744,0.0,6.052071746035566,0.0,40.13,53.623795943419054,14.291479626587348,0.0,0.0,0.0,0.0,0.0,0.0,0.0,0.0,8.224551337021321,56.57964364449484,0.0,10.406696271101032,10.406696271101032,-0.749444444444443,-3.4002621882086173,-6.243329554043838,0.0,0.0,0.0,0.0,12.0,0.0,2.0,0.0,0.0,0.0,1.0,0.0,1.0,2.0,0.0,3.0,2.0,0.0,0.0,0.0,1.0,0.5888,40.44100000000002,1.0,0.0,0.0,0.0,0.0,0.0,0.0,0.0,1.0,1.0,1.0,1.0,0.0,0.0,0.0,0.0,0.0,0.0,0.0,0.0,0.0,0.0,0.0,0.0,0.0,0.0,0.0,0.0,0.0,0.0,0.0,0.0,0.0,0.0,1.0,0.0,0.0,0.0,0.0,0.0,0.0,0.0,0.0,0.0,1.0,0.0,0.0,0.0,0.0,0.0,0.0,0.0,0.0,0.0,0.0,0.0,0.0,0.0,0.0,0.0,0.0,0.0,0.0,0.0,0.0,0.0,0.0,0.0,0.0,0.0,0.0,0.0,0.0,0.0,0.0,0.0,0.0,0.0,0.0,0.0,0.0,0.0,0.0,0.0,0.0,,,,,,,,
Anion_0124,O=C([O-])COc1ccc2ccccc2c1,1.2437,-5.2274,-3.9837,3.2223,-3.3951,14.2574,-1.0,384.1212,-66.0431,-2.0211,-4.6056,144.1437,0.4228,6.6174,0.1511,-0.0864,0.0006,13.4618,8.0999,1.1634,58.1716,-42.7227,8382.5488,203596.6943,247.5887,235.66,0.0864,0.9159,0.7431,-0.013,-1.568,0.237,3.3957,3.2229,-0.0261,0.1728,4.718,0.0163,,0.0031,-66.6368,1.9366,0.6782,3.4166,2.0,0.0,10.71407910618589,10.71407910618589,0.405221088435373,-3.392003850151172,0.7429709809731521,19.6,201.20100000000005,192.129,201.05571772791,76.0,0.0,0.127584247966649,-0.5464327098899691,0.5464327098899691,0.127584247966649,1.333333333333333,2.066666666666667,2.8,2.50160163550614,2.9414490290039943,878.673409447302,18.557959742272438,16.22474487139159,7.224744871391589,10.913295905025253,8.316496580927726,3.8164965809277263,2.445705769029127,2.445705769029127,1.463488514873247,1.463488514873247,0.907775293744606,0.907775293744606,-2.029999999999999,112719.66809427118,3.5221373395178253,4.002881593971449,2.255082717534503,99.55698746328233,14.637927532712578,12.308497076200194,0.0,0.0,0.0,0.0,0.0,0.0,0.0,0.0,30.212093538316477,22.857285844256182,0.0,18.306132293483827,26.974754538244557,16.74175371688144,0.0,0.0,0.0,0.0,6.558985242916289,42.29693095364306,0.0,5.749511833283905,9.843390348640757,0.0,5.749511833283905,0.0,12.528290530868135,4.794537184071822,0.0,12.33682700553198,42.29693095364306,0.0,10.772448428929591,0.0,49.36,71.34718174672469,9.901064578912528,0.0,0.0,0.0,0.0,0.0,0.0,0.0,4.736862953800049,12.33682700553198,73.18383727872587,0.0,10.71407910618589,9.842328350327993,0.0,-3.185534874443604,-5.079372677311665,0.0,-3.392003850151172,0.0,0.083333333333333,15.0,0.0,3.0,0.0,0.0,0.0,2.0,0.0,2.0,3.0,0.0,3.0,3.0,0.0,0.0,0.0,2.0,0.968499999999999,54.45000000000002,1.0,0.0,0.0,0.0,0.0,0.0,0.0,0.0,1.0,1.0,1.0,1.0,0.0,0.0,0.0,0.0,0.0,0.0,0.0,0.0,0.0,0.0,0.0,0.0,0.0,0.0,0.0,0.0,0.0,0.0,0.0,0.0,0.0,0.0,2.0,0.0,1.0,0.0,0.0,0.0,0.0,1.0,0.0,0.0,0.0,0.0,0.0,0.0,0.0,0.0,0.0,0.0,0.0,0.0,0.0,0.0,0.0,0.0,0.0,0.0,0.0,0.0,0.0,0.0,0.0,0.0,0.0,0.0,0.0,0.0,0.0,0.0,0.0,0.0,0.0,0.0,0.0,0.0,0.0,0.0,0.0,0.0,0.0,0.0,0.0,,,,,,,,
Anion_0125,CCCCCCCCCCC/C=C\CCCCC(=O)[O-],1.9469,-4.7688,-2.822,3.1985,-5.5143,16.3069,-1.0,530.3776,-68.8198,-1.4675,-3.7954,222.7381,0.1854,8.7128,0.1148,-1.1579,0.077,41.8949,7.7233,-1.3842,105.1106,-63.7476,22227.8531,476544.8325,419.4755,437.7589,1.1579,2.5549,0.2391,-0.1329,-1.0203,0.1171,5.5913,3.2755,-0.2657,2.3158,4.3275,0.0065,,0.0122,-68.5774,0.547,0.6782,2.3008,2.0,0.0,11.183650340988963,11.183650340988963,2.486677980903806,-5.085643833979875,0.320153692225533,47.3,281.4599999999995,248.19599999999997,281.2486038759107,118.0,0.0,0.057246284496773,-0.5501718593593411,0.5501718593593411,0.057246284496773,0.95,1.45,2.0,2.93489087804024,7.723070383537641,1425.220288212577,44.23205080756888,42.816496580927726,9.816496580927726,22.258759813876274,21.158248290463863,4.658248290463863,2.287457478565265,2.287457478565265,1.039562072615965,1.039562072615965,0.488531036307982,0.488531036307982,-0.79,4053904076.293626,2.429056993001353,16.264914881933006,17.21,171.57344629816515,9.901064578912528,0.0,0.0,0.0,0.0,0.0,0.0,0.0,0.0,0.0,69.93943482000184,38.23754940797628,48.4628205292287,2.74151711234044,55.13609693252983,5.969305287951849,0.0,0.0,0.0,96.072840735907,0.0,12.104143492071133,0.0,0.0,5.106527394840706,0.0,0.0,0.0,5.969305287951849,4.794537184071822,0.0,141.30787308952415,12.104143492071133,0.0,0.0,0.0,40.13,114.14628951593,9.901064578912528,0.0,0.0,0.0,0.0,0.0,0.0,0.0,0.0,45.235032353617285,259.4539442157476,0.0,11.183650340988963,11.183650340988963,0.0,-2.954083350641009,-5.017984842288141,-66.9827990352287,-4.116377669567685,0.0,0.833333333333333,20.0,0.0,2.0,0.0,0.0,0.0,0.0,0.0,0.0,2.0,0.0,2.0,16.0,0.0,0.0,0.0,0.0,4.773800000000004,84.45900000000006,1.0,0.0,0.0,0.0,0.0,0.0,0.0,0.0,1.0,1.0,1.0,1.0,0.0,0.0,0.0,0.0,0.0,0.0,0.0,0.0,0.0,0.0,0.0,0.0,0.0,0.0,2.0,0.0,0.0,0.0,0.0,0.0,0.0,0.0,0.0,0.0,0.0,0.0,0.0,0.0,0.0,0.0,0.0,0.0,0.0,0.0,0.0,0.0,0.0,0.0,0.0,0.0,0.0,0.0,0.0,0.0,0.0,0.0,0.0,0.0,0.0,0.0,0.0,0.0,0.0,0.0,0.0,0.0,0.0,0.0,0.0,0.0,0.0,0.0,0.0,0.0,0.0,0.0,0.0,0.0,0.0,0.0,0.0,0.0,0.0,,,,,,,,
Anion_0126,COC(=O)CCCCC(=O)[O-],3.0869,-5.2421,-2.1552,3.6544,-6.1741,9.8434,-0.9998,340.3624,-67.2815,-2.5232,-3.6987,101.217,0.1159,9.8284,0.1021,-1.2599,0.0813,34.5047,9.1169,-2.6877,109.1525,-37.118,4738.9419,102443.206,218.7655,200.9143,1.2599,2.8137,0.294,-0.1275,-1.1973,0.1225,6.2554,3.7357,-0.2551,2.5197000000000003,4.4745,0.0049,,0.0146,-68.5714,3.1348,0.6782,0.9588,2.0,0.0,11.421170634920635,11.421170634920635,2.337478741496598,-4.105254629629631,0.399222508229188,30.363636363636363,159.1610000000001,148.07299999999998,159.06628241191,64.0,0.0,0.305002042076849,-0.550171859218419,0.550171859218419,0.305002042076849,1.545454545454545,2.181818181818181,2.727272727272727,2.247801448128246,5.894567111119509,465.5512572506606,18.3618073195658,16.132993161855453,5.132993161855452,9.32120275781564,7.770620726159658,2.270620726159658,1.176977029746495,1.176977029746495,0.484321848206581,0.484321848206581,0.190077590769957,0.190077590769957,-1.06,12553.971087796252,1.9980719088056544,5.704344619021978,6.829917453952502,80.61440239784551,14.637927532712576,0.0,0.0,0.0,0.0,5.969305287951849,4.794537184071822,0.0,0.0,0.0,0.0,19.118774703988137,23.308298638642984,11.150228127393248,34.510808834656814,11.9386105759037,0.0,0.0,0.0,25.49169960531752,7.037952458882589,0.0,0.0,0.0,5.106527394840706,0.0,0.0,0.0,18.976563034786288,14.325937321943693,0.0,40.570043723189954,0.0,0.0,0.0,0.0,66.43,44.4682626401038,14.69560176298435,0.0,0.0,0.0,0.0,0.0,0.0,0.0,4.736862953800049,15.07834411787242,81.13580857111363,0.0,22.03975253527337,10.618581900352734,0.0,-5.016771581317712,0.0,-16.236299012660623,0.0,-3.457739079428069,0.7142857142857141,11.0,0.0,4.0,0.0,0.0,0.0,0.0,0.0,0.0,4.0,0.0,4.0,6.0,0.0,0.0,0.0,0.0,-0.5303,35.49099999999999,1.0,0.0,0.0,0.0,0.0,0.0,0.0,0.0,1.0,1.0,2.0,2.0,0.0,0.0,0.0,0.0,0.0,0.0,0.0,0.0,0.0,0.0,0.0,0.0,0.0,0.0,0.0,0.0,0.0,0.0,0.0,0.0,0.0,0.0,0.0,0.0,0.0,0.0,0.0,0.0,1.0,1.0,0.0,0.0,0.0,0.0,0.0,0.0,0.0,0.0,0.0,0.0,0.0,0.0,0.0,1.0,0.0,0.0,0.0,0.0,0.0,0.0,0.0,0.0,0.0,0.0,0.0,0.0,0.0,0.0,0.0,0.0,0.0,0.0,0.0,0.0,0.0,0.0,0.0,0.0,0.0,0.0,0.0,0.0,0.0,,,,,,,,
Anion_0127,O=C([O-])Cc1ccccc1Br,2.4306,-5.4398,-3.0093,3.4345,-4.6198,10.7152,-1.0,328.8001,-61.508,-1.894,-4.2245,117.8575,0.2472,8.0543,0.1242,-0.5926,0.0218,19.9435,8.7348,-0.2451,77.1497,-32.6498,5600.1432,168347.0222,208.0934,194.4541,0.5926,1.6867,0.5014000000000001,-0.0736,-1.4209,0.1764,4.6415,3.4563,-0.1472,1.1852,4.8374,0.0093,16.6031,0.0011,-61.8758,1.5836,0.6782,3.9355,2.0,0.0,10.67385582010582,10.67385582010582,0.321574074074073,-3.004745370370371,0.7278855344255141,18.63636363636364,214.03800000000004,207.99,212.95566511191,58.0,0.0,0.063469850185548,-0.5498055047029571,0.5498055047029571,0.063469850185548,1.727272727272727,2.363636363636363,3.0,2.230781029060305,3.724144995555669,472.2741503408441,13.54145188432738,11.194461053936951,6.780457593051658,7.618802153517008,5.597230526968477,3.390228796525829,1.601439715069878,2.39443798462723,0.8687987499944251,1.46354745216244,0.485430411305195,0.782804762389202,-0.8300000000000001,3368.479353881061,3.27069151627593,3.5289206965279103,2.347837021867244,81.41441380717816,9.901064578912528,0.0,0.0,0.0,0.0,0.0,0.0,0.0,0.0,0.0,34.057200020939234,11.60587019936029,19.55646681745408,5.483034224680881,18.12561591593385,21.8992491859012,0.0,0.0,0.0,6.372924901329379,0.0,34.20584583818259,0.0,0.0,5.106527394840706,0.0,0.0,15.929943897949348,5.969305287951849,11.1674620854012,0.0,13.788002828718314,28.64239434648559,0.0,0.0,0.0,40.13,42.075356511631405,9.901064578912528,0.0,4.472719515832414,0.0,0.0,0.0,0.0,0.0,15.929943897949348,8.224551337021321,43.83439153439153,2.7781712962962963,10.67385582010582,10.67385582010582,-0.677314814814814,-2.066453136810279,-2.545094482237338,-3.004745370370371,0.0,0.0,0.125,11.0,0.0,2.0,0.0,0.0,0.0,1.0,0.0,1.0,2.0,0.0,3.0,2.0,0.0,0.0,0.0,1.0,0.741499999999999,42.853000000000016,1.0,0.0,0.0,0.0,0.0,0.0,0.0,0.0,1.0,1.0,1.0,1.0,0.0,0.0,0.0,0.0,0.0,0.0,0.0,0.0,0.0,0.0,0.0,0.0,0.0,0.0,0.0,0.0,0.0,0.0,0.0,0.0,0.0,0.0,1.0,0.0,0.0,0.0,0.0,0.0,0.0,0.0,0.0,0.0,1.0,0.0,0.0,0.0,0.0,0.0,0.0,0.0,0.0,0.0,0.0,0.0,0.0,0.0,0.0,0.0,0.0,0.0,0.0,0.0,0.0,0.0,0.0,0.0,0.0,0.0,0.0,0.0,0.0,0.0,0.0,0.0,0.0,0.0,0.0,0.0,0.0,0.0,0.0,0.0,0.0,,,,,,,,
Anion_0128,O=C([O-])c1cc2ccccc2s1,1.8494,-5.4428,-3.5934,3.6817,-3.8155,16.016,-1.0,332.7587,-69.3974,-2.1312,-4.5181,124.5775,0.3702,7.4972,0.1334,-0.0669,0.0003,11.4758,8.8866,0.8018000000000001,62.8591,-33.4377,6038.5875,170206.6326,205.8255,190.9439,0.0669,1.0052,0.8714000000000001,-0.0089,-1.8074,0.2411,3.8158,3.682,-0.0178,0.1338,4.9111,0.0117,30.6818,0.0066,-70.6416,2.6971,0.6782,0.194,2.0,0.0,10.746958616780043,10.746958616780043,0.069259259259258,-1.548091458805744,0.6576000732354641,16.166666666666668,177.20400000000004,172.164,177.00157397991,60.0,0.0,0.081518340506424,-0.5439300334111801,0.5439300334111801,0.081518340506424,1.5,2.25,3.0,2.615141360529381,3.022035639581752,648.854123745746,12.903259203893182,10.72474487139159,6.541241452319316,7.857948465255108,5.566496580927726,3.882993161855452,2.047767841645094,3.068388567804751,1.281143696413162,2.264306944007555,0.7993994389765381,1.546136244313649,-1.349999999999999,6660.765045268333,3.57746800854909,2.604540125711298,1.079998559915515,80.09898138911909,9.901064578912528,0.0,0.0,0.0,0.0,0.0,0.0,0.0,0.0,11.336785877934735,18.127256122989884,17.471061629791386,4.699919916469101,17.700245262504247,16.754857359763626,27.39223529682048,0.0,0.0,0.0,0.0,0.0,35.08924073201777,0.0,0.0,5.106527394840706,0.0,0.0,11.336785877934735,5.969305287951849,0.0,0.0,16.52547715862422,30.212093538316477,0.0,10.086144130933896,0.0,40.13,30.138980118605023,9.901064578912528,0.0,21.005710032298488,11.336785877934735,0.0,0.0,0.0,0.0,0.0,6.853792780851101,37.75380763416477,0.635277777777777,10.36455120937264,10.677699357520789,0.0,-1.548091458805744,-2.0499111866969,0.0,0.0,0.0,0.0,12.0,0.0,2.0,0.0,0.0,0.0,1.0,1.0,2.0,3.0,0.0,3.0,1.0,0.0,0.0,0.0,2.0,1.2648,46.15550000000002,0.0,0.0,0.0,0.0,1.0,0.0,0.0,0.0,1.0,1.0,1.0,1.0,0.0,0.0,0.0,0.0,0.0,0.0,0.0,0.0,0.0,0.0,0.0,0.0,0.0,0.0,0.0,0.0,0.0,0.0,0.0,0.0,0.0,0.0,1.0,0.0,1.0,0.0,0.0,0.0,0.0,0.0,0.0,0.0,0.0,0.0,0.0,0.0,0.0,0.0,0.0,0.0,0.0,0.0,0.0,0.0,0.0,0.0,0.0,0.0,0.0,0.0,0.0,0.0,0.0,0.0,0.0,0.0,0.0,0.0,0.0,0.0,0.0,0.0,0.0,0.0,0.0,0.0,0.0,0.0,0.0,0.0,1.0,0.0,0.0,,,,,,,,
Anion_0129,CCC=CC(=O)[O-],2.9295,-4.4104,-1.4809,3.1507,-6.8632,14.5057,-1.0,274.118,-71.7045,-2.2277,-2.9456,70.7332,0.1355,10.0139,0.0999,-1.8563,0.1721,119.8163,9.606,-3.974,82.1276,-22.6055,2174.9737,48193.6706,161.7777,136.9228,1.8563,3.7963,0.0838,-0.1854,-0.6472,0.0646,7.0353,3.3228,-0.3707,3.7126,4.6723,0.0046,,0.0809,-72.4495,2.2945,0.6782,0.3137,2.0,0.0,10.08754157218443,10.08754157218443,1.418981481481481,-3.188657407407407,0.445851907096867,31.142857142857142,99.10899999999997,92.05299999999998,99.04515304391,40.0,0.0,0.063915241093836,-0.5454792781552851,0.5454792781552851,0.063915241093836,2.428571428571428,3.1428571428571432,3.571428571428571,1.988453225212624,5.325055756636805,276.29496669303865,11.732050807568877,10.316496580927726,3.3164965809277263,6.014742878019982,4.908248290463863,1.4082482904638631,0.662457478565264,0.662457478565264,0.227062072615965,0.227062072615965,0.082281036307982,0.082281036307982,-0.79,495.1248530779434,1.130669608630296,3.401938579654511,5.21,52.29996580664621,9.901064578912528,0.0,0.0,0.0,0.0,0.0,0.0,0.0,0.0,0.0,12.903963863331246,12.424996647364946,6.853792780851101,8.71082240029229,19.496374472104065,5.969305287951849,0.0,0.0,0.0,13.22481701862506,0.0,12.104143492071133,0.0,0.0,5.106527394840706,0.0,0.0,0.0,5.969305287951849,4.794537184071822,0.0,22.8201269118166,12.104143492071133,0.0,0.0,0.0,40.13,31.29826579864804,9.901064578912528,0.0,0.0,0.0,0.0,0.0,0.0,0.0,0.0,9.59530989319154,47.64209278155707,0.0,10.08754157218443,10.08754157218443,0.0,-2.080439814814815,-2.885532407407406,-3.162546296296296,-3.188657407407407,0.0,0.4,7.0,0.0,2.0,0.0,0.0,0.0,0.0,0.0,0.0,2.0,0.0,2.0,3.0,0.0,0.0,0.0,0.0,-0.2975,24.43799999999999,1.0,0.0,0.0,0.0,0.0,0.0,0.0,0.0,1.0,1.0,1.0,1.0,0.0,0.0,0.0,0.0,0.0,0.0,0.0,0.0,0.0,0.0,0.0,0.0,0.0,0.0,1.0,0.0,0.0,0.0,0.0,0.0,0.0,0.0,0.0,0.0,0.0,0.0,0.0,0.0,0.0,0.0,0.0,0.0,0.0,0.0,0.0,0.0,0.0,0.0,0.0,0.0,0.0,0.0,0.0,0.0,0.0,0.0,0.0,0.0,0.0,0.0,0.0,0.0,0.0,0.0,0.0,0.0,0.0,0.0,0.0,0.0,0.0,0.0,0.0,0.0,0.0,0.0,0.0,0.0,0.0,0.0,0.0,0.0,0.0,,,,,,,,
Anion_0130,CC(C)=CCCC(C)=CC(=O)[O-],2.8026,-4.6587,-1.8561,3.0847,-5.8287,13.7363,-1.0,358.5248,-70.0771,-2.0119,-3.2575,128.337,0.1419,8.9134,0.1122,-1.372,0.1056,60.8251,8.359,-1.4116,90.6328,-37.3905,7080.3277,157521.0047,246.5551,241.7437,1.372,2.9087,0.1647,-0.1539,-0.8563000000000001,0.0961,5.9343,3.1904,-0.3078,2.744,4.8457,0.0068,,0.0332,-70.4436,1.7002000000000002,0.6782,0.366,2.0,0.0,10.848794091710758,10.848794091710758,1.75578939909297,-3.964050925925926,0.469113680733035,35.833333333333336,167.22800000000012,152.10799999999998,167.10775329991,68.0,0.0,0.064177821045255,-0.54546891740255,0.54546891740255,0.064177821045255,1.666666666666666,2.416666666666666,2.916666666666666,2.316392762239012,7.099519067393045,641.5557930972298,22.386751345948127,20.816496580927726,5.816496580927726,11.502776749732568,10.158248290463863,2.658248290463863,1.5374574785652642,1.5374574785652642,0.602062072615965,0.602062072615965,0.289562072615965,0.289562072615965,-1.05,91525.31082158786,1.741482765129457,5.581273962290575,7.061731843575418,94.67483734778742,9.901064578912528,0.0,0.0,0.0,0.0,0.0,0.0,0.0,0.0,0.0,17.198280806174104,39.35359790058136,17.819861230212858,8.71082240029229,30.462442921465826,5.969305287951849,0.0,0.0,0.0,33.3015261545458,0.0,23.25035255220967,0.0,0.0,5.106527394840706,0.0,0.0,0.0,5.969305287951849,4.794537184071822,0.0,53.86290449709914,23.25035255220967,0.0,0.0,0.0,40.13,62.52118399470731,9.901064578912528,0.0,0.0,0.0,0.0,0.0,0.0,0.0,0.0,20.561378342553297,110.5391119457042,0.0,10.848794091710758,10.848794091710758,-3.658397108843536,-2.455392180020156,-3.832046012849583,-7.897962962962965,-10.809568531116152,0.0,0.5,12.0,0.0,2.0,0.0,0.0,0.0,0.0,0.0,0.0,2.0,0.0,2.0,7.0,0.0,0.0,0.0,0.0,1.428999999999999,47.42900000000003,1.0,0.0,0.0,0.0,0.0,0.0,0.0,0.0,1.0,1.0,1.0,1.0,0.0,0.0,0.0,0.0,0.0,0.0,0.0,0.0,0.0,0.0,0.0,0.0,0.0,0.0,3.0,0.0,0.0,0.0,0.0,0.0,0.0,0.0,0.0,0.0,0.0,0.0,0.0,0.0,0.0,0.0,0.0,0.0,0.0,0.0,0.0,0.0,0.0,0.0,0.0,0.0,0.0,0.0,0.0,0.0,0.0,0.0,0.0,0.0,0.0,0.0,0.0,0.0,0.0,0.0,0.0,0.0,0.0,0.0,0.0,0.0,0.0,0.0,0.0,0.0,0.0,0.0,0.0,0.0,0.0,0.0,0.0,0.0,0.0,,,,,,,,
Anion_0131,O=C([O-])C1=CCCCC1,3.1391,-4.4789,-1.3398,3.0504,-6.8204,14.425,-1.0,293.8074,-71.7617,-2.08,-2.9094,88.97,0.1115,9.8708,0.1013,-1.885,0.18,145.3488,9.1181,-3.6532,85.392,-27.9336,3493.5842,78487.4714,183.3351,166.2138,1.885,3.8388,0.0688,-0.191,-0.5827,0.059,7.0004,3.2304,-0.3819,3.77,4.6175,0.0048,,0.0806,-72.4459,2.086,0.6782,0.347,2.0,0.0,10.782211356764927,10.782211356764927,1.451273148148148,-3.468796296296297,0.5031865365100431,57.11111111111112,125.14699999999992,116.07499999999996,125.06080310791,50.0,0.0,0.067118743851081,-0.5451790841713611,0.5451790841713611,0.067118743851081,1.888888888888888,2.666666666666666,3.333333333333333,2.135395286038651,3.786717267068005,436.19710493726046,14.732050807568877,13.316496580927726,4.316496580927726,7.726067743425169,6.658248290463863,2.158248290463863,1.287457478565265,1.287457478565265,0.704124145231931,0.704124145231931,0.352062072615965,0.352062072615965,-0.79,3341.8936226504893,1.440960068416907,2.667270003769998,1.557397546315933,66.83395988224582,9.901064578912528,0.0,0.0,0.0,0.0,0.0,0.0,0.0,0.0,0.0,6.052071746035566,31.064804135386787,10.96606844936176,7.34006384412207,22.237891584444505,5.969305287951849,0.0,0.0,0.0,25.49169960531752,0.0,11.625176276104837,0.0,0.0,5.106527394840706,0.0,0.0,0.0,5.969305287951849,4.794537184071822,0.0,37.82852661084951,11.625176276104837,0.0,0.0,0.0,40.13,43.0861811693742,9.901064578912528,0.0,0.0,0.0,0.0,0.0,0.0,0.0,0.0,12.33682700553198,66.15141061980347,0.0,10.782211356764927,10.782211356764927,-1.506828703703703,-2.228472222222223,-1.451273148148148,-13.52925925925926,0.0,0.0,0.5714285714285711,9.0,0.0,2.0,1.0,0.0,1.0,0.0,0.0,0.0,2.0,0.0,2.0,1.0,0.0,0.0,0.0,1.0,0.236699999999999,31.55799999999999,1.0,0.0,0.0,0.0,0.0,0.0,0.0,0.0,1.0,1.0,1.0,1.0,0.0,0.0,0.0,0.0,0.0,0.0,0.0,0.0,0.0,0.0,0.0,0.0,0.0,0.0,1.0,0.0,0.0,0.0,0.0,0.0,0.0,0.0,0.0,0.0,0.0,0.0,0.0,0.0,0.0,0.0,0.0,0.0,0.0,0.0,0.0,0.0,0.0,0.0,0.0,0.0,0.0,0.0,0.0,0.0,0.0,0.0,0.0,0.0,0.0,0.0,0.0,0.0,0.0,0.0,0.0,0.0,0.0,0.0,0.0,0.0,0.0,0.0,0.0,0.0,0.0,0.0,0.0,0.0,0.0,0.0,0.0,0.0,0.0,,,,,,,,
Anion_0132,O=C([O-])CCC1=[N+]=C(c2ccccc2)C(=C2C=CC=C[CH-]2)O1,0.4967,-5.2726,-4.7759,3.3455,-2.1017,23.4693,-0.8994000000000001,525.281,-70.2461,-2.4461,-5.0243,213.3304,0.6218,5.4472000000000005,0.1837,0.6219,0.0364,6.944,7.8155,3.3863,50.9543,-61.0526,18289.8019,446511.2058,360.1833,348.216,-0.6219,0.2047,1.4485,0.1147,-1.9837,0.3647,2.1381,3.3819,0.2294,-1.2438,4.979,0.031,,0.0566,-68.9865,0.5083,0.6782,4.1713000000000005,1.9999,0.0001,11.2863731995451,11.2863731995451,0.719794028722599,-3.757959078693208,0.616125809343115,31.90909090909091,292.31399999999974,278.202,292.0979168879104,110.0,0.0,0.458208762078444,-0.550152212190952,0.550152212190952,0.458208762078444,1.409090909090909,2.227272727272727,3.0,3.236886144969557,2.487695402675797,1354.5252633159314,27.65181786940711,24.671958466891542,10.671958466891548,16.38854666132059,12.763710176427685,5.763710176427685,3.7342064574466143,3.7342064574466143,2.362521862210601,2.362521862210601,1.548913495513783,1.548913495513783,-2.969999999999999,38830333.5722838,5.041386186743079,6.204845198565776,3.025722131157232,147.7099079608532,14.637927532712578,5.759164871656176,0.0,0.0,0.0,11.609430347128312,0.0,0.0,0.0,30.60516024626996,28.36838151432416,16.197113083837248,20.566781526302545,18.790169173877477,33.828547319095655,17.578735635080164,0.0,4.668020861265006,0.0,12.74584980265876,0.0,77.71297467800888,0.0,0.0,9.774548256105712,0.0,0.0,0.0,17.578735635080164,9.53140013787187,6.396873262127694,37.49992108073885,65.75264992418418,0.0,0.0,0.0,63.46,108.0375601157478,9.901064578912528,0.0,0.0,0.0,0.0,0.0,0.0,0.0,4.668020861265006,23.927482740183127,119.89908367152596,0.0,11.2863731995451,11.2863731995451,-2.256899565381707,-4.654357305186127,-7.6639613593243645,-8.229945174057283,0.0,0.0,0.111111111111111,22.0,0.0,4.0,1.0,1.0,2.0,1.0,0.0,1.0,3.0,0.0,4.0,4.0,0.0,0.0,0.0,3.0,1.0860899999999991,82.62400000000002,1.0,0.0,0.0,0.0,0.0,0.0,0.0,0.0,1.0,1.0,1.0,1.0,0.0,0.0,0.0,1.0,0.0,0.0,0.0,0.0,0.0,0.0,0.0,0.0,0.0,0.0,6.0,0.0,0.0,0.0,0.0,0.0,0.0,0.0,1.0,0.0,0.0,0.0,0.0,0.0,0.0,1.0,0.0,0.0,0.0,0.0,0.0,0.0,0.0,0.0,0.0,0.0,0.0,0.0,0.0,0.0,0.0,0.0,0.0,0.0,0.0,0.0,0.0,0.0,0.0,0.0,0.0,0.0,0.0,0.0,0.0,0.0,0.0,0.0,0.0,0.0,0.0,0.0,0.0,0.0,0.0,0.0,0.0,0.0,0.0,,,,,,,,
Anion_0133,O=C([O-])CN1C(=O)C[S+]=C1[S-],2.4327,-6.5252,-4.0925,4.4655000000000005,-3.5822000000000003,2.271,-1.0,316.9859,-48.1045,-2.1202,-5.3089,111.8847,0.2807,8.0477,0.1243,0.4416,0.0121,6.684,9.2974,0.9894,71.7515,-34.6589,5208.3469,160833.8245,196.0094,184.5928,-0.4416,0.6128,1.4961,0.0549,-2.4536,0.3049,3.5943,4.4776,0.1098,-0.8833000000000001,4.7017,0.009,,0.0584,-52.2318,5.5693,0.6782,0.764,2.0,0.0,11.300069444444444,11.300069444444444,0.085648148148148,-3.133912037037037,0.269864572321737,28.181818181818183,190.225,186.193,189.96380856791,60.0,0.0,0.241711161355712,-0.548192383408277,0.548192383408277,0.241711161355712,2.090909090909091,2.727272727272727,3.090909090909091,2.20486241337134,3.161119741908148,369.2886421436752,12.01650785794505,8.988455047819272,6.621448209674725,6.603894828266745,4.395565264641526,3.620310136033115,1.509855302874026,2.949918631674666,0.814406631978933,1.880857928766732,0.449211914451139,1.188516311622104,-0.7500000000000001,1201.6500152873805,4.318944290550939,3.100415512465374,1.8412426035502951,78.17207222761502,9.901064578912528,0.0,4.320534085558971,5.9071797293515065,0.0,0.0,9.6944469149223,0.0,0.0,11.350969244424816,0.0,12.628789148012991,0.0,23.65415608209883,20.178635987665228,40.176777495300136,0.0,4.899909730850478,0.0,0.0,12.201816569466104,0.0,0.0,0.0,5.106527394840706,0.0,0.0,0.0,33.298745403178906,33.56883276058145,0.0,5.483034224680881,0.0,0.0,0.0,0.0,60.44,28.398835672328428,14.69560176298435,0.0,4.899909730850478,11.350969244424816,0.0,0.0,0.0,0.0,12.628789148012991,5.483034224680881,27.946364323507183,4.824050925925925,21.82457246787604,10.438854875283448,-2.430671296296296,-3.469259259259259,0.0,0.0,-3.133912037037037,0.0,0.4,11.0,0.0,4.0,0.0,1.0,1.0,0.0,0.0,0.0,4.0,0.0,6.0,2.0,0.0,0.0,0.0,1.0,-2.7046,41.32400000000001,1.0,0.0,0.0,0.0,0.0,0.0,0.0,0.0,1.0,1.0,2.0,2.0,0.0,0.0,0.0,1.0,0.0,0.0,0.0,0.0,0.0,0.0,0.0,0.0,0.0,0.0,0.0,1.0,0.0,0.0,0.0,0.0,0.0,0.0,0.0,0.0,0.0,0.0,0.0,0.0,0.0,0.0,0.0,0.0,0.0,0.0,0.0,0.0,0.0,0.0,0.0,0.0,0.0,0.0,0.0,0.0,0.0,0.0,0.0,0.0,0.0,0.0,0.0,0.0,0.0,0.0,0.0,0.0,0.0,0.0,0.0,0.0,0.0,0.0,0.0,0.0,0.0,0.0,0.0,0.0,0.0,0.0,0.0,0.0,0.0,,,,,,,,
Anion_0134,CCCCCCCCCCCCCC=CC(=O)[O-],2.9511000000000003,-4.4391,-1.488,3.1425,-6.7086,39.0659,-1.0,585.4688,-72.8954,-2.4856,-2.9636,199.049,0.1332,9.8511,0.1015,-1.783,0.1614,106.5972,8.052,-1.544,82.5218,-57.4108,17723.3301,381149.5725,415.1102,398.2968,1.783,3.6599,0.0938,-0.181,-0.6798000000000001,0.069,6.87,3.3039,-0.362,3.5661,5.037,0.0053,,0.0475,-72.7836,1.6956,0.6782,0.3146,2.0,0.0,10.923685169754522,10.923685169754522,2.08579575301265,-5.048080068447135,0.367576523421892,46.333333333333336,253.40600000000023,224.17399999999995,253.21730374791,106.0,0.0,0.063915413808488,-0.545479276738851,0.545479276738851,0.063915413808488,1.055555555555555,1.555555555555555,2.055555555555555,2.848506541960896,7.607992659128576,1232.947017748703,39.23205080756888,37.816496580927726,8.816496580927726,19.764742878019984,18.658248290463863,4.158248290463863,2.037457478565265,2.037457478565265,0.9145620726159652,0.9145620726159652,0.426031036307982,0.426031036307982,-0.79,361657200.6496821,2.212472523588096,14.271690314620606,15.21,153.22368006870067,9.901064578912528,0.0,0.0,0.0,0.0,0.0,0.0,0.0,0.0,0.0,76.63321287662504,18.79792154869433,37.010481016595946,8.71082240029229,49.65306270784894,5.969305287951849,0.0,0.0,0.0,83.32699093324824,0.0,12.104143492071133,0.0,0.0,5.106527394840706,0.0,0.0,0.0,5.969305287951849,4.794537184071822,0.0,123.0789890621845,12.104143492071133,0.0,0.0,0.0,40.13,101.40043971327124,9.901064578912528,0.0,0.0,0.0,0.0,0.0,0.0,0.0,0.0,39.75199812893639,227.05758478247097,0.0,10.923685169754522,10.923685169754522,0.0,-2.591860502748329,-4.267251228247522,-57.71166180041159,-4.084181590572647,0.0,0.8125,18.0,0.0,2.0,0.0,0.0,0.0,0.0,0.0,0.0,2.0,0.0,2.0,14.0,0.0,0.0,0.0,0.0,3.993600000000002,75.22500000000005,1.0,0.0,0.0,0.0,0.0,0.0,0.0,0.0,1.0,1.0,1.0,1.0,0.0,0.0,0.0,0.0,0.0,0.0,0.0,0.0,0.0,0.0,0.0,0.0,0.0,0.0,1.0,0.0,0.0,0.0,0.0,0.0,0.0,0.0,0.0,0.0,0.0,0.0,0.0,0.0,0.0,0.0,0.0,0.0,0.0,0.0,0.0,0.0,0.0,0.0,0.0,0.0,0.0,0.0,0.0,0.0,0.0,0.0,0.0,0.0,0.0,0.0,0.0,0.0,0.0,0.0,0.0,0.0,0.0,0.0,0.0,0.0,0.0,0.0,0.0,0.0,0.0,0.0,0.0,0.0,0.0,0.0,0.0,0.0,0.0,,,,,,,,
Anion_0135,O=C([O-])CCCC(=O)c1ccccc1,0.9953,-5.2812,-4.2859,3.5627,-3.2568,10.1717,-1.0,379.0045,-64.2072,-2.3605,-4.7836,135.4785,0.457,6.8196,0.1467,0.153,0.0017,9.879,8.6896,0.9144,61.2202,-41.5888,7702.5623,181129.6143,245.8381,235.6023,-0.153,0.7064,1.0123,0.0224,-1.8578,0.2724,3.2586,3.5645,0.0449,-0.3059,4.649,0.0147,,0.0138,-65.1239,2.599,0.6782,0.6061000000000001,2.0,0.0,12.376857993197277,12.376857993197277,0.8748266119719491,-3.973399116591083,0.646331295687197,24.142857142857142,191.20600000000007,180.11799999999997,191.07136779191,74.0,0.0,0.162384769732581,-0.550171644334398,0.550171644334398,0.162384769732581,1.2857142857142851,1.928571428571428,2.5,2.4989201415906552,3.683920444832304,727.1246066726139,20.11880215351701,17.72474487139159,6.724744871391589,11.029485756039968,8.862372435695795,3.362372435695794,1.991581623797196,1.991581623797196,1.067655181539914,1.067655181539914,0.565077590769957,0.565077590769957,-1.639999999999999,100606.5249004398,2.923004316006755,5.167915581597221,3.391133242866793,97.82806714560948,9.901064578912528,0.0,5.783244946364939,0.0,0.0,0.0,4.794537184071822,0.0,0.0,0.0,30.212093538316477,12.74584980265876,26.13023301799954,6.853792780851101,29.773945880856765,11.75255023431679,0.0,0.0,0.0,19.118774703988137,0.0,35.77554503001347,0.0,0.0,5.106527394840706,0.0,0.0,0.0,11.75255023431679,4.794537184071822,0.0,44.5551074976294,30.212093538316477,0.0,0.0,0.0,57.2,66.6468699683184,14.69560176298435,0.0,0.0,0.0,0.0,0.0,0.0,0.0,0.0,15.07834411787242,81.81206475258581,0.0,23.174156896561296,10.79729890336402,-1.213867630385487,-4.601980452674895,-5.081661981922397,-11.802677154195017,0.0,0.0,0.272727272727272,14.0,0.0,3.0,0.0,0.0,0.0,1.0,0.0,1.0,3.0,0.0,3.0,5.0,0.0,0.0,0.0,1.0,0.7894999999999991,49.630500000000026,1.0,0.0,0.0,0.0,0.0,0.0,0.0,0.0,1.0,1.0,2.0,2.0,0.0,0.0,0.0,0.0,0.0,0.0,0.0,0.0,0.0,0.0,0.0,0.0,0.0,0.0,0.0,0.0,0.0,0.0,0.0,0.0,0.0,0.0,1.0,0.0,0.0,0.0,0.0,0.0,0.0,0.0,0.0,0.0,0.0,0.0,0.0,0.0,0.0,0.0,0.0,1.0,1.0,0.0,0.0,0.0,0.0,0.0,0.0,0.0,0.0,0.0,0.0,0.0,0.0,0.0,0.0,0.0,0.0,0.0,0.0,0.0,0.0,0.0,0.0,0.0,0.0,0.0,0.0,0.0,0.0,0.0,0.0,0.0,0.0,,,,,,,,
Anion_0136,O=C([O-])CC12CC3CC(CC(C3)C1)C2,5.276,-4.5531,0.7229,3.0417,-9.5447,16.483,-1.0,359.3462,-69.3618,-1.8274,-1.9151,137.9454,0.0106,12.5865,0.0794,-3.2515,0.42,6805.8904,8.3269,-5.3002,132.7658,-42.806,8803.8054,194969.8209,246.8569,255.3077,3.2515,6.5049,0.0018,-0.2583,0.1049,-0.0084,9.9647,3.4617,-0.5167,6.503,4.7648,0.0024,,0.1696,-70.0668,1.8542,0.6782,0.2066,2.0,0.0,11.746087018140589,11.746087018140589,2.913371598639457,-4.488194444444448,0.6636864395202521,105.85714285714286,193.26600000000013,176.12999999999997,193.12340336391,78.0,0.0,0.04193705813146,-0.550149611948598,0.550149611948598,0.04193705813146,1.357142857142857,1.7857142857142851,2.1428571428571432,2.538742273527408,2.820696149267508,776.445117476507,25.077350269189623,23.816496580927726,6.816496580927726,13.193375672974064,12.408248290463863,3.908248290463863,3.037457478565265,3.037457478565265,1.977062072615965,1.977062072615965,1.559343108923948,1.559343108923948,-0.53,1066028.0356232529,1.986716622360846,2.7398409384801683,1.26958942240147,108.57637518069708,9.901064578912528,0.0,0.0,0.0,0.0,0.0,0.0,0.0,0.0,0.0,0.0,67.70733783479166,29.272200742845584,0.0,33.20396003380626,5.969305287951849,0.0,0.0,23.09686352548601,44.61047430930565,0.0,0.0,0.0,0.0,5.106527394840706,0.0,0.0,0.0,5.969305287951849,4.794537184071822,23.09686352548601,67.91336976419943,0.0,0.0,0.0,0.0,40.13,73.67664312274351,9.901064578912528,0.0,0.0,0.0,0.0,0.0,0.0,0.0,0.0,23.302895454893736,140.93282549130765,0.0,11.746087018140589,11.746087018140589,-4.45150462962963,-15.490454931972796,0.0,-30.06637329931973,0.0,0.0,0.916666666666666,14.0,0.0,2.0,4.0,0.0,4.0,0.0,0.0,0.0,2.0,0.0,2.0,2.0,4.0,0.0,4.0,4.0,1.342799999999999,50.22900000000004,1.0,0.0,0.0,0.0,0.0,0.0,0.0,0.0,1.0,1.0,1.0,1.0,0.0,0.0,0.0,0.0,0.0,0.0,0.0,0.0,0.0,0.0,0.0,0.0,0.0,0.0,0.0,0.0,0.0,0.0,0.0,0.0,0.0,0.0,0.0,0.0,0.0,0.0,0.0,0.0,0.0,0.0,0.0,0.0,0.0,0.0,0.0,0.0,0.0,0.0,0.0,0.0,0.0,0.0,0.0,0.0,0.0,0.0,0.0,0.0,0.0,0.0,0.0,0.0,0.0,0.0,0.0,0.0,0.0,0.0,0.0,0.0,0.0,0.0,0.0,0.0,0.0,0.0,0.0,0.0,0.0,0.0,0.0,0.0,0.0,,,,,,,,
Anion_0137,O=C([O-])CF,5.128,-4.8564,0.2716,3.8578,-9.4159,6.081,-1.0,204.9456,-64.5381,-2.5346,-2.2924,37.0086,0.0125,13.2737,0.0753,-2.7791,0.2909,228.3105,11.3764,-8.0294,127.454,-18.3984,673.6026,14371.506,102.8366,79.256,2.7791,5.6019,0.0438,-0.2094,-0.5394,0.0406,9.7068,4.1487,-0.4187,5.5581,4.4525,0.0019,,0.1272,-66.4199,3.7382,0.6782,0.267,2.0,0.0,11.18287037037037,11.18287037037037,2.340277777777777,-3.694444444444444,0.39020699035371,16.2,77.03399999999999,75.018,77.00443110391001,30.0,0.0,0.128785135025053,-0.547293936218714,0.547293936218714,0.128785135025053,2.4,2.6,2.6,1.314320486706178,3.791118417086966,86.18080946738405,6.077350269189626,4.194461053936953,2.194461053936953,2.943375672974064,1.847230526968476,0.8472305269684761,0.381948596817571,0.381948596817571,0.077151674981045,0.077151674981045,0.0,0.0,-0.6000000000000001,17.086166327180322,1.744307270233196,1.6941176470588242,3.400000000000002,31.0354253977278,9.901064578912528,6.626694250678278,0.0,0.0,0.0,0.0,0.0,4.39041504767482,0.0,0.0,0.0,0.0,0.0,8.71082240029229,17.03299673892779,5.969305287951849,0.0,0.0,0.0,0.0,6.626694250678278,0.0,0.0,0.0,5.106527394840706,4.39041504767482,0.0,0.0,12.595999538630128,4.794537184071822,0.0,2.74151711234044,0.0,0.0,0.0,0.0,40.13,12.595999538630128,4.39041504767482,0.0,0.0,0.0,0.0,0.0,0.0,0.0,0.0,12.642581691252968,22.631944444444446,0.0,9.15972222222222,9.15972222222222,0.0,-2.340277777777777,0.0,0.0,-3.694444444444444,0.0,0.5,5.0,0.0,2.0,0.0,0.0,0.0,0.0,0.0,0.0,2.0,0.0,3.0,1.0,0.0,0.0,0.0,0.0,-1.2942,10.982,1.0,0.0,0.0,0.0,0.0,0.0,0.0,0.0,1.0,1.0,1.0,1.0,0.0,0.0,0.0,0.0,0.0,0.0,0.0,0.0,0.0,0.0,0.0,0.0,0.0,1.0,0.0,0.0,0.0,0.0,0.0,0.0,0.0,0.0,0.0,0.0,0.0,0.0,0.0,0.0,0.0,0.0,0.0,0.0,1.0,0.0,0.0,0.0,0.0,0.0,0.0,0.0,0.0,0.0,0.0,0.0,0.0,0.0,0.0,0.0,0.0,0.0,0.0,0.0,0.0,0.0,0.0,0.0,0.0,0.0,0.0,0.0,0.0,0.0,0.0,0.0,0.0,0.0,0.0,0.0,0.0,0.0,0.0,0.0,0.0,,,,,,,,
Anion_0138,O=C([O-])Cc1ccc2c(c1)OCO2,2.4608,-5.1395,-2.6787,3.1325,-5.0809,12.428,-1.0,345.8364,-61.7339,-2.2784,-3.9091,115.1294,0.2179,8.2134,0.1218,-0.9742,0.0578,35.2609,8.2518,-1.0003,78.8842,-39.3562,5632.0048,133538.916,217.0436,198.1966,0.9742,2.232,0.2836,-0.1186,-1.0791,0.1314,5.1387,3.1903,-0.2372,1.9484,4.5999,0.0083,17.3067,0.0129,-63.4361,3.3024,0.6782,4.256,2.0,0.0,10.804632031053162,10.804632031053162,0.5389833711262281,-3.1967649281935,0.6254169212398181,25.692307692307693,179.15100000000004,172.09499999999997,179.03498228391,68.0,0.0,0.23080035935886,-0.5498061978919141,0.5498061978919141,0.23080035935886,1.692307692307692,2.461538461538461,3.230769230769231,2.623317831774865,2.762860657633544,613.0490056021556,15.455665446700475,13.132993161855453,6.132993161855452,8.98770497725203,6.724744871391589,3.224744871391589,2.108163247594393,2.108163247594393,1.260310363079829,1.260310363079829,0.790035069335222,0.790035069335222,-1.71,18239.92888433064,3.21262649081265,2.97068645609664,1.56017427588022,84.53803812158574,19.374790486512627,2.74151711234044,11.49902366656781,6.745045584503197,0.0,0.0,0.0,0.0,0.0,0.0,6.042418707663295,17.648288907023584,15.083747301621669,4.11227566851066,28.970100379704164,5.969305287951849,0.0,0.0,0.0,6.372924901329379,6.745045584503197,23.69070761468688,0.0,11.49902366656781,14.580253302440804,0.0,11.49902366656781,0.0,12.714350872455046,11.1674620854012,0.0,15.158761384888534,18.127256122989884,0.0,0.0,0.0,58.59,54.27700705503912,9.901064578912528,0.0,0.0,0.0,0.0,0.0,0.0,0.0,9.473725907600098,9.59530989319154,61.232527557319216,0.0,10.804632031053162,10.804632031053162,-0.942083333333332,-3.333519935752078,-2.529328703703702,-3.1967649281935,-2.6734280517762663,0.0,0.222222222222222,13.0,0.0,4.0,0.0,1.0,1.0,1.0,0.0,1.0,4.0,0.0,4.0,2.0,0.0,0.0,0.0,2.0,-0.2923,41.276000000000025,1.0,0.0,0.0,0.0,0.0,0.0,0.0,0.0,1.0,1.0,1.0,1.0,0.0,0.0,0.0,0.0,0.0,0.0,0.0,0.0,0.0,0.0,0.0,0.0,0.0,0.0,0.0,0.0,0.0,0.0,0.0,0.0,0.0,0.0,1.0,0.0,1.0,0.0,0.0,0.0,0.0,2.0,0.0,0.0,0.0,0.0,0.0,0.0,0.0,0.0,0.0,0.0,0.0,0.0,0.0,0.0,0.0,0.0,0.0,0.0,0.0,0.0,0.0,0.0,0.0,0.0,0.0,0.0,0.0,0.0,0.0,0.0,0.0,0.0,0.0,0.0,0.0,0.0,0.0,0.0,0.0,0.0,0.0,0.0,0.0,,,,,,,,
Anion_0139,COC1=CC=CC(=CC=C([O-])[O-])[CH+]1,1.2103,-4.8776,-3.6673,3.3383,-3.8155,19.1633,-1.0,374.6542,-71.4973,-2.5527,-4.2724,126.3796,0.476,7.1538,0.1398,-0.2386,0.004,14.892,8.6374,0.6725,55.8925,-38.4001,6516.1056,155059.9769,235.0961,216.9052,0.2386,1.1488,0.6716000000000001,-0.0333,-1.5499,0.2167,3.8194,3.3423,-0.0667,0.4772,4.8936,0.0134,18.3313,0.0004,-71.8589,2.2362,0.6782,0.3635,2.0,0.0,10.598158462459056,10.598158462459056,0.7968055555555551,-3.052671878936761,0.43251467765294,32.30769230769231,177.17900000000006,168.10699999999997,177.05571772791,68.0,0.0,0.203894689522569,-0.8833581632644371,0.8833581632644371,0.203894689522569,1.923076923076923,2.769230769230769,3.461538461538461,2.389148924978605,3.560603140682018,607.6220773753304,17.403259203893178,15.22474487139159,6.224744871391589,9.880603834574146,7.566496580927726,3.066496580927726,1.843643696413162,1.843643696413162,0.9936862178478972,0.9936862178478972,0.55360862707794,0.55360862707794,-1.77,29983.819008481496,2.8717012561181603,4.303970000923489,2.987277016152848,89.60623401054195,14.94991774348146,5.483034224680881,0.0,5.759164871656176,0.0,0.0,0.0,0.0,5.945225213243084,0.0,0.0,6.052071746035566,18.1562152381067,31.913794777966217,27.28674474901344,0.0,0.0,0.0,0.0,0.0,7.037952458882589,53.93472660727405,0.0,0.0,10.213054789681411,0.0,0.0,0.0,7.037952458882589,4.736862953800049,6.396873262127694,12.33682700553198,47.53785334514636,0.0,0.0,0.0,55.35,60.97267906615664,10.213054789681411,0.0,0.0,0.0,0.0,0.0,0.0,0.0,4.736862953800049,12.33682700553198,70.30673008786849,0.0,0.0,21.196316924918115,-0.7968055555555551,-2.934751551083396,-5.036526360544216,-0.932291666666666,0.0,-3.052671878936761,0.1,13.0,0.0,3.0,1.0,0.0,1.0,0.0,0.0,0.0,3.0,0.0,3.0,3.0,0.0,0.0,0.0,1.0,-0.220809999999999,44.698000000000015,0.0,0.0,0.0,0.0,0.0,0.0,0.0,0.0,0.0,0.0,0.0,0.0,0.0,0.0,0.0,0.0,0.0,0.0,0.0,0.0,0.0,0.0,0.0,0.0,0.0,0.0,6.0,0.0,0.0,0.0,0.0,0.0,0.0,0.0,0.0,0.0,0.0,0.0,0.0,0.0,0.0,1.0,0.0,0.0,0.0,0.0,0.0,0.0,0.0,0.0,0.0,0.0,0.0,0.0,0.0,1.0,0.0,0.0,0.0,0.0,0.0,0.0,0.0,0.0,0.0,0.0,0.0,0.0,0.0,0.0,0.0,0.0,0.0,0.0,0.0,0.0,0.0,0.0,0.0,0.0,0.0,0.0,0.0,0.0,0.0,,,,,,,,
Anion_0140,COC1=CC(=CC=C([O-])[O-])C=C(OC)[C+]1OC,1.1737,-4.9926,-3.8189,3.3962,-3.5477,20.8586,-1.0,455.9653,-73.1684,-3.0525,-4.4058,159.3824,0.4903,6.944,0.144,-0.0757,0.0004,12.5961,8.3511,1.1457,54.8458,-52.8535,10746.7953,248286.0217,301.0798,284.2629,0.0757,0.9455,0.7939,-0.0109,-1.6602,0.2391,3.5481,3.3966,-0.0218,0.1515,4.8241,0.0144,26.4524,0.0047,-73.5349,2.7408,0.6782,0.2363,2.0,0.0,10.87818891215807,10.87818891215807,1.096674225245653,-3.356378299004788,0.496672555461299,29.294117647058822,237.23100000000008,224.12699999999995,237.07684709591,92.0,0.0,0.268769613739154,-0.883930748706329,0.883930748706329,0.268769613739154,1.352941176470588,2.0,2.470588235294117,2.505202497744488,3.954286114455388,765.8374324463961,23.81747276626628,21.04124145231932,8.041241452319316,13.249506658309166,10.382993161855453,3.882993161855452,2.456016132108956,2.456016132108956,1.485267841645093,1.485267841645093,0.8874149571305291,0.8874149571305291,-2.01,681179.5903517129,3.7448227362883273,5.907591111713937,3.2205019646914392,118.18309069902014,19.68678069728151,0.0,2.74151711234044,0.0,17.622296131060654,0.0,4.736862953800049,5.945225213243084,0.0,0.0,6.052071746035566,6.052071746035566,0.0,53.86944951666062,42.24350488129444,0.0,0.0,0.0,0.0,0.0,21.113857376647765,53.34891285851527,0.0,0.0,10.213054789681411,0.0,0.0,0.0,21.113857376647765,14.210588861400147,6.103966387748303,17.819861230212858,47.24494647076697,0.0,0.0,0.0,73.81,74.46277023516303,10.213054789681411,0.0,0.0,0.0,0.0,0.0,0.0,0.0,14.210588861400147,17.819861230212858,109.02239363102524,0.0,0.0,21.75637782431614,-1.096674225245653,-4.738200480809607,-5.35564062893676,-1.269647581254724,0.0,-10.068608539094653,0.25,17.0,0.0,5.0,1.0,0.0,1.0,0.0,0.0,0.0,5.0,0.0,5.0,7.0,0.0,0.0,0.0,1.0,-0.27261,56.602000000000025,0.0,0.0,0.0,0.0,0.0,0.0,0.0,0.0,0.0,0.0,0.0,0.0,0.0,0.0,0.0,0.0,0.0,0.0,0.0,0.0,0.0,0.0,0.0,0.0,0.0,0.0,5.0,0.0,0.0,0.0,0.0,0.0,0.0,0.0,0.0,0.0,0.0,0.0,0.0,0.0,0.0,3.0,0.0,0.0,0.0,0.0,0.0,0.0,0.0,0.0,0.0,0.0,0.0,0.0,0.0,3.0,0.0,0.0,0.0,0.0,0.0,0.0,0.0,0.0,0.0,0.0,0.0,0.0,0.0,0.0,0.0,0.0,0.0,0.0,0.0,0.0,0.0,0.0,0.0,0.0,0.0,0.0,0.0,0.0,0.0,,,,,,,,
Anion_0141,O=C([O-])Cc1ccc(Cl)c(Cl)c1,2.3491,-5.6291,-3.28,3.5321,-4.2138,7.415,-1.0,353.0579,-55.7814,-1.8577,-4.4546,123.3162,0.2614,7.7459,0.1291,-0.3409,0.0075,15.2114,8.5253,0.2339,74.5074,-37.1746,6276.7929,180313.4802,224.2502,209.0927,0.3409,1.3391,0.6574,-0.044,-1.5956,0.206,4.2213,3.5396,-0.088,0.6817000000000001,4.7205,0.0102,18.1337,0.0009,-56.4557,1.8539,0.6782,4.522,2.0,0.0,10.64338529856387,10.64338529856387,0.389292013101536,-3.085123456790123,0.7274590254342761,17.0,204.03200000000004,198.992,202.96720833991,64.0,0.0,0.064200819749669,-0.549806210022143,0.549806210022143,0.064200819749669,1.583333333333333,2.25,2.833333333333333,2.230781029060305,3.72414499555567,474.1742848707342,13.54145188432738,10.57242552694618,7.084283418983089,7.618802153517008,5.28621276347309,3.542141709491544,1.790421951574492,2.546350897592947,0.951758594834864,1.615437353558378,0.5326759704313491,0.7689037660621161,-0.7300000000000001,3368.479353881061,4.490448266782616,3.784877586546292,2.395055862407914,86.74842815513233,9.901064578912528,0.0,0.0,0.0,0.0,0.0,0.0,0.0,0.0,0.0,29.24429848812833,17.648288907023584,15.083747301621669,14.157542295993313,16.754857359763626,29.17118506841688,0.0,0.0,0.0,6.372924901329379,0.0,33.73597424216953,0.0,0.0,5.106527394840706,0.0,0.0,23.20187978046503,5.969305287951849,11.1674620854012,0.0,12.417244272548094,18.127256122989884,10.045266627482652,0.0,0.0,40.13,41.05557111770944,9.901064578912528,0.0,5.022633313741326,0.0,0.0,0.0,0.0,0.0,0.0,30.05567256131613,36.78284297052154,11.112913832199544,10.64338529856387,9.789085569412952,-0.8362037037037031,-2.113621189216426,-2.154390432098764,-3.085123456790123,0.0,0.0,0.125,12.0,0.0,2.0,0.0,0.0,0.0,1.0,0.0,1.0,2.0,0.0,4.0,2.0,0.0,0.0,0.0,1.0,1.285799999999999,45.173000000000016,1.0,0.0,0.0,0.0,0.0,0.0,0.0,0.0,1.0,1.0,1.0,1.0,0.0,0.0,0.0,0.0,0.0,0.0,0.0,0.0,0.0,0.0,0.0,0.0,0.0,0.0,0.0,0.0,0.0,0.0,0.0,0.0,0.0,0.0,1.0,0.0,0.0,0.0,0.0,0.0,0.0,0.0,0.0,0.0,2.0,0.0,0.0,0.0,0.0,0.0,0.0,0.0,0.0,0.0,0.0,0.0,0.0,0.0,0.0,0.0,0.0,0.0,0.0,0.0,0.0,0.0,0.0,0.0,0.0,0.0,0.0,0.0,0.0,0.0,0.0,0.0,0.0,0.0,0.0,0.0,0.0,0.0,0.0,0.0,0.0,,,,,,,,
Anion_0142,C=CCCCCC(=O)[O-],1.9559,-4.4382,-2.4823,3.1789,-6.1965,13.3013,-1.0,316.2902,-69.1787,-1.9153,-3.4603,94.211,0.1815,9.3754,0.1069,-1.5088,0.1226,71.7488,8.9597,-2.6253,107.9978,-28.9324,3901.6768,85320.557,201.7934,183.5496,1.5088,3.171,0.1533,-0.1602,-0.835,0.0898,6.319,3.3014,-0.3204,3.0176,4.6761,0.0058,,0.0453,-69.8176,1.8761,0.6782,0.9131,2.0,0.0,10.596872795414464,10.596872795414464,1.441031273620559,-3.926504629629629,0.397875442753166,32.666666666666664,127.16299999999993,116.07499999999996,127.07645317191,52.0,0.0,0.05695960852786,-0.5501718593593501,0.5501718593593501,0.05695960852786,2.0,2.777777777777777,3.333333333333333,2.259468787975097,6.11830671452565,434.0525940170166,16.732050807568875,15.316496580927726,4.316496580927726,8.547434948471087,7.408248290463863,1.9082482904638631,0.912457478565264,0.912457478565264,0.352062072615965,0.352062072615965,0.144781036307982,0.144781036307982,-0.79,6432.707639365101,1.2870451873182511,5.348696255201112,7.210000000000003,70.64973203611066,9.901064578912528,0.0,0.0,0.0,0.0,0.0,0.0,0.0,0.0,6.531038962001867,6.052071746035566,25.49169960531752,16.935373737313608,4.11227566851066,24.979408696784944,5.969305287951849,0.0,0.0,0.0,25.49169960531752,0.0,12.583110708037434,0.0,0.0,5.106527394840706,0.0,0.0,0.0,5.969305287951849,4.794537184071822,0.0,40.570043723189954,12.583110708037434,0.0,0.0,0.0,40.13,44.0441156013068,9.901064578912528,0.0,0.0,0.0,0.0,0.0,0.0,0.0,0.0,15.07834411787242,78.6499963781809,0.0,10.596872795414464,10.596872795414464,0.0,-2.588281840513983,-1.541182445200302,-15.27324640967498,-1.441031273620559,0.0,0.5714285714285711,9.0,0.0,2.0,0.0,0.0,0.0,0.0,0.0,0.0,2.0,0.0,2.0,5.0,0.0,0.0,0.0,0.0,0.482699999999999,33.67199999999999,1.0,0.0,0.0,0.0,0.0,0.0,0.0,0.0,1.0,1.0,1.0,1.0,0.0,0.0,0.0,0.0,0.0,0.0,0.0,0.0,0.0,0.0,0.0,0.0,0.0,0.0,1.0,0.0,0.0,0.0,0.0,0.0,0.0,0.0,0.0,0.0,0.0,0.0,0.0,0.0,0.0,0.0,0.0,0.0,0.0,0.0,0.0,0.0,0.0,0.0,0.0,0.0,0.0,0.0,0.0,0.0,0.0,0.0,0.0,0.0,0.0,0.0,0.0,0.0,0.0,0.0,0.0,0.0,0.0,0.0,0.0,0.0,0.0,0.0,0.0,0.0,0.0,0.0,0.0,0.0,0.0,0.0,0.0,0.0,0.0,,,,,,,,
Anion_0143,O=C([O-])c1ccc(Cl)s1,2.3559,-5.7421,-3.3862,4.0614,-4.253,8.707,-1.0,291.7876,-62.3849,-1.981,-4.5642,96.749,0.245,8.3144,0.1203,-0.0958,0.0006,10.5742,9.5704,-0.134,70.6991,-27.887,3743.0131,118676.993,171.6631,154.3426,0.0958,1.1373,0.9457,-0.0115,-1.9828,0.2385,4.2536,4.062,-0.023,0.1916,4.814,0.0084,30.7773,0.0083,-64.1269,3.0448,0.6782,0.213,2.0,0.0,10.224645061728395,10.224645061728395,0.008518518518519,-1.457962962962963,0.6104604400233801,12.555555555555555,161.589,159.57299999999998,160.94695156391,48.0,0.0,0.093485506536625,-0.543929857233697,0.543929857233697,0.093485506536625,1.888888888888888,2.555555555555555,2.777777777777777,2.16535588199899,3.294579812854017,309.6762166380794,8.593858127134677,6.102709344400816,5.675134871346996,5.036581260209189,3.005478817432339,3.199939871369293,1.24234856226248,2.865040779543188,0.651371984105889,1.731446832028876,0.339239428952197,1.084611239183765,-0.54,283.66162054186776,4.303131806865086,2.370470899615934,1.432478222446661,63.50567158376215,9.901064578912528,0.0,0.0,0.0,0.0,0.0,0.0,0.0,0.0,11.336785877934735,11.600939890232516,12.08483741532659,0.0,17.924298609739218,12.642581691252968,28.907031056119106,0.0,0.0,0.0,0.0,0.0,21.29831362477352,0.0,0.0,5.106527394840706,0.0,0.0,22.93772576816725,5.969305287951849,0.0,0.0,12.41320149011356,12.08483741532659,4.336329015745631,0.0,0.0,40.13,5.969305287951849,9.901064578912528,0.0,21.29831362477352,11.336785877934735,0.0,0.0,0.0,0.0,0.0,14.342457002572957,14.130833333333332,6.076111111111111,9.93297839506173,10.224645061728395,0.0,-1.457962962962963,-0.628827160493826,0.0,0.0,0.0,0.0,9.0,0.0,2.0,0.0,0.0,0.0,0.0,1.0,1.0,3.0,0.0,4.0,1.0,0.0,0.0,0.0,1.0,0.764999999999999,33.6595,0.0,0.0,0.0,0.0,1.0,0.0,0.0,0.0,1.0,1.0,1.0,1.0,0.0,0.0,0.0,0.0,0.0,0.0,0.0,0.0,0.0,0.0,0.0,0.0,0.0,0.0,0.0,0.0,0.0,0.0,0.0,0.0,0.0,0.0,0.0,0.0,0.0,0.0,0.0,0.0,0.0,0.0,0.0,0.0,1.0,0.0,0.0,0.0,0.0,0.0,0.0,0.0,0.0,0.0,0.0,0.0,0.0,0.0,0.0,0.0,0.0,0.0,0.0,0.0,0.0,0.0,0.0,0.0,0.0,0.0,0.0,0.0,0.0,0.0,0.0,0.0,0.0,0.0,0.0,0.0,0.0,0.0,1.0,0.0,0.0,,,,,,,,
Anion_0144,Cc1c[n+](CC(=O)[O-])c([O-])[nH+]c1[O-],1.6455000000000002,-5.7502,-4.1047,4.2297,-3.7973,8.496,-1.0,347.9645,-62.1587,-4.7185,-4.9275,110.3213,0.2932,8.027,0.1246,0.2162,0.0029,8.1222,9.4788,-0.0651,77.7157,-40.9817,5368.7453,123110.6264,215.8655,197.2257,-0.2162,0.7988000000000001,1.2312,0.0269,-2.2229,0.2769,3.8002,4.2326,0.0539,-0.4324,4.4906,0.0087,,0.0285,-62.3411,4.2227,0.6782,4.524,2.0,0.0,11.544323979591836,11.544323979591836,0.432106481481481,-3.592592592592592,0.435408859952038,19.846153846153847,183.1430000000001,176.087,183.04113028391,70.0,0.0,0.458094677485617,-0.82276678792298,0.82276678792298,0.458094677485617,2.0,2.692307692307692,3.230769230769231,2.232922412309089,3.898255702042281,585.7622399267195,16.04145188432738,13.02742035285537,6.027420352855369,8.830127018922193,6.38174416517758,2.934530569677621,1.92100462205874,1.92100462205874,1.029038646306002,1.029038646306002,0.5672764482019781,0.5672764482019781,-1.8499999999999992,9923.107200301592,3.487014016953912,3.258090751373061,2.046576584780942,83.61257040121995,20.11411936859394,10.08158095646251,18.54974323156608,0.0,0.0,7.422306917915037,0.0,0.0,4.977003270229252,4.567099647791356,0.0,6.851892117295679,4.11227566851066,5.563451491696996,39.29461570196408,5.969305287951849,0.0,0.0,0.0,13.348751801611623,0.0,11.736346702511756,0.0,11.890453176022207,24.863685102542725,0.0,11.890453176022207,0.0,5.969305287951849,11.291396868387768,6.851892117295679,13.788002828718314,6.172895210814761,1.4118420783282,0.0,0.0,104.27,52.48895988611805,20.11411936859394,0.0,0.0,0.0,0.0,0.0,0.0,0.0,0.0,9.636393415349522,49.465751606198026,0.0,10.137469765684052,33.71178382464097,-1.335902777777777,-4.07533446712018,-1.803518518518518,-1.4465740740740731,-6.82034202569917,0.0,0.285714285714285,13.0,1.0,6.0,0.0,0.0,0.0,0.0,1.0,1.0,4.0,0.0,6.0,3.0,0.0,0.0,0.0,1.0,-4.006279999999998,31.828699999999998,1.0,0.0,0.0,0.0,0.0,2.0,1.0,0.0,1.0,1.0,1.0,1.0,0.0,0.0,0.0,1.0,1.0,0.0,0.0,0.0,0.0,1.0,0.0,0.0,0.0,0.0,0.0,0.0,0.0,0.0,0.0,0.0,0.0,0.0,0.0,0.0,0.0,0.0,0.0,0.0,0.0,0.0,0.0,0.0,0.0,0.0,0.0,0.0,0.0,0.0,0.0,0.0,0.0,0.0,0.0,0.0,0.0,0.0,0.0,0.0,0.0,0.0,0.0,0.0,0.0,0.0,0.0,0.0,0.0,0.0,0.0,0.0,0.0,0.0,0.0,0.0,0.0,0.0,0.0,0.0,0.0,0.0,0.0,0.0,0.0,,,,,,,,
Anion_0145,COc1cc(CC(=O)[O-])cc(OC)c1OC,2.7423,-5.1781,-2.4358,3.1472,-5.0827,11.8904,-1.0,427.1108,-66.8008,-2.642,-3.8069,148.6455,0.185,8.2299,0.1215,-0.9678,0.0569,34.6864,8.1354,-0.6935,80.7407,-50.748,9553.4334,217097.0315,289.3445,271.676,0.9678,2.2242,0.2887,-0.1176,-1.0897,0.1324,5.1397,3.2041,-0.2352,1.9356,4.6887,0.0084,17.6229,0.0112,-67.6755,2.8385,0.6782,4.2749,2.0,0.0,11.154841112370876,11.154841112370876,1.3285667044595622,-3.618668627173092,0.7054456568239941,24.875,225.22000000000008,212.116,225.07684709591,88.0,0.0,0.202774122169207,-0.549806178554742,0.549806178554742,0.202774122169207,1.375,1.9375,2.375,2.432800552321039,4.095995652282017,749.2964479516513,23.162772227887025,20.54124145231932,7.541241452319316,12.67215638911954,10.132993161855453,3.632993161855452,2.331016132108956,2.331016132108956,1.422767841645093,1.422767841645093,0.8759459934385121,0.8759459934385121,-1.91,369914.622382071,3.289821057762287,5.250254930945227,2.562216320388414,111.81712173442192,24.111653440312672,0.0,11.49902366656781,5.749511833283905,0.0,0.0,0.0,0.0,0.0,0.0,0.0,17.648288907023584,15.083747301621669,36.19220149452019,41.93151467052555,5.969305287951849,0.0,0.0,0.0,6.372924901329379,21.113857376647765,17.648288907023584,0.0,17.248535499851716,19.31711625624085,0.0,17.248535499851716,0.0,27.083162664599616,11.1674620854012,0.0,23.383312721909853,12.08483741532659,0.0,0.0,0.0,67.82000000000001,68.35291197280429,9.901064578912528,0.0,0.0,0.0,0.0,0.0,0.0,0.0,14.210588861400147,17.819861230212858,108.33424701593604,0.0,11.154841112370876,11.154841112370876,-1.394544595616023,-6.512217537477954,-2.782468820861677,-3.618668627173092,0.0,-10.16936299288234,0.363636363636363,16.0,0.0,5.0,0.0,0.0,0.0,1.0,0.0,1.0,5.0,0.0,5.0,8.0,0.0,0.0,0.0,1.0,0.004799999999999,54.80900000000003,1.0,0.0,0.0,0.0,0.0,0.0,0.0,0.0,1.0,1.0,1.0,1.0,0.0,0.0,0.0,0.0,0.0,0.0,0.0,0.0,0.0,0.0,0.0,0.0,0.0,0.0,0.0,0.0,0.0,0.0,0.0,0.0,0.0,0.0,1.0,0.0,0.0,0.0,0.0,0.0,0.0,3.0,0.0,0.0,0.0,0.0,0.0,0.0,0.0,0.0,0.0,0.0,0.0,0.0,0.0,3.0,0.0,0.0,0.0,0.0,0.0,0.0,0.0,0.0,0.0,0.0,0.0,0.0,0.0,0.0,0.0,0.0,0.0,0.0,0.0,0.0,0.0,0.0,0.0,0.0,0.0,0.0,0.0,0.0,0.0,,,,,,,,
Anion_0146,Cc1ccc(C(=O)[O-])s1,2.2781,-5.0811,-2.803,3.5507,-4.914,14.851,-1.0,296.2979,-72.648,-2.3985,-3.9421,96.0582,0.2503,8.4647,0.1181,-0.6816,0.0274,20.5677,9.3789,-0.904,71.1654,-27.0001,3712.1731,104097.2431,178.3468,159.7252,0.6816,1.8495,0.4862,-0.0805,-1.4345,0.1695,4.9414,3.5781,-0.1611,1.3633,4.9191,0.0081,17.1847,0.0035,-73.9719,3.0442,0.6782,0.274,2.0,0.0,10.426569349962207,10.426569349962207,0.387314814814814,-2.550347222222222,0.568290509818213,18.88888888888889,141.17100000000002,136.13099999999997,141.00157397991,48.0,0.0,0.081483508196704,-0.54393062780306,0.54393062780306,0.081483508196704,2.0,2.777777777777777,3.111111111111111,2.275369878017408,3.365242667298217,380.30896218144056,11.093858127134675,9.22474487139159,5.041241452319316,6.247906125614376,4.566496580927726,2.882993161855452,1.297767841645093,2.318388567804751,0.679081623797196,1.458120726159657,0.359321848206581,0.850903472003777,-0.8300000000000001,912.4233210849808,2.421524224137483,2.18767668064718,1.293954738709152,63.78225897178053,9.901064578912528,0.0,0.0,0.0,0.0,0.0,0.0,0.0,0.0,11.336785877934735,0.0,18.93672953262227,8.98942286221196,13.587969593993588,16.754857359763626,17.306091165886585,0.0,0.0,0.0,6.851892117295679,0.0,21.839131802729185,0.0,0.0,5.106527394840706,0.0,0.0,11.336785877934735,5.969305287951849,0.0,6.851892117295679,21.40262435232552,12.08483741532659,0.0,0.0,0.0,40.13,29.78318201427542,9.901064578912528,0.0,4.877147193701299,11.336785877934735,0.0,0.0,0.0,0.0,0.0,6.853792780851101,35.39081963340892,0.401620370370369,9.526407312925173,10.426569349962207,0.0,-1.621296296296296,-1.15710648148148,0.0,-2.550347222222222,0.0,0.166666666666666,9.0,0.0,2.0,0.0,0.0,0.0,0.0,1.0,1.0,3.0,0.0,3.0,2.0,0.0,0.0,0.0,1.0,0.420019999999999,33.3865,0.0,0.0,0.0,0.0,1.0,0.0,0.0,0.0,1.0,1.0,1.0,1.0,0.0,0.0,0.0,0.0,0.0,0.0,0.0,0.0,0.0,0.0,0.0,0.0,0.0,0.0,0.0,0.0,0.0,0.0,1.0,0.0,0.0,0.0,0.0,0.0,0.0,0.0,0.0,0.0,0.0,0.0,0.0,0.0,0.0,0.0,0.0,0.0,0.0,0.0,0.0,0.0,0.0,0.0,0.0,0.0,0.0,0.0,0.0,0.0,0.0,0.0,0.0,0.0,0.0,0.0,0.0,0.0,0.0,0.0,0.0,0.0,0.0,0.0,0.0,0.0,0.0,0.0,0.0,0.0,0.0,0.0,1.0,0.0,0.0,,,,,,,,
Anion_0147,CC=C(C)C(=O)[O-],,,,,,,,,,,,,,,,,,,,,,,,,,,,,,,,,,,,,,,,,,,,,,,,,,,,,,,,,,,,,,,,,,,,,,,,,,,,,,,,,,,,,,,,,,,,,,,,,,,,,,,,,,,,,,,,,,,,,,,,,,,,,,,,,,,,,,,,,,,,,,,,,,,,,,,,,,,,,,,,,,,,,,,,,,,,,,,,,,,,,,,,,,,,,,,,,,,,,,,,,,,,,,,,,,,,,,,,,,,,,,,,,,,,,,,,,,,,,,,,,,,,,,,,,,,,,,,,
Anion_0148,O=C([O-])C=Cc1ccc2c(c1)OCO2,1.1416,-4.9675,-3.8259,3.3867000000000003,-3.6352,20.0199,-1.0,370.6614,-69.2158,-2.7293000000000003,-4.3967,125.874,0.5053,7.0219,0.1424,-0.1243,0.0011,13.1946,8.5159,0.9013,54.723,-41.4624,6557.9491,158242.804,228.4515,210.5682,0.1243,1.0065,0.7579,-0.0177,-1.6312,0.2323,3.6363,3.3878,-0.0354,0.2486,4.8329,0.0139,22.2183,0.0026,-70.3959,3.2311,0.6782,0.2021,2.0,0.0,10.596676980977575,10.596676980977575,0.48006424792139,-2.635863488914084,0.625417731055338,25.571428571428573,191.16200000000003,184.106,191.03498228391,72.0,0.0,0.230800659455681,-0.54546697175761,0.54546697175761,0.230800659455681,1.642857142857142,2.428571428571428,3.214285714285714,2.712024104279792,2.757897173474129,682.7191635373898,16.11036598507973,13.632993161855453,6.6329931618554525,9.565055246441656,6.974744871391589,3.474744871391589,2.233163247594393,2.233163247594393,1.322810363079829,1.322810363079829,0.801504033027239,0.801504033027239,-1.969999999999999,33710.45961619781,3.647999361417186,3.413390103817235,1.685184435700173,90.21337720379812,19.374790486512627,2.74151711234044,11.49902366656781,6.745045584503197,0.0,0.0,0.0,0.0,0.0,0.0,12.09449045369886,23.70036065305915,0.0,12.823098068802947,28.970100379704164,12.021377033987417,0.0,0.0,0.0,0.0,6.745045584503197,29.742779360722444,0.0,11.49902366656781,14.580253302440804,0.0,11.49902366656781,0.0,12.714350872455046,4.794537184071822,0.0,15.158761384888534,24.17932786902545,0.0,6.052071746035566,0.0,58.59,60.00822564578087,9.901064578912528,0.0,0.0,0.0,0.0,0.0,0.0,0.0,9.473725907600098,9.59530989319154,61.697749734924834,0.0,10.596676980977575,10.596676980977575,-0.644212962962962,-2.975226035630301,-4.385801209372637,0.0,-2.635863488914084,0.0,0.1,14.0,0.0,4.0,0.0,1.0,1.0,1.0,0.0,1.0,4.0,0.0,4.0,2.0,0.0,0.0,0.0,2.0,0.178399999999999,46.60600000000002,1.0,0.0,0.0,0.0,0.0,0.0,0.0,0.0,1.0,1.0,1.0,1.0,0.0,0.0,0.0,0.0,0.0,0.0,0.0,0.0,0.0,0.0,0.0,0.0,0.0,0.0,0.0,0.0,0.0,0.0,0.0,0.0,0.0,0.0,1.0,0.0,1.0,0.0,0.0,0.0,0.0,2.0,0.0,0.0,0.0,0.0,0.0,0.0,0.0,0.0,0.0,0.0,0.0,0.0,0.0,0.0,0.0,0.0,0.0,0.0,0.0,0.0,0.0,0.0,0.0,0.0,0.0,0.0,0.0,0.0,0.0,0.0,0.0,0.0,0.0,0.0,0.0,0.0,0.0,0.0,0.0,0.0,0.0,0.0,0.0,,,,,,,,
Anion_0149,CCCCCCCCCCCC(=O)N(C)CC(=O)[O-],3.3679,-5.1076,-1.7397,3.3295,-6.492,21.7745,-1.0,562.582,-65.9518,-2.5332,-3.4236,198.846,0.0764,9.8215,0.1018,-1.5812,0.1273,64.278,7.8672,-1.9017,102.0692,-61.815,18004.7322,384564.7836,412.1544,399.2991,1.5812,3.3181,0.1556,-0.161,-0.8741,0.089,6.6193,3.4568,-0.322,3.1625,4.564,0.0048,,0.0253,-66.0741,1.9774,0.6782,2.3336,2.0,0.0,12.935854554971844,12.935854554971844,1.415795992999259,-5.08531431090955,0.510288580581994,41.89473684210526,270.3929999999998,242.16899999999995,270.2074673359104,112.0,0.0,0.22214646112138,-0.5482100496379431,0.5482100496379431,0.22214646112138,1.052631578947368,1.631578947368421,2.157894736842105,2.802553531202229,7.562385870396219,1208.3654806323848,39.23205080756888,37.171958466891546,9.171958466891548,19.720084679281463,18.283192828945733,4.283192828945732,2.289823638473706,2.289823638473706,1.075613719330512,1.075613719330512,0.50142778317589,0.50142778317589,-1.06,311824773.4235211,2.549077939849187,11.998586610972906,11.748156508316464,156.06472625656767,14.800974309763005,0.0,0.0,5.9071797293515065,0.0,0.0,4.794537184071822,0.0,0.0,0.0,57.83529132793071,6.372924901329379,48.98847426203738,15.207682084608232,53.07684133575055,11.876485017303356,0.0,4.899909730850478,0.0,70.58114113058947,13.47268658459819,0.0,0.0,0.0,5.106527394840706,0.0,0.0,0.0,30.24908133275202,9.589074368143644,0.0,108.96238070335552,0.0,0.0,0.0,0.0,60.44,100.83022246334151,14.69560176298435,0.0,0.0,0.0,0.0,0.0,0.0,0.0,0.0,38.38123957276617,216.54400770479847,0.0,22.75160128651373,11.23154272454114,0.0,-6.062830600035686,0.0,-48.98522625511718,-12.89576152736719,0.0,0.866666666666666,19.0,0.0,4.0,0.0,0.0,0.0,0.0,0.0,0.0,3.0,0.0,4.0,14.0,0.0,0.0,0.0,0.0,2.115599999999999,74.48800000000006,1.0,0.0,0.0,0.0,0.0,0.0,0.0,0.0,1.0,1.0,2.0,2.0,0.0,0.0,0.0,1.0,0.0,0.0,0.0,1.0,0.0,0.0,0.0,0.0,0.0,0.0,0.0,1.0,0.0,0.0,0.0,0.0,0.0,0.0,0.0,0.0,0.0,0.0,0.0,0.0,0.0,0.0,0.0,0.0,0.0,0.0,0.0,0.0,0.0,0.0,0.0,0.0,0.0,0.0,0.0,0.0,0.0,0.0,0.0,0.0,0.0,0.0,0.0,0.0,0.0,0.0,0.0,0.0,0.0,0.0,0.0,0.0,0.0,0.0,0.0,0.0,0.0,0.0,0.0,0.0,0.0,0.0,0.0,0.0,0.0,,,,,,,,
Anion_0150,O=C([O-])Cc1cccnc1,2.2512,-5.1858,-2.9346,3.3264,-5.0227,9.387,-1.0,298.688,-63.5971,-1.843,-4.0602,94.6707,0.2631,8.3491,0.1198,-0.8482000000000001,0.0431,27.1887,8.8925,-1.2608,75.0133,-29.3364,3722.1039,87829.241,182.8051,163.7619,0.8482000000000001,2.0641,0.3678,-0.1016,-1.2391,0.1484,5.0658,3.3695,-0.2032,1.6963,4.664,0.008,16.6037,0.0089,-63.0858,0.6534,0.6782,2.4,2.0,0.0,10.533502456538171,10.533502456538171,0.673242630385487,-3.078703703703703,0.5437674689795611,19.2,136.13000000000005,130.082,136.04040201191,52.0,0.0,0.084290844508784,-0.5498052109423961,0.5498052109423961,0.084290844508784,2.0,2.8,3.5,2.132504217808053,3.578542332731545,460.68053990710297,12.671208396324303,10.763710176427685,4.763710176427685,7.191281798588442,5.355461885963821,2.355461885963821,1.372867675190233,1.372867675190233,0.6940705698034391,0.6940705698034391,0.391468020647197,0.391468020647197,-1.38,2085.5891250162767,2.341652590664364,2.9608875695574923,1.853879862817908,66.76651418248335,9.901064578912528,0.0,0.0,0.0,0.0,0.0,4.983978520947208,0.0,0.0,0.0,6.042418707663295,11.60587019936029,27.42953772325119,5.483034224680881,18.12561591593385,5.969305287951849,0.0,4.983978520947208,0.0,6.372924901329379,0.0,29.994079328653108,0.0,0.0,5.106527394840706,0.0,0.0,0.0,10.95328380889906,11.1674620854012,0.0,13.788002828718314,24.430627836956116,0.0,0.0,0.0,53.02,42.33630951793433,9.901064578912528,0.0,0.0,0.0,0.0,0.0,0.0,0.0,4.983978520947208,8.224551337021321,43.14884826152683,0.0,13.710840419501135,10.533502456538171,-0.867129629629629,-2.117193877551019,-1.559884259259258,-4.598983371126228,0.0,0.0,0.142857142857142,10.0,0.0,3.0,0.0,0.0,0.0,0.0,1.0,1.0,3.0,0.0,3.0,2.0,0.0,0.0,0.0,1.0,-0.626,32.94799999999999,1.0,0.0,0.0,0.0,0.0,1.0,0.0,0.0,1.0,1.0,1.0,1.0,0.0,0.0,0.0,1.0,0.0,0.0,0.0,0.0,0.0,0.0,0.0,0.0,0.0,0.0,0.0,0.0,0.0,0.0,0.0,0.0,0.0,0.0,0.0,0.0,0.0,0.0,0.0,0.0,0.0,0.0,0.0,0.0,0.0,0.0,0.0,0.0,0.0,0.0,0.0,0.0,0.0,0.0,0.0,0.0,0.0,0.0,0.0,0.0,0.0,0.0,0.0,0.0,0.0,0.0,0.0,0.0,0.0,0.0,0.0,0.0,0.0,1.0,0.0,0.0,0.0,0.0,0.0,0.0,0.0,0.0,0.0,0.0,0.0,,,,,,,,
Anion_0151,CC(=Cc1ccccc1)C(=O)[O-],1.7024,-4.8891,-3.1867,3.2496,-4.3125,12.4208,-1.0,348.4629,-69.2058,-2.0284,-4.0379,121.7593,0.364,7.5621,0.1323,-0.5315,0.0192,20.6287,8.7043,0.1202,65.8873,-34.3354,5968.016,142889.031,221.5349,204.7503,0.5315,1.5537,0.4908,-0.07,-1.3591,0.18,4.3317,3.2688,-0.14,1.0629,4.9437,0.0115,15.927,0.0024,-69.4021,1.5466,0.6782,1.3986,2.0,0.0,10.91810830813807,10.91810830813807,0.7310799319727881,-3.2233991165910822,0.602832732122354,23.83333333333333,161.18000000000006,152.10799999999998,161.06080310791,62.0,0.0,0.067176919843134,-0.545177883919284,0.545177883919284,0.067176919843134,1.666666666666666,2.333333333333333,2.833333333333333,2.315980337764944,3.870519003844225,615.9040600606168,16.696152422706632,14.816496580927726,5.816496580927726,9.40747728811182,7.408248290463863,2.908248290463863,1.7874574785652642,1.7874574785652642,0.9541241452319312,0.9541241452319312,0.488531036307982,0.488531036307982,-1.569999999999999,18134.126044699515,2.456756380837396,3.715479048307071,2.234974333040861,83.80205889864921,9.901064578912528,0.0,0.0,0.0,0.0,0.0,0.0,0.0,0.0,0.0,36.26416528435204,17.98844813906194,4.11227566851066,14.193856624973169,22.237891584444505,12.021377033987417,0.0,0.0,0.0,6.851892117295679,0.0,41.34864956008274,0.0,0.0,5.106527394840706,0.0,0.0,0.0,5.969305287951849,4.794537184071822,0.0,24.75217061452465,35.78519806838574,0.0,6.052071746035566,0.0,40.13,60.22191871136583,9.901064578912528,0.0,0.0,0.0,0.0,0.0,0.0,0.0,0.0,12.33682700553198,66.21812685027714,0.0,10.91810830813807,10.91810830813807,-2.210781840513982,-2.160359977324264,-5.209802532123958,0.0,-3.2233991165910822,0.0,0.1,12.0,0.0,2.0,0.0,0.0,0.0,1.0,0.0,1.0,2.0,0.0,2.0,3.0,0.0,0.0,0.0,1.0,0.8397999999999991,45.10000000000002,1.0,0.0,0.0,0.0,0.0,0.0,0.0,0.0,1.0,1.0,1.0,1.0,0.0,0.0,0.0,0.0,0.0,0.0,0.0,0.0,0.0,0.0,0.0,0.0,0.0,0.0,0.0,0.0,0.0,0.0,0.0,0.0,0.0,0.0,1.0,0.0,0.0,0.0,0.0,0.0,0.0,0.0,0.0,0.0,0.0,0.0,0.0,0.0,0.0,0.0,0.0,0.0,0.0,0.0,0.0,0.0,0.0,0.0,0.0,0.0,0.0,0.0,0.0,0.0,0.0,0.0,0.0,0.0,0.0,0.0,0.0,0.0,0.0,0.0,0.0,0.0,0.0,0.0,0.0,0.0,0.0,0.0,0.0,0.0,0.0,,,,,,,,
Anion_0152,O=C([O-])CC(F)(F)F,5.5556,-5.5771,-0.0215,4.488,-8.9708,6.385,-1.0,248.9446,-58.1147,-2.737,-2.7993,51.274,0.0078,13.4588,0.0743,-2.2414,0.1866,53.3333,11.7831,-6.6896,139.7737,-30.0414,1342.9358,28828.2328,137.4235,111.3308,2.2414,4.6703,0.1875,-0.1665,-1.1233,0.0835,9.1574,4.6746,-0.3331,4.4828,4.7881,0.002,,0.0555,-60.9999,4.9441,0.6782,0.415,2.0,0.0,11.288333333333334,11.288333333333334,2.777777777777777,-5.41087962962963,0.484252519464111,16.875,127.041,125.025,127.00123754391,48.0,0.0,0.39371524484762,-0.549815658069162,0.549815658069162,0.39371524484762,1.75,2.125,2.125,1.617252175632594,4.568979241768044,152.317030992143,8.577350269189626,5.450389999955409,3.450389999955408,4.193375672974064,2.475194999977704,1.475194999977704,0.910216547607899,0.910216547607899,0.243798749994425,0.243798749994425,0.115727512471568,0.115727512471568,-0.7400000000000001,69.54184355220156,4.169895702032608,2.019871996417393,5.260000000000001,45.73143831797688,9.901064578912528,0.0,0.0,0.0,0.0,6.176298517443475,0.0,0.0,13.17124514302446,0.0,0.0,0.0,2.74151711234044,12.342230189281228,25.813826834277428,5.969305287951849,0.0,0.0,0.0,12.549223418772854,0.0,0.0,0.0,0.0,5.106527394840706,13.17124514302446,0.0,0.0,12.145603805395323,4.794537184071822,0.0,9.11444201366982,0.0,0.0,0.0,0.0,40.13,18.5185287067247,23.07230972193699,0.0,0.0,0.0,0.0,0.0,0.0,0.0,0.0,2.74151711234044,45.68907407407408,0.0,9.461597222222222,9.461597222222222,0.0,-2.777777777777777,0.0,-9.667824074074074,0.0,0.0,0.6666666666666661,8.0,0.0,2.0,0.0,0.0,0.0,0.0,0.0,0.0,2.0,0.0,5.0,1.0,0.0,0.0,0.0,0.0,-0.311299999999999,15.679000000000002,1.0,0.0,0.0,0.0,0.0,0.0,0.0,0.0,1.0,1.0,1.0,1.0,0.0,0.0,0.0,0.0,0.0,0.0,0.0,0.0,0.0,0.0,0.0,0.0,0.0,3.0,0.0,0.0,0.0,0.0,0.0,0.0,0.0,0.0,0.0,0.0,0.0,0.0,0.0,0.0,0.0,0.0,0.0,0.0,3.0,0.0,0.0,0.0,0.0,0.0,0.0,0.0,0.0,0.0,0.0,0.0,0.0,0.0,0.0,0.0,0.0,0.0,0.0,0.0,0.0,0.0,0.0,0.0,0.0,0.0,0.0,0.0,0.0,0.0,0.0,0.0,0.0,0.0,0.0,0.0,0.0,0.0,0.0,0.0,0.0,,,,,,,,
Anion_0153,Cc1ccc2c(=O)c3cccc(CC(=O)[O-])c3oc2c1C,1.0446,-5.5966000000000005,-4.552,3.3578,-2.5452,11.1034,-1.0,460.2378,-65.6182,-2.5746,-5.0743,197.5138,0.5958,5.9030000000000005,0.1694,0.4063,0.014,8.332699999999999,7.8678,2.6872,48.7896,-59.5841,15972.0278,389604.2428,321.4512,323.5058,-0.4063,0.3875,1.2001,0.0688,-1.882,0.3188,2.5592,3.3717,0.1376,-0.8126,4.8711,0.0236,,0.0342,-65.6214,1.8996,0.6782,3.58,2.0,0.0,13.296875472411182,13.296875472411182,0.928502928949357,-3.560901478647014,0.6721220532619131,22.0,281.2869999999997,268.183,281.0819324759104,106.0,0.0,0.200044432543535,-0.549803727714067,0.549803727714067,0.200044432543535,1.2857142857142851,2.095238095238095,2.8095238095238093,2.657618322212782,2.8621923017114863,1447.518129984918,26.290010549841316,23.132993161855453,10.132993161855453,15.256665939490652,12.020620726159658,5.520620726159658,4.001891986877025,4.001891986877025,2.731058653543692,2.731058653543692,1.818601174978427,1.818601174978427,-2.619999999999999,8663647.039512793,4.982787732883968,4.735563761063727,2.087314294325239,138.44121191902792,14.318215515965877,11.166040283284485,0.0,5.428790391900541,0.0,0.0,4.794537184071822,0.0,0.0,0.0,18.127256122989884,36.91552463331194,28.871750130339983,17.62624120978069,32.13807674617873,27.90779400016593,0.0,0.0,0.0,20.076709135920737,0.0,57.12577558937982,0.0,0.0,10.535317786741246,0.0,0.0,0.0,5.969305287951849,11.1674620854012,13.70378423459136,34.51021570530385,39.42378165944165,0.0,21.938488712214077,0.0,70.34,100.31574154139466,14.69560176298435,0.0,0.0,0.0,0.0,0.0,0.0,0.0,0.0,22.237012167266204,107.2888523063036,0.0,24.753059307081667,9.582912859613796,-7.05809130133535,-2.398992018875449,-5.410947236919459,-3.560901478647014,-6.61255910388847,0.0,0.176470588235294,21.0,0.0,4.0,0.0,0.0,0.0,2.0,1.0,3.0,4.0,0.0,4.0,4.0,0.0,0.0,0.0,3.0,1.855439999999999,78.17500000000003,1.0,0.0,0.0,0.0,0.0,0.0,0.0,0.0,1.0,1.0,1.0,1.0,0.0,0.0,0.0,0.0,0.0,0.0,0.0,0.0,0.0,0.0,0.0,0.0,0.0,0.0,0.0,0.0,0.0,0.0,1.0,0.0,0.0,0.0,2.0,0.0,2.0,0.0,0.0,0.0,0.0,0.0,0.0,0.0,0.0,0.0,0.0,0.0,0.0,0.0,0.0,0.0,0.0,0.0,0.0,0.0,0.0,0.0,0.0,0.0,0.0,0.0,0.0,0.0,1.0,0.0,0.0,0.0,0.0,0.0,0.0,0.0,0.0,0.0,0.0,0.0,0.0,0.0,0.0,0.0,0.0,0.0,0.0,0.0,0.0,,,,,,,,
Anion_0154,O=C([O-])CC(c1ccccc1)c1ccccc1,1.6635,-4.9639,-3.3005,3.3211,-3.8483,14.6792,-1.0,429.9831,-68.3809,-2.0089,-4.1326,173.4922,0.3936,7.1694,0.1395,-0.2637,0.0049,15.3465,8.3465,1.3648,81.3276,-47.1015,12031.0888,291584.4428,290.6514,283.1606,0.2637,1.1793,0.652,-0.0368,-1.5287000000000002,0.2132,3.8532,3.326,-0.0735,0.5273,5.1193,0.0139,17.7992,0.0006,-68.2527,1.2025,0.6782,2.5233,2.0,0.0,11.620545319979843,11.620545319979843,0.9109515411102712,-3.87991307634165,0.797595803769034,22.705882352941178,225.26700000000008,212.16299999999995,225.09210323591,86.0,0.0,0.062583245316011,-0.5501357559876581,0.5501357559876581,0.062583245316011,1.117647058823529,1.529411764705882,1.88235294117647,2.671734025790162,3.261752584995129,951.6714663256328,23.505553499465137,21.316496580927726,8.316496580927726,13.54422863405995,10.908248290463863,4.408248290463863,2.787457478565265,2.787457478565265,1.727062072615965,1.727062072615965,1.102062072615965,1.102062072615965,-2.089999999999999,1524758.608518446,3.451721280788755,5.302388549592306,2.939109909148745,118.80369602317212,9.901064578912528,0.0,0.0,0.0,0.0,0.0,0.0,0.0,0.0,0.0,60.42418707663295,17.49982788472337,15.975538641825588,13.7075855617022,27.720925809125383,5.969305287951849,0.0,0.0,0.0,12.266882586692455,0.0,71.55109006002695,0.0,0.0,5.106527394840706,0.0,0.0,0.0,5.969305287951849,4.794537184071822,0.0,41.21364680029932,60.42418707663295,0.0,0.0,0.0,40.13,89.78727793467127,9.901064578912528,0.0,0.0,0.0,0.0,0.0,0.0,0.0,0.0,17.819861230212858,102.88282039976484,0.0,11.620545319979843,11.620545319979843,-2.41438775510204,-6.107988473167045,-10.554955068447134,-3.87991307634165,0.0,0.0,0.133333333333333,17.0,0.0,2.0,0.0,0.0,0.0,2.0,0.0,2.0,2.0,0.0,2.0,4.0,0.0,0.0,0.0,2.0,1.9585,64.35100000000004,1.0,0.0,0.0,0.0,0.0,0.0,0.0,0.0,1.0,1.0,1.0,1.0,0.0,0.0,0.0,0.0,0.0,0.0,0.0,0.0,0.0,0.0,0.0,0.0,0.0,0.0,0.0,0.0,0.0,0.0,0.0,0.0,0.0,0.0,2.0,0.0,0.0,0.0,0.0,0.0,0.0,0.0,0.0,0.0,0.0,0.0,0.0,0.0,0.0,0.0,0.0,0.0,0.0,0.0,0.0,0.0,0.0,0.0,0.0,0.0,0.0,0.0,0.0,0.0,0.0,0.0,0.0,0.0,0.0,0.0,0.0,0.0,0.0,0.0,0.0,0.0,0.0,0.0,0.0,0.0,0.0,0.0,0.0,0.0,0.0,,,,,,,,
Anion_0155,O=C([O-])CC1CC1,5.2722,-4.4033,0.8688,3.127,-9.3617,11.4968,-1.0,263.3662,-68.4697,-1.9764,-1.7672,66.3485,0.0107,12.4886,0.0801,-3.1173,0.3891,,9.5867,-5.8507,131.9759,-22.6126,2044.6651,44733.0711,157.333,134.7513,3.1173,6.2347,0.0,-0.2496,-0.0048,0.0004,9.7507,3.516,-0.4993,6.2347,4.9853000000000005,0.0025,,0.1835,-69.4529,2.2814,0.6782,0.4553,2.0,0.0,10.343819444444444,10.343819444444444,2.279861111111111,-3.36111111111111,0.46949620170846,55.142857142857146,99.10899999999997,92.05299999999998,99.04515304391,40.0,0.0,0.041659479069556,-0.550160777887303,0.550160777887303,0.041659479069556,2.285714285714285,2.857142857142857,3.0,2.297066813960456,3.203002877258297,282.4552797164775,11.577350269189626,10.316496580927726,3.3164965809277263,5.943375672974064,5.158248290463863,1.6582482904638631,1.037457478565265,1.037457478565265,0.477062072615965,0.477062072615965,0.195812072615965,0.195812072615965,-0.53,712.0907123277415,1.066949199436289,1.523475771840051,1.573394814731647,51.98373768530124,9.901064578912528,0.0,0.0,0.0,0.0,0.0,0.0,0.0,0.0,0.0,0.0,25.012732389351218,15.564615181143388,0.0,19.496374472104065,5.969305287951849,0.0,0.0,5.893957685363079,19.118774703988137,0.0,0.0,0.0,0.0,5.106527394840706,0.0,0.0,0.0,5.969305287951849,4.794537184071822,5.893957685363079,28.714084597179674,0.0,0.0,0.0,0.0,40.13,30.98203767730307,9.901064578912528,0.0,0.0,0.0,0.0,0.0,0.0,0.0,0.0,9.59530989319154,49.232129629629625,0.0,10.343819444444444,10.343819444444444,0.0,-5.232407407407407,0.0,-9.020694444444445,0.0,0.0,0.8,7.0,0.0,2.0,1.0,0.0,1.0,0.0,0.0,0.0,2.0,0.0,2.0,2.0,1.0,0.0,1.0,1.0,-0.4636,22.347999999999992,1.0,0.0,0.0,0.0,0.0,0.0,0.0,0.0,1.0,1.0,1.0,1.0,0.0,0.0,0.0,0.0,0.0,0.0,0.0,0.0,0.0,0.0,0.0,0.0,0.0,0.0,0.0,0.0,0.0,0.0,0.0,0.0,0.0,0.0,0.0,0.0,0.0,0.0,0.0,0.0,0.0,0.0,0.0,0.0,0.0,0.0,0.0,0.0,0.0,0.0,0.0,0.0,0.0,0.0,0.0,0.0,0.0,0.0,0.0,0.0,0.0,0.0,0.0,0.0,0.0,0.0,0.0,0.0,0.0,0.0,0.0,0.0,0.0,0.0,0.0,0.0,0.0,0.0,0.0,0.0,0.0,0.0,0.0,0.0,0.0,,,,,,,,
Anion_0156,CC(C)(C(=O)[O-])c1ccccc1,2.6447000000000003,-4.9388000000000005,-2.2941000000000003,2.9517,-5.416,9.448,-1.0,340.3689,-63.9958,-1.6051000000000002,-3.6165,122.7647,0.1984,8.3677,0.1195,-1.2322,0.0907,56.5931,8.3412,-1.2707,82.4385,-35.3873,6274.7917,145834.0856,223.4111,213.0534,1.2322,2.641,0.1767,-0.1473,-0.8598,0.1028,5.5067,3.0424,-0.2945,2.4643,4.7674,0.0081,23.3252,0.0327,-64.4687,1.3998,0.6782,3.827,2.0,0.0,11.560105820105818,11.560105820105818,0.9101095993953132,-3.77037037037037,0.643941860661433,26.5,163.19600000000008,152.10799999999998,163.07645317191,64.0,0.0,0.062594269754949,-0.549210171449398,0.549210171449398,0.062594269754949,1.5,2.083333333333333,2.5,2.349231745086625,4.195938074279228,615.2368823512536,18.541451884327383,16.816496580927726,5.816496580927726,10.118802153517008,8.408248290463863,2.908248290463863,2.037457478565264,2.037457478565264,1.181186217847897,1.181186217847897,0.539562072615965,0.539562072615965,-1.31,34768.62982728205,2.133566360389417,2.972469744219686,1.471139489419468,87.30160293116906,9.901064578912528,0.0,0.0,0.0,0.0,0.0,0.0,0.0,0.0,0.0,43.91587777290784,5.563451491696996,13.639541806418098,12.823098068802947,24.979408696784944,5.969305287951849,0.0,0.0,0.0,19.118774703988137,0.0,35.77554503001347,0.0,0.0,5.106527394840706,0.0,0.0,0.0,5.969305287951849,10.2095276534686,0.0,34.345579844160774,30.212093538316477,0.0,0.0,0.0,40.13,60.86362502195345,9.901064578912528,0.0,0.0,0.0,0.0,0.0,0.0,0.0,0.0,15.07834411787242,81.92543083900226,0.0,11.560105820105818,11.560105820105818,-5.114351851851851,-2.573119803476947,-5.423859599395311,0.0,-7.517644557823132,0.0,0.3,12.0,0.0,2.0,0.0,0.0,0.0,1.0,0.0,1.0,2.0,0.0,2.0,4.0,0.0,0.0,0.0,1.0,0.7140999999999991,44.47500000000003,1.0,0.0,0.0,0.0,0.0,0.0,0.0,0.0,1.0,1.0,1.0,1.0,0.0,0.0,0.0,0.0,0.0,0.0,0.0,0.0,0.0,0.0,0.0,0.0,0.0,0.0,0.0,0.0,0.0,0.0,0.0,0.0,0.0,0.0,1.0,0.0,0.0,0.0,0.0,0.0,0.0,0.0,0.0,0.0,0.0,0.0,0.0,0.0,0.0,0.0,0.0,0.0,0.0,0.0,0.0,0.0,0.0,0.0,0.0,0.0,0.0,0.0,0.0,0.0,0.0,0.0,0.0,0.0,0.0,0.0,0.0,0.0,0.0,0.0,0.0,0.0,0.0,0.0,0.0,0.0,0.0,0.0,0.0,0.0,0.0,,,,,,,,
Anion_0157,CCOC(=O)CCC(=O)[O-],4.9786,-5.9435,-0.9649,4.1758,-7.7129,6.36,-1.0,310.7376,-65.5828,-2.2185,-3.4542,89.3865,0.0176,11.8887,0.0841,-1.7685,0.1316,41.0962,9.5998,-4.7622,131.1217,-33.9689,3710.1738,80219.411,196.9436,176.2853,1.7685,3.7809,0.2438,-0.1487,-1.2037,0.1013,7.8444,4.3074,-0.2975,3.537,4.1873000000000005,0.0025,,0.0203,-66.9238,2.8814,0.6782,0.2889,2.0,0.0,11.25986111111111,11.25986111111111,2.302939814814815,-3.828935185185186,0.479637947428554,27.8,145.13400000000007,136.06199999999998,145.05063234791,58.0,0.0,0.305650310607597,-0.550155150592695,0.550155150592695,0.305650310607597,1.7000000000000002,2.4,2.9,2.136528055790531,5.303235355536596,384.66129679033577,15.861807319565798,13.632993161855453,4.6329931618554525,8.071202757815641,6.520620726159658,2.020620726159658,1.029039102362461,1.029039102362461,0.410352884514564,0.410352884514564,0.173926442257282,0.173926442257282,-1.06,3676.964784015504,1.9640462553438824,4.784806790484913,5.084092219020172,71.43951928311331,14.637927532712576,0.0,0.0,0.0,0.0,5.969305287951849,4.794537184071822,0.0,0.0,0.0,0.0,13.22481701862506,15.564615181143388,15.673427256586107,31.76929172231637,11.9386105759037,0.0,0.0,0.0,19.59774191995444,6.558985242916289,0.0,0.0,0.0,5.106527394840706,0.0,0.0,0.0,18.49759581881999,14.325937321943693,0.0,31.934568925486413,0.0,0.0,0.0,0.0,66.43,38.095337738774425,14.69560176298435,0.0,0.0,0.0,0.0,0.0,0.0,0.0,4.736862953800049,12.33682700553198,65.35308248299319,0.0,21.655778651738476,10.395917540627362,0.0,-4.868777872260016,0.0,-7.653434429327286,-7.0492330404384,0.0,0.6666666666666661,10.0,0.0,4.0,0.0,0.0,0.0,0.0,0.0,0.0,4.0,0.0,4.0,5.0,0.0,0.0,0.0,0.0,-0.9204,30.873999999999985,1.0,0.0,0.0,0.0,0.0,0.0,0.0,0.0,1.0,1.0,2.0,2.0,0.0,0.0,0.0,0.0,0.0,0.0,0.0,0.0,0.0,0.0,0.0,0.0,0.0,0.0,0.0,0.0,0.0,0.0,0.0,0.0,0.0,0.0,0.0,0.0,0.0,0.0,0.0,0.0,1.0,1.0,0.0,0.0,0.0,0.0,0.0,0.0,0.0,0.0,0.0,0.0,0.0,0.0,0.0,0.0,0.0,0.0,0.0,0.0,0.0,0.0,0.0,0.0,0.0,0.0,0.0,0.0,0.0,0.0,0.0,0.0,0.0,0.0,0.0,0.0,0.0,0.0,0.0,0.0,0.0,0.0,0.0,0.0,0.0,,,,,,,,
Anion_0158,COc1ccccc1C=CC(=O)[O-],1.2538,-4.7944,-3.5406,3.2431,-3.9492,18.6382,-1.0,368.1884,-73.6638,-2.5172,-4.1675,126.4589,0.4605,7.1923,0.1391,-0.3531,0.0087,17.2367,8.608,0.5583,57.936,-38.3939,6523.7998,155162.9686,232.6232,216.2169,0.3531,1.2867,0.5806,-0.0491,-1.445,0.2009,3.9579,3.2518,-0.0982,0.7061000000000001,4.9362,0.0133,16.4586,0.0002,-73.9017,2.077,0.6782,0.7983,2.0,0.0,10.638263377110103,10.638263377110103,0.818721655328798,-3.100279903628118,0.629967286808164,22.615384615384617,177.17900000000006,168.10699999999997,177.05571772791,68.0,0.0,0.125576573687527,-0.545466953352951,0.545466953352951,0.125576573687527,1.7692307692307692,2.538461538461538,3.230769230769231,2.3937060993857813,3.82393419068299,662.8317632661556,17.403259203893178,15.22474487139159,6.224744871391589,9.880603834574146,7.566496580927726,3.066496580927726,1.843643696413162,1.843643696413162,1.04471725415588,1.04471725415588,0.579124145231931,0.579124145231931,-1.77,30160.69685226084,2.8717012561181603,4.303970000923489,2.63049974773445,88.91560412815608,14.637927532712576,5.749511833283905,0.0,0.0,0.0,0.0,0.0,0.0,0.0,0.0,18.127256122989884,18.146562199734426,5.563451491696996,25.344084752366413,26.974754538244557,12.021377033987417,0.0,0.0,0.0,0.0,7.037952458882589,35.78519806838574,0.0,5.749511833283905,9.843390348640757,0.0,5.749511833283905,0.0,13.007257746834435,4.794537184071822,0.0,17.900278497228975,30.221746576688744,0.0,6.052071746035566,0.0,49.36,60.59403939453964,9.901064578912528,0.0,0.0,0.0,0.0,0.0,0.0,0.0,4.736862953800049,12.33682700553198,70.35515526581003,0.0,10.638263377110103,10.638263377110103,-0.83673611111111,-2.986810279667423,-5.957855725623581,0.0,0.0,-3.100279903628118,0.1,13.0,0.0,3.0,0.0,0.0,0.0,1.0,0.0,1.0,3.0,0.0,3.0,4.0,0.0,0.0,0.0,1.0,0.458299999999999,47.03500000000002,1.0,0.0,0.0,0.0,0.0,0.0,0.0,0.0,1.0,1.0,1.0,1.0,0.0,0.0,0.0,0.0,0.0,0.0,0.0,0.0,0.0,0.0,0.0,0.0,0.0,0.0,0.0,0.0,0.0,0.0,0.0,0.0,0.0,0.0,1.0,0.0,0.0,0.0,0.0,0.0,0.0,1.0,0.0,0.0,0.0,0.0,0.0,0.0,0.0,0.0,0.0,0.0,0.0,0.0,0.0,1.0,0.0,0.0,0.0,0.0,0.0,0.0,0.0,0.0,1.0,0.0,0.0,0.0,0.0,0.0,0.0,0.0,0.0,0.0,0.0,0.0,0.0,0.0,0.0,0.0,0.0,0.0,0.0,0.0,0.0,,,,,,,,
Anion_0159,O=Cc1ccc(C(=O)[O-])o1,1.1241,-5.7739,-4.6498,4.2456,-3.292,8.144,-1.0,293.6958,-59.444,-2.5472,-5.2119,82.8488,0.4726,7.5376,0.1327,0.4768,0.0151,6.76,10.0767,0.4023,55.2559,-30.864,2913.3106,69961.0398,168.6531,144.9104,-0.4768,0.5257000000000001,1.4793,0.0633,-2.3612,0.3133,3.3071,4.2607,0.1265,-0.9536,4.7627,0.0111,,0.0381,-61.7454,4.1703,0.6782,0.123,2.0,0.0,10.410601851851853,10.410601851851853,0.7090740740740731,-1.786111111111111,0.5154484746135111,13.4,139.086,136.06199999999998,139.00368215591,52.0,0.0,0.184838175306349,-0.541527036344375,0.541527036344375,0.184838175306349,1.9,2.6,2.9,2.290942715347047,3.361519318170514,346.9762375850686,10.171208396324303,7.6329931618554525,4.6329931618554525,5.947264862732148,3.770620726159658,2.270620726159658,1.399829914261059,1.399829914261059,0.771779326771845,0.771779326771845,0.405670699693905,0.405670699693905,-1.58,712.4831844729317,3.554575099450682,2.344994095834573,1.047197434262983,60.28780606515401,14.318215515965877,13.100311262996511,12.022459581205684,0.0,0.0,0.0,4.794537184071822,0.0,0.0,0.0,0.0,12.08483741532659,0.0,2.74151711234044,23.225028368548355,12.23151745028309,0.0,0.0,0.0,0.0,0.0,23.605332253075478,0.0,0.0,5.106527394840706,0.0,0.0,0.0,12.23151745028309,0.0,0.0,25.221844874403185,16.501988352379936,0.0,0.0,0.0,70.34,35.83684970335857,14.69560176298435,0.0,0.0,0.0,0.0,0.0,0.0,0.0,4.417150937053347,4.11227566851066,24.88415438397581,0.0,20.63979780801209,10.22919595616024,0.0,-3.4483333333333333,-1.463148148148147,-1.341666666666666,0.0,0.0,0.0,10.0,0.0,4.0,0.0,0.0,0.0,0.0,1.0,1.0,4.0,0.0,4.0,2.0,0.0,0.0,0.0,1.0,-0.5444,28.42599999999999,0.0,0.0,0.0,0.0,1.0,0.0,0.0,0.0,1.0,1.0,2.0,2.0,0.0,0.0,0.0,0.0,0.0,0.0,0.0,0.0,0.0,0.0,0.0,1.0,0.0,0.0,0.0,0.0,0.0,0.0,0.0,0.0,0.0,0.0,0.0,0.0,0.0,0.0,0.0,0.0,0.0,0.0,1.0,0.0,0.0,0.0,0.0,0.0,0.0,0.0,0.0,0.0,0.0,0.0,0.0,0.0,0.0,0.0,0.0,0.0,0.0,0.0,0.0,0.0,0.0,0.0,0.0,0.0,0.0,0.0,0.0,0.0,0.0,0.0,0.0,0.0,0.0,0.0,0.0,0.0,0.0,0.0,0.0,0.0,0.0,,,,,,,,
Anion_0160,O=C([O-])Cc1ccccc1F,2.5097,-5.1606,-2.6509,3.31,-5.1226,10.996,-1.0,312.9477,-65.0064,-2.3506,-3.9058,99.452,0.222,8.4326,0.1186,-0.9063,0.0487,29.1886,8.9828,-1.1839,80.3375,-33.2919,4131.6445,98523.7658,190.9046,172.7448,0.9063,2.1552,0.3426,-0.1075,-1.2018,0.1425,5.1713000000000005,3.3587,-0.215,1.8126,4.8057,0.008,16.7894,0.0119,-65.8884,2.5544,0.6782,3.991,2.0,0.0,13.517337962962962,13.517337962962962,0.897779667422524,-3.332870370370371,0.6049376551194651,18.63636363636364,153.13200000000003,147.08399999999995,153.03573123191,58.0,0.0,0.126276122990029,-0.549804339209192,0.549804339209192,0.126276122990029,1.727272727272727,2.363636363636363,3.0,2.230781029060305,3.724144995555669,472.2741503408441,13.54145188432738,11.194461053936951,5.194461053936953,7.618802153517008,5.597230526968477,2.597230526968476,1.601439715069878,1.601439715069878,0.8687987499944251,0.8687987499944251,0.485430411305195,0.485430411305195,-1.38,3368.479353881061,2.929729638452294,3.142667965973563,2.03642785831495,71.71240160446305,9.901064578912528,5.817220841045895,0.0,0.0,0.0,0.0,0.0,4.39041504767482,0.0,0.0,18.127256122989884,11.60587019936029,15.083747301621669,5.483034224680881,22.516030963608667,5.969305287951849,0.0,0.0,0.0,6.372924901329379,0.0,35.55034716339607,0.0,0.0,5.106527394840706,4.39041504767482,0.0,0.0,5.969305287951849,11.1674620854012,5.817220841045895,13.788002828718314,24.16967483065318,0.0,0.0,0.0,40.13,47.8925773526773,14.291479626587348,0.0,0.0,0.0,0.0,0.0,0.0,0.0,0.0,8.224551337021321,56.35934523809524,0.0,10.528022486772487,10.528022486772487,-1.260648148148148,-3.910527210884353,-3.994677815570671,-3.332870370370371,0.0,0.0,0.125,11.0,0.0,2.0,0.0,0.0,0.0,1.0,0.0,1.0,2.0,0.0,3.0,2.0,0.0,0.0,0.0,1.0,0.118099999999999,35.111000000000004,1.0,0.0,0.0,0.0,0.0,0.0,0.0,0.0,1.0,1.0,1.0,1.0,0.0,0.0,0.0,0.0,0.0,0.0,0.0,0.0,0.0,0.0,0.0,0.0,0.0,0.0,0.0,0.0,0.0,0.0,0.0,0.0,0.0,0.0,1.0,0.0,0.0,0.0,0.0,0.0,0.0,0.0,0.0,0.0,1.0,0.0,0.0,0.0,0.0,0.0,0.0,0.0,0.0,0.0,0.0,0.0,0.0,0.0,0.0,0.0,0.0,0.0,0.0,0.0,0.0,0.0,0.0,0.0,0.0,0.0,0.0,0.0,0.0,0.0,0.0,0.0,0.0,0.0,0.0,0.0,0.0,0.0,0.0,0.0,0.0,,,,,,,,
Anion_0161,O=C([O-])Cc1cccc(F)c1,2.5674,-5.2422,-2.6748000000000003,3.3848000000000003,-5.0975,9.577,-1.0,316.5374,-61.1589,-2.3722,-3.9585,99.3784,0.2111,8.4823,0.1179,-0.8564,0.0432,26.5393,9.0622,-1.1332,80.5574,-33.2965,4126.231,98449.9514,191.6063,171.9411,0.8564,2.0895,0.3768,-0.101,-1.2642,0.149,5.1407,3.428,-0.2019,1.7127,4.8209,0.0079,16.8592,0.009,-62.1764,2.7115,0.6782,4.104,2.0,0.0,13.267482993197278,13.267482993197278,0.973495370370369,-3.26537037037037,0.6049376551194651,18.63636363636364,153.13200000000003,147.08399999999995,153.03573123191,58.0,0.0,0.122994527528291,-0.5498062028384221,0.5498062028384221,0.122994527528291,1.818181818181818,2.545454545454545,3.181818181818181,2.230781029060305,3.72414499555567,472.2741503408441,13.54145188432738,11.194461053936951,5.194461053936953,7.618802153517008,5.597230526968477,2.597230526968476,1.601439715069878,1.601439715069878,0.821553190868272,0.821553190868272,0.485430411305195,0.485430411305195,-1.38,3368.479353881061,2.929729638452294,3.142667965973563,2.371944565138222,71.71240160446305,9.901064578912528,5.817220841045895,0.0,0.0,0.0,0.0,0.0,4.39041504767482,0.0,0.0,12.08483741532659,17.648288907023584,15.083747301621669,5.483034224680881,22.516030963608667,5.969305287951849,0.0,0.0,0.0,6.372924901329379,0.0,35.55034716339607,0.0,0.0,5.106527394840706,4.39041504767482,0.0,0.0,5.969305287951849,11.1674620854012,5.817220841045895,13.788002828718314,24.16967483065318,0.0,0.0,0.0,40.13,47.8925773526773,14.291479626587348,0.0,0.0,0.0,0.0,0.0,0.0,0.0,0.0,8.224551337021321,56.21096088435375,0.0,10.550131330309902,10.550131330309902,-1.114814814814814,-3.7757818405139822,-4.238589852607709,-3.26537037037037,0.0,0.0,0.125,11.0,0.0,2.0,0.0,0.0,0.0,1.0,0.0,1.0,2.0,0.0,3.0,2.0,0.0,0.0,0.0,1.0,0.118099999999999,35.111000000000004,1.0,0.0,0.0,0.0,0.0,0.0,0.0,0.0,1.0,1.0,1.0,1.0,0.0,0.0,0.0,0.0,0.0,0.0,0.0,0.0,0.0,0.0,0.0,0.0,0.0,0.0,0.0,0.0,0.0,0.0,0.0,0.0,0.0,0.0,1.0,0.0,0.0,0.0,0.0,0.0,0.0,0.0,0.0,0.0,1.0,0.0,0.0,0.0,0.0,0.0,0.0,0.0,0.0,0.0,0.0,0.0,0.0,0.0,0.0,0.0,0.0,0.0,0.0,0.0,0.0,0.0,0.0,0.0,0.0,0.0,0.0,0.0,0.0,0.0,0.0,0.0,0.0,0.0,0.0,0.0,0.0,0.0,0.0,0.0,0.0,,,,,,,,
Anion_0162,O=C([O-])CCC1CCCCC1,5.2741,-4.383,0.8912,3.1246,-9.7939,16.1473,-1.0,345.6536,-70.1837,-1.9873,-1.7459,113.1993,0.0106,12.9185,0.0774,-3.3347,0.4304,6029.2733,8.7815,-5.7474,132.5275,-35.3129,5895.4079,127021.2555,232.2966,223.5389,3.3347,6.671,0.0017,-0.2581,0.105,-0.0081,10.2243,3.555,-0.5163,6.6693,4.8517,0.0022,,0.1801,-70.9885,2.114,0.6782,0.2049,2.0,0.0,11.008782871945074,11.008782871945074,2.795897108843536,-4.385879629629631,0.6118683047304081,68.54545454545455,155.21700000000013,140.09699999999998,155.10775329991,64.0,0.0,0.041394057909761,-0.550171675890017,0.550171675890017,0.041394057909761,1.636363636363636,2.272727272727273,2.818181818181818,2.427969867013304,4.089072685398918,590.6065989582145,21.577350269189623,20.316496580927726,5.316496580927726,10.943375672974064,10.158248290463863,2.658248290463863,1.537457478565265,1.537457478565265,0.7895620726159651,0.7895620726159651,0.426031036307982,0.426031036307982,-0.53,84056.31679600061,1.447400604790134,4.369018590889185,3.398273083949996,88.68327014423008,9.901064578912528,0.0,0.0,0.0,0.0,0.0,0.0,0.0,0.0,0.0,31.864624506646894,18.63980748802184,26.530683630505145,0.0,30.462442921465826,5.969305287951849,0.0,0.0,5.893957685363079,44.61047430930565,0.0,0.0,0.0,0.0,5.106527394840706,0.0,0.0,0.0,5.969305287951849,4.794537184071822,5.893957685363079,65.171852651859,0.0,0.0,0.0,0.0,40.13,56.473737282620576,9.901064578912528,0.0,0.0,0.0,0.0,0.0,0.0,0.0,0.0,20.561378342553297,114.91731024817332,0.0,11.008782871945074,11.008782871945074,0.0,-7.175688775510204,0.0,-29.09252054988663,0.0,0.0,0.8888888888888881,11.0,0.0,2.0,1.0,0.0,1.0,0.0,0.0,0.0,2.0,0.0,2.0,3.0,1.0,0.0,1.0,1.0,1.096799999999999,40.81600000000001,1.0,0.0,0.0,0.0,0.0,0.0,0.0,0.0,1.0,1.0,1.0,1.0,0.0,0.0,0.0,0.0,0.0,0.0,0.0,0.0,0.0,0.0,0.0,0.0,0.0,0.0,0.0,0.0,0.0,0.0,0.0,0.0,0.0,0.0,0.0,0.0,0.0,0.0,0.0,0.0,0.0,0.0,0.0,0.0,0.0,0.0,0.0,0.0,0.0,0.0,0.0,0.0,0.0,0.0,0.0,0.0,0.0,0.0,0.0,0.0,0.0,0.0,0.0,0.0,0.0,0.0,0.0,0.0,0.0,0.0,0.0,0.0,0.0,0.0,0.0,0.0,0.0,0.0,0.0,0.0,0.0,0.0,0.0,0.0,0.0,,,,,,,,
Anion_0163,O=C([O-])CCCCCN1C(=O)C=CC1=O,2.1218,-6.2498000000000005,-4.128,4.1542,-3.6038,6.5217,-1.0,369.4002,-60.9988,-2.5178000000000003,-5.1888,136.5162,0.3172,7.758,0.1289,0.2752,0.0051,7.9095,8.8968,0.4578,66.7119,-46.9911,8265.3061,186932.6046,246.9967,243.8808,-0.2752,0.7148,1.2652,0.0356,-2.2147,0.2856,3.6088,4.1593,0.0711,-0.5504,4.402,0.0094,,0.0386,-62.2829,3.1238,0.6782,1.3501,1.9995,0.0005,11.839906160766777,11.839906160766777,0.5970582955404381,-4.291070483749056,0.425417544076346,32.93333333333333,210.2090000000001,198.113,210.07718144391,82.0,0.0,0.253112100454156,-0.550171860869442,0.550171860869442,0.253112100454156,1.333333333333333,1.933333333333333,2.4666666666666672,2.696612705393739,3.577742277397021,718.4634740888587,21.96410161513776,19.080206757355413,7.080206757355411,11.708118550994048,9.487316974177665,3.487316974177663,2.094976202882189,2.094976202882189,1.13981362600444,1.13981362600444,0.60989326197096,0.60989326197096,-1.649999999999999,204497.6245135342,3.168540433925049,5.285179264008503,3.533342347214709,104.22657559622992,9.901064578912528,0.0,0.0,0.0,11.814359458703011,0.0,14.48898409899412,0.0,0.0,0.0,6.372924901329379,19.118774703988137,38.27789402604114,2.74151711234044,35.939241621098816,17.78366474665486,0.0,4.899909730850478,0.0,25.49169960531752,6.496859684315945,12.104143492071133,0.0,0.0,5.106527394840706,0.0,0.0,0.0,29.18043416182128,14.383611552215466,0.0,41.94080227936018,12.104143492071133,0.0,0.0,0.0,77.50999999999999,66.77627725920993,19.49013894705617,0.0,0.0,0.0,0.0,0.0,0.0,0.0,0.0,16.44910267404264,89.69496341589641,0.0,33.93620093409009,10.85344690809698,0.0,-6.332488504661123,-2.62349581653649,-16.91268305933485,-4.032610544217688,0.0,0.5,15.0,0.0,5.0,0.0,1.0,1.0,0.0,0.0,0.0,4.0,0.0,5.0,6.0,0.0,0.0,0.0,1.0,-0.7783000000000001,49.335000000000015,1.0,0.0,0.0,0.0,0.0,0.0,0.0,0.0,1.0,1.0,3.0,3.0,0.0,0.0,0.0,1.0,0.0,0.0,0.0,0.0,0.0,0.0,0.0,0.0,0.0,0.0,0.0,2.0,0.0,0.0,0.0,0.0,0.0,0.0,0.0,0.0,0.0,0.0,0.0,0.0,0.0,0.0,0.0,0.0,0.0,0.0,0.0,0.0,1.0,0.0,0.0,0.0,0.0,0.0,0.0,0.0,0.0,0.0,0.0,0.0,0.0,0.0,0.0,0.0,0.0,0.0,0.0,0.0,0.0,0.0,0.0,0.0,0.0,0.0,0.0,0.0,0.0,0.0,0.0,0.0,0.0,0.0,0.0,0.0,0.0,,,,,,,,
Anion_0164,O=C([O-])C(c1ccccc1)(c1ccccc1)c1ccccc1,2.6638,-5.5457,-2.8819,3.0373,-3.923,8.2758,-1.0,486.1963,-59.6236,-1.3712,-4.2139,224.9783,0.3226,6.9603,0.1437,-0.4429,0.0141,20.6862,7.4273,1.8691,73.1142,-58.8297,19767.0202,488979.2446,343.882,349.7977,0.4429,1.3693,0.4837,-0.0636,-1.2973,0.1864,3.9371,3.0514,-0.1272,0.8856,5.0911,0.0151,14.7809,0.0,-59.2106,0.2801,0.6782,2.9577,2.0,0.0,13.13962301587301,13.13962301587301,0.9647035357352812,-3.547222222222222,0.692245801275415,20.63636363636364,287.3379999999997,272.218,287.1077532999104,108.0,0.0,0.084663209580633,-0.548437226431517,0.548437226431517,0.084663209580633,0.6818181818181811,0.954545454545454,1.181818181818181,2.852025806669836,2.914690016593794,1260.0448708873005,28.469655114602894,25.816496580927726,10.816496580927726,16.969655114602894,13.408248290463863,5.908248290463863,4.037457478565265,4.037457478565265,2.9311862178478973,2.9311862178478973,1.993686217847897,1.993686217847897,-2.8699999999999983,55429121.55262827,4.816977914194744,5.860224674160617,2.18824240963484,150.30578911517517,9.901064578912528,0.0,0.0,0.0,0.0,0.0,0.0,0.0,0.0,0.0,90.63628061494944,16.690354475090988,0.0,31.94567409990192,30.462442921465826,5.969305287951849,0.0,0.0,0.0,5.41499046939678,0.0,107.32663509004044,0.0,0.0,5.106527394840706,0.0,0.0,0.0,5.969305287951849,10.2095276534686,0.0,37.251732817644296,90.63628061494944,0.0,0.0,0.0,40.13,118.71093084738908,9.901064578912528,0.0,0.0,0.0,0.0,0.0,0.0,0.0,0.0,20.561378342553297,121.9899927563618,0.0,13.13962301587301,13.13962301587301,-7.226218820861677,-2.45547052154195,-16.67088277903754,0.0,0.0,0.0,0.05,22.0,0.0,2.0,0.0,0.0,0.0,3.0,0.0,3.0,2.0,0.0,2.0,4.0,0.0,0.0,0.0,3.0,2.770900000000001,84.21500000000005,1.0,0.0,0.0,0.0,0.0,0.0,0.0,0.0,1.0,1.0,1.0,1.0,0.0,0.0,0.0,0.0,0.0,0.0,0.0,0.0,0.0,0.0,0.0,0.0,0.0,0.0,0.0,0.0,0.0,0.0,0.0,0.0,0.0,0.0,3.0,0.0,0.0,0.0,0.0,0.0,0.0,0.0,0.0,0.0,0.0,0.0,0.0,0.0,0.0,0.0,0.0,0.0,0.0,0.0,0.0,0.0,0.0,0.0,0.0,0.0,0.0,0.0,0.0,0.0,0.0,0.0,0.0,0.0,0.0,0.0,0.0,0.0,0.0,0.0,0.0,0.0,0.0,0.0,0.0,0.0,0.0,0.0,0.0,0.0,0.0,,,,,,,,
Anion_0165,CCCC(=O)C(=O)[O-],2.2458,-4.6469000000000005,-2.4011,3.2477,-6.5563,12.2346,-1.0,279.6053,-66.3883,-2.4139,-3.524,72.9078,0.2342,9.804,0.102,-1.6543,0.1397,77.7731,9.6454,-4.5732,67.0249,-26.6991,2437.3996,53430.6963,168.2641,146.6508,1.6543,3.4385,0.1299,-0.1687,-0.7967000000000001,0.0813,6.6959,3.3874,-0.3374,3.3086,4.1904,0.0045,,0.0611,-68.4418,3.7892,0.6782,0.6857000000000001,2.0,0.0,10.730856481481482,10.730856481481482,2.232754629629629,-3.669560185185185,0.447955546980599,26.75,115.10799999999996,108.05199999999998,115.04006766391,46.0,0.0,0.177758916409971,-0.541709220057735,0.541709220057735,0.177758916409971,1.875,2.5,2.875,1.9969866616577208,5.37914863940186,291.4910072353085,12.654700538379252,10.72474487139159,3.724744871391589,6.354059275497024,5.112372435695795,1.612372435695794,0.866581623797196,0.866581623797196,0.361426442257282,0.361426442257282,0.107796554461974,0.107796554461974,-0.8600000000000001,678.9754649636253,1.558993209760708,3.181985421619627,2.336829674585406,57.15109093887423,9.901064578912528,5.969305287951849,5.783244946364939,0.0,0.0,0.0,4.794537184071822,0.0,0.0,0.0,6.851892117295679,6.372924901329379,15.968234794520916,0.0,24.290911656175886,11.75255023431679,0.0,0.0,0.0,19.59774191995444,0.0,0.0,0.0,0.0,5.106527394840706,0.0,0.0,0.0,11.75255023431679,9.589074368143644,0.0,29.19305181314597,0.0,0.0,0.0,0.0,57.2,31.350292154271223,14.69560176298435,0.0,0.0,0.0,0.0,0.0,0.0,0.0,0.0,9.59530989319154,47.63910667044596,0.0,20.79943972033258,10.068583238851096,0.0,-4.697453703703703,0.0,-7.269606481481482,-3.456736111111111,0.0,0.6000000000000001,8.0,0.0,3.0,0.0,0.0,0.0,0.0,0.0,0.0,3.0,0.0,3.0,4.0,0.0,0.0,0.0,0.0,-0.8945000000000001,24.92199999999999,1.0,0.0,0.0,0.0,0.0,0.0,0.0,0.0,1.0,1.0,2.0,2.0,0.0,0.0,0.0,0.0,0.0,0.0,0.0,0.0,0.0,0.0,0.0,0.0,0.0,0.0,0.0,0.0,0.0,0.0,0.0,0.0,0.0,0.0,0.0,0.0,0.0,0.0,0.0,0.0,0.0,0.0,0.0,0.0,0.0,0.0,0.0,0.0,0.0,0.0,0.0,1.0,1.0,0.0,0.0,0.0,0.0,0.0,0.0,0.0,0.0,0.0,0.0,0.0,0.0,0.0,0.0,0.0,0.0,0.0,0.0,0.0,0.0,0.0,0.0,0.0,0.0,0.0,0.0,0.0,0.0,0.0,0.0,0.0,0.0,,,,,,,,
Anion_0166,COc1ccc(C(=O)CCC(=O)[O-])cc1,1.0953,-5.3255,-4.2303,3.5296000000000003,-3.2363,14.8769,-1.0,399.7846,-66.2291,-2.7619,-4.7779,140.1835,0.4841,6.7658000000000005,0.1478,0.1466,0.0016,10.0131,8.5418,1.0221,56.4885,-45.6597,8333.4967,194904.2715,257.9545,245.9121,-0.1466,0.7055,0.9988,0.0217,-1.8381,0.2717,3.2379,3.5312,0.0433,-0.2933,4.6353,0.0149,,0.0142,-67.3788,3.2334,0.6782,1.1365,2.0,0.0,12.295462136243389,12.295462136243389,1.027756781725035,-3.846026431405896,0.655625083775624,23.066666666666663,207.20500000000007,196.117,207.06628241191,80.0,0.0,0.16275211109148,-0.5501573947855211,0.5501573947855211,0.16275211109148,1.466666666666666,2.133333333333333,2.666666666666666,2.478671742381535,3.666653210365524,739.381357153655,20.82590893470356,18.132993161855453,7.132993161855452,11.463937167907476,9.020620726159658,3.520620726159658,2.172767841645094,2.172767841645094,1.209279326771846,1.209279326771846,0.635889663385923,0.635889663385923,-1.839999999999999,140553.081151745,3.333720450857418,5.143128759352535,3.419243116966889,102.94161237511636,14.637927532712576,5.749511833283905,5.783244946364939,0.0,0.0,0.0,4.794537184071822,0.0,0.0,0.0,0.0,30.54259973198256,23.388715905659105,16.633262352074127,34.510808834656814,11.75255023431679,0.0,0.0,0.0,12.74584980265876,7.037952458882589,29.733126322350174,0.0,5.749511833283905,9.843390348640757,0.0,5.749511833283905,0.0,18.79050269319938,4.794537184071822,0.0,38.18218259630001,24.16967483065318,0.0,0.0,0.0,66.43,67.0189906514922,14.69560176298435,0.0,0.0,0.0,0.0,0.0,0.0,0.0,4.736862953800049,15.07834411787242,85.01580656802946,0.0,23.08480824671594,10.789346110472554,-1.25646589191232,-5.571650989903154,-4.687853363567648,-7.6488892431972815,0.0,-3.141768103304223,0.272727272727272,15.0,0.0,4.0,0.0,0.0,0.0,1.0,0.0,1.0,4.0,0.0,4.0,6.0,0.0,0.0,0.0,1.0,0.407999999999999,51.56550000000002,1.0,0.0,0.0,0.0,0.0,0.0,0.0,0.0,1.0,1.0,2.0,2.0,0.0,0.0,0.0,0.0,0.0,0.0,0.0,0.0,0.0,0.0,0.0,0.0,0.0,0.0,0.0,0.0,0.0,0.0,0.0,0.0,0.0,0.0,1.0,0.0,0.0,0.0,0.0,0.0,0.0,1.0,0.0,0.0,0.0,0.0,0.0,0.0,0.0,0.0,0.0,1.0,1.0,0.0,0.0,1.0,0.0,0.0,0.0,0.0,0.0,0.0,0.0,0.0,0.0,0.0,0.0,0.0,0.0,0.0,0.0,0.0,0.0,0.0,0.0,0.0,0.0,0.0,0.0,0.0,0.0,0.0,0.0,0.0,0.0,,,,,,,,
Anion_0167,CCOCC(=O)[O-],5.0069,-4.625,0.3819,3.3173,-9.3455,9.0129,-1.0,257.5622,-67.4899,-2.0009,-2.1216,64.8173,0.014,12.6628,0.079,-3.014,0.3588,5045.9862,9.7456,-7.0317,124.7726,-24.5574,1964.4419,41371.6252,153.8542,133.5566,3.014,6.032,0.0039,-0.2381,-0.1516,0.0119,9.7042,3.6761,-0.4761,6.0282,4.371,0.0021,,0.158,-68.9887,2.8215,0.6782,0.2589,2.0,0.0,10.064254535147391,10.064254535147391,2.342013888888888,-3.488194444444444,0.449198755735267,29.428571428571427,103.09699999999997,96.04099999999998,103.04006766391,42.0,0.0,0.086056840844462,-0.5476236429648831,0.5476236429648831,0.086056840844462,2.285714285714285,3.0,3.428571428571428,1.8049423652686487,4.761072027524869,231.57963143664907,11.784457050376172,10.22474487139159,3.224744871391589,5.9004824541606125,4.816496580927726,1.316496580927726,0.5936436964131621,0.5936436964131621,0.185395405949299,0.185395405949299,0.067182184820658,0.067182184820658,-0.5700000000000001,377.2329543411476,1.227067277477931,3.614162062615101,5.43,51.73817195394074,14.637927532712576,0.0,0.0,0.0,0.0,0.0,0.0,0.0,0.0,0.0,0.0,6.851892117295679,10.671260911426948,18.011324755549015,24.233237425904115,5.969305287951849,0.0,0.0,0.0,6.851892117295679,13.117970485832576,0.0,0.0,0.0,5.106527394840706,0.0,0.0,0.0,19.087275773784427,9.53140013787187,0.0,16.447202010487217,0.0,0.0,0.0,0.0,49.36,25.939167891080103,9.901064578912528,0.0,0.0,0.0,0.0,0.0,0.0,0.0,4.736862953800049,9.59530989319154,50.29260204081633,0.0,10.064254535147391,10.064254535147391,0.0,-2.342013888888888,0.0,0.0,-10.162430555555556,0.0,0.75,7.0,0.0,3.0,0.0,0.0,0.0,0.0,0.0,0.0,3.0,0.0,3.0,4.0,0.0,0.0,0.0,0.0,-1.2272,21.499999999999996,1.0,0.0,0.0,0.0,0.0,0.0,0.0,0.0,1.0,1.0,1.0,1.0,0.0,0.0,0.0,0.0,0.0,0.0,0.0,0.0,0.0,0.0,0.0,0.0,0.0,0.0,0.0,0.0,0.0,0.0,0.0,0.0,0.0,0.0,0.0,0.0,0.0,0.0,0.0,0.0,0.0,1.0,0.0,0.0,0.0,0.0,0.0,0.0,0.0,0.0,0.0,0.0,0.0,0.0,0.0,0.0,0.0,0.0,0.0,0.0,0.0,0.0,0.0,0.0,0.0,0.0,0.0,0.0,0.0,0.0,0.0,0.0,0.0,0.0,0.0,0.0,0.0,0.0,0.0,0.0,0.0,0.0,0.0,0.0,0.0,,,,,,,,
Anion_0168,C#CCCCCC(=O)[O-],3.3134,-4.478,-1.1646,3.1887,-7.3022,12.9174,-1.0,314.2482,-68.4605,-2.2044,-2.8213,89.4242,0.086,10.4909,0.0954,-2.0567,0.202,172.0406,9.0296,-3.458,120.6749,-27.874,3546.1045,80165.2344,195.1727,174.2733,2.0567,4.1759,0.0625,-0.1958,-0.5660000000000001,0.0542,7.5041,3.3907,-0.3917,4.1135,4.8425,0.0042,,0.0799,-68.7215,1.7872,0.6782,0.3533,2.0,0.0,10.510903801335347,10.510903801335347,1.29968820861678,-3.770280612244897,0.389508603606436,28.666666666666668,125.14699999999992,116.07499999999996,125.06080310791,50.0,0.0,0.123824756526633,-0.5501718562488931,0.5501718562488931,0.123824756526633,1.888888888888888,2.666666666666666,3.222222222222222,2.157342239784176,5.860517374166902,402.8745511233426,14.99156383156272,13.316496580927726,4.316496580927726,7.754035844753885,6.408248290463863,1.9082482904638631,0.912457478565264,0.912457478565264,0.352062072615965,0.352062072615965,0.144781036307982,0.144781036307982,-0.97,2800.2302272398606,1.544397715761424,5.172247510668562,7.029999999999998,67.52861945981857,9.901064578912528,1.37075855617022,0.0,0.0,0.0,0.0,0.0,0.0,0.0,12.319835853677588,0.0,19.118774703988137,23.308298638642984,0.0,22.237891584444505,5.969305287951849,0.0,0.0,0.0,25.49169960531752,0.0,0.0,0.0,12.319835853677588,5.106527394840706,0.0,0.0,0.0,5.969305287951849,4.794537184071822,12.319835853677588,37.82852661084951,0.0,0.0,0.0,0.0,40.13,31.46100489326937,9.901064578912528,0.0,0.0,0.0,0.0,12.319835853677588,0.0,0.0,0.0,12.33682700553198,63.80969655454775,0.0,10.510903801335347,10.510903801335347,0.0,-1.074059901738473,0.0,-13.090777588813305,0.0,0.0,0.5714285714285711,9.0,0.0,2.0,0.0,0.0,0.0,0.0,0.0,0.0,2.0,0.0,2.0,4.0,0.0,0.0,0.0,0.0,-0.0701,32.30799999999999,1.0,0.0,0.0,0.0,0.0,0.0,0.0,0.0,1.0,1.0,1.0,1.0,0.0,0.0,0.0,0.0,0.0,0.0,0.0,0.0,0.0,0.0,0.0,0.0,0.0,0.0,0.0,0.0,0.0,0.0,0.0,0.0,0.0,0.0,0.0,0.0,0.0,0.0,0.0,0.0,0.0,0.0,0.0,0.0,0.0,0.0,0.0,0.0,0.0,0.0,0.0,0.0,0.0,0.0,0.0,0.0,0.0,0.0,0.0,0.0,0.0,0.0,0.0,0.0,0.0,0.0,0.0,0.0,0.0,0.0,0.0,0.0,0.0,0.0,0.0,0.0,0.0,0.0,1.0,0.0,0.0,0.0,0.0,0.0,0.0,,,,,,,,
Anion_0169,COC(=O)CC(=O)[O-],3.5823,-5.4103,-1.828,3.9641,-6.611,9.2141,-1.0,273.0323,-63.9902,-2.6222,-3.6191,66.181,0.065,10.5752,0.0945,-1.3235,0.0828,30.3299,10.2975,-3.8478,103.2047,-27.6353,2045.62,44703.4576,159.8754,134.2407,1.3235,2.9766,0.3297,-0.1251,-1.3203,0.1249,6.6939,4.047,-0.2503,2.6469,4.5482,0.0038,24.3125,0.0181,-66.0696,4.0234,0.6782,2.6245000000000003,2.0,0.0,10.543819444444445,10.543819444444445,2.006944444444444,-3.449999999999999,0.319116603284212,20.75,117.07999999999996,112.04,117.01933221991,46.0,0.0,0.310730639701002,-0.549542480744952,0.549542480744952,0.310730639701002,2.0,2.625,3.0,1.823742859365937,4.533378160443302,231.1791103458067,10.861807319565798,8.632993161855453,3.632993161855452,5.571202757815639,4.020620726159658,1.520620726159657,0.8019770297464951,0.8019770297464951,0.296821848206581,0.296821848206581,0.108848851487324,0.108848851487324,-1.06,282.68014320172034,2.045962721709573,3.009687481832753,3.14242914979757,53.08975305364888,14.637927532712576,0.0,0.0,0.0,0.0,5.969305287951849,4.794537184071822,0.0,0.0,0.0,0.0,0.0,2.74151711234044,23.49245831667448,26.286257497635493,11.9386105759037,0.0,0.0,0.0,6.372924901329379,7.037952458882589,0.0,0.0,0.0,5.106527394840706,0.0,0.0,0.0,18.976563034786288,14.325937321943693,0.0,13.226717682180478,0.0,0.0,0.0,0.0,66.43,25.349487936115665,14.69560176298435,0.0,0.0,0.0,0.0,0.0,0.0,0.0,4.736862953800049,6.853792780851101,35.80338907785336,0.0,20.52154620181406,9.977726757369616,0.0,-4.352546296296295,0.0,-3.449999999999999,0.0,-3.166782407407408,0.5,8.0,0.0,4.0,0.0,0.0,0.0,0.0,0.0,0.0,4.0,0.0,4.0,3.0,0.0,0.0,0.0,0.0,-1.700599999999999,21.63999999999999,1.0,0.0,0.0,0.0,0.0,0.0,0.0,0.0,1.0,1.0,2.0,2.0,0.0,0.0,0.0,0.0,0.0,0.0,0.0,0.0,0.0,0.0,0.0,0.0,0.0,0.0,0.0,0.0,0.0,0.0,0.0,0.0,0.0,0.0,0.0,0.0,0.0,0.0,0.0,0.0,1.0,1.0,0.0,0.0,0.0,0.0,0.0,0.0,0.0,0.0,0.0,0.0,0.0,0.0,0.0,1.0,0.0,0.0,0.0,0.0,0.0,0.0,0.0,0.0,0.0,0.0,0.0,0.0,0.0,0.0,0.0,0.0,0.0,0.0,0.0,0.0,0.0,0.0,0.0,0.0,0.0,0.0,0.0,0.0,0.0,,,,,,,,
Anion_0170,O=C([O-])C1c2ccccc2-c2ccccc21,2.4378,-5.5552,-3.1174,3.2041,-4.0642,8.574,-1.0,388.3897,-56.3179,-1.4596,-4.3363,157.049,0.2542,7.2683,0.1376,-0.43,0.0127,18.8893,8.0085,0.9468,68.154,-42.9558,9749.2052,242717.4961,259.5836,248.2344,0.43,1.3895,0.5294,-0.0592,-1.387,0.1908,4.0769,3.2168,-0.1183,0.8601000000000001,4.9077,0.0128,15.7305,0.0,-56.8048,1.2683,0.6782,3.598,2.0,0.0,11.764378306878305,11.764378306878305,0.409999999999999,-2.877546296296295,0.71447879337093,23.125,209.22400000000005,200.152,209.06080310791,78.0,0.0,0.062934837382976,-0.549125785998682,0.549125785998682,0.062934837382976,1.0625,1.5,1.9375,2.8490297333644943,2.696853153956033,914.233544394644,19.005553499465137,16.816496580927726,7.816496580927726,11.472861429014031,8.908248290463863,4.408248290463863,3.162457478565265,3.162457478565265,2.329124145231931,2.329124145231931,1.7041241452319311,1.7041241452319311,-2.089999999999999,289581.0801586339,3.736217578787448,3.203248363924315,1.099336005938916,105.81304075457504,9.901064578912528,0.0,0.0,0.0,0.0,0.0,0.0,0.0,0.0,0.0,48.33934966130636,22.253805966787983,7.264716241533299,16.935373737313608,22.237891584444505,5.969305287951849,0.0,0.0,0.0,5.893957685363079,0.0,59.46625264470035,0.0,11.126902983393991,5.106527394840706,0.0,0.0,0.0,5.969305287951849,4.794537184071822,0.0,29.357687674289046,48.33934966130636,0.0,11.126902983393991,0.0,40.13,82.45641860140928,9.901064578912528,0.0,0.0,0.0,0.0,0.0,0.0,0.0,0.0,12.33682700553198,71.21583994708995,0.0,11.764378306878305,11.764378306878305,-2.096851851851851,-4.916841458805743,-5.814236583522297,0.0,0.0,0.0,0.071428571428571,16.0,0.0,2.0,1.0,0.0,1.0,2.0,0.0,2.0,2.0,0.0,2.0,1.0,0.0,0.0,0.0,3.0,1.548799999999999,58.72800000000002,1.0,0.0,0.0,0.0,0.0,0.0,0.0,0.0,1.0,1.0,1.0,1.0,0.0,0.0,0.0,0.0,0.0,0.0,0.0,0.0,0.0,0.0,0.0,0.0,0.0,0.0,0.0,0.0,0.0,0.0,0.0,0.0,0.0,0.0,2.0,0.0,3.0,0.0,0.0,0.0,0.0,0.0,0.0,0.0,0.0,0.0,0.0,0.0,0.0,0.0,0.0,0.0,0.0,0.0,0.0,0.0,0.0,0.0,0.0,0.0,0.0,0.0,0.0,0.0,0.0,0.0,0.0,0.0,0.0,0.0,0.0,0.0,0.0,0.0,0.0,0.0,0.0,0.0,0.0,0.0,0.0,0.0,0.0,0.0,0.0,,,,,,,,
Anion_0171,C[n+]1c(C(=O)[O-])cc2cccc[c-]21,2.0791,-5.0886,-3.0095,3.3584,-4.4886,13.649,-1.0,342.8295,-67.927,-1.976,-4.0491,125.8849,0.2845,7.846999999999999,0.1274,-0.5651,0.0203,20.1126,8.5711,0.0322,69.7734,-36.8,6416.5792,154841.3214,219.092,205.2202,0.5651,1.6274000000000002,0.4972,-0.072,-1.3967,0.178,4.5089,3.3787000000000003,-0.144,1.1302,4.8667,0.0101,16.2486,0.001,-67.7826,1.1534,0.6782,0.253,2.0,0.0,11.133208616780044,11.133208616780044,0.233981481481481,-3.036530612244898,0.441615516428957,20.307692307692307,174.17900000000003,166.11499999999995,174.05605207591,66.0,0.0,0.140086294076489,-0.5479059776949,0.5479059776949,0.140086294076489,1.7692307692307692,2.615384615384615,3.307692307692307,2.670464244196557,3.211457080982635,776.1715054954329,16.27350269189626,14.263710176427685,6.263710176427685,9.49679368558886,7.3290686837138,3.3290686837138,2.320081270690191,2.320081270690191,1.5516695587834302,1.5516695587834302,0.992482574444216,0.992482574444216,-1.7699999999999991,30259.03035099119,2.8717012561181603,2.622440832671096,1.088531003471981,86.45760364121725,9.901064578912528,18.18645561274697,0.0,0.0,0.0,0.0,4.567099647791356,0.0,0.0,18.127256122989884,17.471061629791386,0.0,5.483034224680881,11.45233951263273,25.43423267606564,16.872230220032904,0.0,0.0,6.975826900282246,0.0,0.0,35.90602153316493,0.0,0.0,9.67362704263206,0.0,0.0,0.0,5.969305287951849,6.975826900282246,0.0,21.45453362828204,30.212093538316477,0.0,10.902924932081056,0.0,44.01,59.754078653480086,9.901064578912528,0.0,4.567099647791356,0.0,0.0,0.0,0.0,0.0,0.0,10.96606844936176,60.55303099017384,0.0,11.133208616780044,10.671472505668936,-1.553518518518517,-1.940568310657596,-3.577094671201813,0.0,-3.036530612244898,0.0,0.1,13.0,0.0,3.0,0.0,0.0,0.0,1.0,1.0,2.0,2.0,0.0,3.0,2.0,0.0,0.0,0.0,2.0,-0.2533,45.04750000000003,0.0,0.0,0.0,0.0,1.0,1.0,0.0,0.0,1.0,1.0,1.0,1.0,0.0,0.0,0.0,1.0,0.0,0.0,0.0,0.0,0.0,0.0,0.0,0.0,0.0,0.0,0.0,0.0,0.0,0.0,1.0,0.0,0.0,0.0,1.0,0.0,1.0,0.0,0.0,0.0,0.0,0.0,0.0,0.0,0.0,0.0,0.0,0.0,0.0,0.0,0.0,0.0,0.0,0.0,0.0,0.0,0.0,0.0,0.0,0.0,0.0,0.0,0.0,0.0,1.0,0.0,0.0,0.0,0.0,0.0,0.0,0.0,0.0,0.0,0.0,0.0,0.0,0.0,0.0,0.0,0.0,0.0,0.0,0.0,0.0,,,,,,,,
Anion_0172,COc1ccc(C(=O)C(=O)[O-])cc1,1.5065,-4.9762,-3.4697,3.1472,-4.1101,17.5918,-1.0,357.0206,-69.6145,-2.7344,-4.2229,117.1343,0.5266000000000001,7.2573,0.1378,-0.4814,0.016,20.4246,8.6695,0.1104,45.3693,-39.3209,5731.9286,136474.163,220.4898,202.6619,0.4814,1.4525,0.4896,-0.0664,-1.3329,0.1836,4.126,3.1632,-0.1327,0.9629,4.8714,0.0127,15.4015,0.0026,-71.4257,3.8675,0.6782,1.8042,2.0,0.0,11.266457506613758,11.266457506613758,0.893613000755857,-3.023453247039556,0.468589863257928,18.0,179.15100000000004,172.09499999999997,179.03498228391,68.0,0.0,0.207940299152969,-0.541393052880624,0.541393052880624,0.207940299152969,1.461538461538461,2.076923076923077,2.538461538461538,2.306790627574938,3.577316126456107,563.9344636755699,15.825908934703554,13.132993161855453,6.132993161855452,8.969920232051184,6.520620726159658,3.020620726159658,1.922767841645093,1.922767841645093,1.116581623797196,1.116581623797196,0.567655181539914,0.567655181539914,-1.839999999999999,12018.379169665428,3.493171612101923,3.709251258345458,2.051362145587922,84.59184614565186,14.637927532712576,11.718817121235755,0.0,5.783244946364939,0.0,0.0,4.794537184071822,0.0,0.0,0.0,0.0,24.16967483065318,5.563451491696996,16.633262352074127,29.02777460997593,11.75255023431679,0.0,0.0,0.0,0.0,7.037952458882589,29.733126322350174,0.0,5.749511833283905,9.843390348640757,0.0,5.749511833283905,0.0,18.79050269319938,4.794537184071822,0.0,19.95329856896036,24.16967483065318,0.0,0.0,0.0,66.43,54.27314084883346,14.69560176298435,0.0,0.0,0.0,0.0,0.0,0.0,0.0,4.736862953800049,9.59530989319154,54.70426414084152,0.0,21.735942184744268,10.469484678130511,-1.01584089191232,-4.826276494394053,-3.960787037037035,0.0,0.0,-3.023453247039556,0.111111111111111,13.0,0.0,4.0,0.0,0.0,0.0,1.0,0.0,1.0,4.0,0.0,4.0,4.0,0.0,0.0,0.0,1.0,-0.3722,42.33150000000001,1.0,0.0,0.0,0.0,0.0,0.0,0.0,0.0,1.0,1.0,2.0,2.0,0.0,0.0,0.0,0.0,0.0,0.0,0.0,0.0,0.0,0.0,0.0,0.0,0.0,0.0,0.0,0.0,0.0,0.0,0.0,0.0,0.0,0.0,1.0,0.0,0.0,0.0,0.0,0.0,0.0,1.0,0.0,0.0,0.0,0.0,0.0,0.0,0.0,0.0,0.0,1.0,1.0,0.0,0.0,1.0,0.0,0.0,0.0,0.0,0.0,0.0,0.0,0.0,0.0,0.0,0.0,0.0,0.0,0.0,0.0,0.0,0.0,0.0,0.0,0.0,0.0,0.0,0.0,0.0,0.0,0.0,0.0,0.0,0.0,,,,,,,,
Anion_0173,C#CCCCCCCCCC(=O)[O-],2.2412,-4.4018,-2.1605,3.1476,-6.3855,22.3132,-1.0,432.8305,-70.6557,-2.3015,-3.2811,136.1257,0.1546,9.5331,0.1051,-1.6189,0.1387,94.2796,8.3787,-2.0177,117.6743,-40.5291,8286.188,183054.0187,293.2653,271.3886,1.6189,3.3655,0.1277,-0.169,-0.7643000000000001,0.081,6.5242,3.2863,-0.3381,3.2378,4.7995,0.0056,,0.044,-70.5836,1.5512,0.6782,0.19,2.0,0.0,10.924956521173586,10.924956521173586,1.2094913019730391,-4.492437287414967,0.420207741685427,37.07692307692308,181.2550000000001,164.11899999999997,181.12340336391,74.0,0.0,0.123824756521083,-0.5501718609055201,0.5501718609055201,0.123824756521083,1.307692307692307,1.923076923076923,2.538461538461538,2.52583428015312,6.881367267820351,740.5387096164887,24.99156383156272,23.316496580927726,6.316496580927726,12.754035844753886,11.408248290463863,2.908248290463863,1.4124574785652642,1.4124574785652642,0.602062072615965,0.602062072615965,0.269781036307982,0.269781036307982,-0.97,390117.6304039295,1.862818132654109,9.120661831368992,11.029999999999998,104.22815191874744,9.901064578912528,1.37075855617022,0.0,0.0,0.0,0.0,0.0,0.0,0.0,12.319835853677588,25.49169960531752,19.118774703988137,34.274367088004745,0.0,33.20396003380626,5.969305287951849,0.0,0.0,0.0,50.98339921063503,0.0,0.0,0.0,12.319835853677588,5.106527394840706,0.0,0.0,0.0,5.969305287951849,4.794537184071822,12.319835853677588,74.28629466552877,0.0,0.0,0.0,0.0,40.13,56.95270449858688,9.901064578912528,0.0,0.0,0.0,0.0,12.319835853677588,0.0,0.0,0.0,23.302895454893736,128.07787416142196,0.0,10.924956521173586,10.924956521173586,0.0,-1.479870455222187,0.0,-32.78125008188027,0.0,0.0,0.7272727272727271,13.0,0.0,2.0,0.0,0.0,0.0,0.0,0.0,0.0,2.0,0.0,2.0,8.0,0.0,0.0,0.0,0.0,1.4903,50.77600000000004,1.0,0.0,0.0,0.0,0.0,0.0,0.0,0.0,1.0,1.0,1.0,1.0,0.0,0.0,0.0,0.0,0.0,0.0,0.0,0.0,0.0,0.0,0.0,0.0,0.0,0.0,0.0,0.0,0.0,0.0,0.0,0.0,0.0,0.0,0.0,0.0,0.0,0.0,0.0,0.0,0.0,0.0,0.0,0.0,0.0,0.0,0.0,0.0,0.0,0.0,0.0,0.0,0.0,0.0,0.0,0.0,0.0,0.0,0.0,0.0,0.0,0.0,0.0,0.0,0.0,0.0,0.0,0.0,0.0,0.0,0.0,0.0,0.0,0.0,0.0,0.0,0.0,0.0,1.0,0.0,0.0,0.0,0.0,0.0,0.0,,,,,,,,
Anion_0174,CCC(C)(C)C(=O)[O-],5.1978,-4.3553,0.8425,2.9153,-9.7637,10.2264,-1.0,284.5499,-68.8888,-1.7332,-1.7564000000000002,83.3757,0.0113,12.6789,0.0788,-3.4242,0.4624,982.965,9.1561,-7.4121,130.6744,-26.828,3190.5147,67426.9369,181.6208,167.9431,3.4242,6.8586,0.0102,-0.2701,0.2545,-0.0201,10.2261,3.3777,-0.5401,6.8484,4.2962,0.0021,,0.2249,-69.7266,1.8929,0.6782,0.3055,2.0,0.0,11.087013888888889,11.087013888888889,2.797569444444444,-4.168402777777779,0.514439664335964,38.25,115.15199999999992,104.06399999999998,115.07645317191,48.0,0.0,0.047009715492998,-0.5495799856894641,0.5495799856894641,0.047009715492998,2.0,2.625,2.75,1.923131736392672,6.630295723517651,344.8523750369566,16.077350269189626,14.816496580927726,3.8164965809277263,7.943375672974064,7.158248290463863,1.6582482904638631,1.162457478565264,1.162457478565264,0.493686217847897,0.493686217847897,0.051031036307982,0.051031036307982,-0.53,2569.30399982061,1.024574052697747,2.158633811658892,1.523475771840051,64.97439295389835,9.901064578912528,0.0,0.0,0.0,0.0,0.0,0.0,0.0,0.0,0.0,20.55567635188704,6.372924901329379,26.462639875221043,0.0,24.979408696784944,5.969305287951849,0.0,0.0,5.41499046939678,26.928601253216417,0.0,0.0,0.0,0.0,5.106527394840706,0.0,0.0,0.0,5.969305287951849,4.794537184071822,5.41499046939678,42.00694537108886,0.0,0.0,0.0,0.0,40.13,38.312897010565045,9.901064578912528,0.0,0.0,0.0,0.0,0.0,0.0,0.0,0.0,15.07834411787242,77.435625,0.0,11.087013888888889,11.087013888888889,-4.168402777777779,-2.797569444444444,0.0,-4.046296296296296,-11.680717592592591,0.0,0.833333333333333,8.0,0.0,2.0,0.0,0.0,0.0,0.0,0.0,0.0,2.0,0.0,2.0,5.0,0.0,0.0,0.0,0.0,0.172499999999999,29.078999999999983,1.0,0.0,0.0,0.0,0.0,0.0,0.0,0.0,1.0,1.0,1.0,1.0,0.0,0.0,0.0,0.0,0.0,0.0,0.0,0.0,0.0,0.0,0.0,0.0,0.0,0.0,0.0,0.0,0.0,0.0,0.0,0.0,0.0,0.0,0.0,0.0,0.0,0.0,0.0,0.0,0.0,0.0,0.0,0.0,0.0,0.0,0.0,0.0,0.0,0.0,0.0,0.0,0.0,0.0,0.0,0.0,0.0,0.0,0.0,0.0,0.0,0.0,0.0,0.0,0.0,0.0,0.0,0.0,0.0,0.0,0.0,0.0,0.0,0.0,0.0,0.0,0.0,0.0,0.0,0.0,0.0,0.0,0.0,0.0,0.0,,,,,,,,
Anion_0175,COc1ccc(C#CC(=O)[O-])cc1,1.6876,-5.1351,-3.4475,3.5732,-4.048,24.189,-1.0,380.7581,-71.3283,-2.7071,-4.2913,121.8133,0.3727,7.6212,0.1312,-0.2374,0.0037,13.6986,8.782399999999999,0.45,68.784,-37.3413,6076.587,148278.0736,231.7065,208.1881,0.2374,1.2048,0.73,-0.0311,-1.6679,0.2189,4.0517,3.5769,-0.0623,0.4748,4.8536,0.011,19.8772,0.0018,-71.7414,2.442,0.6782,0.282,2.0,0.0,10.219662677590168,10.219662677590168,0.484174225245653,-2.941805857373814,0.5550607476778621,17.076923076923077,175.16300000000004,168.10699999999997,175.04006766391,66.0,0.0,0.11844561900941,-0.536545042366633,0.536545042366633,0.11844561900941,1.615384615384615,2.307692307692307,2.846153846153846,2.304809136753267,3.507146001055799,595.449332163529,15.662772227887023,13.22474487139159,6.224744871391589,9.042399877122618,6.566496580927726,3.066496580927726,1.843643696413162,1.843643696413162,0.9936862178478972,0.9936862178478972,0.528093108923948,0.528093108923948,-1.949999999999999,12757.118571929335,3.425626338042219,4.169755322247692,2.875310978907518,85.79449155186397,14.637927532712576,11.718817121235755,0.0,0.0,0.0,0.0,0.0,0.0,0.0,0.0,5.920434318855644,30.090109149508823,5.563451491696996,16.633262352074127,24.233237425904115,5.969305287951849,0.0,0.0,0.0,0.0,7.037952458882589,29.733126322350174,0.0,17.590380470995193,9.843390348640757,0.0,5.749511833283905,0.0,13.007257746834435,4.794537184071822,11.840868637711289,15.158761384888534,24.16967483065318,0.0,0.0,0.0,49.36,48.48989590246852,9.901064578912528,0.0,0.0,0.0,0.0,0.0,5.920434318855644,5.920434318855644,4.736862953800049,9.59530989319154,55.317889308462895,0.0,10.219662677590168,10.219662677590168,-0.484174225245653,0.995111790858319,-2.909679705215419,0.0,0.0,-2.941805857373814,0.1,13.0,0.0,3.0,0.0,0.0,0.0,1.0,0.0,1.0,3.0,0.0,3.0,2.0,0.0,0.0,0.0,1.0,-0.2034,44.87900000000001,1.0,0.0,0.0,0.0,0.0,0.0,0.0,0.0,1.0,1.0,1.0,1.0,0.0,0.0,0.0,0.0,0.0,0.0,0.0,0.0,0.0,0.0,0.0,0.0,0.0,0.0,0.0,0.0,0.0,0.0,0.0,0.0,0.0,0.0,1.0,0.0,0.0,0.0,0.0,0.0,0.0,1.0,0.0,0.0,0.0,0.0,0.0,0.0,0.0,0.0,0.0,0.0,0.0,0.0,0.0,1.0,0.0,0.0,0.0,0.0,0.0,0.0,0.0,0.0,0.0,0.0,0.0,0.0,0.0,0.0,0.0,0.0,0.0,0.0,0.0,0.0,0.0,0.0,0.0,0.0,0.0,0.0,0.0,0.0,0.0,,,,,,,,
Anion_0177,C=CCCCCCCCC(=O)[O-],0.7107,-4.3876,-3.6769,3.1477,-5.04,22.4427,-0.4244,414.6954,-69.6004,-2.1275,-4.0322,129.175,0.2806,8.1877,0.1222,-0.9461,0.0551,34.1925,8.4395,-1.1022,101.8765,-38.4242,7401.5381,160416.4758,280.1031,258.1464,0.9461,2.19,0.2977,-0.1153,-1.1008,0.1347,5.0951,3.2028,-0.2306,1.8923,4.6148,0.0084,17.295,0.0135,-70.0287,1.8777,0.6782,0.1323,2.0,0.0,10.895841439479833,10.895841439479833,1.595498886059627,-4.450746409674983,0.409224248514032,38.5,169.24400000000014,152.10799999999998,169.12340336391,70.0,0.0,0.056959607053506,-0.5501718609055201,0.5501718609055201,0.056959607053506,1.5,2.166666666666666,2.833333333333333,2.517773246194685,6.837598694929614,686.3271794332674,24.232050807568875,22.816496580927726,5.816496580927726,12.29743494847109,11.158248290463863,2.658248290463863,1.2874574785652642,1.2874574785652642,0.539562072615965,0.539562072615965,0.238531036307982,0.238531036307982,-0.79,258250.51963543505,1.5783380018560642,8.307943192948091,9.210000000000004,98.1743813803073,9.901064578912528,0.0,0.0,0.0,0.0,0.0,0.0,0.0,0.0,6.531038962001867,25.170846450023703,25.49169960531752,25.159925074334925,4.11227566851066,33.20396003380626,5.969305287951849,0.0,0.0,0.0,44.61047430930565,0.0,12.583110708037434,0.0,0.0,5.106527394840706,0.0,0.0,0.0,5.969305287951849,4.794537184071822,0.0,67.91336976419943,12.583110708037434,0.0,0.0,0.0,40.13,63.16289030529493,9.901064578912528,0.0,0.0,0.0,0.0,0.0,0.0,0.0,0.0,23.302895454893736,127.03362858544476,0.0,10.895841439479833,10.895841439479833,0.0,-2.800455438112139,-1.7260997601200971,-29.953257380112547,-1.595498886059627,0.0,0.7000000000000001,12.0,0.0,2.0,0.0,0.0,0.0,0.0,0.0,0.0,2.0,0.0,2.0,8.0,0.0,0.0,0.0,0.0,1.6529999999999991,47.52300000000003,1.0,0.0,0.0,0.0,0.0,0.0,0.0,0.0,1.0,1.0,1.0,1.0,0.0,0.0,0.0,0.0,0.0,0.0,0.0,0.0,0.0,0.0,0.0,0.0,0.0,0.0,1.0,0.0,0.0,0.0,0.0,0.0,0.0,0.0,0.0,0.0,0.0,0.0,0.0,0.0,0.0,0.0,0.0,0.0,0.0,0.0,0.0,0.0,0.0,0.0,0.0,0.0,0.0,0.0,0.0,0.0,0.0,0.0,0.0,0.0,0.0,0.0,0.0,0.0,0.0,0.0,0.0,0.0,0.0,0.0,0.0,0.0,0.0,0.0,0.0,0.0,0.0,0.0,0.0,0.0,0.0,0.0,0.0,0.0,0.0,,,,,,,,
Anion_0178,CC(=O)CCCCC(=O)[O-],1.7439,-4.9904,-3.2465,3.48,-5.4046,7.1012,-1.0,321.4171,-63.8495,-2.4451,-4.1185,96.1008,0.2301,8.8845,0.1125,-0.9623,0.0521,28.0374,8.9665,-2.1191,89.7524,-33.0356,4230.6595,92149.372,206.3798,190.6267,0.9623,2.2813,0.3567,-0.1083,-1.2588,0.1417,5.4567,3.5321,-0.2166,1.9246,4.386,0.0062,18.1578,0.0089,-65.2237,3.1412,0.6782,0.3803,2.0,0.0,11.446795634920631,11.446795634920631,2.307386148904005,-4.10212962962963,0.504208809104133,32.6,143.1620000000001,132.07399999999998,143.07136779191,58.0,0.0,0.129340149810403,-0.55017185929208,0.55017185929208,0.129340149810403,1.5,2.1,2.6,2.249464755061758,6.090733479214878,449.22343462586593,17.654700538379252,15.72474487139159,4.724744871391589,8.848076211353316,7.612372435695795,2.112372435695794,1.116581623797196,1.116581623797196,0.403093108923948,0.403093108923948,0.170296554461974,0.170296554461974,-0.8600000000000001,8269.032439607025,1.653145725987581,4.967392039224512,7.140000000000001,75.50085716833865,14.69560176298435,5.783244946364939,0.0,0.0,0.0,0.0,0.0,0.0,0.0,0.0,0.0,25.970666821283817,27.420574307153643,0.0,29.773945880856765,11.75255023431679,0.0,0.0,0.0,32.3435917226132,0.0,0.0,0.0,0.0,5.106527394840706,0.0,0.0,0.0,11.75255023431679,9.589074368143644,0.0,47.42193584048565,0.0,0.0,0.0,0.0,57.2,44.09614195692998,14.69560176298435,0.0,0.0,0.0,0.0,0.0,0.0,0.0,0.0,15.07834411787242,77.7673615835223,0.0,22.043620205026453,10.59682457010582,0.0,-4.98006424792139,0.0,-16.22051776266062,-3.62389101473923,0.0,0.7142857142857141,10.0,0.0,3.0,0.0,0.0,0.0,0.0,0.0,0.0,3.0,0.0,3.0,6.0,0.0,0.0,0.0,0.0,-0.1143,34.15599999999999,1.0,0.0,0.0,0.0,0.0,0.0,0.0,0.0,1.0,1.0,2.0,2.0,0.0,0.0,0.0,0.0,0.0,0.0,0.0,0.0,0.0,0.0,0.0,0.0,0.0,0.0,0.0,0.0,0.0,0.0,0.0,0.0,0.0,0.0,0.0,0.0,0.0,0.0,0.0,0.0,0.0,0.0,0.0,0.0,0.0,0.0,0.0,0.0,0.0,0.0,0.0,1.0,1.0,0.0,0.0,0.0,0.0,0.0,0.0,0.0,0.0,0.0,0.0,0.0,0.0,0.0,0.0,0.0,0.0,0.0,0.0,0.0,0.0,0.0,0.0,0.0,0.0,0.0,0.0,0.0,0.0,0.0,0.0,0.0,0.0,,,,,,,,
Anion_0179,COc1ccc(CCC(=O)[O-])cc1OC,2.009,-4.7995,-2.7906,3.2049,-4.9482,12.9537,-1.0,402.4852,-69.3871,-2.4129,-3.795,143.6327,0.2494,8.1531,0.1226,-0.8716,0.0467,30.0647,8.0756,-0.7578,88.4885,-46.6798,8842.1418,202173.7624,273.9147,259.4723,0.8716,2.0777,0.3343,-0.1069,-1.1666,0.1431,4.9949,3.2516,-0.2138,1.7433,4.5305,0.0084,16.9068,0.0066,-69.8497,2.1973,0.6782,3.3383,2.0,0.0,11.001101720800044,11.001101720800044,1.194734977324263,-3.810819987717309,0.7033322807726711,26.0,209.2210000000001,196.117,209.08193247591,82.0,0.0,0.160486767783211,-0.550159505594453,0.550159505594453,0.160486767783211,1.533333333333333,2.266666666666666,2.933333333333333,2.454931783679611,3.958585341451944,780.4052926009778,22.45566544670048,20.132993161855453,7.132993161855452,12.237704977252028,9.97474487139159,3.474744871391589,2.149829914261059,2.149829914261059,1.239477029746495,1.239477029746495,0.6973373663605721,0.6973373663605721,-1.709999999999999,265162.0918188022,2.9043407911377352,5.240223135362097,3.160956638840316,106.70357650491503,19.374790486512623,0.0,11.49902366656781,0.0,0.0,0.0,0.0,0.0,0.0,0.0,6.042418707663295,30.394138709682345,11.45233951263273,26.412731923297155,37.19465171672549,5.969305287951849,0.0,0.0,0.0,12.74584980265876,14.075904917765175,23.69070761468688,0.0,11.49902366656781,14.580253302440804,0.0,11.49902366656781,0.0,20.045210205717023,11.1674620854012,0.0,29.75623762323923,18.127256122989884,0.0,0.0,0.0,58.59,67.98079128963047,9.901064578912528,0.0,0.0,0.0,0.0,0.0,0.0,0.0,9.473725907600098,17.819861230212858,105.04518727394536,0.0,11.001101720800044,11.001101720800044,-1.357553854875283,-5.019654995485847,-3.913736300075585,-7.476331963340893,0.0,-6.613446935101202,0.363636363636363,15.0,0.0,4.0,0.0,0.0,0.0,1.0,0.0,1.0,4.0,0.0,4.0,7.0,0.0,0.0,0.0,1.0,0.386299999999999,52.87400000000003,1.0,0.0,0.0,0.0,0.0,0.0,0.0,0.0,1.0,1.0,1.0,1.0,0.0,0.0,0.0,0.0,0.0,0.0,0.0,0.0,0.0,0.0,0.0,0.0,0.0,0.0,0.0,0.0,0.0,0.0,0.0,0.0,0.0,0.0,1.0,0.0,0.0,0.0,0.0,0.0,0.0,2.0,0.0,0.0,0.0,0.0,0.0,0.0,0.0,0.0,0.0,0.0,0.0,0.0,0.0,2.0,0.0,0.0,0.0,0.0,0.0,0.0,0.0,0.0,0.0,0.0,0.0,0.0,0.0,0.0,0.0,0.0,0.0,0.0,0.0,0.0,0.0,0.0,0.0,0.0,0.0,0.0,0.0,0.0,0.0,,,,,,,,
Anion_0180,O=C([O-])C=Cc1ccccc1Cl,0.9986,-5.0228,-4.0243,3.4709,-3.4131,17.6594,-1.0,351.9777,-72.146,-2.4194,-4.5235,122.0071,0.5414,6.8839,0.1452,0.0289,0.0001,11.2415,8.956,1.1809,52.516,-35.2202,5966.9579,159456.3628,215.8057,200.5656,-0.0289,0.8319000000000001,0.8897,0.0042,-1.7499,0.2542,3.4131,3.4709,0.0084,-0.0578,5.0395,0.0154,,0.005,-72.1824,1.7776,0.6782,0.5821000000000001,2.0,0.0,10.461873897707232,10.461873897707232,0.502777777777777,-1.927335285966238,0.6415122256565561,19.08333333333333,181.59800000000004,175.54999999999998,181.00618069191,62.0,0.0,0.064254825137768,-0.545466964861688,0.545466964861688,0.064254825137768,1.666666666666666,2.333333333333333,3.0,2.324109840727561,3.725155823702039,539.6616674438746,14.196152422706634,11.694461053936951,6.450389999955408,8.196152422706634,5.847230526968477,3.225194999977704,1.726439715069878,2.104404188079106,0.9312987499944252,1.214772104751346,0.496899374997212,0.638636052375673,-1.279999999999999,6275.096569964415,3.622886838671276,3.926368094926434,2.398476488657845,83.52547151063082,9.901064578912528,0.0,0.0,0.0,0.0,0.0,0.0,0.0,0.0,0.0,35.78026775925797,17.657941945395855,5.022633313741326,14.193856624973169,18.12561591593385,23.62231692421993,0.0,0.0,0.0,0.0,0.0,40.80783138212706,0.0,0.0,5.106527394840706,0.0,0.0,11.600939890232516,5.969305287951849,4.794537184071822,0.0,13.788002828718314,30.221746576688744,5.022633313741326,6.052071746035566,0.0,40.13,52.82920841611448,9.901064578912528,0.0,0.0,0.0,0.0,0.0,0.0,0.0,0.0,19.825491227253835,44.13737433862434,5.65770345175107,10.461873897707232,9.959096119929455,-0.530679012345678,-1.927335285966238,-4.646922398589063,0.0,0.0,0.0,0.0,12.0,0.0,2.0,0.0,0.0,0.0,1.0,0.0,1.0,2.0,0.0,3.0,2.0,0.0,0.0,0.0,1.0,1.1031,45.493000000000016,1.0,0.0,0.0,0.0,0.0,0.0,0.0,0.0,1.0,1.0,1.0,1.0,0.0,0.0,0.0,0.0,0.0,0.0,0.0,0.0,0.0,0.0,0.0,0.0,0.0,0.0,0.0,0.0,0.0,0.0,0.0,0.0,0.0,0.0,1.0,0.0,0.0,0.0,0.0,0.0,0.0,0.0,0.0,0.0,1.0,0.0,0.0,0.0,0.0,0.0,0.0,0.0,0.0,0.0,0.0,0.0,0.0,0.0,0.0,0.0,0.0,0.0,0.0,0.0,0.0,0.0,0.0,0.0,0.0,0.0,0.0,0.0,0.0,0.0,0.0,0.0,0.0,0.0,0.0,0.0,0.0,0.0,0.0,0.0,0.0,,,,,,,,
Anion_0181,Cc1ccc(C(=O)C(=O)[O-])cc1,1.5357,-4.9573,-3.4216,3.1336,-4.1491,16.4639,-1.0,342.0508,-70.0734,-2.5367,-4.1895,112.3082,0.512,7.2826,0.1374,-0.5077,0.0177,21.1236,8.8046,0.0889,45.5945,-35.2579,5199.0021,124842.6028,211.0836,191.9456,0.5077,1.4889,0.4734,-0.0697,-1.3129,0.1803,4.1668,3.1513,-0.1394,1.0155,4.9545,0.0128,15.302,0.0039,-71.579,3.3642,0.6782,1.8395,2.0,0.0,11.24220804988662,11.24220804988662,0.863520408163264,-2.913871173469387,0.452557585670917,18.83333333333333,163.15200000000004,156.09599999999998,163.04006766391,62.0,0.0,0.207936068347945,-0.541393052969784,0.541393052969784,0.207936068347945,1.416666666666666,2.0,2.416666666666666,2.243853813569885,3.763900324948665,547.1515727236592,15.118802153517008,12.72474487139159,5.724744871391589,8.49679368558886,6.362372435695795,2.862372435695794,1.866581623797196,1.866581623797196,1.037457478565264,1.037457478565264,0.528093108923948,0.528093108923948,-1.64,7427.156122916321,3.011702096030919,3.172338513822828,1.691980320538495,79.47830091614499,9.901064578912528,5.969305287951849,0.0,5.783244946364939,0.0,0.0,4.794537184071822,0.0,0.0,0.0,29.733126322350174,6.851892117295679,9.675727160207655,5.483034224680881,24.290911656175886,11.75255023431679,0.0,0.0,0.0,6.851892117295679,0.0,35.29657781404717,0.0,0.0,5.106527394840706,0.0,0.0,0.0,11.75255023431679,4.794537184071822,6.851892117295679,25.51675006065735,24.16967483065318,0.0,0.0,0.0,57.2,53.90102016565964,14.69560176298435,0.0,0.0,0.0,0.0,0.0,0.0,0.0,0.0,9.59530989319154,51.1134552154195,0.0,21.68993539777022,10.447727347883598,-1.874631519274375,-3.919883786848072,-3.959398148148145,0.0,-2.913871173469387,0.0,0.111111111111111,12.0,0.0,3.0,0.0,0.0,0.0,1.0,0.0,1.0,3.0,0.0,3.0,3.0,0.0,0.0,0.0,1.0,-0.07238,40.516500000000015,1.0,0.0,0.0,0.0,0.0,0.0,0.0,0.0,1.0,1.0,2.0,2.0,0.0,0.0,0.0,0.0,0.0,0.0,0.0,0.0,0.0,0.0,0.0,0.0,0.0,0.0,0.0,0.0,0.0,0.0,0.0,0.0,0.0,0.0,1.0,0.0,0.0,0.0,0.0,0.0,0.0,0.0,0.0,0.0,0.0,0.0,0.0,0.0,0.0,0.0,0.0,1.0,1.0,0.0,0.0,0.0,0.0,0.0,0.0,0.0,0.0,0.0,0.0,0.0,0.0,0.0,0.0,0.0,0.0,0.0,0.0,0.0,0.0,0.0,0.0,0.0,0.0,0.0,0.0,0.0,0.0,0.0,0.0,0.0,0.0,,,,,,,,
Anion_0182,O=C([O-])C(=O)c1ccc(Cl)cc1,1.5194,-5.3679,-3.8485,3.453,-3.6403,9.7941,-1.0,339.5861,-61.1311,-2.3841,-4.6082,112.7387,0.5406000000000001,7.0933,0.141,-0.0937,0.0006,12.5706,8.9064,0.7395,44.4726,-36.1472,5212.5676,140587.0642,204.3533,187.2042,0.0937,0.9828,0.7955,-0.0132,-1.6797,0.2368,3.6409,3.4536,-0.0264,0.1873,4.9166,0.0138,,0.0023,-62.86,3.4348,0.6782,2.1599,2.0,0.0,11.090068027210885,11.090068027210885,0.467687074829931,-2.094331065759637,0.488693002111362,14.083333333333334,183.57,179.53799999999995,182.98544524791,62.0,0.0,0.207937470245642,-0.5413930529406881,0.5413930529406881,0.207937470245642,1.333333333333333,1.833333333333333,2.25,2.232728044989675,3.643355856110976,471.5421695417518,12.618802153517008,9.602709344400816,6.358638290419271,7.285468820183674,4.801354672200408,3.179319145209635,1.8055638603018087,2.183528333311037,1.006948596817571,1.195930833322185,0.512838668050102,0.6073297863024081,-1.349999999999999,2500.655410388436,4.620925695115844,3.364219152232408,1.826040905770635,79.20171352812663,9.901064578912528,5.969305287951849,0.0,5.783244946364939,0.0,0.0,4.794537184071822,0.0,0.0,0.0,11.600939890232516,24.16967483065318,10.586084805438322,5.483034224680881,20.178635987665228,23.353490124549303,0.0,0.0,0.0,0.0,0.0,34.7557596360915,0.0,0.0,5.106527394840706,0.0,0.0,11.600939890232516,11.75255023431679,4.794537184071822,0.0,15.841022900449696,24.16967483065318,5.022633313741326,0.0,0.0,57.2,46.50830987040829,14.69560176298435,0.0,0.0,0.0,0.0,0.0,0.0,0.0,0.0,17.083974114913396,29.15710506424792,5.455096371882085,21.419016439909296,9.86126133786848,-0.8477777777777771,-3.697417485512723,-2.902839506172837,0.0,0.0,0.0,0.0,12.0,0.0,3.0,0.0,0.0,0.0,1.0,0.0,1.0,3.0,0.0,4.0,2.0,0.0,0.0,0.0,1.0,0.272599999999999,40.78950000000001,1.0,0.0,0.0,0.0,0.0,0.0,0.0,0.0,1.0,1.0,2.0,2.0,0.0,0.0,0.0,0.0,0.0,0.0,0.0,0.0,0.0,0.0,0.0,0.0,0.0,0.0,0.0,0.0,0.0,0.0,0.0,0.0,0.0,0.0,1.0,0.0,0.0,0.0,0.0,0.0,0.0,0.0,0.0,0.0,1.0,0.0,0.0,0.0,0.0,0.0,0.0,1.0,1.0,0.0,0.0,0.0,0.0,0.0,0.0,0.0,0.0,0.0,0.0,0.0,0.0,0.0,0.0,0.0,0.0,0.0,0.0,0.0,0.0,0.0,0.0,0.0,0.0,0.0,0.0,0.0,0.0,0.0,0.0,0.0,0.0,,,,,,,,
Anion_0183,O=C([O-])CC1CCCC1,5.2166,-4.4156,0.801,3.0985,-9.7543,12.1472,-1.0,296.8051,-69.1252,-1.8181,-1.8073,89.8319,0.0113,12.8528,0.0778,-3.3279,0.4309,4998.6747,9.085,-6.6867,130.8915,-28.9789,3726.1698,80684.3431,191.4732,177.0048,3.3279,6.658,0.0021,-0.2589,0.1147,-0.0089,10.1852,3.5293,-0.5178,6.6559,4.5271,0.0021,,0.1911,-69.9949,2.0097,0.6782,0.2605,2.0,0.0,10.826529195011338,10.826529195011338,2.616898148148149,-3.961111111111112,0.535484770939472,66.0,127.16299999999993,116.07499999999996,127.07645317191,52.0,0.0,0.041659476199198,-0.550160777898499,0.550160777898499,0.041659476199198,1.888888888888888,2.444444444444444,2.8888888888888893,2.292297409326469,3.834818597611767,427.68799315174965,16.577350269189626,15.316496580927726,4.316496580927726,8.443375672974064,7.658248290463863,2.158248290463863,1.287457478565265,1.287457478565265,0.664562072615965,0.664562072615965,0.383312072615965,0.383312072615965,-0.53,7305.551843523459,1.246788279230106,2.852566645594043,2.038928005517196,70.33350391476569,9.901064578912528,0.0,0.0,0.0,0.0,0.0,0.0,0.0,0.0,0.0,25.49169960531752,12.266882586692455,21.047649405824263,0.0,24.979408696784944,5.969305287951849,0.0,0.0,5.893957685363079,31.864624506646894,0.0,0.0,0.0,0.0,5.106527394840706,0.0,0.0,0.0,5.969305287951849,4.794537184071822,5.893957685363079,46.94296862451935,0.0,0.0,0.0,0.0,40.13,43.72788747996182,9.901064578912528,0.0,0.0,0.0,0.0,0.0,0.0,0.0,0.0,15.07834411787242,81.77805272108843,0.0,10.826529195011338,10.826529195011338,0.0,-6.506944444444445,0.0,-18.757500000000004,0.0,0.0,0.8571428571428571,9.0,0.0,2.0,1.0,0.0,1.0,0.0,0.0,0.0,2.0,0.0,2.0,2.0,1.0,0.0,1.0,1.0,0.316599999999999,31.581999999999983,1.0,0.0,0.0,0.0,0.0,0.0,0.0,0.0,1.0,1.0,1.0,1.0,0.0,0.0,0.0,0.0,0.0,0.0,0.0,0.0,0.0,0.0,0.0,0.0,0.0,0.0,0.0,0.0,0.0,0.0,0.0,0.0,0.0,0.0,0.0,0.0,0.0,0.0,0.0,0.0,0.0,0.0,0.0,0.0,0.0,0.0,0.0,0.0,0.0,0.0,0.0,0.0,0.0,0.0,0.0,0.0,0.0,0.0,0.0,0.0,0.0,0.0,0.0,0.0,0.0,0.0,0.0,0.0,0.0,0.0,0.0,0.0,0.0,0.0,0.0,0.0,0.0,0.0,0.0,0.0,0.0,0.0,0.0,0.0,0.0,,,,,,,,
Anion_0184,COC(=O)CCCC(=O)[O-],5.0524,-5.872,-0.8196,3.9047,-7.4518,6.6856,-1.0,306.3379,-67.2695,-2.1695,-3.3458,89.6488,0.0177,11.3565,0.0881,-1.7736,0.1385,50.0082,9.3001,-4.1993,125.371,-33.9591,3724.8064,80455.3681,195.188,176.7368,1.7736,3.7472,0.2,-0.1561,-1.0655,0.0939,7.5904,4.0432,-0.3123,3.5472,4.324,0.0029,,0.0271,-68.5861,2.8079,0.6782,0.8618,2.0,0.0,11.21912037037037,11.21912037037037,2.247569444444444,-3.915509259259259,0.479637947428554,27.8,145.13400000000007,136.06199999999998,145.05063234791,58.0,0.0,0.305014519163376,-0.5501716266365531,0.5501716266365531,0.305014519163376,1.7000000000000002,2.4,2.9,2.132475921353659,5.521499391872163,384.66129679033577,15.861807319565798,13.632993161855453,4.6329931618554525,8.071202757815641,6.520620726159658,2.020620726159658,1.051977029746495,1.051977029746495,0.421821848206581,0.421821848206581,0.158827590769957,0.158827590769957,-1.06,3606.016783009038,1.9640462553438824,4.784806790484913,5.084092219020172,71.43951928311333,14.637927532712576,0.0,0.0,0.0,0.0,5.969305287951849,4.794537184071822,0.0,0.0,0.0,0.0,12.74584980265876,20.566781526302545,11.150228127393248,31.76929172231637,11.9386105759037,0.0,0.0,0.0,19.118774703988137,7.037952458882589,0.0,0.0,0.0,5.106527394840706,0.0,0.0,0.0,18.976563034786288,14.325937321943693,0.0,31.455601709520117,0.0,0.0,0.0,0.0,66.43,38.095337738774425,14.69560176298435,0.0,0.0,0.0,0.0,0.0,0.0,0.0,4.736862953800049,12.33682700553198,65.56037462207104,0.0,21.685323247354496,10.466202876984129,0.0,-4.841959561602419,0.0,-11.656351095993951,0.0,-3.380256755479971,0.6666666666666661,10.0,0.0,4.0,0.0,0.0,0.0,0.0,0.0,0.0,4.0,0.0,4.0,5.0,0.0,0.0,0.0,0.0,-0.9204,30.873999999999985,1.0,0.0,0.0,0.0,0.0,0.0,0.0,0.0,1.0,1.0,2.0,2.0,0.0,0.0,0.0,0.0,0.0,0.0,0.0,0.0,0.0,0.0,0.0,0.0,0.0,0.0,0.0,0.0,0.0,0.0,0.0,0.0,0.0,0.0,0.0,0.0,0.0,0.0,0.0,0.0,1.0,1.0,0.0,0.0,0.0,0.0,0.0,0.0,0.0,0.0,0.0,0.0,0.0,0.0,0.0,1.0,0.0,0.0,0.0,0.0,0.0,0.0,0.0,0.0,0.0,0.0,0.0,0.0,0.0,0.0,0.0,0.0,0.0,0.0,0.0,0.0,0.0,0.0,0.0,0.0,0.0,0.0,0.0,0.0,0.0,,,,,,,,
Anion_0185,O=C([O-])C1=[N+]=[NH+]c2ccccc21,2.1587,-15.1174,-12.9587,13.0886,4.948,4.594,1.0,321.6395,-51.4211,-2.7946,-14.0381,102.7864,0.2925,8.1406,0.1228,9.0183,4.9953,0.3331,18.6403,9.2405,73.2693,-33.1722,4252.8697,105501.0935,197.1663,176.9491,-9.0183,11.9805,30.0171,1.1078,-11.0534,1.3578,0.0473,18.0839,2.2156,-18.0366,4.9221,0.0091,1.9389,4.8098,-48.3137,-0.9909,0.6782,4.374,2.0,0.0,10.765059523809525,10.765059523809525,0.282222222222221,-1.688860544217687,0.466860486562407,19.166666666666668,161.14000000000004,156.1,161.03455382009,58.0,0.0,0.5604913363235711,-0.5383174691563131,0.5604913363235711,0.5383174691563131,1.666666666666666,2.416666666666666,3.166666666666666,2.61348755956948,2.9024528526161197,633.5380885088583,12.903259203893182,10.710923771927645,5.710923771927642,7.857948465255108,5.502675481463779,3.05546188596382,2.059671074065223,2.059671074065223,1.347857662720967,1.347857662720967,0.845141150256089,0.845141150256089,-1.929999999999999,6599.056087912937,3.207836991166137,2.28729722445632,0.828147501595717,74.98635932681928,9.901064578912528,5.107274874911441,11.532756779648846,4.789866254258734,5.687386274683562,7.123527081098903,0.0,0.0,0.0,0.0,12.08483741532659,6.042418707663295,6.042418707663295,5.483034224680881,26.693082011091786,17.368376565406113,0.0,0.0,0.0,0.0,0.0,29.733126322350174,0.0,0.0,10.213802269752149,5.687386274683562,0.0,0.0,16.470856544981284,4.794537184071822,0.0,11.046485716377877,24.16967483065318,1.4118420783282,0.0,0.0,68.2,35.85066512137573,9.901064578912528,0.0,11.250837766380558,5.107274874911441,0.0,0.0,0.0,0.0,4.789866254258734,6.894876303009082,37.24457671957672,0.0,14.0728373015873,11.124503968253968,-1.2609259259259251,-1.688860544217687,-2.158798185941042,0.0,0.0,0.0,0.0,12.0,1.0,4.0,0.0,1.0,1.0,1.0,0.0,1.0,2.0,1.0,4.0,1.0,0.0,0.0,0.0,2.0,-2.388299999999998,36.44110000000001,1.0,0.0,0.0,0.0,0.0,0.0,0.0,0.0,1.0,1.0,1.0,1.0,0.0,0.0,0.0,1.0,1.0,0.0,0.0,0.0,0.0,0.0,0.0,0.0,0.0,0.0,0.0,0.0,0.0,0.0,0.0,0.0,0.0,0.0,1.0,0.0,1.0,0.0,0.0,0.0,0.0,0.0,0.0,0.0,0.0,0.0,0.0,0.0,0.0,0.0,0.0,0.0,0.0,0.0,0.0,0.0,0.0,0.0,0.0,0.0,0.0,0.0,0.0,0.0,1.0,0.0,0.0,0.0,0.0,0.0,0.0,0.0,0.0,0.0,0.0,0.0,0.0,0.0,0.0,0.0,0.0,0.0,0.0,0.0,0.0,,,,,,,,
Anion_0186,CCC=CCC(=O)[O-],3.4225,-4.6690000000000005,-1.2465,3.0071,-6.9389,11.4233,-1.0,291.4401,-65.8591,-1.8003,-2.9577,82.6856,0.0752,9.946,0.1006,-1.9659,0.1943,185.37,8.9626,-3.5404,95.1215,-25.7793,2989.2542,65599.9756,181.3308,160.0226,1.9659,3.9865,0.0547,-0.1976,-0.5206000000000001,0.0524,7.1333,3.2014,-0.3953,3.9318,4.677,0.0047,,0.0866,-66.7688,2.0319,0.6782,3.5038,2.0,0.0,10.3568962585034,10.3568962585034,1.549351851851851,-3.4209490740740742,0.48656619788016,34.25,113.13599999999994,104.06399999999998,113.06080310791,46.0,0.0,0.057644084258865,-0.549829837469582,0.549829837469582,0.057644084258865,2.125,2.875,3.375,2.126679038838787,5.709679250937322,352.9878044657687,14.232050807568877,12.816496580927726,3.8164965809277263,7.258759813876276,6.158248290463863,1.6582482904638631,0.787457478565264,0.787457478565264,0.289562072615965,0.289562072615965,0.113531036307982,0.113531036307982,-0.79,1743.8768118478058,1.201877035117817,4.371030595813205,5.21,61.47484892137845,9.901064578912528,0.0,0.0,0.0,0.0,0.0,0.0,0.0,0.0,0.0,18.95603560936681,6.372924901329379,21.937540082472765,2.74151711234044,22.237891584444505,5.969305287951849,0.0,0.0,0.0,19.59774191995444,0.0,12.104143492071133,0.0,0.0,5.106527394840706,0.0,0.0,0.0,5.969305287951849,4.794537184071822,0.0,31.934568925486413,12.104143492071133,0.0,0.0,0.0,40.13,37.67119069997742,9.901064578912528,0.0,0.0,0.0,0.0,0.0,0.0,0.0,0.0,12.33682700553198,62.55014503023432,0.0,10.3568962585034,10.3568962585034,0.0,-2.339266817838246,-3.133958333333332,-6.733564814814816,-3.307147581254725,0.0,0.5,8.0,0.0,2.0,0.0,0.0,0.0,0.0,0.0,0.0,2.0,0.0,2.0,4.0,0.0,0.0,0.0,0.0,0.0926,29.05499999999999,1.0,0.0,0.0,0.0,0.0,0.0,0.0,0.0,1.0,1.0,1.0,1.0,0.0,0.0,0.0,0.0,0.0,0.0,0.0,0.0,0.0,0.0,0.0,0.0,0.0,0.0,1.0,0.0,0.0,0.0,0.0,0.0,0.0,0.0,0.0,0.0,0.0,0.0,0.0,0.0,0.0,0.0,0.0,0.0,0.0,0.0,0.0,0.0,0.0,0.0,0.0,0.0,0.0,0.0,0.0,0.0,0.0,0.0,0.0,0.0,0.0,0.0,0.0,0.0,0.0,0.0,0.0,0.0,0.0,0.0,0.0,0.0,0.0,0.0,0.0,0.0,0.0,0.0,0.0,0.0,0.0,0.0,0.0,0.0,0.0,,,,,,,,
Anion_0187,O=C([O-])c1cc[nH+][n-]1,2.5448,-4.513,-1.9682,3.2634,-6.2953,13.482,-1.0,253.0273,-80.1791,-3.6512,-3.2406,69.3324,0.1811,9.5587,0.1046,-1.516,0.1202,62.6174,10.0304,-3.2402,82.2338,-24.2745,2040.8277,47680.969,141.8076,120.1313,1.516,3.1916,0.1597,-0.1586,-0.8737,0.0914,6.4155,3.3836,-0.3172,3.0319,4.9111,0.0056,24.7733,0.0584,-77.6886,0.4825,0.6782,0.468,2.0,0.0,10.113703703703704,10.113703703703704,0.257407407407407,-1.643981481481481,0.413479379521604,14.25,111.07999999999998,108.056,111.02000091591,42.0,0.0,0.43952294330092,-0.546630871056064,0.546630871056064,0.43952294330092,2.25,3.0,3.25,2.16535588199899,3.294579812854017,308.5309696103527,8.593858127134677,6.710923771927642,3.710923771927642,5.036581260209189,3.252675481463778,1.8054618859638207,1.072867675190233,1.072867675190233,0.567652564408483,0.567652564408483,0.269806715073116,0.269806715073116,-1.32,283.66162054186776,2.299971313434874,1.6512034657775692,0.6763800286865651,49.422331189240666,14.999746387213566,1.37075855617022,6.172895210814761,0.0,0.0,1.4118420783282,5.091706557583081,0.0,0.0,0.0,5.693927994848461,6.042418707663295,0.0,7.34006384412207,19.146130327164247,5.969305287951849,0.0,5.098681808301038,0.0,0.0,0.0,17.909241913326518,0.0,0.0,15.296915760724826,0.0,0.0,0.0,5.969305287951849,0.0,0.0,13.229982291260722,12.215313918478056,1.4118420783282,0.0,0.0,68.37,23.87854720127837,9.901064578912528,0.0,5.091706557583081,0.0,0.0,0.0,0.0,0.0,5.098681808301038,4.153359190668641,20.60898148148148,0.0,10.113703703703704,13.426666666666666,-0.675925925925925,-1.643981481481481,-0.5972222222222221,-0.565555555555555,0.0,0.0,0.0,8.0,1.0,4.0,0.0,0.0,0.0,0.0,1.0,1.0,2.0,0.0,4.0,1.0,0.0,0.0,0.0,1.0,-2.178599999999999,20.6482,0.0,0.0,0.0,0.0,1.0,2.0,1.0,0.0,1.0,1.0,1.0,1.0,0.0,0.0,0.0,1.0,1.0,0.0,0.0,0.0,0.0,1.0,0.0,0.0,0.0,0.0,0.0,0.0,0.0,0.0,0.0,0.0,0.0,0.0,0.0,0.0,0.0,0.0,0.0,0.0,0.0,0.0,0.0,0.0,0.0,0.0,0.0,0.0,0.0,0.0,0.0,0.0,0.0,0.0,0.0,0.0,0.0,0.0,0.0,0.0,0.0,0.0,0.0,0.0,0.0,0.0,0.0,0.0,0.0,0.0,0.0,0.0,0.0,0.0,0.0,0.0,0.0,0.0,0.0,0.0,0.0,0.0,0.0,0.0,0.0,,,,,,,,
Anion_0188,CSCC(=O)[O-],3.6625,-5.058,-1.3955,3.2743,-6.3965,6.099,-1.0,248.807,-63.3016,-1.9161,-3.2268,67.7231,0.0655,9.6708,0.1034,-1.5611000000000002,0.126,65.9196,9.1711,-2.4881,97.3656,-20.5844,1954.1967,54502.9655,144.1656,125.3533,1.5611000000000002,3.2739000000000003,0.1517,-0.1614,-0.8566,0.0886,6.5225,3.4003,-0.3228,3.1222,4.9026,0.0054,,0.0455,-65.4516,3.388,0.6782,1.525,2.0,0.0,9.941805555555554,9.941805555555554,0.261574074074074,-2.855902777777777,0.456609004346008,25.0,105.13799999999996,100.09799999999998,105.00157397991,36.0,0.0,0.051292240586763,-0.549260769690006,0.549260769690006,0.051292240586763,2.5,3.166666666666666,3.333333333333333,1.563741061716008,4.248770814829776,163.60069033493932,9.284457050376172,7.724744871391589,3.541241452319315,4.650482454160612,3.5664965809277263,1.882993161855452,0.491581623797196,0.8998299142610591,0.134364369641316,0.403093108923948,0.041666666666666,0.125,-0.18,96.9519458263925,1.402148738390831,3.02746887966805,3.820000000000001,47.572853635066856,9.901064578912528,0.0,0.0,0.0,0.0,0.0,0.0,0.0,11.761884949391115,0.0,0.0,6.183924101116458,12.558749666001258,5.969305287951849,16.754857359763626,17.731190237342965,0.0,0.0,0.0,0.0,11.888880986266615,0.0,0.0,0.0,5.106527394840706,0.0,0.0,11.761884949391115,17.85818627421847,4.794537184071822,0.0,6.853792780851101,0.0,0.0,0.0,0.0,40.13,17.85818627421847,9.901064578912528,0.0,11.761884949391115,0.0,0.0,0.0,0.0,0.0,0.0,6.853792780851101,32.92604166666667,-0.261574074074074,9.941805555555554,9.941805555555554,-2.855902777777777,-2.029050925925925,0.0,-2.663125,0.0,0.0,0.6666666666666661,6.0,0.0,2.0,0.0,0.0,0.0,0.0,0.0,0.0,3.0,0.0,3.0,3.0,0.0,0.0,0.0,0.0,-0.9007000000000001,23.388999999999992,1.0,0.0,0.0,0.0,0.0,0.0,0.0,0.0,1.0,1.0,1.0,1.0,0.0,0.0,0.0,0.0,0.0,0.0,0.0,0.0,0.0,0.0,0.0,0.0,0.0,0.0,0.0,0.0,0.0,0.0,0.0,0.0,0.0,0.0,0.0,0.0,0.0,0.0,0.0,0.0,0.0,0.0,0.0,0.0,0.0,0.0,0.0,0.0,0.0,0.0,0.0,0.0,0.0,0.0,0.0,0.0,0.0,0.0,0.0,0.0,0.0,0.0,0.0,0.0,0.0,0.0,0.0,0.0,0.0,0.0,0.0,0.0,0.0,0.0,0.0,1.0,0.0,0.0,0.0,0.0,0.0,0.0,0.0,0.0,0.0,,,,,,,,
Anion_0189,Cc1ccc(C(=O)CCC(=O)[O-])cc1,1.0533,-5.3157,-4.2623,3.5175,-3.1917,14.6807,-1.0,384.9508,-66.7694,-2.5724,-4.789,135.3159,0.4962,6.7092,0.149,0.1628,0.002,9.9068,8.699,1.0979,55.049,-41.5957,7683.9034,180869.1935,248.8568,236.667,-0.1628,0.6837000000000001,1.0094,0.0242,-1.8401,0.2743,3.1937,3.5195,0.0486,-0.3257,4.7356,0.0157,,0.0129,-67.6031,2.7279,0.6782,1.0299,2.0,0.0,12.27121267951625,12.27121267951625,0.997664189132443,-3.837259070294784,0.65832115678737,24.142857142857142,191.20600000000007,180.11799999999997,191.07136779191,74.0,0.0,0.162747887906302,-0.5501573947855211,0.5501573947855211,0.162747887906302,1.428571428571428,2.071428571428571,2.571428571428571,2.430420152163655,3.768183476072794,721.6148316682867,20.11880215351701,17.72474487139159,6.724744871391589,10.990810621445153,8.862372435695795,3.362372435695794,2.116581623797196,2.116581623797196,1.130155181539914,1.130155181539914,0.596327590769957,0.596327590769957,-1.64,87555.88598169568,2.923004316006755,4.555449572874385,3.011702096030919,97.82806714560948,9.901064578912528,0.0,5.783244946364939,0.0,0.0,0.0,4.794537184071822,0.0,0.0,0.0,29.733126322350174,13.22481701862506,27.500991574169763,5.483034224680881,29.773945880856765,11.75255023431679,0.0,0.0,0.0,19.59774191995444,0.0,35.29657781404717,0.0,0.0,5.106527394840706,0.0,0.0,0.0,11.75255023431679,4.794537184071822,6.851892117295679,43.74563408799702,24.16967483065318,0.0,0.0,0.0,57.2,66.64686996831838,14.69560176298435,0.0,0.0,0.0,0.0,0.0,0.0,0.0,0.0,15.07834411787242,81.42166808617769,0.0,23.043458239024616,10.772245559508368,-2.249400300243553,-4.531473502981439,-4.686464474678758,-7.631095875850341,-3.055604397623247,0.0,0.272727272727272,14.0,0.0,3.0,0.0,0.0,0.0,1.0,0.0,1.0,3.0,0.0,3.0,5.0,0.0,0.0,0.0,1.0,0.707819999999999,49.75050000000002,1.0,0.0,0.0,0.0,0.0,0.0,0.0,0.0,1.0,1.0,2.0,2.0,0.0,0.0,0.0,0.0,0.0,0.0,0.0,0.0,0.0,0.0,0.0,0.0,0.0,0.0,0.0,0.0,0.0,0.0,0.0,0.0,0.0,0.0,1.0,0.0,0.0,0.0,0.0,0.0,0.0,0.0,0.0,0.0,0.0,0.0,0.0,0.0,0.0,0.0,0.0,1.0,1.0,0.0,0.0,0.0,0.0,0.0,0.0,0.0,0.0,0.0,0.0,0.0,0.0,0.0,0.0,0.0,0.0,0.0,0.0,0.0,0.0,0.0,0.0,0.0,0.0,0.0,0.0,0.0,0.0,0.0,0.0,0.0,0.0,,,,,,,,
Anion_0190,O=C([O-])CC=Cc1ccccc1,1.9851,-5.252,-3.2669,3.0474,-4.0894,13.2235,-1.0,361.2757,-61.5351,-1.8189,-4.2595,122.05,0.3399,7.1367,0.1401,-0.521,0.019,22.368,8.0969,0.5267000000000001,59.3293,-34.3434,5992.7121,143211.4057,228.0021,207.0418,0.521,1.4892,0.4472,-0.073,-1.2632,0.177,4.1084,3.0664,-0.146,1.042,4.8328,0.0133,14.7751,0.0021,-62.1032,1.7088,0.6782,6.1663,2.0,0.0,10.634672671537752,10.634672671537752,0.7120443856554961,-3.319463931405897,0.658627668482432,23.83333333333333,161.18000000000006,152.10799999999998,161.06080310791,62.0,0.0,0.062901743611949,-0.549829634796073,0.549829634796073,0.062901743611949,1.666666666666666,2.333333333333333,2.916666666666666,2.413818930562597,3.733873100428781,621.4138350649437,16.696152422706632,14.816496580927726,5.816496580927726,9.440169358562928,7.408248290463863,2.908248290463863,1.662457478565265,1.662457478565265,0.8520620726159651,0.8520620726159651,0.457281036307982,0.457281036307982,-1.569999999999999,21458.85029270149,2.456756380837396,4.337351158442225,3.012055326400651,83.80205889864921,9.901064578912528,0.0,0.0,0.0,0.0,0.0,0.0,0.0,0.0,0.0,42.316237030387605,5.563451491696996,15.083747301621669,9.59530989319154,22.237891584444505,12.021377033987417,0.0,0.0,0.0,6.372924901329379,0.0,41.82761677604904,0.0,0.0,5.106527394840706,0.0,0.0,0.0,5.969305287951849,4.794537184071822,0.0,24.27320339855835,36.26416528435204,0.0,6.052071746035566,0.0,40.13,60.22191871136583,9.901064578912528,0.0,0.0,0.0,0.0,0.0,0.0,0.0,0.0,12.33682700553198,66.64374560395146,0.0,10.634672671537752,10.634672671537752,-0.7396990740740731,-2.259614092550601,-6.344313848996387,-3.319463931405897,0.0,0.0,0.1,12.0,0.0,2.0,0.0,0.0,0.0,1.0,0.0,1.0,2.0,0.0,2.0,3.0,0.0,0.0,0.0,1.0,0.8398,45.10000000000002,1.0,0.0,0.0,0.0,0.0,0.0,0.0,0.0,1.0,1.0,1.0,1.0,0.0,0.0,0.0,0.0,0.0,0.0,0.0,0.0,0.0,0.0,0.0,0.0,0.0,0.0,0.0,0.0,0.0,0.0,0.0,0.0,0.0,0.0,1.0,0.0,0.0,0.0,0.0,0.0,0.0,0.0,0.0,0.0,0.0,0.0,0.0,0.0,0.0,0.0,0.0,0.0,0.0,0.0,0.0,0.0,0.0,0.0,0.0,0.0,0.0,0.0,0.0,0.0,0.0,0.0,0.0,0.0,0.0,0.0,0.0,0.0,0.0,0.0,0.0,0.0,0.0,0.0,0.0,0.0,0.0,0.0,0.0,0.0,0.0,,,,,,,,
Anion_0191,O=C([O-])c1cc2cc3c4c(c2oc1=O)CCCN4CCC3,1.0588,-5.2147,-4.1559,3.2923,-3.0496,29.9596,-1.0,474.2493,-88.1017,-3.3396,-4.6853,191.8468,0.5808,6.3419,0.1577,0.1214,0.0012,10.8922,7.8764,1.8947,49.2618,-60.8959,15688.096,373272.4105,330.1248,324.8576,-0.1214,0.6762,0.919,0.0192,-1.7068,0.2692,3.0508,3.2935,0.0383,-0.2428,4.7642,0.0187,,0.0135,-89.038,3.5977,0.6782,1.4128,2.0,0.0,12.319347324577976,12.319347324577976,0.151701782564877,-3.720227032942809,0.7259797506068151,41.04761904761905,284.2909999999997,270.179,284.09283150791043,108.0,0.0,0.344937007120275,-0.544532413265649,0.544532413265649,0.344937007120275,1.333333333333333,2.095238095238095,2.857142857142857,2.636422952436152,2.457115156868908,1387.360319765619,27.057959742272438,24.080206757355413,10.08020675735541,15.524615131921776,12.691441119409596,5.691441119409595,4.163724967103354,4.163724967103354,2.964756003411334,2.964756003411334,2.105189607224433,2.105189607224433,-2.3,13579755.890404897,4.596758703481391,4.346567285086597,1.766280985713071,140.0075155937953,19.218125246816356,5.583020141642242,0.0,0.0,0.0,5.625586319077987,0.0,4.794537184071822,0.0,0.0,0.0,43.1399885123411,46.07988402351991,14.274273891989283,33.50883530234896,22.62593591874245,0.0,0.0,0.0,25.49169960531752,17.893629099482368,39.19531539356738,0.0,0.0,15.632023444769173,5.687386274683562,0.0,0.0,18.96302465658374,12.74584980265876,0.0,53.42136124820469,21.29652553645176,0.0,10.969244356107035,0.0,73.58,95.51213310218743,14.69560176298435,0.0,4.899909730850478,0.0,0.0,0.0,0.0,0.0,0.0,23.607770723436424,120.98139117524624,0.0,23.574976837211008,10.408972451660492,-7.724756196460065,-2.220010944192493,-2.472059240362812,-14.494409171075844,-7.387438245359873,0.0,0.375,21.0,0.0,5.0,0.0,2.0,2.0,1.0,1.0,2.0,5.0,0.0,5.0,1.0,0.0,0.0,0.0,4.0,0.8553000000000001,75.66950000000003,0.0,0.0,0.0,0.0,1.0,0.0,0.0,0.0,1.0,1.0,1.0,1.0,0.0,0.0,0.0,1.0,0.0,0.0,0.0,0.0,0.0,0.0,0.0,0.0,0.0,0.0,0.0,0.0,0.0,1.0,1.0,0.0,0.0,0.0,1.0,0.0,2.0,0.0,0.0,0.0,0.0,0.0,0.0,0.0,0.0,0.0,0.0,0.0,0.0,0.0,0.0,0.0,0.0,0.0,0.0,0.0,0.0,0.0,0.0,0.0,0.0,0.0,0.0,0.0,0.0,0.0,0.0,0.0,0.0,0.0,0.0,0.0,0.0,0.0,0.0,0.0,0.0,0.0,0.0,0.0,0.0,0.0,0.0,0.0,0.0,,,,,,,,
Anion_0193,O=C([O-])C=Cc1cccnc1,0.9589,-5.0176,-4.0587,3.4226,-3.5562,15.6771,-1.0,324.0637,-70.0987,-2.2639,-4.5382,105.3517,0.5612,6.9788,0.1433,-0.0668,0.0003,12.3946,8.914,0.7546,51.2782,-31.4413,4477.5447,108006.5437,194.1547,175.5459,0.0668,0.9404,0.8068000000000001,-0.0096,-1.6779000000000002,0.2404,3.5565,3.4229,-0.0191,0.1336,4.9011,0.0144,27.8277,0.0023,-69.0775,0.5645,0.6782,0.1207,2.0,0.0,10.385272423784327,10.385272423784327,0.569259259259258,-1.921036470143613,0.547625971975435,19.63636363636364,148.14100000000002,142.09299999999996,148.04040201191,56.0,0.0,0.084629194969331,-0.5454669643651391,0.5454669643651391,0.084629194969331,1.9090909090909087,2.727272727272727,3.454545454545454,2.242037873407536,3.586274328122798,527.2369557174317,13.325908934703556,11.263710176427685,5.263710176427685,7.768632067778068,5.605461885963821,2.605461885963821,1.4978676751902331,1.4978676751902331,0.7565705698034391,0.7565705698034391,0.402936984339214,0.402936984339214,-1.64,3923.5662784631886,2.772719726562499,3.509176750644712,2.62037740527673,72.44185326469568,9.901064578912528,0.0,0.0,0.0,0.0,0.0,4.983978520947208,0.0,0.0,0.0,12.09449045369886,17.657941945395855,12.345790421629522,14.193856624973169,18.12561591593385,12.021377033987417,0.0,4.983978520947208,0.0,0.0,0.0,36.04615107468867,0.0,0.0,5.106527394840706,0.0,0.0,0.0,10.95328380889906,4.794537184071822,0.0,13.788002828718314,30.48269958299168,0.0,6.052071746035566,0.0,53.02,48.067528108676086,9.901064578912528,0.0,0.0,0.0,0.0,0.0,0.0,0.0,4.983978520947208,8.224551337021321,43.52360953640715,0.0,13.65700711766188,10.385272423784327,-0.569259259259258,-1.921036470143613,-3.439973544973544,-1.302286470143612,0.0,0.0,0.0,11.0,0.0,3.0,0.0,0.0,0.0,0.0,1.0,1.0,3.0,0.0,3.0,2.0,0.0,0.0,0.0,1.0,-0.1553,38.27800000000002,1.0,0.0,0.0,0.0,0.0,1.0,0.0,0.0,1.0,1.0,1.0,1.0,0.0,0.0,0.0,1.0,0.0,0.0,0.0,0.0,0.0,0.0,0.0,0.0,0.0,0.0,0.0,0.0,0.0,0.0,0.0,0.0,0.0,0.0,0.0,0.0,0.0,0.0,0.0,0.0,0.0,0.0,0.0,0.0,0.0,0.0,0.0,0.0,0.0,0.0,0.0,0.0,0.0,0.0,0.0,0.0,0.0,0.0,0.0,0.0,0.0,0.0,0.0,0.0,0.0,0.0,0.0,0.0,0.0,0.0,0.0,0.0,0.0,1.0,0.0,0.0,0.0,0.0,0.0,0.0,0.0,0.0,0.0,0.0,0.0,,,,,,,,
Anion_0194,CC1(C(=O)[O-])CCCCC1,5.2115,-4.4285,0.783,2.9290000000000003,-9.6838,10.7911,-1.0,308.8605,-68.922,-1.6484,-1.8228,101.6719,0.0111,12.6128,0.0793,-3.3773,0.4522,1276.4667,8.854800000000001,-6.9461,131.0492,-32.1526,4760.6456,102667.3374,204.945,198.5856,3.3773,6.7628,0.0081,-0.2678,0.2242,-0.0178,10.136,3.3812,-0.5355,6.7548,4.3317,0.0022,,0.2094,-69.7067,1.7549,0.6782,0.296,2.0,0.0,11.533924319727891,11.533924319727891,2.865046296296296,-4.286111111111111,0.539132605085327,69.8,141.1900000000001,128.08599999999998,141.09210323591,58.0,0.0,0.047296212064522,-0.5495686859102581,0.5495686859102581,0.047296212064522,1.6,2.2,2.6,2.228672298155228,4.15516231539369,500.5828337183812,19.077350269189623,17.816496580927726,4.816496580927726,9.693375672974064,8.908248290463863,2.408248290463863,1.6624574785652642,1.6624574785652642,0.9311862178478972,0.9311862178478972,0.414562072615965,0.414562072615965,-0.53,21127.813386511563,1.34558350559486,2.604890203917639,1.306617696156082,79.50838702949787,9.901064578912528,0.0,0.0,0.0,0.0,0.0,0.0,0.0,0.0,0.0,25.970666821283817,12.74584980265876,29.204156987561483,0.0,27.720925809125383,5.969305287951849,0.0,0.0,5.41499046939678,38.716516623942574,0.0,0.0,0.0,0.0,5.106527394840706,0.0,0.0,0.0,5.969305287951849,4.794537184071822,5.41499046939678,56.53637785415548,0.0,0.0,0.0,0.0,40.13,50.1008123812912,9.901064578912528,0.0,0.0,0.0,0.0,0.0,0.0,0.0,0.0,17.819861230212858,97.7720587679516,0.0,11.533924319727891,11.533924319727891,-4.286111111111111,-2.865046296296296,0.0,-20.198703703703707,-4.073379629629631,0.0,0.875,10.0,0.0,2.0,1.0,0.0,1.0,0.0,0.0,0.0,2.0,0.0,2.0,2.0,1.0,0.0,1.0,1.0,0.7066999999999991,36.19899999999999,1.0,0.0,0.0,0.0,0.0,0.0,0.0,0.0,1.0,1.0,1.0,1.0,0.0,0.0,0.0,0.0,0.0,0.0,0.0,0.0,0.0,0.0,0.0,0.0,0.0,0.0,0.0,0.0,0.0,0.0,0.0,0.0,0.0,0.0,0.0,0.0,0.0,0.0,0.0,0.0,0.0,0.0,0.0,0.0,0.0,0.0,0.0,0.0,0.0,0.0,0.0,0.0,0.0,0.0,0.0,0.0,0.0,0.0,0.0,0.0,0.0,0.0,0.0,0.0,0.0,0.0,0.0,0.0,0.0,0.0,0.0,0.0,0.0,0.0,0.0,0.0,0.0,0.0,0.0,0.0,0.0,0.0,0.0,0.0,0.0,,,,,,,,
Anion_0195,O=C([O-])Cc1cc2ccccc2[nH]1,2.5435,-5.4051,-2.8616,3.2608,-4.6905,11.904,-1.0,352.5789,-59.2342,-2.1428,-4.1334,125.8177,0.1896,7.9513,0.1258,-0.7148,0.0321,24.5339,8.2406,-0.2174,76.9507,-36.8103,6415.5705,154952.8524,222.4935,204.6592,0.7148,1.8373,0.4076,-0.0899,-1.273,0.1601,4.7226,3.2929,-0.1798,1.4297,4.7265,0.0094,15.9632,0.003,-58.9115,1.1418,0.6782,4.76,2.0,0.0,10.87253275384228,10.87253275384228,0.21361111111111,-3.179450113378685,0.718635481874031,20.307692307692307,174.17900000000006,166.11499999999998,174.05605207591,66.0,0.0,0.166215277606266,-0.5497462961702081,0.5497462961702081,0.166215277606266,1.692307692307692,2.461538461538461,3.230769230769231,2.65230585656606,3.067755089525978,730.6812804997599,16.27350269189626,14.263710176427685,6.263710176427685,9.529485756039968,7.30267548146378,3.355461885963821,2.221474472940212,2.221474472940212,1.355177367553418,1.355177367553418,0.8942364788292101,0.8942364788292101,-1.7699999999999991,32137.990064010955,2.8717012561181603,2.935678423325268,1.537359074923305,86.30568878686029,14.87806784914178,0.0,1.4118420783282,0.0,0.0,0.0,0.0,0.0,0.0,0.0,18.127256122989884,17.471061629791386,26.29437601408639,6.853792780851101,20.908216550432265,16.872230220032904,0.0,4.977003270229252,0.0,6.372924901329379,0.0,35.90602153316493,0.0,0.0,5.106527394840706,0.0,0.0,0.0,10.9463085581811,11.1674620854012,0.0,15.28923788804,30.212093538316477,1.4118420783282,10.902924932081056,0.0,55.92,59.15117665452722,9.901064578912528,0.0,4.977003270229252,0.0,0.0,0.0,0.0,0.0,0.0,11.00715197151974,60.75407942806752,0.0,11.08614386495339,10.466167013101538,-1.365162037037035,-2.164295162509448,-3.347482993197278,-3.179450113378685,0.0,0.0,0.1,13.0,1.0,3.0,0.0,0.0,0.0,1.0,1.0,2.0,2.0,1.0,3.0,2.0,0.0,0.0,0.0,2.0,0.460299999999999,47.00970000000001,1.0,0.0,0.0,0.0,0.0,1.0,1.0,0.0,1.0,1.0,1.0,1.0,0.0,0.0,0.0,0.0,1.0,0.0,0.0,0.0,0.0,1.0,0.0,0.0,0.0,0.0,0.0,0.0,0.0,0.0,0.0,0.0,0.0,0.0,1.0,0.0,1.0,0.0,0.0,0.0,0.0,0.0,0.0,0.0,0.0,0.0,0.0,0.0,0.0,0.0,0.0,0.0,0.0,0.0,0.0,0.0,0.0,0.0,0.0,0.0,0.0,0.0,0.0,0.0,1.0,0.0,0.0,0.0,0.0,0.0,0.0,0.0,0.0,0.0,0.0,0.0,0.0,0.0,0.0,0.0,0.0,0.0,0.0,0.0,0.0,,,,,,,,
Anion_0196,O=C([O-])C1CCCCCC1,5.2513,-4.4708,0.7805000000000001,3.0361,-9.6415,14.5713,-1.0,315.6661,-69.3666,-1.8895,-1.8451,101.5983,0.0107,12.6776,0.0788,-3.3027,0.4303,4218.7364,8.9142,-6.148,132.1728,-32.1404,4754.2206,102594.0056,207.1648,198.3727,3.3027,6.6085,0.003,-0.2605,0.1333,-0.0105,10.0718,3.4663,-0.5211,6.6054,4.6859,0.0023,,0.1914,-70.2349,2.0796,0.6782,0.2735,2.0,0.0,11.300904195011338,11.300904195011338,2.825231481481481,-4.273611111111112,0.5043371810203341,74.6,141.1900000000001,128.08599999999998,141.09210323591,58.0,0.0,0.044481729728631,-0.5498653627361211,0.5498653627361211,0.044481729728631,1.4,1.9,2.3,2.346811635028682,4.135808197454337,498.0926087227082,19.077350269189623,17.816496580927726,4.816496580927726,9.693375672974064,8.908248290463863,2.408248290463863,1.412457478565265,1.412457478565265,0.766624145231931,0.766624145231931,0.383312072615965,0.383312072615965,-0.53,24615.70723981585,1.34558350559486,3.5925082832361293,2.01092677277109,79.50838702949788,9.901064578912528,0.0,0.0,0.0,0.0,0.0,0.0,0.0,0.0,0.0,25.49169960531752,18.63980748802184,23.789166518164706,0.0,27.720925809125383,5.969305287951849,0.0,0.0,5.893957685363079,38.23754940797628,0.0,0.0,0.0,0.0,5.106527394840706,0.0,0.0,0.0,5.969305287951849,4.794537184071822,5.893957685363079,56.057410638189175,0.0,0.0,0.0,0.0,40.13,50.1008123812912,9.901064578912528,0.0,0.0,0.0,0.0,0.0,0.0,0.0,0.0,17.819861230212858,98.4610156840514,0.0,11.300904195011338,11.300904195011338,0.0,-7.098842592592593,0.0,-24.54731481481482,0.0,0.0,0.875,10.0,0.0,2.0,1.0,0.0,1.0,0.0,0.0,0.0,2.0,0.0,2.0,1.0,1.0,0.0,1.0,1.0,0.7066999999999991,36.19899999999999,1.0,0.0,0.0,0.0,0.0,0.0,0.0,0.0,1.0,1.0,1.0,1.0,0.0,0.0,0.0,0.0,0.0,0.0,0.0,0.0,0.0,0.0,0.0,0.0,0.0,0.0,0.0,0.0,0.0,0.0,0.0,0.0,0.0,0.0,0.0,0.0,0.0,0.0,0.0,0.0,0.0,0.0,0.0,0.0,0.0,0.0,0.0,0.0,0.0,0.0,0.0,0.0,0.0,0.0,0.0,0.0,0.0,0.0,0.0,0.0,0.0,0.0,0.0,0.0,0.0,0.0,0.0,0.0,0.0,0.0,0.0,0.0,0.0,0.0,0.0,0.0,0.0,0.0,0.0,0.0,0.0,0.0,0.0,0.0,0.0,,,,,,,,
Anion_0197,O=C([O-])CCC(=O)c1ccc(Cl)cc1,0.9335,-5.6213,-4.6877,3.7624,-2.6723,10.0165,-1.0,381.6169,-60.6767,-2.4882,-5.1545,135.7789,0.5505,6.4347,0.1554,0.545,0.0231,6.9361,8.8053,1.7559,51.8698,-42.483,7704.6997,199766.3816,241.5785,231.5673,-0.545,0.3516,1.4417,0.0847,-2.1537,0.3347,2.6954,3.7855,0.1694,-1.0901,4.7355,0.0178,,0.0465,-61.6219,2.7552,0.6782,1.11,2.0,0.0,12.119072656840512,12.119072656840512,0.601830855799109,-3.743075042517008,0.699947966940764,20.071428571428573,211.62400000000005,203.56,211.01674537591,74.0,0.0,0.162749287274152,-0.5501573947855211,0.5501573947855211,0.162749287274152,1.357142857142857,1.928571428571428,2.428571428571428,2.420870004888919,3.6438078332603903,643.6208632834636,17.61880215351701,14.602709344400816,7.358638290419271,9.779485756039966,7.301354672200408,3.679319145209635,2.05556386030181,2.433528333311037,1.099646299792221,1.288628536296835,0.58107314989611,0.6755642681484171,-1.349999999999999,29510.405359595927,4.026264151164632,4.766467819170523,3.183573016395285,97.5514797575911,9.901064578912528,0.0,5.783244946364939,0.0,0.0,0.0,4.794537184071822,0.0,0.0,0.0,11.600939890232516,30.54259973198256,28.411349219400428,5.483034224680881,25.661670212346102,23.353490124549303,0.0,0.0,0.0,12.74584980265876,0.0,34.7557596360915,0.0,0.0,5.106527394840706,0.0,0.0,11.600939890232516,11.75255023431679,4.794537184071822,0.0,34.06990692778934,24.16967483065318,5.022633313741326,0.0,0.0,57.2,59.25415967306704,14.69560176298435,0.0,0.0,0.0,0.0,0.0,0.0,0.0,0.0,22.567008339594278,58.997868760672986,5.52125730925086,22.813120328378265,10.092216815738643,-1.088402777777777,-4.342189538366786,-3.629905832703449,-7.419520620748302,0.0,0.0,0.2,14.0,0.0,3.0,0.0,0.0,0.0,1.0,0.0,1.0,3.0,0.0,4.0,4.0,0.0,0.0,0.0,1.0,1.052799999999999,50.02350000000002,1.0,0.0,0.0,0.0,0.0,0.0,0.0,0.0,1.0,1.0,2.0,2.0,0.0,0.0,0.0,0.0,0.0,0.0,0.0,0.0,0.0,0.0,0.0,0.0,0.0,0.0,0.0,0.0,0.0,0.0,0.0,0.0,0.0,0.0,1.0,0.0,0.0,0.0,0.0,0.0,0.0,0.0,0.0,0.0,1.0,0.0,0.0,0.0,0.0,0.0,0.0,1.0,1.0,0.0,0.0,0.0,0.0,0.0,0.0,0.0,0.0,0.0,0.0,0.0,0.0,0.0,0.0,0.0,0.0,0.0,0.0,0.0,0.0,0.0,0.0,0.0,0.0,0.0,0.0,0.0,0.0,0.0,0.0,0.0,0.0,,,,,,,,
Anion_0198,Cc1ccc(OCC(=O)[O-])cc1,2.2652,-4.9661,-2.701,3.1585,-5.2009,14.4065,-1.0,348.9176,-68.0481,-2.1659,-3.8336,115.6496,0.2126,8.3594,0.1196,-1.0212,0.0624,36.629,8.3717,-1.1537,86.0926,-36.2938,5596.0396,130613.112,221.3974,203.1633,1.0212,2.3157,0.2733,-0.1222,-1.0686,0.1278,5.2632,3.2209,-0.2443,2.0424,4.6302,0.0079,17.9592,0.0149,-68.9012,2.3409,0.6782,2.7533000000000003,2.0,0.0,10.52674256739733,10.52674256739733,0.8621655328798181,-3.396846064814815,0.638947967802035,22.5,165.16800000000006,156.09599999999998,165.05571772791,64.0,0.0,0.127583689200396,-0.5464327099084361,0.5464327099084361,0.127583689200396,1.75,2.416666666666666,2.916666666666666,2.3019214744914063,3.561492728801166,564.1018395954355,16.74855866551393,14.72474487139159,5.724744871391589,9.303253565384518,7.316496580927726,2.8164965809277263,1.6957057690291282,1.6957057690291282,0.838488514873247,0.838488514873247,0.444759775590615,0.444759775590615,-1.509999999999999,16240.056002536874,2.48704838702459,3.758873354833853,2.617263365609756,83.24026504594372,14.637927532712576,12.308497076200194,0.0,0.0,0.0,0.0,0.0,0.0,0.0,0.0,17.648288907023584,18.93672953262227,4.11227566851066,14.193856624973169,26.974754538244557,5.969305287951849,0.0,0.0,0.0,6.851892117295679,6.558985242916289,29.733126322350174,0.0,5.749511833283905,9.843390348640757,0.0,5.749511833283905,0.0,12.528290530868135,4.794537184071822,6.851892117295679,17.900278497228975,24.16967483065318,0.0,0.0,0.0,49.36,54.862820803797895,9.901064578912528,0.0,0.0,0.0,0.0,0.0,0.0,0.0,4.736862953800049,12.33682700553198,69.9857783367977,0.0,10.52674256739733,10.52674256739733,-0.8621655328798181,-3.285685980410682,-3.9029667422524543,0.0,-6.321778549382715,0.0,0.222222222222222,12.0,0.0,3.0,0.0,0.0,0.0,1.0,0.0,1.0,3.0,0.0,3.0,4.0,0.0,0.0,0.0,1.0,0.123719999999999,41.68100000000002,1.0,0.0,0.0,0.0,0.0,0.0,0.0,0.0,1.0,1.0,1.0,1.0,0.0,0.0,0.0,0.0,0.0,0.0,0.0,0.0,0.0,0.0,0.0,0.0,0.0,0.0,0.0,0.0,0.0,0.0,0.0,0.0,0.0,0.0,1.0,0.0,0.0,0.0,0.0,0.0,0.0,1.0,0.0,0.0,0.0,0.0,0.0,0.0,0.0,0.0,0.0,0.0,0.0,0.0,0.0,0.0,0.0,0.0,0.0,0.0,0.0,0.0,0.0,0.0,0.0,0.0,0.0,0.0,0.0,0.0,0.0,0.0,0.0,0.0,0.0,0.0,0.0,0.0,0.0,0.0,0.0,0.0,0.0,0.0,0.0,,,,,,,,
Anion_0199,O=C([O-])CCC(=O)OCc1ccccc1,2.9097,-6.1267,-3.217,4.1428,-4.4966,10.3708,-1.0,394.2492,-66.283,-2.1564,-4.6718,140.0992,0.1589,8.6395,0.1158,-0.1769,0.002,11.007,8.8045,0.2609,100.4564,-45.6853,8345.8845,194324.6743,260.399,246.1574,0.1769,1.265,0.9112,-0.0204,-1.983,0.2296,4.4987,4.1449,-0.0408,0.3538,4.7096,0.0073,,0.0137,-67.008,2.2032,0.6782,3.4348,2.0,0.0,11.842668493323256,11.842668493323256,0.8523228656514641,-3.896312240173849,0.6493896072262111,23.066666666666663,207.20500000000007,196.117,207.06628241191,80.0,0.0,0.305998223160768,-0.5501551505857001,0.5501551505857001,0.305998223160768,1.333333333333333,2.0,2.6,2.494453486442736,3.426683991727471,744.8911321579819,20.82590893470356,18.132993161855453,7.132993161855452,11.496629238358585,9.020620726159658,3.520620726159658,2.029039102362461,2.029039102362461,1.012414957130529,1.012414957130529,0.525988514873247,0.525988514873247,-1.839999999999999,149717.09825629304,3.333720450857418,5.799349083423194,4.806603274188806,102.94161237511636,14.637927532712578,6.558985242916289,0.0,0.0,0.0,5.969305287951849,4.794537184071822,0.0,0.0,0.0,30.212093538316477,11.936376393026377,11.45233951263273,15.968234794520916,34.51080883465682,11.9386105759037,0.0,0.0,0.0,19.304835045575047,0.0,35.77554503001347,0.0,0.0,5.106527394840706,0.0,0.0,0.0,11.9386105759037,20.88492256485998,0.0,33.387645412228174,30.212093538316477,0.0,0.0,0.0,66.42999999999999,67.01899065149222,14.69560176298435,0.0,0.0,0.0,0.0,0.0,0.0,0.0,4.736862953800049,15.07834411787242,85.5732154916859,0.0,22.52737932778968,10.684710834466426,-1.137350718065003,-4.89691528335648,-4.896262328782393,-7.785245483224158,-3.486198507180651,0.0,0.272727272727272,15.0,0.0,4.0,0.0,0.0,0.0,1.0,0.0,1.0,4.0,0.0,4.0,5.0,0.0,0.0,0.0,1.0,0.259899999999999,50.47900000000003,1.0,0.0,0.0,0.0,0.0,0.0,0.0,0.0,1.0,1.0,2.0,2.0,0.0,0.0,0.0,0.0,0.0,0.0,0.0,0.0,0.0,0.0,0.0,0.0,0.0,0.0,0.0,0.0,0.0,0.0,0.0,0.0,0.0,0.0,1.0,0.0,0.0,0.0,0.0,0.0,1.0,1.0,0.0,0.0,0.0,0.0,0.0,0.0,0.0,0.0,0.0,0.0,0.0,0.0,0.0,0.0,0.0,0.0,0.0,0.0,0.0,0.0,0.0,0.0,0.0,0.0,0.0,0.0,0.0,0.0,0.0,0.0,0.0,0.0,0.0,0.0,0.0,0.0,0.0,0.0,0.0,0.0,0.0,0.0,0.0,,,,,,,,
Anion_0200,CC(=O)OCC(=O)[O-],5.001,-5.8825,-0.8815000000000001,4.1487,-7.4794,6.3636,-1.0,260.097,-62.6735,-2.37,-3.382,66.1673,0.0179,11.628,0.086,-1.6654,0.1193,37.7152,10.2632,-4.523,124.0211,-27.6363,2045.2337,44617.5305,149.6761,128.9057,1.6654,3.5959,0.2652,-0.1432,-1.2417,0.1068,7.5986,4.2679,-0.2865,3.3307,4.5355,0.0029,,0.0242,-64.6367,3.655,0.6782,1.2334,2.0,0.0,10.468819444444446,10.468819444444446,1.9289814814814807,-3.425115740740739,0.404135721434934,20.75,117.07999999999996,112.04,117.01933221991,46.0,0.0,0.302501876194551,-0.5464306633482681,0.5464306633482681,0.302501876194551,2.0,2.625,3.0,1.831436547194626,4.469222962165216,231.1791103458067,10.861807319565798,8.632993161855453,3.632993161855452,5.571202757815639,4.020620726159658,1.520620726159657,0.7790391023624611,0.7790391023624611,0.227062072615965,0.227062072615965,0.088015518153991,0.088015518153991,-1.06,287.53553790955624,2.045962721709573,3.009687481832753,4.939999999999998,53.08975305364887,14.637927532712576,6.558985242916289,0.0,0.0,0.0,5.969305287951849,4.794537184071822,0.0,0.0,0.0,0.0,0.0,10.96416778580634,8.71082240029229,26.286257497635493,11.9386105759037,0.0,0.0,0.0,6.851892117295679,6.558985242916289,0.0,0.0,0.0,5.106527394840706,0.0,0.0,0.0,18.49759581881999,14.325937321943693,0.0,13.705684898146778,0.0,0.0,0.0,0.0,66.43,25.349487936115665,14.69560176298435,0.0,0.0,0.0,0.0,0.0,0.0,0.0,4.736862953800049,6.853792780851101,35.85204648526077,0.0,20.40529620181406,9.936476757369617,0.0,-4.243703703703702,0.0,0.0,-6.616782407407407,0.0,0.5,8.0,0.0,4.0,0.0,0.0,0.0,0.0,0.0,0.0,4.0,0.0,4.0,3.0,0.0,0.0,0.0,0.0,-1.700599999999999,21.63999999999999,1.0,0.0,0.0,0.0,0.0,0.0,0.0,0.0,1.0,1.0,2.0,2.0,0.0,0.0,0.0,0.0,0.0,0.0,0.0,0.0,0.0,0.0,0.0,0.0,0.0,0.0,0.0,0.0,0.0,0.0,0.0,0.0,0.0,0.0,0.0,0.0,0.0,0.0,0.0,0.0,1.0,1.0,0.0,0.0,0.0,0.0,0.0,0.0,0.0,0.0,0.0,0.0,0.0,0.0,0.0,0.0,0.0,0.0,0.0,0.0,0.0,0.0,0.0,0.0,0.0,0.0,0.0,0.0,0.0,0.0,0.0,0.0,0.0,0.0,0.0,0.0,0.0,0.0,0.0,0.0,0.0,0.0,0.0,0.0,0.0,,,,,,,,
