,SMILES String,PC1,PC2,PC3,PC4,PC5,Cluster
Anion_0001,CC(=O)[O-],8.553465043,-1.307804677,-3.390935335,-1.655475099,-2.1307866,11
Anion_0002,OC(CCCCCCC/C=C\CCCCCCCC)=O,-1.006877941,5.696687586,-1.755667989,0.211407597,3.147684584,19
Anion_0003,CCCCCCCCCCCCCCCC(=O)[O-],-3.041309784,11.94637964,-1.958894179,-1.318318814,5.391036335,19
Anion_0004,[O-]C(CCCCCCCCCCCCCCCCC)=O,-4.794182043,13.97377444,-2.182897759,-1.317835386,6.447629756,19
Anion_0005,OC(CCCCCC/C=C\C/C=C\CCCCC)=O,-0.455304321,4.935811008,-1.657538133,1.50053323,1.044901677,6
Anion_0006,O=C([O-])Cc1c[nH+]c2cccc[c-]12,0.791738146,1.710585699,-0.769010205,0.30321456,-0.516070839,5
Anion_0007,C=CC(=O)[O-],3.190321622,-3.387784663,-2.022911736,-1.034553959,-2.787455259,17
Anion_0008,CCC=CCC=CCC=CCCCCCCCC(=O)[O-],0.418294363,2.797059287,-1.948830468,1.74120676,1.433270993,6
Anion_0009,O=C([O-])Cc1cccc2ccccc12,0.141032955,-0.009593839,-0.556965044,1.696712055,-0.704105544,9
Anion_0010,CCCCCCCCCCCC(=O)[O-],0.229579334,7.897498689,-2.106103875,-1.503284088,3.017587697,19
Anion_0011,CCCCCCCCCCCCCC(=O)[O-],-1.457494188,9.914835605,-2.174898784,-1.432460334,4.141746432,19
Anion_0012,CCCCCCCC(=O)[O-],3.686240646,3.929152539,-2.045641119,-1.619388822,0.954801688,1
Anion_0013,CCCCCC(=O)[O-],5.359432413,1.993996352,-2.392739673,-1.810935305,-0.093751627,1
Anion_0014,C=C(C)C(=O)[O-],3.438314375,-3.190780128,-1.455255923,-0.739161554,-1.18872009,17
Anion_0015,O=C([O-])Cc1ccccc1,2.204769043,0.319823707,-0.486705143,-0.25735192,-1.334728383,20
Anion_0016,CCC(=O)[O-],7.686299084,-0.313859364,-2.595859406,-2.287596043,-1.711108019,11
Anion_0017,O=C([O-])COc1ccc(Cl)cc1Cl,0.341320271,0.231425664,-0.878049326,0.83663595,-0.490368066,9
Anion_0018,O=C([O-])CS,4.40879768,-3.276805739,-1.301107418,-2.736006832,-1.709340299,20
Anion_0019,CCCC(CCC)C(=O)[O-],8.063296379,0.162740139,0.607473265,0.596074756,2.050734117,11
Anion_0020,CCCCC(=O)[O-],6.182523542,1.154734808,-2.281815887,-2.105176359,-0.572928012,1
Anion_0021,CC(C)C(=O)[O-],6.757631767,-0.752640965,-2.967424588,-1.432993437,-0.586783272,11
Anion_0022,CC(=O)CCC(=O)[O-],3.528320945,-0.906082365,-0.949391727,0.742248166,-2.526048354,20
Anion_0023,O=C([O-])CCS,4.498566431,-0.305083856,-1.412606214,-0.684084944,-1.966606607,20
Anion_0024,CC(C)CC(=O)[O-],6.323428659,0.745150408,-1.986178696,-1.961945976,-0.878518332,1
Anion_0025,CCCCCCC=CCCCCCCCC(=O)[O-],1.144257467,3.544101839,-1.656437958,0.678020021,0.365496757,6
Anion_0026,N#CCC(=O)[O-],4.189653736,-3.99042422,-1.822344683,-0.918427888,-0.888621522,17
Anion_0027,O=CC(=O)[O-],1.112914462,-6.295742879,-0.758616938,-0.943441636,-2.714144262,17
Anion_0028,O=C([O-])CCc1ccccc1,2.754391793,0.583190646,-1.367906286,1.453472933,-1.32439658,9
Anion_0029,CC(C)(C)C(=O)[O-],7.640300723,-0.806920458,-0.79251054,-0.917073505,0.548972155,11
Anion_0030,CCCCCCCCC(=O)[O-],2.66073406,5.028196486,-2.060569344,-1.77903939,1.364925581,1
Anion_0031,CCCCCCC(=O)[O-],4.379903416,3.060212244,-2.211162767,-1.901168865,0.320827411,1
Anion_0032,O=C([O-])CCCc1c[nH+]c2cccc[c-]12,0.486910973,2.733195093,-1.019427748,0.724086719,-0.479917356,6
Anion_0033,CC=CC(=O)[O-],2.990467346,-1.951056144,-2.396141194,-0.806961303,-2.224377489,20
Anion_0034,O=C([O-])C1CCCCC1,5.746813884,0.381475953,-2.49387798,-1.208822768,1.346936284,1
Anion_0035,CCCCCCCCCCCCCCC(=O)[O-],-2.38912308,11.06283824,-2.002373996,-1.561754544,4.712996642,19
Anion_0036,O=C([O-])c1ccco1,1.572870666,-3.020209332,-2.087439611,-0.749667178,-0.71152086,17
Anion_0037,CN(C)CC(=O)[O-],7.584073917,-0.04201768,0.589057066,-2.311618424,-0.111421406,11
Anion_0038,O=C([O-])CCCc1ccccc1,1.810814068,1.308767068,-1.459620563,0.973355242,-0.600993102,9
Anion_0039,CC=CC=CC(=O)[O-],-0.034796368,-0.410538075,-1.446941017,-0.411137516,-1.960442565,2
Anion_0040,C#CC(=O)[O-],2.106480612,-6.289324262,-1.762423695,-2.007110095,-0.638978442,17
Anion_0041,O=C([O-])C(=O)c1ccccc1,-1.039003935,-3.886906932,0.621198772,0.623796545,-0.424027548,8
Anion_0042,COc1ccc(CC(=O)[O-])cc1,1.049733606,2.462120395,-0.291967543,-0.886298541,-1.372113383,5
Anion_0043,O=C([O-])c1cccs1,0.590493845,-3.398122211,-1.856068742,-0.147268725,-0.913419503,17
Anion_0044,[O-]C(CCCCC/C=C/CCCCCCC)=O,0.002290889,4.051662267,-2.249904101,0.688157046,2.798307784,6
Anion_0045,CC(C)(Oc1ccc(Cl)cc1)C(=O)[O-],1.603280083,-0.681634988,0.771804454,2.261001102,1.821980585,7
Anion_0046,C=CCCCCCCCCC(=O)[O-],-0.218919098,5.807857037,-1.50463636,0.704808214,1.272931154,6
Anion_0047,O=C([O-])COc1ccccc1,1.263210403,0.099018075,-0.493340241,-0.581564799,-1.765753329,5
Anion_0048,CCCCCCCC/C=C/CCCCCCCC(O)=O,2.11540212,2.538634178,-1.121025768,-0.379387488,0.291391765,1
Anion_0049,O=C([O-])C#Cc1ccccc1,-3.170658536,-3.164778165,-1.389385654,-0.761314049,2.139118545,15
Anion_0050,O=C([O-])C(F)(F)C(F)(F)C(F)(F)F,2.747174248,-4.268856971,-0.516159727,-1.84942568,1.515624173,17
Anion_0051,C=CCCC(=O)[O-],3.936336168,0.330652581,-1.653570419,0.182701977,-1.138979434,20
Anion_0052,O=C([O-])C12CC3CC(CC(C3)C1)C2,5.338872081,0.416807654,-0.883538098,-0.480794552,2.103974393,11
Anion_0053,O=C([O-])CCCCCCCCCCS,3.779760186,-0.517136734,0.881593656,-0.673342268,0.629278987,11
Anion_0054,CCCCCCCCCCC(=O)[O-],1.041144054,7.029791608,-1.871950126,-1.649151705,2.534008869,19
Anion_0055,O=C([O-])C1CC1,7.115499419,-1.061946738,-2.001061665,-1.72176156,-0.918786152,11
Anion_0056,O=C([O-])C(c1ccccc1)c1ccccc1,2.828250206,-1.026491069,3.058521983,1.215446611,1.450226429,7
Anion_0057,COc1ccc(C=CC(=O)[O-])cc1,-2.41572522,0.806395074,-2.307839661,0.806880652,0.972114764,10
Anion_0058,O=C([O-])c1cc2ccccc2[nH]1,-1.484258417,-2.279665545,-1.622800428,-0.462612015,0.180840546,2
Anion_0059,CC(C)=CC(=O)[O-],3.354234281,-1.646200703,-1.705207998,-1.079768127,-1.211676114,20
Anion_0060,O=C([O-])Cc1ccc(Cl)cc1,0.871535352,0.911597565,-0.230622546,-0.783025916,-1.500229133,5
Anion_0061,C#CCCC(=O)[O-],4.357210949,0.414528612,-1.761487324,-1.071788723,-0.98204267,20
Anion_0062,O=C([O-])C(=O)Cc1ccccc1,-1.047094862,-4.144831964,-0.952397985,0.290549738,-0.127156586,8
Anion_0063,C=CCC(=O)[O-],4.486112647,-0.905919493,-1.218337785,-0.341223699,-1.823007065,20
Anion_0064,CCC(=O)C(=O)[O-],1.340624429,-4.99470472,-0.501134523,-0.833674508,-0.958108446,17
Anion_0065,COCC(=O)[O-],6.377622557,-0.802523445,-2.212606377,-2.692599623,-1.157832546,11
Anion_0066,CC=C(C)C(=O)[O-],3.331342745,-1.83119358,-1.165993556,-1.056298319,-0.818729612,20
Anion_0067,O=C([O-])Cc1ccc(F)cc1,1.501407121,0.52399441,-0.363987286,-0.413659123,-1.512069604,5
Anion_0068,O=C([O-])C1CCCC1,6.134411862,-0.44361376,-2.417006408,-0.685315089,0.236046559,11
Anion_0069,CCOC(=O)CC(=O)[O-],3.335770775,-0.027435133,-1.213069757,-0.493179024,-1.202374745,20
Anion_0070,O=C([O-])Cc1ccc(Br)cc1,0.57540999,1.304088027,-0.131473531,-0.832741034,-1.231581265,5
Anion_0071,CC(C)CCC(=O)[O-],5.903410768,1.128113753,-2.165401958,-1.564972953,-0.429090311,1
Anion_0072,CC(C)(C)OC(=O)N1CCC(C(=O)[O-])CC1,1.907399081,2.706442589,-1.384627568,-0.559400017,2.30750401,1
Anion_0073,COc1ccc(CC(=O)[O-])cc1OC,1.084252097,2.813322207,-0.195559995,-1.148876675,-0.968321204,5
Anion_0074,O=C([O-])CCc1c[nH+]c2cccc[c-]12,1.000130988,1.514465801,-2.168332975,2.324263425,0.188766675,9
Anion_0075,Cc1ccc(CC(=O)[O-])cc1,1.528910627,1.328047696,-0.47264574,-0.654089025,-1.228351943,5
Anion_0076,O=C([O-])c1c[nH+]c2cccc[c-]12,0.566032719,0.123967538,-1.633251144,-0.980323377,-1.290621909,5
Anion_0077,O=C([O-])CCC(=O)c1ccccc1,0.131114991,-0.103766273,-0.538432074,3.249029047,-2.314805427,13
Anion_0078,O=C([O-])C=Cc1c[nH+]c[n-]1,-0.330108948,-0.145062356,-2.039218153,-0.209963584,-0.622201442,2
Anion_0079,FC(F)(F)C(F)(F)C(F)(F)C(F)(F)C([O-])=O,1.99875026,-3.717139648,-0.657919728,-1.002952365,1.991189104,17
Anion_0080,[O-]C(CCCCCCCCCCCCCCCCCC)=O,-5.726367375,15.1362947,-2.005504398,-1.465941804,7.013684434,19
Anion_0081,O=C([O-])c1ccc[nH]1,2.527213306,-2.344296137,-2.721260224,-0.873774613,-1.099628092,20
Anion_0082,C#CCCCC(=O)[O-],3.732600844,1.712063839,-0.95454818,-1.963843552,-1.407986311,1
Anion_0083,O=C([O-])C1=CC=[S+2]=C1,1.162725534,-2.740338407,-2.065286194,-0.048003757,-1.054269671,17
Anion_0084,O=C([O-])Cc1ccc2ccccc2c1,-0.910029308,1.29383963,0.119286199,1.311854916,-0.716992463,4
Anion_0085,O=C([O-])CN1C(=O)c2ccccc2C1=O,-0.864184214,0.943699611,5.512603981,0.372141086,-2.658172021,18
Anion_0086,COC(=O)CCC(=O)[O-],3.960568373,0.536996983,-1.074096742,0.488848114,-1.541514535,20
Anion_0087,O=C([O-])C=Cc1ccc(Cl)cc1,-2.59181725,-0.068058641,-1.608194411,0.547308941,-0.087881555,10
Anion_0088,O=C([O-])c1cc2ccccc2oc1=O,-3.398994252,-1.980554215,0.271550957,0.271235475,-0.92457522,15
Anion_0089,CCC(CC)C(=O)[O-],8.437308635,-0.509032324,0.366775428,-0.043590389,1.35860578,11
Anion_0090,COc1ccc(C=CC(=O)[O-])cc1OC,-3.301421724,1.066472958,-2.078054647,-0.327844014,1.670195911,10
Anion_0091,C=CCCCC(=O)[O-],3.76882021,0.361249957,-1.914721893,1.13419267,-0.795307456,20
Anion_0092,O=C([O-])C1CCC1,7.098634794,0.381423424,-1.520333911,-1.619827081,-0.429950745,11
Anion_0093,O=C([O-])c1[c-]o[c+]c1,2.468486391,-2.430430087,-2.419626784,-0.763716218,-1.170930192,17
Anion_0094,COc1cccc(CC(=O)[O-])c1,1.537667672,0.693222098,-0.493824982,-0.903355783,-1.382906936,5
Anion_0095,O=C([O-])CCCc1ccc2ccc3cccc4ccc1c2c34,-2.767655531,4.035296537,2.143317527,-0.716231477,-3.499895379,16
Anion_0096,CC(=O)CCCC(=O)[O-],3.111622809,-0.912973264,-1.531403846,1.590380922,-1.648530748,9
Anion_0097,O=C([O-])Cc1cccs1,1.89631993,0.026583075,-0.194994907,-0.454452752,-2.230797069,5
Anion_0098,O=C([O-])CCCCc1ccccc1,1.034227168,1.861314349,-2.001571609,1.739075971,0.963795707,6
Anion_0099,O=C([O-])CC1CCCCC1,4.850451952,2.399873455,-1.787482758,-2.68573729,-0.723880253,1
Anion_0100,Cc1ccc(C=CC(=O)[O-])cc1,-2.041251204,0.309827147,-1.881796488,0.387342602,0.057744994,10
Anion_0101,O=C([O-])C[S+]=c1[c-]cccc1,1.572944775,-0.948722813,-1.513556905,1.225018904,0.146423449,9
Anion_0102,CC(C)(C)CC(=O)[O-],5.821029396,-0.163448939,-3.321902565,-1.044189305,-0.234129812,1
Anion_0103,O=C([O-])c1cc2ccccc2o1,-1.880317868,-2.618907858,-1.6891929,-0.225873497,0.734247418,15
Anion_0104,O=C([O-])Cc1ccccc1Cl,1.322567562,-0.305149119,-0.501750181,-0.390276355,-0.81974656,5
Anion_0105,CC(C)CC(=O)C(=O)[O-],0.422147079,-3.997442234,-0.582731435,-0.844561694,-0.334018064,17
Anion_0106,O=C([O-])Cc1cccc(Cl)c1,1.296101874,0.114311974,-0.549810636,0.535625291,-0.626222269,9
Anion_0107,O=C([O-])CC1=CC=[S+2]=C1,1.879082495,-0.251301469,-0.580216548,0.047124897,-1.802189135,20
Anion_0108,COC(=O)C=CC(=O)[O-],-2.095112597,-1.984826675,-0.399827985,-0.889548648,-2.045862432,8
Anion_0109,O=C([O-])C(F)F,5.312834962,-3.861972008,-2.472091569,-2.47523093,-0.207238449,20
Anion_0110,O=C([O-])C(F)(F)C(F)(F)F,3.605956445,-4.903404168,-1.510274225,-2.219480103,0.858303585,17
Anion_0111,N#[N+][N-]CC(=O)[O-],1.832877373,-2.396760539,-0.125238014,-0.836658923,-3.087659666,17
Anion_0112,COc1ccccc1CC(=O)[O-],1.749476393,-0.285086315,-0.977448634,-0.344840688,-0.468795657,20
Anion_0113,Cc1ccc(C(=O)c2ccc(CC(=O)[O-])n2C)cc1,-1.87452451,4.348384433,5.792799752,-1.840632225,-1.198633001,18
Anion_0114,O=C([O-])C=Cc1ccco1,-1.10797513,-0.999665437,-1.720223766,0.180865227,-0.856574887,2
Anion_0115,C=C(C(=O)[O-])c1ccccc1,-0.076671684,-1.457115261,0.283441313,-1.754748945,-1.556154505,3
Anion_0116,CC(C)C(=O)C(=O)[O-],1.872891834,-4.784064062,-0.724788498,-1.088233504,0.769101203,17
Anion_0117,COc1ccc(CCC(=O)[O-])cc1,1.855234438,1.661197825,-1.788080502,2.267255083,-0.342819385,9
Anion_0118,O=C([O-])C(=O)Cc1c[nH+]c2cccc[c-]12,-1.358123129,-2.562452207,-1.004935991,0.657975662,2.292610071,15
Anion_0119,O=C([O-])Cc1cccc(Br)c1,0.966727494,0.32272806,-0.741659813,0.613095655,-0.327781672,9
Anion_0120,O=C([O-])Cc1ccc(C(F)(F)F)cc1,0.15574746,1.237990484,-0.199613312,-0.536707056,-1.126173543,5
Anion_0121,CCCC=CC(=O)[O-],1.547387495,-0.718689433,-3.043341004,-0.304956785,-0.135964713,20
Anion_0122,CCOC(=O)C=CC(=O)[O-],-2.932394044,-0.819538355,0.012624172,-1.693415843,-1.96502215,0
Anion_0123,O=C([O-])C=Cc1ccc(F)cc1,-1.927896086,-0.239648109,-1.662880819,0.185339098,-0.314259751,2
Anion_0124,O=C([O-])COc1ccc2ccccc2c1,-1.096963536,0.843860849,-0.331762004,1.45962328,-1.518888412,4
Anion_0125,[O-]C(CCCC/C=C\CCCCCCCCCCC)=O,3.037384579,3.642583666,3.40805331,-0.912038021,0.681820579,14
Anion_0126,COC(=O)CCCCC(=O)[O-],1.895209173,1.926237708,-1.437360881,0.408711637,-0.289235333,9
Anion_0127,O=C([O-])Cc1ccccc1Br,2.213369222,0.750207787,0.353439142,-0.190475199,-1.440462915,5
Anion_0128,O=C([O-])c1cc2ccccc2s1,-2.113888301,-2.600802281,-1.738105561,0.16552089,0.797221583,15
Anion_0129,CCC=CC(=O)[O-],2.392999355,-1.642543443,-2.910270301,-0.331727765,-0.976436021,20
Anion_0130,CC(C)=CCCC(C)=CC(=O)[O-],-0.077302101,2.23524632,-0.733533952,-0.979895129,1.621944275,6
Anion_0131,O=C([O-])C1=CCCCC1,2.666630686,-1.512341842,-1.956841116,-0.519223542,0.158321199,20
Anion_0132,O=C([O-])CCC1=[N+]=C(c2ccccc2)C(=C2C=CC=C[CH-]2)O1,-4.296452371,4.727079647,-0.999169901,0.899227877,2.858120804,19
Anion_0133,O=C([O-])CN1C(=O)C[S+]=C1[S-],0.791893057,-1.464510763,4.908090059,1.872981147,-1.419208909,14
Anion_0134,CCCCCCCCCCCCCC=CC(=O)[O-],-7.586710724,10.9416,-1.209346484,-3.657013022,4.133902697,19
Anion_0135,O=C([O-])CCCC(=O)c1ccccc1,-0.416912799,1.364071248,1.243377508,0.246632618,-3.725851981,4
Anion_0136,O=C([O-])CC12CC3CC(CC(C3)C1)C2,3.655749524,1.20531383,-4.183320438,-0.633609762,1.04518128,1
Anion_0137,O=C([O-])CF,6.827659469,-2.265617833,-2.655849087,-2.465812421,-1.766330816,11
Anion_0138,O=C([O-])Cc1ccc2c(c1)OCO2,0.909718447,2.410649985,-0.38662809,-0.930351694,-1.291247319,5
Anion_0139,COC1=CC=CC(=CC=C([O-])[O-])[CH+]1,-2.417611944,-0.805201229,-2.227012261,0.486225422,1.182071107,15
Anion_0140,COC1=CC(=CC=C([O-])[O-])C=C(OC)[C+]1OC,-3.486247568,1.039580172,-0.963673352,-0.319604218,2.049685834,10
Anion_0141,O=C([O-])Cc1ccc(Cl)c(Cl)c1,0.150999485,0.506885245,-0.273577142,0.018859691,-0.889313641,5
Anion_0142,C=CCCCCC(=O)[O-],2.648169724,2.511122396,-0.413901316,-0.961137272,-1.598649042,5
Anion_0143,O=C([O-])c1ccc(Cl)s1,-1.08557855,-3.097308246,-1.184992608,-0.790615015,-0.903533621,8
Anion_0144,Cc1c[n+](CC(=O)[O-])c([O-])[nH+]c1[O-],1.025994615,-0.147111652,2.173286551,-1.341784531,-1.878800768,3
Anion_0145,COc1cc(CC(=O)[O-])cc(OC)c1OC,0.829203343,1.543599354,-1.087565786,-0.413618781,0.504571738,5
Anion_0146,Cc1ccc(C(=O)[O-])s1,0.000195523,-2.278997578,-1.759520931,-0.566665736,-0.551888176,2
Anion_0147,CC=C(C)C(=O)[O-],4.115884533,-2.491949231,-0.323821323,-1.038356216,-0.060650807,20
Anion_0148,O=C([O-])C=Cc1ccc2c(c1)OCO2,-2.725619467,1.193378155,-1.3335543,-0.749051171,-0.099404708,10
Anion_0149,CCCCCCCCCCCC(=O)N(C)CC(=O)[O-],3.449514303,-0.303900629,0.96813925,-0.286604389,2.028289837,7
Anion_0150,O=C([O-])Cc1cccnc1,1.205092553,-0.533096894,-0.222453311,0.322640678,-1.656659512,5
Anion_0151,CC(=Cc1ccccc1)C(=O)[O-],-0.385262331,-0.078334472,-0.299424375,-0.304973042,-0.172121846,2
Anion_0152,O=C([O-])CC(F)(F)F,6.235659035,-1.093411992,-2.052419115,-2.49846105,-0.673776975,11
Anion_0153,Cc1ccc2c(=O)c3cccc(CC(=O)[O-])c3oc2c1C,-2.912641304,0.740387652,0.066210255,1.792594032,0.385791842,10
Anion_0154,O=C([O-])CC(c1ccccc1)c1ccccc1,0.720768034,1.651352081,-0.391136153,0.036718426,-0.572621295,5
Anion_0155,O=C([O-])CC1CC1,6.614546125,0.681037357,-2.488582581,-2.042263867,-0.567127064,1
Anion_0156,CC(C)(C(=O)[O-])c1ccccc1,3.357847121,-0.668605383,0.52548239,1.656914882,0.829806799,7
Anion_0157,CCOC(=O)CCC(=O)[O-],3.533404062,0.750249409,-1.556398267,0.828210253,-0.930863099,20
Anion_0158,COc1ccccc1C=CC(=O)[O-],-1.583052318,-0.622923945,-1.63638938,0.043068473,-0.494141118,2
Anion_0159,O=Cc1ccc(C(=O)[O-])o1,-2.440396144,-3.942414279,-0.137758641,-0.309006014,-1.622506131,8
Anion_0160,O=C([O-])Cc1ccccc1F,1.763101335,-0.021658866,-0.252485478,-0.395045588,-1.019285973,5
Anion_0161,O=C([O-])Cc1cccc(F)c1,1.862021755,0.025057722,-0.472032255,0.128647246,-1.020629695,20
Anion_0162,O=C([O-])CCC1CCCCC1,4.766956111,2.2883815,-2.50519252,-1.100227292,0.408232227,1
Anion_0163,O=C([O-])CCCCCN1C(=O)C=CC1=O,1.076840194,0.162229343,7.620901176,4.534202717,-2.133103053,12
Anion_0164,O=C([O-])C(c1ccccc1)(c1ccccc1)c1ccccc1,1.881780619,-1.791656109,3.368173216,1.071774864,4.27396759,7
Anion_0165,CCCC(=O)C(=O)[O-],0.881420676,-4.671958105,-0.862620517,-0.36611331,-0.537799232,17
Anion_0166,COc1ccc(C(=O)CCC(=O)[O-])cc1,-0.082236388,0.600442113,-0.821992212,3.13551904,-1.710804288,13
Anion_0167,CCOCC(=O)[O-],5.590128627,0.231520402,-1.798786163,-3.427086731,-1.110809965,1
Anion_0168,C#CCCCCC(=O)[O-],3.253547552,2.467967005,-1.224679685,-1.470801189,-1.095966686,1
Anion_0169,COC(=O)CC(=O)[O-],3.73902893,-0.530622041,-0.981841909,-0.893715963,-1.759710428,20
Anion_0170,O=C([O-])C1c2ccccc2-c2ccccc21,0.270564667,-0.956690806,1.607660894,0.66168955,1.022334768,7
Anion_0171,C[n+]1c(C(=O)[O-])cc2cccc[c-]21,-0.621599801,-2.117230622,-1.272889306,0.177982423,1.208105915,2
Anion_0172,COc1ccc(C(=O)C(=O)[O-])cc1,-1.96990176,-1.939818149,0.37033154,0.405559294,0.617585726,15
Anion_0173,C#CCCCCCCCCC(=O)[O-],0.468913649,6.074691005,-0.754577498,-1.439233327,0.731384319,16
Anion_0174,CCC(C)(C)C(=O)[O-],7.394769834,-0.598356092,-0.455717977,-0.850801001,0.944994004,11
Anion_0175,COc1ccc(C#CC(=O)[O-])cc1,-4.18030233,-0.967470993,-1.401263071,-1.315005195,2.895669969,15
Anion_0176,C[N+](C)=c1[c-]c2c(cc1)C(CC(=O)[O-])CC(=O)O2,-0.200394096,1.510925974,-1.766108965,1.492032755,0.946009674,6
Anion_0177,C=CCCCCCCCC(=O)[O-],0.22749121,5.445920065,-0.491688988,-0.704560401,0.235437393,16
Anion_0178,CC(=O)CCCCC(=O)[O-],2.178528874,0.963503109,0.060961929,-0.812054514,-2.923670652,5
Anion_0179,COc1ccc(CCC(=O)[O-])cc1OC,2.046397379,1.222968216,-1.952233504,2.292324622,-0.375249553,9
Anion_0180,O=C([O-])C=Cc1ccccc1Cl,-1.621263114,-0.87785974,-0.779204443,0.441908162,-0.08830649,2
Anion_0181,Cc1ccc(C(=O)C(=O)[O-])cc1,-1.634944641,-2.758638805,0.380857709,0.664243452,0.171399638,8
Anion_0182,O=C([O-])C(=O)c1ccc(Cl)cc1,-2.451672303,-3.189911193,0.745525544,0.660374102,-0.087811206,8
Anion_0183,O=C([O-])CC1CCCC1,5.200719342,1.872102473,-1.923160365,-2.242262216,-0.893818663,1
Anion_0184,COC(=O)CCCC(=O)[O-],2.237582043,2.192534562,-0.923235795,-0.477214314,-1.442965071,5
Anion_0185,O=C([O-])C1=[N+]=[NH+]c2ccccc21,-0.931821655,-1.17862597,-0.993577719,-1.108811138,-1.353318334,2
Anion_0186,CCC=CCC(=O)[O-],2.917865976,1.62443537,-1.049492691,-1.112714177,-0.991063151,20
Anion_0187,O=C([O-])c1cc[nH+][n-]1,2.317896997,-2.209146639,-2.671879884,-0.826516126,-0.601958656,17
Anion_0188,CSCC(=O)[O-],5.253483202,-1.327450271,-1.598800206,-1.705332296,-1.217634431,20
Anion_0189,Cc1ccc(C(=O)CCC(=O)[O-])cc1,-0.167255238,0.594579699,-0.500348664,3.276715189,-1.678234364,13
Anion_0190,O=C([O-])CC=Cc1ccccc1,-0.285467355,2.222956254,0.32099123,-0.13961872,-1.385960425,5
Anion_0191,O=C([O-])c1cc2cc3c4c(c2oc1=O)CCCN4CCC3,-4.630356616,1.25568847,-0.221055111,0.045310493,1.906877881,10
Anion_0192,COc1[c-]c2cc(C(=O)[O-])[nH+]c-2cc1,-2.569475157,-1.198327484,-1.95951081,-0.637956264,1.281140229,15
Anion_0193,O=C([O-])C=Cc1cccnc1,-2.064546888,-1.294116356,-1.332311839,0.455513003,-0.857747667,2
Anion_0194,CC1(C(=O)[O-])CCCCC1,7.122147419,-0.566884864,-0.238220457,-0.561098949,1.957552794,11
Anion_0195,O=C([O-])Cc1cc2ccccc2[nH]1,-0.41888018,0.577904397,0.745391993,-2.136651327,-2.340915885,5
Anion_0196,O=C([O-])C1CCCCCC1,5.309078911,0.492444662,-2.474869305,-0.895031372,0.486894205,1
Anion_0197,O=C([O-])CCC(=O)c1ccc(Cl)cc1,-0.606414119,0.05555713,-0.61153821,3.671474743,-2.211261412,13
Anion_0198,Cc1ccc(OCC(=O)[O-])cc1,0.734742894,0.824598645,-0.771083724,-0.192733736,-1.212700945,5
Anion_0199,O=C([O-])CCC(=O)OCc1ccccc1,1.765116085,0.878940863,-1.270035624,1.152767563,-0.520290298,9
Anion_0200,CC(=O)OCC(=O)[O-],3.413883233,-0.888910409,-0.063595079,-1.189172371,-1.276696263,20
Anion_0201,C=C(C(=O)[O-])C(F)(F)F,2.486318105,-3.897316185,1.490708232,-0.056717835,-0.283658855,17
Anion_0202,COC(=O)CCCCCCC(=O)[O-],3.263423853,0.431937252,-1.821508502,1.604995414,-0.940126353,9
Anion_0203,Cc1ccccc1OCC(=O)[O-],1.275370114,0.298615811,-0.469296322,-0.760389,-1.521331981,5
Anion_0204,O=C([O-])Cc1cccc(C(F)(F)F)c1,0.582041161,0.25270267,-0.634535436,0.71182521,-0.294603291,9
Anion_0205,CC(C)(C)OC(=O)N1CC(C(=O)[O-])C1,1.507058724,1.735962658,-1.948393857,-0.151012126,1.766061033,6
Anion_0206,O=C([O-])C=Cc1cccs1,-1.813775727,-0.902326651,-1.330482419,0.516346334,-1.101740527,2
Anion_0207,COCCC(=O)[O-],6.948866992,-0.202636349,-2.6289423,-1.297760249,-0.730810779,11
Anion_0208,COC(=O)CCCCCCCC(=O)[O-],1.982856885,1.272849795,-1.38533576,0.339653488,-0.404999537,9
Anion_0209,CC(C)(C)C(=O)C(=O)[O-],1.91723213,-4.378218859,-0.751096694,-0.80731682,0.761700651,17
Anion_0210,O=C([O-])C=Cc1ccc(C(F)(F)F)cc1,-3.433323654,0.274036336,-1.470046083,0.637314762,0.257241681,10
Anion_0211,O=C([O-])C(=O)c1cccs1,-1.965529581,-4.262263312,0.967908361,0.237141344,-1.484058275,8
Anion_0212,O=C([O-])c1cc2cc(Cl)ccc2[nH]1,-2.425315136,-2.340386966,-1.904619093,0.06362453,0.885636428,15
Anion_0213,O=C([O-])Cc1ccccc1I,1.420852564,0.509319474,0.35064189,0.51524465,-1.407612927,5
Anion_0214,O=C([O-])C=CC=Cc1ccccc1,-3.940748063,1.491092311,-0.980973727,0.016994827,-0.04863771,10
Anion_0215,O=C([O-])COc1ccccc1Cl,1.421761985,-0.418828703,-1.058493056,0.511341779,-0.901463808,9
Anion_0216,O=C([O-])C(F)(F)S(=O)(=O)F,0.240824045,-7.612009512,3.50962274,-2.266464497,1.106057701,21
Anion_0217,O=C([O-])C=Cc1cccc(Cl)c1,-2.84835747,0.095951626,-0.899245063,-0.687968348,-0.668076773,10
Anion_0218,O=C([O-])C=Cc1ccc(C[N+]2=CC=[N+]=C2)cc1,-4.288766201,2.903657539,-0.014287393,-1.414432897,0.46907757,0
Anion_0219,O=C([O-])CCN1C(=O)C=CC1=O,1.886041026,-0.29118427,9.005188972,4.21530514,-2.289074513,12
Anion_0220,O=C([O-])CCc1ccc(Cl)cc1,1.820410182,1.101984578,-1.204902,2.106023677,-0.819390063,9
Anion_0221,O=C([O-])Cc1ccc(Cl)cc1Cl,0.05684327,0.400499922,0.359115721,-1.049266914,-0.900623897,5
Anion_0222,O=C([O-])CCN1C(=O)c2ccccc2C1=O,2.475939426,1.25746482,11.97364176,2.47671508,-0.505694628,12
Anion_0223,N#CCCC(=O)[O-],4.167179318,-0.768651484,-1.17795365,-1.199937291,-1.60135968,20
Anion_0224,CC1=CC=[S+2]=C1C(=O)[O-],1.243418166,-2.573781232,0.362880319,-0.034103421,-0.349301575,17
Anion_0225,CCOC(=O)CCCCC(=O)[O-],2.117424082,1.493519917,-1.484722911,0.754563789,-0.112210297,9
Anion_0226,CC1(C(=O)[O-])CC1,6.671079552,-1.287752662,-1.963292396,-1.589207262,0.172798617,11
Anion_0227,COCCOCCOCC(=O)[O-],3.264961934,2.753144926,0.197856011,-4.52936603,-0.307492139,1
Anion_0228,CCCCCCCC=CC(=O)[O-],-2.085597525,3.922585134,-2.308658922,-1.640187131,1.551757436,16
Anion_0229,O=C([O-])c1c[s+]c[n-]1,0.206022582,-3.385129052,-1.711450468,0.272542339,-1.558849117,17
Anion_0230,COc1ccc(CCCC(=O)[O-])cc1,0.756977677,2.797252374,-0.648577158,-0.434753307,-0.794785281,5
Anion_0231,O=C([O-])C1=CCCC1,3.061081974,-2.025383995,-2.100273803,-0.359144194,-0.346108726,20
Anion_0232,O=C([O-])CS(=O)(=O)c1ccccc1,0.790626846,-2.166845741,0.65044299,0.91155305,-0.946010546,17
Anion_0233,O=C([O-])COc1cccc2ccccc12,0.071099734,-0.009089756,0.174768561,0.76272693,-1.84124104,5
Anion_0234,O=C([O-])C(=O)c1ccc(Br)cc1,-2.832093482,-2.824824998,0.753751613,0.656329702,0.139479618,8
Anion_0235,O=C([O-])CCCCCc1ccccc1,-0.363608203,5.193308291,0.211857281,-0.743126124,-0.678608669,16
Anion_0236,CC(C)(C)OC(=O)N1CCC(CC(=O)[O-])CC1,0.784192059,5.522005373,-0.925985754,-1.890587629,0.423447133,16
Anion_0237,CN1C=C(C(=O)[O-])c2ccccc21,0.25108848,0.039266381,-2.169429386,-0.461974087,-0.173361961,2
Anion_0238,O=C([O-])Cc1ccc(S)cc1,0.886550843,1.202842462,-0.327914225,-0.809586608,-1.366700464,5
Anion_0239,O=C([O-])c1c[nH+]c[n-]1,2.828572302,-1.629295398,-3.049294601,-0.58882162,-0.802374552,20
Anion_0240,O=C([O-])CCCCCS,3.906851051,0.571095926,-1.434391357,-0.168208786,-1.534469836,20
Anion_0241,COc1cccc(CCC(=O)[O-])c1,2.712243243,0.491359878,-1.345487003,1.340088043,-1.38836311,9
Anion_0242,O=C1CC(C(=O)[O-])C1,3.179001959,-0.945004343,0.703793915,0.143720338,-2.267036182,20
Anion_0243,O=C([O-])Cc1ccccn1,1.708968018,0.608911313,0.254412307,-0.405202453,-2.556776138,5
Anion_0244,O=C([O-])C[S+]=C([S-])c1ccccc1,-4.32418023,0.657124078,2.122559829,-0.206634567,-1.813274206,0
Anion_0245,CC=CCC(=O)[O-],3.93939065,0.440562653,-1.335571472,-0.847303971,-1.435631843,20
Anion_0246,O=C([O-])Cc1ccc(I)cc1,-0.400348831,1.560965997,0.309150926,-0.348439758,-1.486868176,5
Anion_0247,O=C([O-])C=Cc1c[nH+]c2cccc[c-]12,-1.814895155,0.258994463,-2.623286373,0.631842986,1.210823806,10
Anion_0248,O=C([O-])C(=O)c1ccc(F)cc1,-1.664319864,-3.498903531,0.492973039,0.474927494,-0.341686404,8
Anion_0249,O=C([O-])CC1=CC=[N+]=C[CH-]1,1.386683909,-0.991394473,-0.340294891,0.18676307,-1.666511778,20
Anion_0250,Cc1ccccc1C=CC(=O)[O-],-1.563650791,-0.552193256,-1.635015958,0.038625424,-0.538474847,2
Anion_0251,CCCCCC=CC(=O)[O-],-0.263135857,1.593088321,-2.674419774,-0.973290484,0.700592808,2
Anion_0252,Cc1ccc(CCC(=O)[O-])cc1,2.234440858,1.436537518,-1.337734234,1.710165758,-0.661078599,9
Anion_0253,CC(C)CCCCCCCCCCCCCCC([O-])=O,-4.216476448,13.18231015,-2.033079481,-1.23041654,6.071563291,19
Anion_0254,CCC=C(C)C(=O)[O-],2.458160446,-0.965645508,-1.336486923,-1.211975725,-0.624266749,20
Anion_0255,O=C([O-])C1CC=CC1,4.323992725,-0.373274968,-1.979861011,0.408675162,-0.438176072,20
Anion_0256,CC(C(=O)[O-])(c1ccccc1)c1ccccc1,3.315649638,-0.893039285,3.942687602,1.203361275,2.169930014,7
Anion_0257,CC1=CC(=C([O-])[O-])[N-]O1,-0.124466165,-2.824445398,-1.305912265,-1.461886961,-0.830864422,17
Anion_0258,COc1ccc(OCC(=O)[O-])cc1,0.298358944,1.246887359,-1.004285366,0.219339459,-0.858123886,5
Anion_0259,O=C([O-])CCc1cccnc1,2.03181513,0.048869152,-0.686147509,2.103717286,-1.872482113,9
Anion_0260,O=C([O-])CCCN1C(=O)c2ccccc2C1=O,-0.288513029,0.94005465,0.487820969,2.951900527,-3.838850702,13
Anion_0261,N#[N+][N-]CCCCC(=O)[O-],1.825735518,-0.081827557,-0.816235995,1.474921468,-2.227272876,9
Anion_0262,O=C([O-])CCCC1CCCCC1,3.623825397,3.855730789,-1.661476028,-2.161533843,0.544383534,1
Anion_0263,CC(=CC(=O)[O-])c1ccccc1,-1.030239741,-1.073471351,-2.260896697,0.170957966,0.667963735,2
Anion_0264,O=C([O-])Cc1c[nH+]c[n-]1,3.779090184,0.925835786,-1.18263131,-0.983515614,-1.703243684,20
Anion_0265,O=C([O-])C1c2ccccc2Oc2ccccc21,2.28756812,-0.779448838,2.726711617,1.146113447,1.314788253,7
Anion_0266,O=C1CCC(C(=O)[O-])CC1,3.152839883,-1.266858189,-0.794101549,1.372242909,-0.540914701,20
Anion_0267,O=C([O-])CCOc1ccccc1,0.299680465,3.359533257,0.26221081,-1.404900283,-1.532546521,16
Anion_0268,COC(=O)CCCCCCCCC(=O)[O-],2.174316882,1.400128241,-2.264257573,1.992228152,0.100986373,9
Anion_0269,O=C([O-])COc1ccc(F)cc1,0.666266394,0.275039364,-0.472932675,-0.366835993,-1.785458158,5
Anion_0270,O=C([O-])C1=[N+]=c2ccccc2=[NH+]1,-2.427621573,-3.345739349,-1.380136912,-0.526059584,0.196177498,8
Anion_0271,O=C([O-])CC1=CCCCC1,2.892700548,0.064191662,-3.3784775,-0.039483466,-0.409811514,20
Anion_0272,C=CCC(C)(C)C(=O)[O-],4.023993813,0.332085866,0.866976283,-0.314931707,-0.313958895,20
Anion_0273,O=C([O-])C=CC(=O)c1ccccc1,-4.553585746,-0.390934541,0.670933202,-0.882592529,-2.270823972,0
Anion_0274,O=C([O-])CCC(=O)c1ccc(F)cc1,0.027825008,-0.286744737,-0.819682504,3.550323007,-2.228848765,13
Anion_0275,O=C([O-])CCC(=O)c1ccc(Br)cc1,-0.831940239,0.374163479,-0.394487535,3.75033447,-1.934356461,13
Anion_0276,O=C([O-])CN1CCOCC1,6.420261204,1.134547083,1.381408279,-3.166018409,0.08016825,11
Anion_0277,N#Cc1ccc(CC(=O)[O-])cc1,-0.729053636,0.30804635,0.679631765,-0.077640772,-2.028316982,4
Anion_0278,O=C([O-])C(c1ccc(Cl)cc1)c1ccc(Cl)cc1,1.771309915,-0.812685096,3.822205447,1.629458924,2.082046426,7
Anion_0279,CC1=CC=CC(=CC=C([O-])[O-])[CH+]1,-1.97837412,0.487319632,-0.200499482,-0.546950268,-0.121633651,10
Anion_0280,O=C([O-])c1[c-][nH+]nc1,2.998628229,-2.104004009,-2.676632278,-0.813419281,-1.113690373,20
Anion_0281,Cc1ccc(C(=O)[O-])o1,1.034586857,-1.724003617,-1.983930737,-1.353196484,-0.665122962,17
Anion_0282,O=C1CCC(C(=O)[O-])CO1,3.165769704,-0.926102085,-1.301752782,0.320003165,-0.568868356,20
Anion_0283,O=C([O-])CCC(F)(F)F,5.739563521,0.881596838,-2.153787591,-2.848103364,-0.276426954,1
Anion_0284,O=C([O-])CCC1CCCC1,4.959118789,1.920320838,-2.508656366,-0.992156067,0.066580268,1
Anion_0285,O=C([O-])C(=O)c1ccco1,-1.104365102,-4.090402419,0.627029192,-0.00788621,-1.426681473,8
Anion_0286,O=C([O-])C1CCN(C(=O)OCc2ccccc2)CC1,-0.808765049,2.757049433,-0.503009631,0.831865266,2.192293168,6
Anion_0287,COc1cc(CCC(=O)[O-])cc(OC)c1OC,1.646174247,1.309605259,-2.156085525,1.834192531,0.756385687,9
Anion_0288,O=C([O-])C1=[N+]=CC=[S+]1,-0.958651456,-5.035756912,-1.274954287,-0.346633756,-0.980774537,8
Anion_0289,O=C([O-])C(=O)CCc1ccccc1,-2.095734619,-1.496828769,-0.197817203,-1.670001102,0.24961263,2
Anion_0290,CC(C)CCCC(=O)[O-],4.843114171,2.356180547,-2.05539808,-2.034816937,-0.237633459,1
Anion_0291,CCCC#CC(=O)[O-],-0.006372586,-1.650526099,-1.600218518,-3.13788715,0.831417843,2
Anion_0292,O=C([O-])Cc1c(Cl)cccc1Cl,2.801487233,0.415866318,3.815265032,0.161710076,-0.378038569,14
Anion_0293,C=CC=CC(=O)[O-],0.341013493,-1.65146743,-1.14423047,-0.553123624,-2.665075686,17
Anion_0294,COc1[c-]c2c(CC(=O)[O-])c[nH+]c-2cc1,0.943986903,0.41780461,-2.348672225,0.504254147,-1.239099533,9
Anion_0295,O=C([O-])COc1ccc(Br)cc1,0.025982803,0.771218813,-0.607918747,-0.079838948,-1.214675692,5
Anion_0296,O=C([O-])C#Cc1ccc(F)cc1,-3.478973678,-2.843643637,-1.225331892,-0.746833721,2.371646423,15
Anion_0297,O=C([O-])CC1=CC(=O)OC1=O,-2.460789037,-1.444864775,1.809912391,2.880901375,-4.878951931,4
Anion_0298,O=C([O-])c1[c-][nH+]cc1,3.513675388,-1.116053378,-3.252778115,-0.723730446,-0.527755236,20
Anion_0299,O=Cc1ccc(OCC(=O)[O-])cc1,-1.440227378,0.237666476,0.532304678,0.759050446,-2.537342009,4
Anion_0300,O=C([O-])C1(c2ccccc2)CCCC1,4.054809951,-1.199519358,2.070333458,1.991696697,2.249803088,7
Anion_0301,C=C(Cc1ccccc1)C(=O)[O-],0.603297301,-0.356081577,-0.021279637,-0.099797357,0.618323657,2
Anion_0302,O=C([O-])CCc1ccccc1Br,2.024567695,0.209084749,-1.524982981,1.755065813,-0.716522402,9
Anion_0303,O=C([O-])C1CCC(F)(F)CC1,5.763010628,-0.412854835,-2.231884605,-1.004796266,1.134070464,11
Anion_0304,O=C([O-])CCCCC(=O)c1ccccc1,0.499706201,0.06219301,-1.123080134,3.833159463,-1.722618576,13
Anion_0305,O=C([O-])C=Cc1cccc(F)c1,-2.261397808,-0.408126892,-1.202163316,-0.318414115,-0.654772117,2
Anion_0306,CCOC(=O)C(=O)[O-],1.162156249,-3.876914698,-0.128263897,-1.995816414,0.743892534,17
Anion_0307,O=C([O-])CC(=O)OCc1ccccc1,1.011566119,1.034255966,0.585696502,-1.626057089,-2.11242184,5
Anion_0308,C[n+]1c([O-])c2c(ncn2CC(=O)[O-])[n+](C)c1[O-],-0.565295465,0.905351989,1.909389131,-0.543513488,0.449709189,3
Anion_0309,CN(CC(=O)[O-])C(=O)OCc1ccccc1,2.701245732,0.332897226,1.355359168,1.371818173,-0.039210471,7
Anion_0310,O=C([O-])Cc1ccc2ccc3cccc4ccc1c2c34,-2.383685434,0.908862361,-0.520101117,2.956125887,0.327952952,13
Anion_0311,O=C([O-])c1cncs1,0.013571281,-4.334055795,-1.284892819,-0.202783344,-1.579896123,17
Anion_0312,O=C([O-])CCCS,4.033471714,0.725154296,-0.933936779,-1.179250256,-2.070589451,20
Anion_0313,CC(C)=CCC(=O)[O-],3.644799135,0.610159312,-1.635512871,-0.70760609,-0.582339853,20
Anion_0314,CCC#CC(=O)[O-],1.250704125,-3.309706194,-1.379037389,-1.991229727,1.298626503,17
Anion_0315,O=C([O-])C(=O)CC(=O)c1ccccc1,-3.21878307,-2.866583547,4.187170202,-1.599888537,-0.772603395,3
Anion_0316,COCCOCC(=O)[O-],4.555642417,1.184152447,-1.891202826,-3.45274917,-0.544597003,1
Anion_0317,O=C([O-])CSCc1ccccc1,1.412794987,-0.488549905,-1.459258162,1.013435808,0.174327565,9
Anion_0318,Cc1c(C(=O)[O-])oc2ccccc12,-1.457276839,-2.232312845,-0.624560408,-0.24790208,0.786487173,2
Anion_0319,Cc1cccc(OCC(=O)[O-])c1,1.202442803,0.194840098,-0.813633374,-0.161769554,-1.393412614,5
Anion_0320,O=C([O-])CCc1ccc2c(c1)OCO2,1.694271428,1.775696184,-1.625791745,1.818407208,-0.354084506,9
Anion_0321,CCOC(=O)C=CC(=O)[O-],-0.011886003,-2.818209733,-0.265682559,-0.444481025,-1.392612065,17
Anion_0322,CC(C)Cc1ccc(CC(=O)[O-])cc1,-0.357059593,3.718667375,0.055981358,-1.616482756,-0.512694951,16
Anion_0323,CCC(=O)CCC(=O)[O-],3.240589831,-0.541122942,-1.089770481,1.095318302,-2.033470648,20
Anion_0324,CN1C=C(C(=O)[O-])C=N1,2.193360908,-0.882379777,-2.391176886,-1.28574407,-0.905309471,20
Anion_0325,CN1CCC(C(=O)[O-])CC1,5.687291732,-0.022876074,-2.230224272,-0.630199135,1.382799675,11
Anion_0326,O=C([O-])c1coc2ccccc2c1=O,-1.310134386,-2.595691665,1.202822569,1.659305357,0.809631009,21
Anion_0327,C#CCC(=O)[O-],4.787679921,-2.301271376,-2.618856205,-0.627434149,-0.757806863,20
Anion_0328,C=CC(=O)OCCC(=O)[O-],0.572137901,0.874772406,-0.133788953,2.844848414,-2.012079154,13
Anion_0329,O=C([O-])C=Cc1cccc2ccccc12,-3.072587055,0.455300576,0.203560299,0.056457951,-0.641718634,0
Anion_0330,O=C([O-])C=Cc1ccc(Cl)c(Cl)c1,-3.456435781,0.134571733,-1.072944064,0.113865955,-0.167101833,10
Anion_0331,O=C([O-])C1(C(F)(F)F)CC1,5.719864546,-2.101832556,-0.096531041,-1.772163151,1.066957702,11
Anion_0332,CC(C)(C)c1ccc(CC(=O)[O-])cc1,0.37028955,2.751599748,-0.334807351,-0.943936271,-0.519552917,5
Anion_0333,O=C([O-])C[S+]=c1[c-]cc(Cl)cc1,0.443670378,-0.232682649,-1.119959862,1.051916584,0.082027775,9
Anion_0334,COc1ccccc1CCC(=O)[O-],2.296055483,0.69531597,-1.963404073,1.46730999,-0.123432436,9
Anion_0335,C[N+](C)=C1C=CC(=CC=C([O-])[O-])C=C1,-2.844411626,2.01667728,-2.233916444,0.213756934,1.309693871,10
Anion_0336,CC(=O)Oc1ccc(C=CC(=O)[O-])cc1,-3.67349028,1.98215596,-0.54964634,0.562885234,1.240809464,10
Anion_0337,O=C([O-])c1c[n+](C2CC2)c2cc(Cl)c(F)cc2c1[O-],-3.645103538,-0.702617332,-0.607459652,1.520543452,1.51552856,15
Anion_0338,C[N+](C)=c1[c-]cc(CC(=O)[O-])cc1,0.638217832,2.920032883,-0.606718741,-0.893041033,-0.615328098,5
Anion_0339,O=C([O-])c1c[n+](C2CC2)c2c(F)c(F)c(F)cc2c1[O-],-3.348140352,-1.110990042,-0.453761969,1.063222523,1.137509061,15
Anion_0340,CC(C)C=CC(=O)[O-],2.727898927,-0.684067096,-0.230377185,-0.604124292,-0.808125188,20
Anion_0341,CCCCC(=O)C(=O)[O-],0.267079187,-4.066872427,-1.128213681,0.045452778,0.415392461,17
Anion_0342,COc1ccccc1OCC(=O)[O-],2.502385799,-0.250583075,1.817220497,-0.075666101,-0.41380786,14
Anion_0343,O=C([O-])C=Cc1ccccc1F,-1.954682974,-0.730987558,-1.475925003,0.146996391,-0.535126238,2
Anion_0344,O=C([O-])CCc1ccco1,3.424101111,0.148025031,-2.004364432,1.253031907,-0.817782818,9
Anion_0345,O=C([O-])CCCOc1ccccc1,1.253605616,2.153606745,0.732293497,-2.323159898,-2.95630305,5
Anion_0346,O=C([O-])C=C1CCCCC1,2.126230627,-0.486639256,-1.701855539,-0.99821572,-0.414025833,20
Anion_0347,O=C([O-])CCCOCc1ccccc1,2.061410325,0.343155742,-2.170532072,2.429687213,-0.170510771,9
Anion_0348,O=C([O-])Cc1ccco1,3.09442829,0.153707597,-0.775545845,-0.94538968,-1.737212534,20
Anion_0349,O=C([O-])C=CC=Cc1ccc2c(c1)OCO2,-5.1398397,3.238073097,-0.720290073,-0.728088001,0.490916565,0
Anion_0350,COc1ccc(OC)c(CC(=O)[O-])c1,1.07840582,0.078975666,-0.841037928,-0.955106669,-0.576288974,5
Anion_0351,CC1=CC(C(=O)[O-])=NN1,1.619374064,-0.906929146,-2.299784408,-1.604424144,-0.5522038,20
Anion_0352,O=C([O-])C1=[S+2]=CC=C1Br,0.611621759,-3.965654066,0.851339743,-0.049102213,0.280358322,17
Anion_0353,C=CCCCCCC(=O)[O-],1.588846926,3.560432674,-0.919597947,-0.346373599,-0.722672451,5
Anion_0354,O=C([O-])C[N+]1=CC=[N+]=C1,3.187293083,-0.860380715,0.329497579,-2.218181372,-1.445739613,20
Anion_0355,CCCC(C)(C)C(=O)[O-],6.773527283,0.149436294,-0.321505407,-0.662542628,1.691984296,11
Anion_0356,O=C([O-])CCc1ccccc1Cl,2.138035829,0.147301465,-1.427089276,1.702968546,-0.914587834,9
Anion_0357,CN(C)CCC(=O)[O-],5.799027098,1.057456091,-2.125409018,-1.752313512,-0.608994409,1
Anion_0358,CS(=O)(=O)CC(=O)[O-],4.552330448,-2.188585575,1.549246626,-2.319141615,-0.000684796,11
Anion_0359,O=C([O-])C=CC1=CC=[N+]=C[CH-]1,-2.274914473,-1.655203254,-1.095806131,0.371650174,-1.010377313,15
Anion_0360,C[N+]1=[N+]=CC=C1C(=O)[O-],1.695539295,-3.295244558,-1.045541271,-1.477673657,-0.587753555,17
Anion_0361,C=CC(C)(C)C(=O)[O-],4.918465675,-1.58143722,0.443066414,0.580773039,-0.165229086,11
Anion_0362,CC(=O)CCCCCC(=O)[O-],3.189801938,-0.737045217,-1.704603064,1.826261201,-1.843450627,9
Anion_0363,O=C([O-])C#Cc1cccc2ccccc12,-5.436671625,-1.969750993,-0.052934515,-1.244129709,1.449419072,15
Anion_0364,O=C([O-])CCN1CCCCC1,5.325309949,0.929412647,-3.217857889,-0.092740722,0.935655701,1
Anion_0365,C[S+]=c1[c-]cc(CC(=O)[O-])cc1,0.382349837,2.236192678,0.129788571,-1.604686063,-1.26186196,5
Anion_0366,O=C([O-])C=Cc1c[nH+]c[n-]1,0.933701956,-1.295174849,-0.067122355,-1.957112746,-1.729652251,3
Anion_0367,O=C([O-])C1=[N+]=CC=[NH+]1,1.44325821,-3.309277233,-2.346132774,-0.970737974,-1.206197072,17
Anion_0368,CC(C)(CC(=O)[O-])c1ccccc1,1.075112013,0.971452904,-2.227239391,0.871102838,0.526925059,9
Anion_0369,CN1C=C(C(=O)[O-])C(C(F)F)=N1,1.660784541,-1.611165474,-0.560549663,-1.23297063,0.642085668,17
Anion_0370,O=C([O-])c1c[s+]c2cccc[c-]12,-0.685091623,-1.255368922,-1.008027019,-1.126770331,-1.170212198,2
Anion_0371,O=C([O-])C1=CC(=C2C=CC=C[CH+]2)O[N-]1,-3.943025087,-0.555655134,-0.392475758,-0.9184589,0.138486002,0
Anion_0372,CCCCC=CC(=O)[O-],0.647666225,0.447392553,-2.770433027,-0.813553174,0.156726742,2
Anion_0373,C=C(CC(=O)OC)C(=O)[O-],1.781914768,-1.774217152,-0.977916401,-1.103745711,-0.739740328,17
Anion_0374,COc1cc2c(c(OC)c1OC)=[NH+]C(=C([O-])[O-])C=2,-2.744908467,-0.392020992,-0.864467088,-0.115789782,3.172840125,10
Anion_0375,O=C([O-])c1ccno1,-0.085797948,-5.247728489,-1.295319513,-0.903477975,-0.898262767,17
Anion_0376,O=C([O-])CCCc1cccs1,1.606947429,1.088883028,-1.153325587,0.942225348,-1.271015327,9
Anion_0377,O=C([O-])c1c[n+](C2CC2)c2cc(F)c(F)cc2c1[O-],-3.160555519,-0.820427566,-0.603333857,1.097928595,1.333273419,15
Anion_0378,O=C([O-])C(=O)c1c[nH+]c2cccc[c-]12,-2.131476349,-1.813475646,-0.293597214,-0.342539136,-0.062994998,15
Anion_0379,Cc1ccccc1CCC(=O)[O-],2.614518257,0.45685549,-1.704129832,1.292248877,-0.580880803,9
Anion_0380,N#Cc1ccc(C=CC(=O)[O-])cc1,-3.653145066,-0.710982838,-1.129252829,1.435013542,-0.461333428,15
Anion_0381,O=C([O-])Cc1ccc(F)c(F)c1,1.168378757,0.28077206,-0.43021888,-0.144230147,-1.215428673,5
Anion_0382,O=Cc1ccc(C=CC(=O)[O-])cc1,-4.365552045,-0.368262195,-0.531647299,1.211781039,-0.978534642,15
Anion_0383,O=C([O-])c1cc(Br)cs1,-1.337695107,-2.705261822,-0.855595516,-1.183216323,-0.764572444,8
Anion_0384,Cc1ccc(CCCC(=O)[O-])cc1,1.1197644,2.390787744,-0.930250683,0.249973913,-0.483756446,5
Anion_0385,CCSCC(=O)[O-],5.031256616,-1.106276017,-2.088463359,-1.102192315,-0.525507913,20
Anion_0386,C=C(C)CC(=O)[O-],3.667979878,-1.407195348,-3.009490277,-0.374686417,-1.397263253,20
Anion_0387,Cc1occc1C(=O)[O-],2.610425105,-1.857728256,-1.423991784,-1.037492081,-0.71943412,20
Anion_0388,CC1=C[CH-]OC1=C([O-])[O-],2.198801606,-2.420740362,-0.340277388,-0.615668881,0.272685136,17
Anion_0389,CCCCCCCCCC=CC(=O)[O-],-3.917270445,6.249742717,-1.938826987,-2.31447121,2.408754269,19
Anion_0390,CC1(C)C(C(=O)[O-])C1(C)C,7.13936148,0.274869368,1.262635487,-0.749920719,1.673393829,11
Anion_0391,C=C(C(=O)[O-])C1CC1,2.395918011,-2.127302414,-1.333310155,-1.293329211,-1.117425843,17
Anion_0392,CC(F)(F)C(=O)[O-],5.712860065,-3.122907185,-1.213190632,-2.083442322,0.052373761,11
Anion_0393,O=C([O-])C1(c2ccc(Cl)cc2)CC1,1.849220373,-1.011244776,0.728705141,1.949914287,2.305505159,7
Anion_0394,O=C([O-])C#Cc1cccs1,-3.497911835,-3.631578594,-1.042034559,-0.422783303,1.591384614,15
Anion_0395,CC(C)(Cc1ccccc1)C(=O)[O-],3.580236445,-0.3371749,0.756404099,2.516324272,0.749735405,7
Anion_0396,N#CC1(C(=O)[O-])CC1,3.234302706,-3.430190886,-0.16624004,-1.747051238,0.040444563,17
Anion_0397,O=C([O-])c1c[n+](C2CC2)c2nc(Cl)c(F)cc2c1[O-],-3.489088999,-1.433773522,1.404080921,2.445184071,1.868986238,15
Anion_0398,O=C([O-])CCc1ccc(C(F)(F)F)cc1,0.935779399,1.689854832,-1.202964797,1.863086461,-0.889954159,9
Anion_0399,O=C([O-])c1cc2cc(Br)ccc2oc1=O,-5.239685629,-1.02194825,0.174913628,-0.800688484,-1.27335731,0
Anion_0400,CCCCCCC(=O)C(=O)[O-],-1.260122397,-2.156482314,-0.983482482,-0.106949759,1.371195687,2
Anion_0401,CC1CCC(C(=O)[O-])CC1,5.131031654,1.124713565,-2.740947495,-0.703511584,1.997574391,1
Anion_0402,O=C([O-])C=Cc1ccccc1Br,-1.647250041,-0.742981333,-0.759007606,0.373485607,-0.073961499,2
Anion_0403,COc1ccc(C(=O)CCC(=O)[O-])cc1OC,-0.498597075,0.682268239,-1.206064896,3.847416665,-1.039508904,13
Anion_0404,O=C([O-])c1cc2cc(Br)ccc2[nH]1,-2.740675757,-2.067332824,-2.012419907,0.103185502,1.255669795,15
Anion_0405,O=C([O-])Cc1c[s+]c2cccc[c-]12,1.763115813,0.804333307,3.164554519,-0.560791357,-1.298385031,14
Anion_0406,O=C([O-])COc1ccc(Cl)c(Cl)c1,-0.571858603,0.736012072,-0.024503949,-0.563509857,-1.652400132,5
Anion_0407,O=C([O-])CC[S+]=c1[c-]cccc1,2.195939871,0.249980628,-1.241987301,1.960135817,-0.812084465,9
Anion_0408,O=C([O-])Cc1ccc(F)cc1F,1.062183538,0.352322277,-0.112582251,-0.833463955,-1.257297888,5
Anion_0409,O=C([O-])Cc1cc(C(F)(F)F)cc(C(F)(F)F)c1,-0.564868373,0.56275825,0.058932433,0.009537607,-0.761002621,5
Anion_0410,O=C([O-])C[n+]1ccc2cccc[c-]21,0.719139059,0.450429094,1.394792588,-0.532901591,-0.174901519,5
Anion_0411,CC1=CC(=C([O-])[O-])[C+](C)O1,2.10077667,-0.994051942,-1.251298341,-1.178786737,0.151658731,20
Anion_0412,C[N+]1=CC=[N+]=C1C(=O)[O-],1.980788823,-2.848185586,-1.496530427,-1.008984644,-0.309382782,17
Anion_0413,CC1=[N+]=C[S+]=C1C(=O)[O-],0.378237337,-3.590449898,-0.2852968,-0.431145717,-1.055255304,17
Anion_0414,CCOc1ccc(CC(=O)[O-])cc1,0.1772238,3.537349542,-0.125799538,-1.066202766,-0.858034107,16
Anion_0415,O=C([O-])CCSSc1ccccn1,0.565061867,0.502485369,0.602996293,-0.029880453,-2.672075891,5
Anion_0416,C=C(C)CCC(=O)[O-],3.291662742,1.333270564,-1.437605211,-0.615152523,-1.109842981,20
Anion_0417,C=CCCCCCCC(=O)[O-],1.094290797,4.111907794,-1.415350059,0.611579995,0.163933552,6
Anion_0418,O=C([O-])Cc1cc(F)c(F)cc1F,0.758188569,0.146652813,0.12368692,-0.82761157,-1.432410629,5
Anion_0419,O=C([O-])C=Cc1ccccn1,-2.452246987,-0.917718925,-1.213885852,0.337624432,-0.838346725,15
Anion_0420,O=C([O-])CCCN1C(=O)C=CC1=O,-0.42198752,-0.561862994,1.165951318,3.788628951,-5.18111549,13
Anion_0421,CCCCC#CC(=O)[O-],-0.86490964,-0.488675897,-1.281391579,-3.795099668,1.086459701,2
Anion_0422,COc1ccc(C=CC(=O)[O-])c(OC)c1,-2.592325462,1.353604198,-1.81666553,-0.099908893,0.489109613,10
Anion_0423,O=C([O-])C1=CC=[S+2]=C1Br,1.085388769,-3.178917996,0.309761603,0.102279186,0.093839127,17
Anion_0424,O=Cc1ccc(C(=O)[O-])s1,-3.181416971,-3.83435209,-0.068687048,0.086471599,-1.50943622,8
Anion_0425,O=C([O-])Cc1ccc2c(c1)C(=O)c1ccccc1CO2,-4.656004712,4.520297482,1.50221762,0.974297845,-1.36494586,16
Anion_0426,CCCCC(C)(C)C(=O)[O-],6.092213201,0.824326573,-0.767341866,-0.36332403,2.096765323,11
Anion_0427,COc1ccccc1C=CC(=O)[O-],0.506533508,-1.169687105,2.299033163,-1.514354186,-1.240335445,3
Anion_0428,O=C([O-])CCC(=O)c1ccc2ccccc2c1,-0.888370546,0.420723244,-0.459070942,3.935459744,-2.067247825,13
Anion_0429,O=C([O-])C(=O)c1ccc(C(F)(F)F)cc1,-3.175591166,-2.860328587,0.892494245,0.813028088,0.172826779,8
Anion_0430,CC1=[NH+]C(=C[O-])C(C)=C1C(=O)[O-],0.834571395,-1.24355001,-0.04087333,1.189575949,-0.126466064,9
Anion_0431,CC(C)CCCCC(=O)[O-],4.133665269,3.057166687,-2.227560444,-1.527281135,0.417257808,1
Anion_0432,O=C([O-])CCCCCN1C(=O)c2ccccc2C1=O,1.987599764,1.30841867,7.362337421,4.198612777,-0.663469183,12
Anion_0433,O=C([O-])C(=O)C=Cc1ccccc1,-4.746520303,-0.611983082,1.61076771,-1.553625954,-1.780434524,0
Anion_0434,O=C([O-])C=Cc1ccc2ccccc2c1,-4.288508777,1.53424455,-0.663663367,-0.19073923,-0.326986059,0
Anion_0435,Cc1noc(C)c1C(=O)[O-],1.99845179,-3.120394307,-0.874761223,-0.589305855,-0.493959078,17
Anion_0436,O=C([O-])C1(c2ccccc2)CCCCC1,3.09074786,-0.762901092,0.81855992,1.450586909,1.606158994,7
Anion_0437,O=C([O-])COc1cccc(Cl)c1,0.066426429,0.80692075,0.186471515,-1.296199069,-1.974386946,5
Anion_0438,COC1=CC=CC(=CC=C([O-])[O-])[C+]1OC,-2.80629183,1.440634381,-0.233431916,-1.167523483,0.101426065,10
Anion_0439,CC(C)(C)CCC(=O)[O-],5.404513201,1.186088529,-2.313484504,-1.11076939,-0.028354672,1
Anion_0440,O=C([O-])C=Cc1ccc(Cl)cc1Cl,-2.53211037,-0.486125172,-0.841756385,1.042184038,0.421228581,15
Anion_0441,CC(C)c1ccc(CC(=O)[O-])cc1,0.532245445,2.599703391,-0.278196592,-0.897056748,-0.598790437,5
Anion_0442,O=C([O-])C#Cc1ccc(C(F)(F)F)cc1,-5.11621001,-2.293493193,-1.211046471,-0.266023679,3.015925687,15
Anion_0443,CC1=[N+]=[N+]=[S+2]=C1C(=O)[O-],-1.663541957,-5.938452886,0.819700708,0.34846412,-1.867027382,8
Anion_0444,O=C([O-])C1=[S+2]=c2ccccc2=C1Cl,-1.303695931,-3.823318176,1.454578608,0.788087656,2.471999411,21
Anion_0445,CCC(C)(CC)C(=O)[O-],7.940861431,-0.594255503,0.982786993,-0.229263768,1.613095487,11
Anion_0446,O=C([O-])C1=CCC1,2.720865214,-3.33957715,-1.403410385,-0.853745734,-0.704743074,17
Anion_0447,O=C([O-])C[n+]1cc(F)c([O-])[nH+]c1[O-],0.614495217,-0.535073886,2.512843454,-1.111304034,-2.038706664,3
Anion_0448,CC1(C(=O)[O-])CCCC1,7.116439993,-0.752062288,-0.335710673,-0.413383543,1.68199808,11
Anion_0449,Cc1ccc(S(=O)(=O)CC(=O)[O-])cc1,0.420149949,-1.366794953,0.541706075,1.048662396,-0.249885626,3
Anion_0450,COc1ccc(CC(=O)[O-])c(OC)c1,0.621466387,1.600553705,-0.32443189,-1.488086049,-0.365098139,5
Anion_0451,Cc1c(C(=O)[O-])[nH+]c2cccc[c-]12,-0.946350191,-1.842239579,-0.910474399,-0.409354826,0.272540266,2
Anion_0452,Cc1[c-]c(C(=O)[O-])[s+]c1,0.015121858,-2.276366747,-1.555424849,-0.841793958,-0.809396367,17
Anion_0453,C=C(F)C(=O)[O-],1.904930104,-5.100766121,-1.84023284,-1.752428922,-1.64289339,17
Anion_0454,CC(C)(Oc1ccccc1)C(=O)[O-],2.545672578,-1.125090041,0.787061356,1.579356633,1.34029123,7
Anion_0455,O=C([O-])CCc1ccc2ccccc2c1,-0.206594539,1.785347382,-1.047634315,3.213431481,-0.889982277,13
Anion_0456,CC(C)(C)C1CCC(C(=O)[O-])CC1,3.558730588,2.207292496,-2.646565716,-0.360823386,3.229233912,1
Anion_0457,O=C([O-])C[n+]1ccc([O-])[nH+]c1[O-],0.917143865,-0.363189336,2.268972476,-1.315839856,-1.938461013,3
Anion_0458,CN1CCN(CC(=O)[O-])CC1,3.382596995,2.683937653,-1.542402452,-3.954806747,-0.683213678,1
Anion_0459,COc1ccc(CCCC(=O)[O-])cc1OC,0.882716841,2.438548066,-0.548045769,-0.898276557,-0.847560502,5
Anion_0460,O=C([O-])C1=[N+]=C[NH+]=N1,1.781048917,-2.82017475,-2.424528956,-0.810392239,-0.443553939,17
Anion_0461,O=C([O-])CN1CCCCC1,5.971953425,1.846264623,1.714494954,-3.222636439,-0.03233306,11
Anion_0462,CC1=C[C-](CC(=O)[O-])O[N-]1,1.563043597,0.129488486,0.169305658,-0.884855766,-1.966865452,5
Anion_0463,O=C([O-])C(Cc1ccccc1)Cc1ccccc1,4.551168903,0.142546405,4.196126648,2.517039076,1.845367145,14
Anion_0464,O=C([O-])c1c[c+]o[n-]1,0.508997754,-4.206169473,-1.432035472,-0.948167862,-1.165412487,17
Anion_0465,C[N+]1=[N+]=C(C(=O)[O-])c2ccccc21,-1.154927142,-1.184093948,-1.526236583,-0.567008267,-0.321196707,2
Anion_0466,C=C1CC(C(=O)[O-])C1,4.178724669,-0.119004271,-0.398851614,-0.017873044,-1.313579826,20
Anion_0467,O=C([O-])CC[n+]1[c-]ccc1,3.924398527,0.017222862,-1.790723335,0.12700387,-0.801378386,20
Anion_0468,Cc1cccc(C)c1OCC(=O)[O-],1.860186619,-0.229112996,-1.195434808,0.677220711,0.01318463,9
Anion_0469,CC1=CC(=C([O-])[O-])[N+](C)=N1,1.150038674,-2.666560469,-1.06591314,-1.397316082,0.52972339,17
Anion_0470,CC1=NC(C)=C(C(=O)[O-])S1,0.0355509,-2.704333791,-0.368045367,-0.177070403,0.091953549,17
Anion_0471,O=C([O-])CCC1=[N+]=c2ccccc2=[NH+]1,-0.028717678,0.177804548,1.503422448,-0.94695599,-2.173596434,3
Anion_0472,COC1=CC=CC2=CC(=C([O-])[O-])O[C+]21,-1.444333215,-2.22844193,0.160316673,-0.591086548,1.506787096,15
Anion_0473,O=C([O-])Cc1c[nH+]c2cccc(Cl)[c-]12,0.270578932,1.609360211,-0.7614873,0.478664286,-0.539247816,5
Anion_0474,CCC=CCC=CCC=CCC=CCCCCC(=O)[O-],4.058815745,3.860349073,10.22931905,-0.019451618,1.969896833,12
Anion_0475,CCOCCC(=O)[O-],6.339945101,0.558794312,-2.696841499,-1.221282829,-0.204322398,1
Anion_0476,O=C([O-])CCCC(=O)OCc1ccccc1,1.076267524,1.41809284,-0.659788001,-0.361555798,-0.8519521,5
Anion_0477,C[N+]1=CN=CC1=C([O-])[O-],2.361467395,-2.440360087,-1.344392685,-1.345107621,-0.799102016,17
Anion_0478,O=C([O-])COc1c(Cl)cc(Cl)cc1Cl,1.83005625,-1.127430517,4.492327359,0.71963931,0.089857039,14
Anion_0479,O=C([O-])C(=O)c1cccc(Cl)c1,-2.418575355,-4.059907009,0.426324196,0.895707782,0.268512798,8
Anion_0480,COC(=O)CCCCCC(=O)[O-],1.210756275,3.77353028,0.471450473,-2.347378726,-2.013153109,16
Anion_0481,O=C([O-])COc1ccc(I)cc1,-0.686314663,0.971229768,-0.330640571,0.470065717,-1.284160153,5
Anion_0482,O=C([O-])C(=O)c1ccccc1Cl,-1.760714683,-4.67391499,0.350673194,-0.267560741,1.290290127,8
Anion_0483,O=C([O-])Cc1c(F)cccc1F,3.017920571,0.644571467,2.866953158,-0.762424127,-0.928062024,14
Anion_0484,Cc1[c-]c2cc(C(=O)[O-])[nH+]c-2cc1,-1.901803211,-1.931962591,-2.21732802,0.049756042,1.07549878,15
Anion_0485,C[n+]1ccc(C(=O)[O-])[n-]1,1.646289617,-1.32306019,-2.43575916,-1.213618097,-0.441997267,20
Anion_0486,COC(=O)C12C3C4C1C1C2C3C41C(=O)[O-],1.064843866,0.721781555,0.104364696,1.316371296,2.199197967,7
Anion_0487,O=C([O-])C[S+]=c1[c-]cc(Br)cc1,0.157162657,0.088195838,-1.141968299,1.054095594,0.309897446,9
Anion_0488,O=C([O-])c1c[s+]c[c-]1Br,1.282174175,-3.255743955,0.621116942,0.344604511,0.096716528,17
Anion_0489,CC1=CC(=C([O-])[O-])O[N-]1,-0.805011085,-3.92783405,-1.117694161,-1.335407411,-0.591017762,8
Anion_0490,COc1cccc2c1OC(=O)C(C(=O)[O-])C2,1.017350223,-1.186735657,1.356947326,0.239681914,0.440023268,7
Anion_0491,C[n+]1[c-]c(C(=O)[O-])nc1,2.03448491,-0.467172632,-2.657325669,-1.235621504,-0.758725267,20
Anion_0492,CC(C)=C(C)C(=O)[O-],4.543046422,-1.772669759,0.071645761,-0.541638367,0.528003264,11
Anion_0493,CCCCOCC(=O)[O-],3.606454377,2.436611953,-1.307924936,-4.086973836,-0.562459013,1
Anion_0494,COC(=O)CCCCCCCCCCC(=O)[O-],1.124371901,1.633821326,-1.986320672,1.013477823,1.660911246,6
Anion_0495,O=C([O-])Cc1c(F)c(F)c(F)c(F)c1F,2.108702154,0.454091039,3.84882602,-0.711156881,-0.528854521,14
Anion_0496,COC1=CC=C(OC)C(=CC=C([O-])[O-])[CH+]1,-1.452953829,-0.793635887,-0.299747309,0.941081427,2.087069292,10
Anion_0497,COc1ccc(CC(=O)C(=O)[O-])cc1,-1.977556595,-2.925944962,-1.498693672,0.819727302,0.78046729,15
Anion_0498,O=C([O-])C(=O)c1cccc(Br)c1,-2.79940065,-3.767725862,0.320194349,0.866927328,0.553108654,8
Anion_0499,Cc1cc(C)c(C(=O)C(=O)[O-])c(C)c1,-1.266088255,-2.87545765,0.55209076,-0.312215368,1.263425943,21
Anion_0500,CC(C)(C)OC(=O)N1CCC(CCC(=O)[O-])CC1,1.048810416,3.590525734,-3.217800547,1.430556408,3.537616322,6
Anion_0501,C=C(C)C(=O)OCCOC(=O)CCC(=O)[O-],1.267611763,0.384741834,-0.452154571,2.28666704,-2.086537432,9
Anion_0502,CCN1C=C(C(=O)[O-])C(=O)c2cc(F)c(Cl)cc21,-3.739340001,-0.713439345,-1.222516228,1.550457375,1.068636803,15
Anion_0503,COc1cccc(OCC(=O)[O-])c1,1.331799555,0.074052615,-1.049089039,-0.389389122,-1.402597852,5
Anion_0504,CN(CC(=O)[O-])C(=O)c1ccccc1,2.256327611,-0.043080511,2.668458668,1.903667244,0.06803303,14
Anion_0505,CCOc1ccc(C=CC(=O)[O-])cc1,-3.099321053,1.343789859,-2.714581338,1.290943058,2.024863102,10
Anion_0506,O=C([O-])CC1=[N+]=[N+]=[N+]=[NH+]1,0.781545355,-2.824007091,0.237466182,-0.911206921,-3.831594474,17
Anion_0507,CCOC(=O)CCCC(=O)[O-],1.78881169,2.761134235,-1.144390273,-0.115348888,-0.884169436,5
Anion_0508,O=C([O-])CC1=CCCC1,4.056047576,0.896273939,-0.18047758,-2.102098302,-1.749492032,20
Anion_0509,O=C([O-])C#Cc1cccc(Cl)c1,-4.473834332,-2.794969114,-1.018013068,-1.079267569,2.543491945,15
Anion_0510,O=C([O-])Cc1ccc(Oc2ccccc2)cc1,-0.998349464,3.398187951,0.480359148,-1.525046098,-1.135183355,16
Anion_0511,CC(C)(C)OC(=O)N1CCC(C)(C(=O)[O-])CC1,2.741758718,2.421834907,0.483000769,0.032276467,3.329494739,7
Anion_0512,O=C([O-])c1[c-]c(Br)[s+]c1,-0.722246476,-1.941591544,-1.14851225,-1.166336106,-0.874116178,2
Anion_0513,O=C([O-])CC1CCOCC1,5.464865011,1.872670483,-1.79083886,-2.950550993,-0.752491023,1
Anion_0514,O=C([O-])CCc1cccc2ccccc12,0.222178504,0.801781511,-1.252925545,3.002455556,-0.424953393,13
Anion_0515,O=C([O-])C=CC1=CC=[S+2]=C1,-1.284807107,-0.790706675,-1.6572341,0.170425799,-0.757024164,2
Anion_0516,CC1=[N+]=C(C(=O)[O-])C=[S+]1,-0.263092727,-2.22091706,-1.451439375,-0.45744061,-1.472329242,2
Anion_0517,Cc1oncc1C(=O)[O-],1.981896771,-3.150513126,-0.65422112,-0.54756375,-1.151738627,17
Anion_0518,Cc1cc(C)cc(CC(=O)[O-])c1,1.689844779,1.160957691,-0.550917506,-0.252457959,-0.52390064,5
Anion_0519,COc1ccc(COCC(=O)[O-])cc1,0.817351704,2.543770065,2.534044499,-2.943482112,-1.89445257,18
Anion_0520,O=C([O-])c1cnc[nH]1,2.021454166,-3.192046124,-2.280995229,-1.226285162,-1.365481747,17
Anion_0521,CC1=CC(=C([O-])[O-])[NH+]=N1,0.704478232,-3.146373459,-2.082098011,-1.226440452,-0.638949179,17
Anion_0522,C=C(CC(=O)[O-])C(=O)OC,0.789895701,-0.63850241,-1.308696431,2.136703982,-1.438606549,9
Anion_0523,Cc1ccc(C)c(CC(=O)[O-])c1,1.65723361,0.668887099,-0.776475571,-0.900118969,-0.728889643,5
Anion_0524,O=C([O-])CCCC(=O)c1ccc(F)cc1,-0.507619795,1.25862045,1.040301183,0.664821838,-3.470205117,4
Anion_0525,O=C([O-])CCC1=CC=[N+]=C[CH-]1,2.163637832,-0.006189618,-0.712933129,1.847982712,-1.857181244,9
Anion_0526,COc1[c-]c2[nH+]c(C(=O)[O-])cc-2cc1,-2.74338052,-0.06237081,-1.081416915,-1.968990722,0.23110791,10
Anion_0527,O=C([O-])CC[N+]1=c2ccccc2=[S+2]=C2C=CC=C[C-]21,-0.561485546,2.784620617,-0.166086279,-0.55245892,-1.041736599,16
Anion_0528,N#CCCCCC(=O)[O-],4.122820631,0.187960878,-1.933463175,0.45685785,-1.103241355,20
Anion_0529,COC(C)(C)C(=O)[O-],7.009823755,-1.310770878,-0.184330874,-1.21988167,1.396644904,11
Anion_0530,C=CCOCC(=O)[O-],2.208386577,0.69528303,-0.34793745,-1.391484586,-2.085179132,5
Anion_0531,O=C([O-])C(F)(F)C(F)F,3.949177056,-4.094485661,-0.02294701,-2.314205618,0.494445068,17
Anion_0532,O=C([O-])C#Cc1ccccc1Cl,-3.949578215,-3.268298826,-1.016465533,-0.886330643,2.079342619,15
Anion_0533,O=C([O-])C(C1CCCCC1)C1CCCCC1,6.265962708,1.260314835,2.083833023,-0.128763365,3.575169963,11
Anion_0534,O=C([O-])CCc1cccc(C(F)(F)F)c1,0.579250254,1.403533716,-1.153458319,1.885855179,-0.058276494,9
Anion_0535,COC(=O)C1(C(=O)[O-])CC1,3.107149472,-1.391222718,0.622413775,-0.971683728,-0.468524133,20
Anion_0536,O=C([O-])CCCCCCCS,2.999370788,1.691436437,-1.111194545,-0.506089772,-1.151915586,20
Anion_0537,O=C([O-])CCc1c[nH+]c[n-]1,3.966758678,0.286368441,-2.562223256,1.098874557,-0.363121014,20
Anion_0538,CC(=O)c1ccc(C(=O)[O-])s1,-3.307585184,-3.069757186,-0.147613942,-0.12784894,-1.326756241,8
Anion_0539,O=C([O-])C1CCN(C(=O)c2ccccc2)CC1,-0.832678147,2.462752249,0.456176898,0.281123813,-0.123726747,16
Anion_0540,O=C([O-])CN1C(=O)C=CC1=O,0.141969785,-1.244578614,5.453854604,3.162939405,-3.439561099,14
Anion_0541,O=C([O-])C12CCC(CC1)CC2,5.847505285,-0.083158164,-0.805478033,-0.452687201,1.573228592,11
Anion_0542,O=C([O-])c1coc2ccccc12,-0.244053926,-1.078338144,-1.153689192,-1.089018201,-1.352797897,2
Anion_0543,O=C([O-])c1ccc(-c2ccccc2)s1,-3.427679065,0.03432889,-0.776257242,-0.624201252,-0.052616945,10
Anion_0544,O=C([O-])Cc1ccc(Cl)nc1,-0.224305428,0.199070331,0.284071961,-0.368252732,-1.866166091,5
Anion_0545,C=CC(C)(C)CC(=O)[O-],3.392094421,-0.128869324,-2.019814453,0.20185312,-0.773404771,20
Anion_0546,O=C([O-])CCCCC(=O)OCc1ccccc1,3.968500262,2.221926367,7.249108887,0.337047728,0.487822597,12
Anion_0547,O=C([O-])CCc1ccc(OCc2ccccc2)cc1,-1.003093739,4.503060051,-2.27129627,3.606420923,1.645144945,6
Anion_0548,O=C([O-])C1(c2ccc3c(c2)OC(F)(F)O3)CC1,1.288732577,-0.331248505,0.977601193,1.852602874,2.328901788,7
Anion_0549,O=C([O-])c1cocn1,1.561076662,-3.148766994,-2.117506811,-0.484489641,-1.480171284,17
Anion_0550,Cc1c[nH+]c(C)[c-]1CCC(=O)[O-],4.072865564,0.981452648,-2.130731841,0.15499691,-0.135533917,1
Anion_0551,O=C([O-])c1cc2cc(Cl)ccc2oc1=O,-4.6956649,-1.368139844,0.783261609,-0.506858401,-1.126992859,0
Anion_0552,CCC(CC)(CC)C(=O)[O-],7.044324809,0.263164785,1.3147487,-0.556006513,1.58689755,11
Anion_0553,CC(C)CCCCCCC(=O)[O-],2.475978756,5.057209191,-2.064014849,-1.40244761,1.527871905,1
Anion_0554,O=C([O-])CCc1cccc(F)c1,2.368318019,0.544359692,-1.204821464,1.780541348,-1.046269724,9
Anion_0555,O=C([O-])CCc1ccc(I)cc1,0.620070601,1.647276242,-1.164309902,2.657858176,-0.823159032,9
Anion_0556,COC1=CC(=CC=C([O-])[O-])C=C(OC)[CH+]1,-3.4505363,1.000109955,-0.921441381,-0.654692426,1.811504754,10
Anion_0557,C#CCCCCCC(=O)[O-],2.323638763,3.782986912,-0.899896252,-1.620223926,-0.448737614,1
Anion_0558,CCN(CC)CC(=O)[O-],7.687682497,0.358252494,1.466260116,-1.1748626,1.106352257,11
Anion_0559,O=C([O-])CCCc1ccc(Cl)cc1,0.715525123,2.238604924,-0.637135072,0.072493724,-0.97284712,5
Anion_0560,O=C([O-])CS(=O)(=O)c1ccc(Cl)cc1,-0.169400193,-1.839832235,0.692709925,1.460800167,-0.6668379,3
Anion_0561,O=C([O-])CCc1cccc(Br)c1,1.281941197,1.152677456,-1.386681815,1.963885536,-0.25436552,9
Anion_0562,O=C([O-])C1=C[NH+]=[N+]=N1,1.081699348,-3.428795775,-1.864521894,-0.665355911,-1.448424219,17
Anion_0563,CC1=C(C(=O)[O-])OC=N1,1.304653273,-3.552034266,-0.543630394,-0.952128376,-0.430636722,17
Anion_0564,O=C([O-])C[S+]=C1N=c2ccccc2=[S+]1,-0.918366758,0.333032129,-0.0614014,1.059130086,-0.347001088,2
Anion_0565,O=C([O-])Cc1noc2ccccc12,-0.093091019,-1.506312264,-1.977389563,2.121483539,-1.656614335,13
Anion_0566,CC(C)OCC(=O)[O-],5.383016444,0.196888046,-2.081008068,-2.56350504,-0.669541518,1
Anion_0567,CC(=O)c1ccc(OCC(=O)[O-])cc1,-1.42046736,0.587843511,-0.029160465,1.209860194,-1.773768725,4
Anion_0568,O=C([O-])CC1c2ccccc2-c2ccccc21,0.95878647,1.003870948,0.789910435,1.463967957,-0.854166237,9
Anion_0569,O=C([O-])C12CCC(CC1)C2,5.941391943,-0.196030285,-1.30188515,-0.783661945,1.322360958,11
Anion_0570,COc1ccc(CC(=O)[O-])cc1Br,0.328142229,2.203558565,-0.242860948,-0.660660568,-1.313052609,5
Anion_0571,O=C([O-])C=Cc1ccc(F)c(F)c1,-2.458759059,-0.269043056,-1.349771809,-0.032697278,-0.349624148,10
Anion_0572,O=C([O-])CN1CCCC1=O,4.285222954,0.339554778,0.548078789,-1.780734611,-0.643249737,20
Anion_0573,O=C([O-])CCC(=O)c1cccnc1,0.028849647,-1.014248579,-0.389395575,3.775222963,-2.789536431,13
Anion_0574,CC(=O)SCC(=O)[O-],1.104457423,-0.576914178,-0.013622257,-0.804204288,-1.572307422,5
Anion_0575,O=C([O-])c1cnco1,0.963600221,-4.065433608,-1.668584801,-0.907642638,-1.111795756,17
Anion_0576,CC(C)(C(=O)[O-])C(F)(F)F,6.523209618,-2.185991759,-0.383907769,-1.424752828,1.707650628,11
Anion_0577,CC1=C(CCC(=O)[O-])C(=O)OC1=O,-1.797708659,-1.797526124,0.953808469,5.443691851,-3.806601475,13
Anion_0578,O=C([O-])C[N+]1=[N+]=[N+]=C2C=CC=C[C-]21,-0.686200719,-1.054102539,0.992185215,-0.541799226,-2.912319505,3
Anion_0579,CCC(=O)CCCC(=O)[O-],2.469895469,-0.365814651,-1.477269594,1.244641264,-1.155927062,9
Anion_0580,O=C([O-])C=CC(F)(F)F,0.885221985,-3.187992572,-0.579174837,-0.551829332,-1.060419034,17
Anion_0581,O=C([O-])CCc1ccccc1F,2.438981058,0.311407849,-1.373918442,1.623597746,-1.237387195,9
Anion_0582,CC(=O)[N+](CC(=O)[O-])=c1[c-]cccc1,2.644577149,0.166415063,3.475090984,0.25254234,0.093961818,14
Anion_0583,O=C([O-])C=Cc1[c-]o[c+]c1,-0.298786889,-1.025093228,-1.906210187,0.104158249,-0.781946493,2
Anion_0584,O=C([O-])C(=O)c1ccccc1F,-1.567774792,-4.572500581,0.401576027,-0.226288741,0.857792324,8
Anion_0585,O=C([O-])CCc1ccccn1,1.90657416,0.2985021,-1.037264113,2.009867074,-1.959634073,9
Anion_0586,O=C([O-])c1cc(Br)c(Br)o1,-1.784449329,-3.268170928,-1.714368377,-1.04303513,1.173733665,8
Anion_0587,COc1ccc2c(c1)OC(=O)CC2CC(=O)[O-],0.07225344,0.844681049,-1.471796886,1.256181791,0.564570648,9
Anion_0589,N#CCCCC(=O)[O-],3.605647766,0.533941842,-0.81902086,-1.704908911,-2.090109913,20
Anion_0590,COC(=O)C1CCC(C(=O)[O-])CC1,1.222499777,2.558957436,-1.084506248,0.662480383,1.528840002,6
Anion_0591,N#Cc1cccc(CC(=O)[O-])c1,-0.33403507,-0.478951869,-0.309376992,1.814275895,-1.088128376,13
Anion_0592,CCc1ccc(C(=O)CCC(=O)[O-])cc1,-0.690649974,1.244790025,-0.189071885,2.762903085,-1.639760549,13
Anion_0593,COc1cc(Br)c(CC(=O)[O-])cc1OC,0.763005699,1.673674166,1.30914597,-0.798785517,0.584543207,5
Anion_0594,COc1ccc(C2(C(=O)[O-])CC2)cc1,1.640297201,0.746982902,1.698348698,1.065218599,2.106528499,7
Anion_0595,CN1C=C(C(=O)[O-])C(C(F)(F)F)=N1,2.861280175,-1.395837269,2.972364487,-0.133013147,2.419149621,7
Anion_0596,O=C([O-])C=Cc1cc(F)cc(F)c1,-2.782698145,-0.767188123,-1.325434094,0.031317817,-0.120468575,15
Anion_0597,CC(C)(F)C(=O)[O-],6.493217164,-1.627677624,-1.717550879,-1.733897556,0.191131854,11
Anion_0598,O=C([O-])C[S+]=C1N=c2ccccc2=[NH+]1,-1.873217602,-1.804065895,0.846735101,-2.488796319,-2.785259129,3
Anion_0599,CN1C=C(C(=O)[O-])C=CC1=O,-0.47792207,-2.442056847,-1.730174147,-0.204601704,-0.728910533,2
Anion_0600,O=C([O-])c1cc2ccccc2n1Cc1ccccc1,-0.978570022,-1.328005496,2.208802469,-0.492750547,1.992957895,21
Anion_0601,O=C([O-])c1cc(Br)c(Br)[nH]1,-1.244481457,-2.656605407,-1.92164624,-0.743516674,0.373828216,2
Anion_0602,O=C([O-])C1=C[N+](Cc2ccccc2)=[N+]=N1,-2.593169276,0.838780439,-0.844067669,-1.931791307,-0.270056886,0
Anion_0603,CCCCCC=CCC(=O)[O-],1.171094826,4.133548321,-0.075979359,-3.230246362,-0.863927378,16
Anion_0604,O=C([O-])CCSCc1ccccc1,2.004629738,0.0475211,-1.752561178,2.102361612,-0.930751089,9
Anion_0605,O=C([O-])Cc1cccc(OCc2ccccc2)c1,1.190118872,1.332079599,1.118136821,-0.477370575,-1.635840066,5
Anion_0606,O=C([O-])CC=CCc1ccccc1,-0.222246883,3.483757909,-0.351770405,-0.291308907,-0.759118162,16
Anion_0607,COC(=O)C12CC(C(=O)[O-])(C1)C2,1.661215575,-0.219833724,-0.459928318,1.152058039,1.888059314,7
Anion_0608,CC1=[S+2]=CC=C1C(=O)[O-],1.731928973,-2.100186759,-0.844618003,-0.002231424,-0.464852559,17
Anion_0609,O=C([O-])C[S+]=c1[c-]cncc1,0.912279301,-1.489905007,-1.055750223,1.563560226,-0.26744587,9
Anion_0610,C=CCC(CC=C)C(=O)[O-],3.064394307,0.086991189,-1.089269157,-0.034445606,-0.677711263,20
Anion_0611,CC(=O)SCCC(=O)[O-],1.954146486,0.142712746,-1.07057646,1.887581003,-1.168282042,9
Anion_0612,CCOC(=S)SCC(=O)[O-],-2.93145146,0.232167536,0.924077639,-1.043097311,-1.254910869,0
Anion_0613,COC(=O)c1ccc(CC(=O)[O-])cc1,-1.87228626,2.07458752,1.130090614,-0.599829004,-1.599977463,4
Anion_0614,COc1ccc(CC(=O)[O-])cc1OCc1ccccc1,-0.056497106,2.929942469,-0.901273895,1.086226413,-0.050043856,6
Anion_0615,COc1ccc(SCC(=O)[O-])cc1,1.114175261,0.862111421,-1.560041143,1.589810728,-0.080002367,9
Anion_0616,CCOC(=O)C1(C(=O)[O-])CC1,2.24455076,-0.309005009,0.907286252,-1.48797488,-0.270157847,20
Anion_0617,O=C([O-])C#CC1CC1,1.012520463,-3.374132831,-1.525548704,-1.859655766,1.43428513,17
Anion_0618,O=C([O-])Cc1c[s+]c(-c2ccc(Cl)cc2)[n-]1,-3.282224423,3.257501327,0.077727903,2.026551035,0.401510242,6
Anion_0619,O=Cc1cccc(OCC(=O)[O-])c1,-1.336916864,-0.466043599,0.172814529,1.824730416,-2.75766908,4
Anion_0620,CC(C)(C(=O)[O-])c1ccc(Cl)cc1,2.321138296,-0.363659696,0.419064686,2.290182065,1.283147678,7
Anion_0621,O=C([O-])C=CC(=O)c1ccc(Cl)cc1,-5.328581801,0.612454435,2.275676685,-1.423885589,-1.929975243,0
Anion_0622,O=C([O-])C=Cc1ccc(OCc2ccccc2)cc1,-5.88584722,3.912415561,-2.738283745,0.824992104,4.3270694,19
Anion_0623,O=C([O-])CCCCCCCCCCCS,3.293121021,-0.843659721,-2.420230334,-0.154324351,0.252723791,20
Anion_0624,CCOC(=O)C(C)(C)C(=O)[O-],4.002541282,-0.932021143,1.096034268,0.864663265,1.401918833,7
Anion_0625,Cc1cc(OCC(=O)[O-])ccc1Cl,0.385507496,0.611144691,-0.676931559,-0.351449385,-1.407621036,5
Anion_0626,O=C([O-])C(=O)C1CCCCC1,1.336002464,-3.242132761,-1.308256135,-0.383319135,1.596187516,17
Anion_0627,COc1cccc(CC(=O)[O-])c1OC,1.077077776,0.911214492,-1.501379757,0.464303529,0.631761186,9
Anion_0628,O=C([O-])C1=CC(=C2C=CC=C[CH+]2)[N-]O1,-4.107101962,-1.490242136,-0.533535615,-1.259709766,0.707508404,15
Anion_0629,O=C([O-])CCCCN1C(=O)c2ccccc2C1=O,-3.798405803,3.974170119,0.723202622,3.129697834,-1.610185084,4
Anion_0630,CC(C)CCCCCC(=O)[O-],3.243893536,4.174022054,-1.908490649,-1.767597675,0.834655599,1
Anion_0631,O=C([O-])C(C(F)(F)F)C(F)(F)F,5.869679334,-3.425271363,1.321573975,-1.732787411,1.972918326,11
Anion_0632,O=C([O-])CSC(c1ccccc1)c1ccccc1,-0.430629705,1.345366925,-0.174390675,-0.511926558,-0.207813663,5
Anion_0633,COc1cc(CC(=O)[O-])ccc1OCc1ccccc1,-2.513534336,6.18423277,0.630767158,-1.612648879,-0.22749059,16
Anion_0634,COc1ccc(C=CC(=O)[O-])cc1,-0.489820678,-0.450537563,-0.057632228,-1.374395547,-1.034816132,3
Anion_0635,COC1=CC(=C[O-])C=C[C+]1OCC(=O)[O-],0.014123108,-0.330162665,3.303908158,2.302542542,-0.469160509,14
Anion_0636,O=C([O-])C1(c2ccc(Cl)cc2)CCC1,2.493616399,-0.663465243,0.649898554,2.293158332,1.846190539,7
Anion_0637,O=C([O-])c1c[n+](C2CC2)c2c(Cl)c(F)c(F)cc2c1[O-],-3.411858141,-1.18630899,0.125563885,1.390181266,1.164457906,15
Anion_0638,N#[N+][N-]CCCCCCCCCCC(=O)[O-],1.675393704,-0.269502261,-1.069794186,1.812515763,-2.261495695,9
Anion_0639,CCOC(=O)c1c(C)[nH+]c(C(=O)[O-])[c-]1C,-1.632192556,0.460206752,-0.232867704,-1.827655758,0.512606404,10
Anion_0640,O=C([O-])c1cc2cc(Cl)ccc2o1,-2.919331387,-2.574197076,-1.655081042,-0.038186593,1.371195198,15
Anion_0641,O=C([O-])C1(c2ccccc2)CCC1,3.509349157,-0.947497102,0.73917259,1.685903973,1.371870637,7
Anion_0642,O=C([O-])C1CCCCCCCCCCC1,5.935196457,2.104243289,1.922276806,-1.204860379,1.853638703,11
Anion_0643,CC(C)(C)OCC(=O)[O-],5.021513359,0.495465104,-2.1315269,-2.012812248,-0.491979167,1
Anion_0644,O=C([O-])CCCc1ccc2ccccc2c1,-1.307414322,3.155504705,-0.272787022,1.654298884,-0.774419619,6
Anion_0645,O=C([O-])CCc1ccc(Cl)c(Cl)c1,1.034860703,0.798749211,-1.406108175,2.211122834,-0.771503274,9
Anion_0646,O=C([O-])CCC(=O)c1cccc2ccccc12,-2.040741904,1.950568274,0.218350188,2.865585965,-2.013850117,4
Anion_0647,CC(C)c1ccc(C=CC(=O)[O-])cc1,-2.618251003,1.489855351,-0.925358133,0.36970877,0.96057419,10
Anion_0648,O=C([O-])CN1CCCC1,6.3141398,0.950235931,0.761625188,-2.854113214,-0.276602843,11
Anion_0649,CC1(C(=O)[O-])COC1,6.924035208,-1.604377358,-0.439406489,-0.994586841,1.076852784,11
Anion_0650,O=C([O-])c1cc2ccc(Cl)cc2[nH]1,-2.79249473,-1.487778005,-1.10767475,-1.209012877,0.11484394,15
Anion_0651,COC1=CC=c2oc(=C([O-])[O-])cc2[CH+]1,-3.135616323,-1.13742797,-1.428631538,-0.987549552,1.32390333,15
Anion_0652,O=C([O-])C1=CC=[N+]=[NH+]1,1.423114093,-4.265367293,-2.100294543,-1.093704664,-1.177145235,17
Anion_0653,O=C([O-])C1CCC=CCC1,3.859382363,-0.262475683,-1.810816992,0.591154893,-0.065129164,20
Anion_0654,CC#CCC(=O)[O-],4.288595614,-1.153608889,-3.699958474,-0.53482665,-0.254730059,20
Anion_0655,CCOC(=O)CCCCCC(=O)[O-],3.309290078,0.50872182,-1.761191374,1.678475523,-0.898268266,9
Anion_0656,CC1(C(=O)[O-])CCC1,7.331809615,-0.567278314,-0.821452129,-0.786614118,1.266597003,11
Anion_0657,O=C([O-])C1=CCCCCC1,2.587480983,-1.184334858,-1.656144885,-0.235953528,0.710055946,20
Anion_0658,O=C([O-])C=CCCc1ccccc1,-0.829567515,0.726244404,-2.141860854,1.672826425,2.163970227,6
Anion_0659,O=C([O-])CCCCOCc1ccccc1,1.426536313,1.819174926,-0.638378374,0.461973873,-1.693774451,5
Anion_0660,O=C([O-])C[S+]=c1[c-]cc(F)cc1,1.380765873,-0.026841998,-1.037108804,1.167813321,-0.903616457,9
Anion_0661,Cc1ccc(C(=O)CCCC(=O)[O-])cc1,-0.459535459,1.588033223,0.808711567,0.841306236,-2.977855294,4
Anion_0662,Cc1cc(C)cc(OCC(=O)[O-])c1,0.63468504,1.154976345,-0.453759656,-0.834007743,-1.225617884,5
Anion_0663,N#CC(=Cc1ccccc1)C(=O)[O-],-3.664570386,-2.559638763,0.335708911,-0.180634849,-0.170269753,15
Anion_0664,COC(=O)c1ccc(C=CC(=O)[O-])cc1,-4.887180337,0.219663183,-1.803787299,1.941519419,1.586360082,15
Anion_0665,O=C([O-])CC1=[N+]=CC=[NH+]1,2.950505884,-0.487272928,-0.928612755,-2.616805008,-2.405410964,20
Anion_0666,O=C([O-])C1(F)CC1,5.851659497,-2.537617321,-1.581103235,-2.156613525,-0.105796356,11
Anion_0667,O=C([O-])C1=CC(Br)=[S+2]=C1Br,-0.890527706,-2.826970102,0.538414608,-0.828615529,0.2577156,8
Anion_0668,C[n+]1cc(CCC(=O)[O-])c2cccc[c-]21,0.807631914,1.382129015,-2.298072368,2.278980605,0.828115631,9
Anion_0669,CC(C)(C(=O)[O-])N1C(=O)c2ccccc2C1=O,-1.066876702,0.562051363,4.394392144,0.81912912,-1.274661584,18
Anion_0670,CCCCC(=O)CCC(=O)[O-],1.569239107,1.396752211,-0.861832963,0.61842148,-1.304702797,9
Anion_0671,O=C([O-])CCCCS,4.06301916,0.007067565,-2.114008989,0.701565187,-0.513599167,20
Anion_0672,CC(C)(C)C#CC(=O)[O-],1.169387325,-3.082965298,-0.858241368,-1.476952462,2.748595958,17
Anion_0673,CCCCCC(=O)CCC(=O)[O-],0.77739416,2.431959903,-0.715575637,0.291950604,-0.945846703,5
Anion_0674,[O-]C(CCCCCCCC/C=C\CCCCCCCC)=O,1.320931977,3.951149326,0.960243788,1.204965117,4.471961174,6
Anion_0675,O=C([O-])CCCc1ccc(-c2ccccc2)cc1,-1.87254167,4.776456095,-0.068253883,0.228465408,-0.165990441,16
Anion_0676,N#Cc1ccc(CCC(=O)[O-])cc1,0.521334462,0.710550051,-0.69810182,3.446408807,-1.37303121,13
Anion_0677,O=C([O-])C=Cc1ccccc1C(F)(F)F,-2.293200903,-0.598303507,-0.382440433,0.015903077,-0.233701916,15
Anion_0678,O=C([O-])Cc1ccccc1OCc1ccccc1,-0.225954672,0.344776815,-0.892128766,-0.674586232,0.717798695,2
Anion_0679,O=C([O-])C(=O)c1ccccc1Br,-1.950008803,-4.687335127,0.472381279,-0.394278317,1.290974448,8
Anion_0680,COc1ccc(C=CC(=O)[O-])c(OC)c1OC,-3.134246159,1.454423694,-1.861980057,-0.082052337,1.242308075,10
Anion_0681,O=C([O-])c1occc(=O)c1OCc1ccccc1,-1.737531915,-3.782905988,1.798522329,-1.454826824,0.721006502,21
Anion_0682,CC1=[N+]=C(C(=O)[O-])[CH-]O1,0.951441986,-1.829046838,-1.893777439,-1.112129793,-1.259697343,17
Anion_0683,O=C([O-])Cc1cncc(Br)c1,-0.130811007,-0.408275581,-0.441955488,1.187536312,-0.670533087,9
Anion_0684,O=C([O-])c1ccc(-c2ccccc2Cl)o1,-3.378550665,-0.061841877,-0.33241208,-1.4419867,-0.251879048,0
Anion_0685,C[N+](CC(=O)[O-])=c1[c-]cccc1,2.038691007,-0.095533469,-1.218867698,1.126185585,-0.156132025,9
Anion_0686,CCCC(=O)CCC(=O)[O-],2.379105631,0.428967963,-0.885669894,0.705591807,-1.79234366,9
Anion_0687,O=C([O-])CCc1ccc(-c2ccccc2)cc1,-0.556382724,3.230721671,-1.530752623,3.215576421,0.250756907,6
Anion_0688,O=C([O-])CCC(=O)c1ccc(Cl)c(Cl)c1,-1.211974527,0.014714886,-0.659994154,4.465512939,-2.028167731,13
Anion_0689,O=C([O-])C1CCCCCCC1,5.133034533,0.583790515,-2.591266491,-0.766591593,1.377613751,1
Anion_0690,O=C([O-])CCCc1ccc(F)cc1,1.213181541,1.718122338,-0.909021782,0.459920403,-0.963898021,5
Anion_0691,O=C([O-])C[n+]1ccccc1[O-],1.361130863,-0.399443312,2.028584574,-0.651602651,-1.94960341,3
Anion_0692,CC1=CC(C(=O)[O-])=NN1C,1.264601961,-0.943721027,-2.822613008,-0.946359129,0.516143516,2
Anion_0693,CC1=C(C(=O)[O-])c2ccccc2N1,1.351366611,0.346790417,-0.079368047,-0.725606987,0.011049155,5
Anion_0694,O=C([O-])c1cc2ccc(Br)cc2[nH]1,-3.147886749,-1.093014122,-1.020308018,-1.417361168,0.238872667,15
Anion_0695,Cc1ccc(S(=O)(=O)N2CCC(C(=O)[O-])CC2)cc1,0.858362173,0.271836028,-0.860069291,3.156723891,0.620336405,9
Anion_0696,O=C([O-])CCN1C(=O)C[S+]=C1[S-],-0.144000775,-0.307230245,2.020784197,1.341402419,-3.892169116,4
Anion_0697,CN(C)C(=O)C(=O)[O-],2.240303899,-3.553010284,-0.837601423,-1.829410295,-0.430448401,17
Anion_0698,CCCC(C)=CC(=O)[O-],2.388633549,-0.653740065,-1.682475091,-0.275593393,1.277841472,20
Anion_0699,O=C([O-])C=CC1CCCCC1,0.58941156,0.511446364,-2.173468716,-0.746833313,0.769010644,2
Anion_0700,O=C([O-])CC1=CC=CC(=C2C=CC=C[CH+]2)[CH-]1,-0.856307177,2.437633299,1.142661475,-1.543594517,-1.872257326,16
Anion_0701,Cc1ccc(C(C)C)c(OCC(=O)[O-])c1,1.956792881,0.900909649,3.016495388,-0.191765391,0.526385663,14
Anion_0702,O=Cc1ccc(CC(=O)[O-])cc1,-1.248471711,0.113059703,0.830466255,1.010195635,-2.145528623,4
Anion_0703,O=C([O-])COc1ccc(Cl)c2cccnc12,-2.486534884,1.074263117,1.115826926,0.576907418,-2.507083164,4
Anion_0704,O=C([O-])c1[c-][n+](-c2ccccc2)nc1,-1.748473838,1.045140887,-0.470473673,-0.541385765,-0.140162215,10
Anion_0705,O=C([O-])c1cc2cc(OCc3ccccc3)ccc2[nH]1,-5.854381078,2.430041651,-1.825931592,-0.95551053,3.606372225,10
Anion_0706,O=C([O-])C1CCN(Cc2ccccc2)CC1,0.506432335,2.74319228,-0.446655341,0.995901231,1.029550752,6
Anion_0707,O=C([O-])C1=CN=[N+]2C=CC=[N+]=C12,-1.479346789,-0.840250974,-0.649208719,0.515688366,-2.498966001,4
Anion_0708,O=C([O-])C=Cc1c(Cl)cccc1Cl,0.40599196,-0.942535544,1.709637654,1.468950124,1.166683173,7
Anion_0709,COC1=CC=C(OC)C(=C([O-])CCC(=O)[O-])[CH+]1,-0.040604149,-0.307939854,-1.010016883,3.44229297,-1.810970366,13
Anion_0710,CC(C)(C)c1ccc(C=CC(=O)[O-])cc1,-3.045568364,1.603889129,-1.233656426,0.490011695,1.61652326,10
Anion_0711,CCN(CC(=O)[O-])C(=O)OC(C)(C)C,4.518014676,0.94971433,0.810833487,-0.146688603,0.992278364,11
Anion_0712,CCCOc1ccc(C=CC(=O)[O-])cc1,-3.900023854,2.398091605,-2.346509245,0.564329309,2.131459242,10
Anion_0713,CCCCCCCCOc1ccc(C=CC(=O)[O-])cc1,-7.819624114,7.747987184,-0.835465437,-0.502527685,4.645488382,19
Anion_0714,CC(C)(C)OC(=O)N(CC(=O)[O-])Cc1ccccc1,2.83424944,0.936684086,2.27781687,2.145918794,1.28465419,7
Anion_0715,CN(CCC(=O)[O-])C(=O)OC(C)(C)C,2.562803792,1.830445637,-1.966104279,-0.535864783,0.720700037,1
Anion_0716,O=C([O-])C1COC1,6.134862962,-1.485264259,-2.46390153,-1.427754284,-0.208089866,11
Anion_0717,Cc1nocc1C(=O)[O-],1.681953315,-3.29420783,-0.99885066,-0.62485306,-1.403437878,17
Anion_0718,O=C([O-])Cc1ccc2ncccc2c1,-1.537739532,0.761630038,0.505290242,1.839130476,-1.168125747,4
Anion_0719,O=C([O-])C1=Cc2ccccc2OC1,-1.131373034,-1.368904532,-0.292149625,-0.013720876,0.580210451,2
Anion_0720,O=C([O-])c1cn[n+](-c2ccccc2)[n-]1,-3.176333242,-0.427834672,-0.597493066,-0.867486781,-0.269856129,0
Anion_0721,O=C([O-])c1cc2cc(Br)ccc2o1,-3.264584734,-2.167810302,-1.650906052,-0.101263493,1.602915908,15
Anion_0722,CC1=[N+]=C(C(=O)[O-])C(=C2C=CC=C[CH-]2)S1,-1.309848951,-2.038016867,0.623729996,-0.112992278,0.49205933,3
Anion_0723,CC(C)C(=O)CCC(=O)[O-],2.765429683,-0.341311584,-0.796049968,0.971702249,-1.948609389,9
Anion_0724,O=C([O-])CCC[S+]=c1[c-]cccc1,1.163945092,1.954712697,0.590241422,-1.881755001,-2.782247462,5
Anion_0725,O=C([O-])COc1c(Cl)cccc1Cl,2.881568948,-1.249297119,4.629980528,0.75650841,0.247389741,14
Anion_0726,O=C([O-])C1C(=C2C=CC=C[CH+]2)C1=C1C=CC=C[CH-]1,-1.59860924,-0.017115125,-0.849153332,1.204778801,1.425703982,10
Anion_0727,CC1=C(CC(=O)[O-])c2cc(F)ccc2C1,2.510899012,1.230007234,2.609051331,1.216893807,-0.263119611,14
Anion_0728,O=C([O-])CC1CCC1,5.911445512,1.446372413,-2.276143253,-2.266815023,-0.730870429,1
Anion_0729,O=C([O-])C1=Cc2ccccc2C1,-0.326863253,-1.390191232,-1.343192397,0.713041638,1.047650032,2
Anion_0730,O=C([O-])COc1ccccc1Br,1.307419279,-0.337211565,-1.11751372,0.526946284,-0.724824196,9
Anion_0731,O=C([O-])C#Cc1cccc(F)c1,-3.893917212,-3.324058089,-1.317055606,-0.677430605,2.530332016,15
Anion_0732,CCN1C=C(C(=O)[O-])C(=O)c2cc(F)c(F)cc21,-3.281686923,-0.827633706,-1.202859473,1.087622689,0.865524535,15
Anion_0733,O=C([O-])C1=CC(=C2C=CC=C[CH+]2)[NH+]=N1,-2.383726924,1.283668447,-1.083752615,-0.810263099,-0.241750771,10
Anion_0734,C=C(C)CCCC(=O)[O-],3.203779824,1.886054368,-1.024640541,-0.55004955,-1.219716298,20
Anion_0735,N#CCCCCCC(=O)[O-],3.619231338,0.573322589,-1.17342419,-0.775536993,-1.927101887,20
Anion_0736,CC(=O)N(C)CC(=O)[O-],5.318364425,-0.632929402,2.384722121,-1.025361277,-0.180492674,11
Anion_0737,O=C([O-])CCS(=O)(=O)c1ccccc1,1.512966744,-1.04863872,-0.821873194,1.96864899,-1.531901435,9
Anion_0738,O=C([O-])C(F)(F)c1ccccc1,0.781645999,-2.696607855,-0.901758114,0.353772471,0.52436408,17
Anion_0739,COc1ccccc1C(=O)C(=O)[O-],-1.329908844,-3.758431178,0.297142587,-0.123126052,0.56220902,8
Anion_0740,O=C([O-])C(=O)c1ccc(-c2ccccc2)cc1,-4.41962293,-0.484852584,0.640116334,0.9059509,1.383279259,15
Anion_0741,CC1=CC(C(F)(F)F)=[N+]=[N+]1CC(=O)[O-],2.655938422,0.686127497,4.115718532,-1.199300531,0.274902894,14
Anion_0742,O=C([O-])c1ccc(Cl)o1,-0.011160714,-2.596276346,-1.272851742,-1.596272121,-0.554793871,17
Anion_0743,O=C([O-])c1cc(Br)co1,-0.431421779,-2.459200954,-1.627298929,-1.536878509,-0.120694778,2
Anion_0744,O=C([O-])Cc1cc2ccccc2o1,0.085154627,1.639923713,0.218467799,-0.537236035,-1.7013803,5
Anion_0745,CC1CC(=O)Oc2cc(OCC(=O)[O-])ccc21,-1.191174202,2.041166991,0.054752521,-0.48242202,-1.015007502,5
Anion_0746,O=C([O-])c1c[nH+]c2ccc(Br)c[c-]12,0.033287033,0.41105816,0.019201004,-1.305707679,-0.935616797,5
Anion_0747,CCCCCCC=CCCCC(=O)[O-],1.677978636,2.025477938,-2.078458602,0.18699685,1.953551199,6
Anion_0748,O=C([O-])Cc1ccccc1-c1ccccc1,-0.329771518,-0.0002798,-0.955163335,0.142728175,0.551583949,2
Anion_0749,O=C([O-])C1c2ccccc2Cc2ccccc21,3.027608817,-0.497822125,3.059769202,1.09929576,0.835396533,14
Anion_0750,O=C([O-])C(F)=Cc1ccccc1,-2.02321065,-1.669552199,-0.046028202,-0.899604072,0.077640236,15
Anion_0751,COC1CCC(C(=O)[O-])CC1,4.386347425,1.910948479,-2.571513117,-1.168008979,2.188989736,1
Anion_0752,O=C([O-])C1CN(C(=O)OCc2ccccc2)C1,-1.582832093,3.510959727,-0.290392576,-0.656427053,0.74453019,16
Anion_0753,CC(C)(C)OC(=O)[N+](CC(=O)[O-])=c1[c-]cccc1,3.420994976,0.760241426,4.193239196,1.172464277,0.912130828,14
Anion_0754,CCS(=O)(=O)c1ccc(CC(=O)[O-])cc1,-0.651032748,1.131633995,0.232883325,-0.221488918,-1.367395338,5
Anion_0755,CC1=[N+]=C(Br)[S+]=C1C(=O)[O-],-1.687833176,-3.24655184,0.045687379,-0.593893715,-0.298971886,8
Anion_0756,COc1cc2c(cc1OC)=[NH+]C(=C([O-])[O-])C=2,-3.174048133,-0.140726621,-2.157429537,-0.647904177,2.271045295,10
Anion_0757,CCCC=C(C)C(=O)[O-],1.615625291,0.10249183,-1.393310935,-1.246281499,-0.050577169,20
Anion_0758,CCCCCC(=O)CCCC(=O)[O-],1.54762745,0.395001595,-0.64991764,-0.146024313,-1.227271536,5
Anion_0759,O=C([O-])C(F)(F)C(F)(F)C(F)(F)C(F)F,1.485507015,-4.33204053,-0.457456964,-2.606252126,0.355780074,17
Anion_0760,O=C([O-])CS(=O)(=O)Cc1ccccc1,1.296424729,-1.264195046,2.889837004,1.080854053,0.465949006,14
Anion_0761,O=C([O-])Cc1cc(Cl)cc(Cl)c1,0.361192961,0.326529436,-0.12946257,-0.003777958,-1.09640218,5
Anion_0762,O=C([O-])COc1ccc(-c2ccccc2)cc1,-1.806703251,2.727927784,-0.410043173,0.672926079,-0.214609871,6
Anion_0763,C=CCC1(C(=O)[O-])CCCCC1,4.538757733,-0.477298279,1.10347421,1.118285318,1.171360448,7
Anion_0764,O=C([O-])CCC(=O)c1ccc(Oc2ccccc2)cc1,-1.172239631,1.617312944,-0.571909732,3.112052832,-1.479226396,13
Anion_0765,CC(=O)Oc1ccc(CC(=O)[O-])cc1,-0.715154785,2.953354014,0.286599061,-0.71686799,-0.63478714,16
Anion_0766,CC1=[N+]=C(S)[S+]=C1CC(=O)[O-],0.597840259,-0.343015692,-0.156735831,0.016263364,-1.200628575,5
Anion_0767,O=C([O-])Cc1ccc2c(c1)CCO2,1.338678063,1.91529676,-0.536653763,-0.474366599,-1.459425796,5
Anion_0768,O=C([O-])c1[c-][n+]2ccnc-2cc1,-0.988119469,-1.731098158,-1.37585272,-0.392286247,-0.796532672,2
Anion_0769,O=C([O-])c1c[s+2]#[n+][n-]1,-1.839074054,-5.239005703,-0.460520114,0.830326362,-2.425016946,8
Anion_0770,O=C([O-])c1cnc(Br)s1,-2.1623841,-3.635503005,-0.69991344,-0.510228962,-1.167740481,8
Anion_0771,CC1CC(=O)OC(C)C1C(=O)[O-],3.195111879,-1.142936484,0.609373898,0.544802797,0.378290098,7
Anion_0772,CC1=CC(C(=O)[O-])=NN1c1ccccc1,-2.195574033,0.837756776,-0.449831422,-1.509158265,0.580806574,10
Anion_0773,CC1=[N+]=C(c2ccccc2)[S+]=C1C(=O)[O-],-3.75603982,-0.359596628,0.418000947,-0.160595923,0.339292484,0
Anion_0774,CC(=O)CC(C)(C)CC(=O)[O-],4.569288528,-0.022261404,4.021737279,1.168469059,-0.324521434,14
Anion_0775,O=C([O-])CCCC(F)(F)F,5.48296869,1.494669684,-2.098925734,-2.694192589,-0.199175706,1
Anion_0776,COc1ccc(OC)c(CCCC(=O)[O-])c1,1.180176563,1.439924205,-1.894141248,1.100551447,0.493422489,9
Anion_0777,O=C([O-])C12CC(C1)C2,6.659083038,-1.244129222,-1.646440297,-1.442310207,1.048799518,11
Anion_0778,O=Cc1ccc(CCC(=O)[O-])cc1,-0.127442287,0.601143506,-0.470191779,3.923586496,-1.996188093,13
Anion_0779,COC1=CC(=CC=C([O-])[O-])C=C[C+]1OCc1ccccc1,-6.121295237,4.369487701,-2.169177275,0.005030499,3.784970563,19
Anion_0780,O=C([O-])C1=[N+]=[NH+]c2ccc(Br)cc21,-1.465971988,-0.890637345,0.936351778,-1.345043743,-0.915151725,3
Anion_0781,Cc1noc(=C2C=CC=C[CH-]2)c1=C([O-])[O-],0.259977513,-1.551706366,3.718313728,-0.619243004,0.335814226,14
Anion_0782,O=C([O-])C1SCCCS1,3.180562505,-2.610153879,-1.550689818,-0.775887935,0.446845106,17
Anion_0783,O=C([O-])Cc1coc2ccccc12,0.786419537,0.786181467,0.440350806,-1.092056153,-2.354261354,5
Anion_0784,O=C([O-])c1c[nH+]c2cc(Br)cc[c-]12,-0.993420357,1.319087904,-0.84583582,-1.957934688,-1.254827167,5
Anion_0785,CC1=[N+]=[N+](c2ccccc2)N=C1C(=O)[O-],-2.941684314,-0.323803293,0.05550687,-1.0795356,0.443256629,10
Anion_0786,O=C([O-])C[N+]1=[N+]=[N+]=[N+]=C1S,0.261112102,-4.302269285,2.34554368,-1.147200055,-2.220114768,3
Anion_0787,C=CCOCCC(=O)[O-],3.664824258,-0.238011651,-1.391655598,1.041561739,-1.743283696,20
Anion_0788,O=C([O-])CCc1ccc(Cl)cc1Cl,1.191355281,0.640241744,-1.320454145,2.331901744,-0.486984622,9
Anion_0789,CCc1ccc(CC(=O)[O-])cc1,0.665719749,2.450600719,-0.132098226,-1.290059893,-1.048879039,5
Anion_0790,CC(C)c1ccc(OCC(=O)[O-])cc1,-0.108066697,1.896633622,-0.78577108,-0.212082383,-0.62724664,5
Anion_0791,O=C([O-])COc1cccc(C(F)(F)F)c1,-0.579726186,1.253647888,0.373346497,-1.393193457,-2.083784687,5
Anion_0792,O=C([O-])C(=O)C1CC1,0.642394938,-4.543453712,-0.266040963,-1.148980881,-0.847892827,17
Anion_0793,O=C([O-])Cc1cc(F)ccc1F,1.208677683,-0.011838258,-0.049920398,-0.668043414,-1.396143857,5
Anion_0794,O=C([O-])C1=CC=C[N+](=c2[c-]cc(F)cc2)C1=O,-2.404033227,0.608226383,1.969315719,-0.684000701,0.585850527,0
Anion_0795,O=C([O-])C1CCSCC1,4.961570369,-0.94325998,-1.340342414,-0.150117584,0.359152076,11
Anion_0796,O=C([O-])C[n+]1cnc[n-]1,2.271060804,-1.384430326,-0.342906441,-2.234189019,-2.137830363,20
Anion_0797,O=C([O-])c1cc2c(s1)=CC=[S+2]=2,-1.753295831,-2.72860569,-1.647366691,0.133989717,0.388938843,8
Anion_0798,O=C([O-])Cc1c[nH+]c2ccc(Cl)c[c-]12,0.030418865,1.346607283,-1.175294175,1.205046946,0.58561614,6
Anion_0799,O=C([O-])C1=C[N+]#S#[N+]1,-0.988772088,-5.317975319,-0.816563586,0.299868504,-1.668112621,8
Anion_0800,CC(=O)CCCCCCC(=O)[O-],2.354271822,0.360228486,-0.486707119,0.479415415,-2.296461168,9
Anion_0801,CC(C)C(C)(C)C(=O)[O-],7.062688939,-0.577783328,-0.8116067,-0.631986875,1.373368726,11
Anion_0802,O=C([O-])Cc1ccc(F)cc1Br,0.602599953,0.053289695,0.007328654,-0.437556113,-0.674103151,5
Anion_0803,O=C([O-])C=C[S+]=c1[c-]cccc1,0.199910861,-0.824051711,4.008516733,-2.960448749,-0.579165505,18
Anion_0804,Cc1ccc(SCCC(=O)[O-])cc1,1.948748186,0.644801463,-1.416630299,2.265223589,-0.441965877,9
Anion_0805,O=C([O-])COc1ccccc1F,1.808505209,-0.241728286,-1.019034614,0.395080191,-1.125418298,9
Anion_0806,O=C([O-])CC1=CC=CC(=C([O-])c2ccccc2)[CH+]1,0.460399772,0.408126673,6.5572782,1.620739073,-0.985841262,12
Anion_0807,O=C([O-])CCCCCC(=O)c1ccccc1,0.796382818,-0.488667275,-1.076236031,4.067757004,-2.256685306,13
Anion_0808,COc1ccc(Br)c(CC(=O)[O-])c1,1.912491378,0.503952646,-0.692118096,0.189351497,-1.14337359,9
Anion_0809,N#[N+][N-]CCCCCCCCCCCC(=O)[O-],2.053410214,-0.329336581,-1.419494528,2.33319597,-1.422169857,9
Anion_0810,CN(CCCC(=O)[O-])C(=O)OC(C)(C)C,3.651376277,0.544155079,-2.573550936,0.021438913,0.154935158,20
Anion_0811,C#CCC(C)(C)C(=O)[O-],4.651629197,0.20380734,0.537028641,-1.062588243,0.538950543,11
Anion_0812,O=C([O-])C1(C(F)(F)F)CCC1,6.39828511,-2.135401313,0.007750112,-1.33777572,2.09015034,11
Anion_0813,Cc1cc(=C([O-])[O-])[n+](=C2C=CC=C[CH+]2)[n-]1,-0.524814592,-2.470263817,-0.049890054,-1.22184739,0.623477578,2
Anion_0814,O=C([O-])COc1ccc2c(c1)OC(=O)CC2,-1.085188711,1.952953308,0.469370962,-1.23608447,-1.645171342,5
Anion_0815,Cc1onc(-c2ccccc2Cl)c1C(=O)[O-],1.719149891,-1.799708527,5.033284607,-0.054685709,1.699549291,14
Anion_0816,O=C([O-])C=Cc1cnc[nH]1,-0.495349888,-1.498813437,-1.897106904,0.190318321,-0.73254018,2
Anion_0817,O=C([O-])c1c[n+]2ccccc2[n-]1,-1.57686395,-1.56347084,-2.008757661,0.917955886,0.128675486,2
Anion_0818,CCCCOc1ccc(CC(=O)[O-])cc1,-1.211393369,5.253355586,-0.404394955,-0.636728873,0.370984516,16
Anion_0819,O=C([O-])c1ccc(-c2cccs2)s1,-3.703870294,-0.508761181,-0.466591555,-0.484606118,-0.464248229,0
Anion_0820,CC(C)(C)C(C)(C)C(=O)[O-],6.83986511,-0.493980633,-0.650709709,-0.395219391,1.509579286,11
Anion_0821,CN(C)CCCCC(=O)[O-],4.847534391,1.21811918,-3.296746516,-0.283268029,1.254054662,1
Anion_0822,CS(=O)(=O)CCC(=O)[O-],4.373986848,-0.820992258,-1.591220127,-1.347909628,-1.230674238,20
Anion_0823,O=C([O-])CCOc1ccc(Cl)cc1,0.777231413,1.680822109,0.879774582,-0.300376634,-1.366841391,5
Anion_0824,O=C([O-])C=C1CCCC1,1.913289021,-0.18601104,-1.894429972,-1.686179982,-1.853868419,20
Anion_0825,C=CCc1ccc(OCC(=O)[O-])c(OC)c1,0.706537655,1.518450027,0.714247593,1.142163984,0.928274372,6
Anion_0826,O=C([O-])COC1CCCCC1,3.897518767,1.633176981,-1.871258372,-2.362946015,-0.12994029,1
Anion_0827,Cc1ccc(CCC(=O)[O-])c(C)c1,2.071922963,1.351103804,-1.68777189,1.417999206,0.053141577,9
Anion_0828,O=C([O-])CCCC(=O)c1ccc(Cl)cc1,-0.892485467,1.218314722,0.968040558,1.245804334,-3.383505829,4
Anion_0829,O=C([O-])CN(Cc1ccccc1)Cc1ccccc1,1.56677576,2.693928992,4.002905135,0.21195505,1.278078285,14
Anion_0830,O=C([O-])CCCCOc1ccccc1,1.905547246,1.669657462,-1.800040309,2.375314068,-0.45373152,9
Anion_0831,O=C([O-])COc1cccc(Br)c1,-0.29466468,1.194548364,0.229630874,-1.527021315,-1.914324469,5
Anion_0832,COc1cccc(OCCC(=O)[O-])c1,1.792655648,1.14877344,0.662670392,-0.99610134,-1.496392281,5
Anion_0833,COc1ccc(OCCC(=O)[O-])cc1,1.204420397,1.83701109,0.396348851,0.098994901,-0.838710044,5
Anion_0834,Cc1ccc(C(=O)CCC(=O)[O-])cc1C,-0.51685673,1.05590419,-0.658677913,3.130262002,-1.569903808,13
Anion_0835,COC1=CC(=C([O-])C(=O)[O-])C=C(OC)[C+]1OC,-2.607529814,-2.979650453,-0.155728123,1.147052022,1.707855218,15
Anion_0836,O=C([O-])c1onc2ccccc12,-3.782963089,-4.109597638,0.368587475,-0.7050464,-1.447664751,8
Anion_0837,C[n+]1ccc[c-]1CC(=O)[O-],3.907792839,0.860934713,-1.227677252,-2.00730799,-1.539342595,20
Anion_0838,O=C([O-])c1cc(=O)cco1,-1.529882945,-4.735755047,-1.237169459,-0.820906827,-0.299433089,8
Anion_0839,O=C([O-])C1=COC(=C2C=CC=C[CH+]2)[N-]1,-3.000165705,0.283416799,-0.741890498,-0.444849009,-0.75264125,0
Anion_0840,O=C([O-])c1cnc2ccccn12,-0.859123044,-1.576043204,-0.869543411,-0.851722621,-1.897708429,2
Anion_0841,CCCCCCCC(=O)C(=O)[O-],-2.170567539,-1.068860595,-0.932259004,-0.408786446,1.739740481,15
Anion_0842,O=C([O-])c1cc(=O)c(OCc2ccccc2)co1,-4.265731633,-1.073137657,0.035099703,-2.210877059,1.124944916,0
Anion_0843,CC(C)C#CC(=O)[O-],0.770113237,-3.211255378,-1.931675177,-1.682134889,2.256894817,17
Anion_0844,C#CCC(CC#C)C(=O)[O-],3.465231662,-0.905775059,-0.731053986,-0.029600288,1.651987435,20
Anion_0845,O=C([O-])CC1CCCCCC1,4.383407228,2.660260221,-1.730465566,-1.842055295,-0.242027112,1
Anion_0846,C=CCC(F)(F)C(=O)[O-],2.190164244,-1.56339454,0.716143646,-1.31382322,-0.628519221,17
Anion_0847,Cc1ccc(OCCC(=O)[O-])cc1,-0.493892985,4.482277575,0.653490958,-2.162679262,-1.460426479,16
Anion_0848,CCCCCC1CCC(C(=O)[O-])CC1,1.482604934,5.417511966,-2.056850213,-1.518490652,3.989905907,19
Anion_0849,O=C([O-])CCc1c2ccccc2cc2ccccc12,-1.343334386,0.8864602,0.176017131,3.355999298,-1.930903982,13
Anion_0850,CC1=[N+]=C(C(=O)[O-])C(=C2C=CC(F)=C[CH-]2)S1,-1.426933329,-2.11910951,0.650879189,-0.158109074,0.418754047,3
Anion_0851,O=C([O-])CCC1=CC=[S+2]=C1,2.351853019,0.497111724,-1.045093896,1.335884174,-1.861271645,9
Anion_0852,CC1=NC(C)=C(C(=O)[O-])O1,0.875876095,-2.486539898,-0.610400148,-1.321208266,0.050112126,17
Anion_0853,O=C([O-])c1cc2c(Br)cccc2[nH]1,-2.579228461,-2.570196457,-1.790534028,-0.330835923,0.990200531,15
Anion_0854,O=C([O-])Cc1c[nH+]c2cc(Cl)cc[c-]12,0.275585335,1.864313988,0.234961191,-1.204583366,-2.044538258,5
Anion_0855,COc1ccc2c(c1)C(C(=O)[O-])=CN2,1.039736426,0.668222366,0.815299412,-1.1852841,-0.581213584,5
Anion_0856,CC1(CCC(=O)[O-])[N+]#[N+]1,1.444300922,-0.70461288,0.112811511,2.306579967,-3.669824262,13
Anion_0857,O=C([O-])c1cc2cccc[n+]2[n-]1,-1.731520003,-1.841293336,-1.823603414,0.700501321,0.467536333,15
Anion_0858,Cc1ccc(C(=O)CC(=O)C(=O)[O-])cc1,-3.380528716,-2.189477513,4.387970239,-2.061698774,-0.510921812,3
Anion_0859,O=C([O-])C1=[S+2]=CC=C1F,1.006657236,-3.408936622,-0.89847688,0.197554642,-0.419174002,17
Anion_0860,CCOC(CC(=O)[O-])OCC,5.804782174,2.216000261,-0.109659696,-2.027955293,1.000042728,1
Anion_0861,CCC(C)=CC(=O)[O-],3.070577114,-1.376705558,-1.627584159,-0.583987428,0.235145786,20
Anion_0862,CCCSCC(=O)[O-],4.426685869,-0.753993229,-2.490533519,-0.680030714,0.453152244,20
Anion_0863,CC(C)(C#N)C(=O)[O-],4.358911098,-3.745520634,0.550478631,-0.72764693,1.131478216,11
Anion_0864,O=C([O-])C1(c2ccc(Cl)cc2)CCCC1,3.062163604,-0.899223105,1.977032965,2.614485685,2.705353841,7
Anion_0865,CC1=C(C(=O)[O-])Cc2ccccc21,-0.176163577,-1.098554491,-1.654993905,0.56143833,0.872255084,2
Anion_0866,Cc1ccc(C)c(CCCC(=O)[O-])c1,0.59253476,3.740746126,-0.266454912,-0.887950781,-1.165419346,16
Anion_0867,O=C([O-])CCCCCCCCCc1ccccc1,-3.597965697,9.164611522,0.290956996,-0.741874051,1.416400727,19
Anion_0868,O=C([O-])CCC12CC3CC(CC(C3)C1)C2,3.829289116,2.486285172,-2.47179321,-0.719599392,0.880265567,1
Anion_0869,CC(C)c1ccc(CCC(=O)[O-])cc1,1.085606483,2.69163813,-1.30374143,1.561374735,0.173012179,6
Anion_0870,CCc1ccc(OCC(=O)[O-])cc1,0.14353461,1.570733325,-1.006785036,0.207335599,-0.556618847,5
Anion_0871,CC(C)(C)c1ccc(C(=O)C(=O)[O-])cc1,-2.868738912,-1.373080564,0.578920412,0.468235832,1.023672636,15
Anion_0872,COc1cccc(CCC(=O)[O-])c1OC,1.425057147,1.580943024,-2.245832987,2.024258937,0.967587358,9
Anion_0873,COc1ccc2cccc(CC(=O)[O-])c2c1,-0.031600481,-0.391236718,-1.028493514,1.586723034,-0.32191355,9
Anion_0874,C[N+]1=[N+]=C(C(F)(F)F)C=C1C(=O)[O-],-0.17105562,-3.082726403,-0.896097698,-1.371628204,0.80622649,17
Anion_0875,O=C([O-])Cc1ccc(Br)cc1F,-0.017801248,1.084699293,0.352568616,-1.363638492,-1.202841269,5
Anion_0876,O=C([O-])C=Cc1ccc2ccccc2n1,-5.105910528,0.945405507,-0.204745578,0.005358695,-0.505165819,0
Anion_0877,O=C([O-])C1=C[N+]#[S+3]=C1,0.475253238,-3.875833617,-1.466226919,0.138762444,-1.70724374,17
Anion_0878,CCc1ccc(C(=O)[O-])s1,-0.490419873,-1.20658685,-0.427901423,-1.191551494,-0.126668997,2
Anion_0879,CC1=C(C(=O)[O-])C=[N+]=[N+]1C,2.548592121,-0.777214271,-1.868031316,-0.84441808,-0.379474609,20
Anion_0880,O=C([O-])C1=CC(Cl)=[S+2]=C1Cl,-0.440200257,-2.9992424,0.687241515,-0.545932622,0.209841553,8
Anion_0881,O=C([O-])C1=CC(=O)C(=O)CO1,-4.010131335,-5.702226273,0.000863081,0.939824814,-1.441397579,8
Anion_0882,COC(=O)c1ccc(C(=O)[O-])s1,-3.712303843,-1.960338319,0.014551499,-0.948164439,-1.013553214,15
Anion_0883,COc1ccc2cc(C(=O)[O-])oc2c1,-3.037579887,-0.3311939,-0.995328442,-1.794257216,0.792972599,10
Anion_0884,COc1ccc(-c2ccc(C(=O)[O-])o2)cc1,-3.902823537,2.32397329,0.325665262,-3.499653841,-0.503519046,0
Anion_0885,O=C([O-])COc1cccc2cccnc12,-2.000380037,1.335749803,1.305902404,-0.287481707,-2.832958968,4
Anion_0886,O=C([O-])CN1C(=O)c2ccccc2S1(=O)=O,-0.792422469,0.726136049,6.057481244,0.136995073,-1.210274281,18
Anion_0887,CC1=C(C(=O)[O-])C(=O)[N+](=c2[c-]cccc2)N1C,-0.918510295,0.353714202,1.177174122,0.223595939,1.744122172,10
Anion_0888,O=C([O-])c1cn[n+]2cccc[c-]12,-0.398429974,-0.481897073,-1.051949689,-0.251523672,-2.108853131,2
Anion_0889,O=C([O-])C1=[S+3]#[N+]C(Cl)=C1Cl,-2.759710059,-5.775044202,0.91164644,-0.590072999,-0.671958318,8
Anion_0890,CCSCCC(=O)[O-],4.831353844,-0.107465893,-1.968433474,0.225586584,-0.772207321,20
Anion_0891,CC(C)(C)CCCCCC(=O)[O-],2.88654962,4.345082809,-1.655773166,-1.624893722,0.827686776,1
Anion_0892,CCCCC(=O)CCCC(=O)[O-],1.263819432,1.149511513,-0.616286124,-0.250530294,-1.22394573,5
Anion_0893,CC1=C(C(=O)[O-])CCCC1,3.911503885,-1.576006383,-0.436483265,-0.090547778,1.359639248,11
Anion_0894,CC1CCC(CC(=O)[O-])CC1,4.06514267,3.461001473,-1.391116049,-3.30858397,-0.553629335,1
Anion_0895,COC(CC(=O)[O-])OC,6.432095798,1.290693502,-0.462978268,-2.519643208,0.146384478,11
Anion_0896,O=C([O-])CCOc1ccc(Cl)cc1Cl,0.370312283,1.270220151,0.679306126,0.261158901,-1.507602977,5
Anion_0897,O=C([O-])COC(c1ccccc1)c1ccccc1,0.210790398,1.46810061,0.181138012,-0.099568977,0.315141514,5
Anion_0898,O=C([O-])C=Cc1c(F)c(F)c(F)c(F)c1F,-0.724619426,-1.134401885,0.924391114,1.127581555,1.262401723,21
Anion_0899,COc1ccc(C(=O)CCC(=O)[O-])c2ccccc12,-1.754907042,2.617173574,0.668418936,1.449866722,-1.989222529,4
Anion_0900,OC(CCC(C=C1)=CC=C1B2OC(C)(C)C(C)(C)O2)=O,-2.284407797,4.637325049,0.445164328,-0.749324741,0.293996869,16
Anion_0901,O=C([O-])Cc1c(F)cc(F)cc1F,2.512752867,1.060108987,3.279093216,-1.122086327,-0.985289684,14
Anion_0902,O=C([O-])Cc1cccc(OC(F)(F)F)c1,0.330338749,0.654859917,-1.481394033,0.996539501,0.895949958,9
Anion_0903,CC1=CC(=C([O-])[O-])C=[S+]1,0.548980845,-1.512529013,-1.702116318,-0.874614079,-1.013107279,2
Anion_0904,O=C([O-])C[n+]1ccc[n-]1,2.598702674,-0.666679907,-0.619269051,-2.513842956,-2.028102675,20
Anion_0905,O=C([O-])c1cnc(Cl)s1,-1.760804889,-3.972369557,-0.733880749,-0.39580059,-1.402260576,8
Anion_0906,O=C([O-])CCCC(=O)c1cccs1,-0.464851741,0.795249017,1.28419191,0.772619939,-4.235875957,4
Anion_0907,COC(=O)c1ccc(C(=O)[O-])o1,-2.688560222,-2.268180146,0.001809064,-1.683266747,-1.219277951,8
Anion_0908,C[n+]1c([O-])cc(C(=O)[O-])[nH+]c1[O-],-2.199633691,-4.883613544,-1.386047484,-0.87013694,0.222799632,8
Anion_0909,O=C([O-])c1cc(=C2C=CC=C[CH+]2)[n+](=c2[c-]cccc2)[n-]1,-3.544946973,0.332064706,-1.391517167,0.275616441,3.428821179,10
Anion_0910,CCC(CC)CC(=O)[O-],5.272884243,1.048446464,-2.456830139,-1.381399582,0.063351068,1
Anion_0911,CCCC(=O)CCCC(=O)[O-],1.961135625,0.245691405,-1.696780605,1.698132887,-0.62018008,9
Anion_0912,CC(C)(C(=O)[O-])c1ccc(Br)cc1,2.051927555,-0.092846067,0.498236374,2.323544974,1.516607139,7
Anion_0913,O=C([O-])COc1cccc(F)c1,0.804468493,0.321407316,-0.133819111,-1.024032588,-1.822330934,5
Anion_0914,COc1ccc(C(=O)CCC(=O)[O-])c(OC)c1,-0.260985671,0.668605521,-0.850752152,2.811792887,-1.393837776,13
Anion_0915,COc1ccc(CC(=O)[O-])cc1C,1.200968077,2.641001531,-0.208079975,-0.918291182,-1.107449808,5
Anion_0916,O=C([O-])Cc1ccc(C(=O)c2ccccc2)cc1,-3.355912461,2.770867489,2.064021274,-0.659472957,-2.412082924,4
Anion_0917,O=C([O-])C[S+]=c1cccc[c-]1Cl,0.712593548,-1.231712566,-1.366663902,1.11204014,0.376901124,9
Anion_0918,N#[N+][N-]CCOCCOCCOCCOCC(=O)[O-],0.927171434,-0.818856846,-0.325269598,0.366287131,-2.457773601,5
Anion_0919,CC1=NC(C(F)(F)F)=C(C(=O)[O-])S1,-0.159831054,-3.774134825,4.371982515,0.506137234,2.004265654,21
Anion_0920,O=C([O-])C1=CC(C(F)(F)F)=[N+]=[N+]1C1=[N+]=CC=C[C-]1Cl,-0.024753485,-3.434318301,7.352340337,0.489723441,3.679213913,12
Anion_0921,O=C([O-])c1cc[n+](C(F)F)[n-]1,0.997450827,-1.686761143,-1.113927408,-1.086137147,0.00653157,17
Anion_0922,O=C([O-])Cc1[c-]o[c+]c1,3.181158126,0.081522597,-0.876681708,-0.451524524,-1.464569981,20
Anion_0923,O=C([O-])c1c[nH+]c2nccc[c-]12,-0.01675923,-0.548435923,-1.167567397,-0.632536592,-1.718776231,2
Anion_0924,O=C([O-])c1cc[n+](-c2ccccc2)[n-]1,-2.158751646,0.796365265,-0.172763391,-1.263061849,-0.059188589,10
Anion_0925,O=C([O-])C1=CC=[N+]=[N+]1c1ccccc1,-0.217615617,-2.565784071,0.268633887,-1.544186956,-0.428609982,17
Anion_0926,CC1=[NH+]C(=C[O-])C(C)=C1CCC(=O)[O-],0.859460678,0.727857203,-1.019742453,3.140637753,-1.118376712,13
Anion_0927,COc1cccc2c1=CC(=C([O-])[O-])[NH+]=2,-2.301080658,-1.280750791,-1.922716252,-1.03703735,1.246288833,15
Anion_0928,CN1C=C(C(=O)[O-])C(=O)c2ccccc21,-2.161404215,-0.8868617,-1.002566694,0.942992848,0.164552719,15
Anion_0929,O=C([O-])Cc1c(-c2ccccc2)[nH+]c2cccc[c-]12,-1.048001406,1.093151873,-0.677868011,0.073574009,0.306626545,10
Anion_0930,O=C([O-])C1=C[N+](=c2[c-]cccc2)N=C1c1ccccc1,-1.864958662,-0.129896812,1.050126021,0.00834572,2.85580116,10
Anion_0931,O=C([O-])C1CN(C(c2ccccc2)c2ccccc2)C1,-1.493588697,2.174453202,-1.87901141,1.020846377,3.105748696,6
Anion_0932,O=C([O-])c1coc2c1C(=O)CCC2,-0.269310868,-1.005815452,0.441989779,0.00149337,-0.823050036,3
Anion_0933,O=C([O-])Cc1ccc2c(c1)OCCO2,0.647015946,2.945920558,-0.414164008,-0.782048501,-0.914000566,5
Anion_0934,C#CC(C)(C)C(=O)[O-],5.334110282,-2.177487626,0.219725734,-0.194129827,1.398494903,11
Anion_0935,N#CC1=CC=CC(=CC=C([O-])[O-])[CH+]1,-3.827914169,0.104633699,-0.233647864,-0.531645398,-1.200636449,0
Anion_0936,O=C([O-])CCCc1ccc2c(c1)CCCC2,0.720479367,2.942446455,-0.868259898,-0.158387682,-0.371498134,5
Anion_0937,COc1cc(CCC(=O)[O-])cc(OC)c1,1.624141906,1.930016679,-1.843900949,1.516502715,-0.085132014,9
Anion_0938,CC(C)(C)c1ccc(C(=O)CCC(=O)[O-])cc1,-1.277386222,1.806095086,-0.660137498,3.195261371,-1.133859442,13
Anion_0939,O=C([O-])CCC(=O)C=Cc1ccccc1,-0.698000171,0.480841527,-0.60114661,4.497609992,-2.058727868,13
Anion_0940,COc1ccc(CC(=O)[O-])cc1F,0.816071039,2.218653639,-0.301300738,-0.906283071,-1.429595248,5
Anion_0941,O=C([O-])c1cc2ccc(Br)cc2s1,-3.574501416,-1.851593801,-1.422027609,-0.08251907,1.314685893,15
Anion_0942,CC(C)(C)OC(=O)N1CCC(CCCC(=O)[O-])CC1,2.168156632,3.063817118,-3.019853786,1.500224489,1.538024333,6
Anion_0943,C[N+]1=[N+]=C(C(C)(C)C)C=C1C(=O)[O-],0.412052943,-1.366407509,-0.300158667,-1.469818431,1.468391184,2
Anion_0944,O=C([O-])C=Cc1ccc(OC(F)(F)F)cc1,-3.478699111,0.981259848,-1.75066552,0.726617061,0.678586605,10
Anion_0945,O=C([O-])COc1ccc(C(F)(F)F)cc1,-0.195286084,1.024106054,-0.573096374,-0.300732326,-1.177140528,5
Anion_0946,CC(C)(C)c1ccc(C(=O)[O-])s1,-0.370152394,-0.932249053,-0.093071879,-0.256292205,0.743590425,2
Anion_0947,O=C([O-])c1cc2c(s1)CCCC2,-0.881449993,-1.280729821,-2.319470628,-0.080458889,0.996464217,2
Anion_0948,O=C([O-])C[n+]1cnc2cccc[c-]21,0.236129451,0.098279265,1.247517628,-0.626983314,-0.299776598,3
Anion_0949,O=C([O-])c1c[nH+]c2ccc(Cl)c[c-]12,-0.054460279,0.235640685,-0.739349193,-1.266736749,-1.225768843,5
Anion_0950,CC1=C(C(=O)[O-])[N+]#[N+][N+]1=c1[c-]cccc1,-2.421513678,0.319790408,0.397642923,-0.281843147,0.21334914,10
Anion_0951,CCC(=O)CCCCC(=O)[O-],2.666247816,0.114023075,-0.67366572,0.725762778,-2.431455831,9
Anion_0952,O=C([O-])CC(=O)C(F)(F)F,1.102630825,-2.630092077,1.470605588,0.140064568,-2.249764614,3
Anion_0953,CC(=O)c1ccc(CC(=O)[O-])cc1,-1.306233666,0.915019521,1.142178388,0.339359795,-1.86568984,4
Anion_0954,CC(C)CC=CC(=O)[O-],1.266446,0.204800505,-1.819286986,-0.96900553,-0.871220244,20
Anion_0955,Cc1ccccc1SCC(=O)[O-],1.444093083,-0.790161776,-1.511902866,0.874038962,0.702325853,9
Anion_0956,O=C([O-])COc1ccc(C23CC4CC(CC(C4)C2)C3)cc1,-1.705989989,3.834399557,-0.921892394,-0.029858678,0.681048362,16
Anion_0957,COc1ccc(C=C(C#N)C(=O)[O-])cc1,-4.468075356,-1.104148965,-0.156920829,0.31857218,0.862261787,15
Anion_0958,COc1ccc(C(=O)CCC(=O)[O-])cc1C,-0.283706073,0.950400621,-0.93688293,3.446391169,-1.241187267,13
Anion_0959,COc1ccc(C(C)=CC(=O)[O-])cc1,-1.893486167,0.472578092,-2.687393921,0.168144853,1.99690468,10
Anion_0960,CC(=O)c1ccccc1OCC(=O)[O-],0.958097649,-0.416193239,5.122024887,1.073530133,-0.612371563,14
Anion_0961,O=C([O-])C[N+]1=[S+2]=c2ccccc2=C1[O-],0.338475206,1.303193828,4.211918234,-1.371331226,-1.678576636,18
Anion_0962,O=C([O-])C=Cc1cc(F)ccc1F,-2.521694495,-1.083773815,-1.546276197,0.469775714,-0.058326243,15
Anion_0963,O=C([O-])Cc1ccc(F)c(C(F)(F)F)c1,0.054030076,0.197860655,-0.532305017,0.539569349,-0.458220508,5
Anion_0964,O=C([O-])c1c[c+](C2CC2)o[n-]1,-0.612721216,-2.093144339,-0.655130546,-0.864752181,0.396250161,2
Anion_0965,O=C([O-])C1=[N+]=C[CH-]O1,0.382024956,-4.353527715,-1.691873219,-0.910586094,-0.472659224,17
Anion_0966,Cc1coc(C)c1C(=O)[O-],2.742782842,-1.762721467,-1.611604359,-0.95484599,-0.177527222,20
Anion_0967,CC1=CC(=C([O-])[O-])O[C+]1C,0.743212309,-1.728001631,-2.619509247,-0.74183828,0.576244331,2
Anion_0968,O=C([O-])C1=[N+]=[S+2]=C2C=CC=C[C-]12,-2.267653005,-2.586339846,0.24085628,-1.198628137,-0.941933295,8
Anion_0969,O=C([O-])c1cc2ccc(F)cc2[nH]1,-2.072034808,-1.861557871,-1.470648955,-0.823439611,0.121796879,15
Anion_0970,CC1=C(C(=O)[O-])[N-]C(=C2C=CC=C[CH-]2)O1,-2.693181799,0.418431316,0.078913751,-0.530548973,-0.040205821,10
Anion_0971,Cc1onc(-c2c(Cl)cccc2Cl)c1C(=O)[O-],3.783911335,-2.068393458,10.04912,1.029089774,3.774607003,12
Anion_0972,O=C([O-])c1ccc(-c2cccc(C(F)(F)F)c2)o1,-4.034959918,0.897739205,-0.435336723,-1.134422808,0.129381145,0
Anion_0974,CC(C)(C)C=CC(=O)[O-],2.345039138,-0.764406885,-0.682019643,-0.323412091,0.073776145,20
Anion_0975,C=C(OC)C(=O)[O-],2.055798595,-2.90799044,-2.08603541,-2.053381331,-1.133599226,17
Anion_0976,CC(C)(C)CCCC(=O)[O-],4.511585814,2.428394689,-1.936168351,-1.849229307,-0.302751431,1
Anion_0977,CCOCCCC(=O)[O-],4.794231218,2.632986293,-1.469235692,-3.758119277,-0.707951229,1
Anion_0978,COCC(C)(C)C(=O)[O-],5.80944188,0.847656187,0.211137917,-2.600204174,0.822697119,11
Anion_0979,CN(C)C(=O)CCC(=O)[O-],4.252477238,-0.228855952,-2.3369248,0.650629165,-0.87393992,20
Anion_0980,CC[N+](CC)=C([S-])SCC(=O)[O-],-1.447733323,0.602764693,0.235416032,-0.610321773,0.086460156,10
Anion_0981,CCOC(=O)C1(C(=O)[O-])CCC1,3.480421063,-1.026846993,1.645922476,0.866572408,1.646783852,7
Anion_0982,COc1[c-]c(=[S+]CC(=O)[O-])ccc1,1.27313616,-0.781448269,-1.345454654,0.640812052,-0.216488833,9
Anion_0983,COc1ccc(CC(=O)[O-])c(OC)c1OC,0.429699891,1.79469619,-0.983205901,-0.284175162,0.585248736,5
Anion_0984,O=C([O-])C#Cc1cccc(Br)c1,-4.800474115,-2.407323176,-0.934472239,-1.270808393,2.654721393,15
Anion_0985,Cc1ccc(CC(=O)[O-])c(C)c1,1.40348397,1.181996455,-0.87841771,-0.812064732,-0.517700334,5
Anion_0986,N#Cc1ccc(OCC(=O)[O-])cc1,-0.713067331,0.133690348,-0.122822398,0.669879791,-1.766357673,4
Anion_0987,COc1cccc(CCCCC(=O)[O-])c1,2.086272068,2.136491359,2.004357475,-1.127156485,-1.672090849,5
Anion_0988,CC1=CC=C(C)C(=C([O-])CCC(=O)[O-])[CH+]1,0.018157524,0.532535359,-0.13799506,2.422304004,-2.20456732,13
Anion_0989,COc1ccc(CC(=O)[O-])c(Br)c1,0.924813771,2.284929659,0.575195632,-0.802084877,-1.058717147,5
Anion_0990,Cc1ccc(C2=[N+]=c3ccc(C)c[n+]3=C2CC(=O)[O-])cc1,-1.267449272,0.661151306,1.876987097,-0.288554606,0.713057036,3
Anion_0991,O=C([O-])Cc1c(F)cccc1Cl,2.627074139,0.512014241,2.694091818,-0.209286158,-0.797620229,14
Anion_0992,O=C([O-])C1CC[N+](=c2[c-]cncc2)CC1,1.394622998,0.766889314,-0.951934091,2.198004302,0.810462531,9
Anion_0993,O=C([O-])c1cc2cccnc2[nH]1,-2.196200321,-2.799042819,-1.385368417,-0.091020063,-0.094366632,8
Anion_0994,O=C([O-])C1CCC(c2ccc(Cl)cc2)CC1,-0.639896831,3.052851387,-1.572180022,2.279483712,2.836456665,6
Anion_0995,O=C([O-])C=Cc1c(F)cccc1F,0.435296783,-0.885790129,0.66985012,0.911420092,0.929309198,7
Anion_0996,N#[N+][N-]CCCCCCCC(=O)[O-],1.635710686,0.246657705,-0.812415019,1.507513598,-1.676534134,9
Anion_0997,O=C([O-])Cc1ccc(F)cc1Cl,0.59884945,0.027911719,-0.086682532,-0.657176281,-1.02574394,5
Anion_0998,CCC1=N[N+](C)=C(C(=O)[O-])[C-]1Cl,1.5552128,-3.757409563,1.631405412,-0.34445177,3.417028912,21
Anion_0999,CC1=[N+]=[NH+]C=C1C(=O)[O-],3.005859389,-1.648844231,-1.70499796,-1.131615689,-0.718489625,20
Anion_1000,O=C([O-])C[n+]1[c-]ccc1,4.354809167,-0.29574666,1.52651685,-2.174475583,-1.239239032,20
Anion_1001,O=C([O-])c1ccc(I)s1,-2.534116924,-2.615464443,-0.750631497,-0.504089381,-0.860224149,8
Anion_1002,C[N+]1=CC=CC(=C([O-])[O-])C1=O,0.600393962,-2.11799459,0.83158195,0.168518334,-0.183564304,3
Anion_1003,Cc1[c-]c2[nH+]c(C(=O)[O-])cc-2cc1,-2.139032771,-1.09339154,-1.4558138,-1.202831382,0.24450176,2
Anion_1004,O=C([O-])CC1=[N+]=c2ccccc2=[NH+]1,-0.767873348,0.678834081,0.611870806,-2.336225619,-2.766940985,5
Anion_1005,O=C([O-])c1cc2c(Cl)cccc2[nH]1,-2.426057425,-2.785690018,-1.787524236,-0.346035059,0.871431281,15
Anion_1006,O=C([O-])C1=[S+2]=C(Cl)C(Cl)=C1Cl,-1.770523096,-4.830809038,1.180901452,0.202118061,1.564386591,21
Anion_1007,O=C([O-])c1[c-][n+](Cc2ccccc2)nc1,-1.419415028,1.740655862,-1.548616703,-0.743372134,-0.118164491,10
Anion_1008,CC1=[N+]=[N+](c2ccccc2)C(Cl)=C1C(=O)[O-],-1.036742727,-0.008924689,1.590424241,0.333941897,2.274286082,10
Anion_1009,O=C([O-])c1cc(Br)c[nH]1,0.576972013,-1.970454339,-2.301962853,-1.338536887,-0.214930313,17
Anion_1010,O=C([O-])C[S+]=C1C=[NH+]c2ccccc21,0.854638139,0.399873471,-1.594602016,1.796108555,0.02451752,9
Anion_1011,CCC(C)(C)CC(=O)[O-],4.958227861,0.70971162,-3.724913598,-1.647292505,-0.502290908,1
Anion_1012,O=C([O-])CCc1ccccc1I,1.233765209,0.140965406,-1.355657253,2.085820419,-0.917079971,9
Anion_1013,COC(=O)c1ccccc1CC(=O)[O-],0.409795709,-0.630740863,-0.092448207,1.067356133,-0.636800336,9
Anion_1014,CC1CC(C(=O)[O-])C1,6.436834111,0.630621577,-1.754077211,-1.267984772,0.574867351,11
Anion_1015,Cc1cccc(OCC(=O)[O-])c1C,0.705227577,1.167373999,-0.187193683,-1.276685642,-1.458743096,5
Anion_1016,O=C([O-])CSCCc1ccccc1,0.643410262,0.506348702,-0.978399448,-0.27724087,-1.329951968,5
Anion_1017,O=C([O-])CS(=O)(=O)Cc1ccc(Cl)cc1,0.208631937,-0.993663673,2.322747461,1.708763197,0.536736833,7
Anion_1018,COc1cccc(CCCC(=O)[O-])c1,1.831389559,1.16202964,-1.297557356,0.369436582,-0.85460772,9
Anion_1019,CC(=O)C1(C(=O)[O-])CC1,3.396545939,-2.274982086,0.902804717,0.029655613,-0.619748504,20
Anion_1020,CCOc1ccc(CC(=O)[O-])cc1OCC,0.194979815,3.662202603,0.051555984,-1.733691714,-0.877167478,16
Anion_1021,O=C([O-])c1c[s+]c(C2=CC=[N+]=C[CH-]2)[n-]1,-4.06930809,-0.861746096,0.315051762,-0.398558812,-1.914804064,0
Anion_1022,O=C([O-])C=Cc1cccc(Oc2ccccc2)c1,-3.567280678,2.013452178,0.985960175,-2.017972484,-0.072442866,0
Anion_1023,O=C([O-])c1ccc(-c2ccccn2)s1,-4.083756472,-0.180221905,-0.510143001,-0.27615065,-0.127906736,0
Anion_1024,O=C([O-])CCC[n+]1[c-]ccc1,2.526426677,2.734741969,-0.506946576,-2.327521665,-1.423108243,5
Anion_1025,COC(=O)c1ccc(CCC(=O)[O-])cc1,-0.265599721,1.691364672,-1.095448868,3.615092207,-0.936884605,13
Anion_1026,O=C([O-])CCc1cc(F)cc(F)c1,2.208593813,0.390811853,-1.347419663,1.782890778,-1.158062975,9
Anion_1027,CC1=[N+]=C(c2ccc(C(F)(F)F)cc2)[S+]=C1C(=O)[O-],-5.298304822,0.772604127,1.303520387,-0.414730393,0.779596983,0
Anion_1028,Cc1ccc(C2(C(=O)[O-])CC2)cc1,2.508937554,-0.632988912,0.730997218,1.79847798,2.442360853,7
Anion_1029,O=C([O-])C[N+]1=[N+]=C(C(F)F)C=C1C(F)F,2.325849148,0.061611977,4.285526975,-0.606340381,0.365481082,14
Anion_1030,N#[N+][N-]CCOCCOCCOCCOCCC(=O)[O-],1.541132038,-0.740750624,-1.43320534,2.067293713,-0.776222638,9
Anion_1031,CCc1ccc(C#CC(=O)[O-])cc1,-4.015594939,-1.772561376,-1.862450669,-0.176118914,3.276683201,15
Anion_1032,COC1=CC=[S+2]=C1C(=O)[O-],0.365480628,-2.972736281,-1.728116808,-0.413052787,-0.977906862,17
Anion_1033,Cc1ccc(C(=O)[O-])[nH]1,1.853688197,-1.047758527,-2.367269881,-1.591056248,-1.076079617,20
Anion_1034,O=C([O-])c1coc(Br)c1,0.309563473,-1.605625573,-1.696476368,-1.21482126,-0.654425897,2
Anion_1035,Cc1nonc1C(=O)[O-],-0.515385011,-5.221551275,0.473338654,-0.493508777,-1.29898909,8
Anion_1036,O=C1CCCC(C(=O)[O-])O1,2.645374426,-1.644526013,-1.166482826,-1.114359926,-1.270857196,20
Anion_1037,O=Cc1ccc(C(=O)[O-])[nH]1,-1.499776091,-3.077811543,-0.576474348,-0.514370364,-1.961193743,8
Anion_1038,O=C([O-])c1occc1Br,1.5100898,-4.086872736,-0.214041937,-0.976102374,0.783468035,17
Anion_1039,O=C([O-])c1cc(Cl)c(Cl)s1,-2.254538186,-4.021284139,-1.339428731,-0.297775117,0.347989765,8
Anion_1040,CC1=CC(=O)C(=C([O-])[O-])[C+](C)O1,1.019365491,-3.011704495,0.687851467,1.012051637,1.77699029,21
Anion_1041,C[n+]1c(C(=O)[O-])nc2cccc[c-]21,-1.357151469,-3.499254823,-0.55489242,-0.242441091,1.334360556,8
Anion_1042,O=C([O-])c1c[s+]c(-c2cccnc2)[n-]1,-3.900319674,-0.310851412,0.601838841,-1.258441007,-1.93921032,0
Anion_1043,O=C([O-])c1cc2c(ccc3ccccc32)[nH]1,-3.563554293,-1.019996555,-1.451285874,-0.149662537,0.872427017,15
Anion_1044,O=C([O-])C1=Cc2ccccc2[N+]1=c1[c-]cccc1,-0.645003396,-1.893648545,0.488371386,-0.353760287,1.826592617,21
Anion_1045,CCN1C=C(C(=O)[O-])C(=O)c2ccccc21,-2.413423807,-0.793436241,-1.036849667,0.787545264,0.496758771,15
Anion_1046,O=C([O-])c1[c+]c2no[n-]c-2cc1,-3.897760144,-3.764700747,0.258821821,2.297679838,-2.455897181,8
Anion_1047,O=C([O-])c1ccc(-c2cccc(Cl)c2)o1,-3.662934972,0.452103989,-0.388315318,-1.237477636,-0.130114577,0
Anion_1048,C=CCSCC(=O)[O-],2.900856571,-1.21653554,-1.337218439,0.805530473,-0.696498113,20
Anion_1049,COC(=O)CC(C)(C)CC(=O)[O-],2.112421729,0.97282295,-1.903367706,0.910489703,-0.544453609,9
Anion_1050,C=C(CC(=O)OCC)C(=O)[O-],1.40746498,-1.465068746,-1.534450404,-0.583575113,-0.277315614,17
Anion_1051,CCCCCC#CCC#CCCCCCCCC(=O)[O-],1.701310254,3.294909164,-1.724417688,0.933744605,0.579036892,6
Anion_1052,N#Cc1ccccc1C=CC(=O)[O-],-1.985857804,-1.950898483,1.072554109,-1.316875763,-2.588485951,3
Anion_1053,O=C([O-])CC[S+]=c1[c-]cc(F)cc1,1.899630647,0.03616653,-1.195291262,2.317153948,-0.99416957,9
Anion_1054,O=C([O-])Cc1ccc2c(c1)CCCC2,0.603592055,2.584400164,0.123022363,-1.629326048,-1.094699899,5
Anion_1055,O=C([O-])COc1c(F)c(F)c(F)c(F)c1F,2.007243837,-1.032584323,4.253282257,-0.064872044,-0.052529991,14
Anion_1056,O=C([O-])CSC(F)(F)F,2.336976486,-1.508996831,-1.069359337,-2.18770376,-0.257711428,20
Anion_1057,Cc1ccc(CCCC(=O)[O-])cc1C,1.101506741,2.57895246,-1.067468618,-0.062097553,-0.463638064,5
Anion_1058,O=C([O-])Cc1cccc(Cl)c1Cl,0.46610329,-0.247905479,-0.380333186,0.27196119,-0.331480814,2
Anion_1059,Cc1cccc(CCCC(=O)[O-])c1,1.775192664,1.500911591,-1.387488112,0.798491503,-0.526341345,9
Anion_1060,COc1ccc(C(=S)SCC(=O)[O-])cc1,-5.516589356,2.60763832,2.563875643,-1.744989222,-1.699511529,0
Anion_1061,CC(C)(C)CC(C)(C)c1ccc(OCC(=O)[O-])cc1,-1.256902398,2.859784611,-1.3243894,0.416700111,1.095852489,6
Anion_1062,Cc1ccc(CC(=O)[O-])cc1C,1.491898408,1.637294548,-0.403491809,-0.918538289,-1.023526081,5
Anion_1063,CC(C)(COCc1ccccc1)C(=O)[O-],2.949778533,-0.164912255,0.372247238,2.332838121,0.652878142,7
Anion_1064,COc1ccc(SCCC(=O)[O-])cc1,1.800111903,0.70366046,-1.416171139,2.37804266,-0.454037214,9
Anion_1065,CCOc1ccc(C(=O)CCC(=O)[O-])cc1,-0.740110445,1.407347898,-0.92781617,3.342922313,-1.123331632,13
Anion_1066,O=C1CC(=O)CC(C(=O)[O-])C1,1.334647796,-1.517410681,-0.367797729,1.096572355,0.132648887,9
Anion_1067,O=C([O-])C=CC1CC1,2.055558029,-0.626437604,-1.233217612,-1.143284248,-1.558722302,20
Anion_1068,O=C([O-])Cc1[c-][nH+]cc1,3.981046406,0.883434119,-1.555870135,-0.957104403,-0.938147404,20
Anion_1069,CC1=C(CC(=O)[O-])[N-]C(=C2C=CC=C[CH-]2)O1,-1.544534499,4.055968427,1.745277676,-1.941536387,-2.71200349,16
Anion_1070,O=C([O-])Cc1cccc(F)c1F,1.355925991,-0.204120949,-0.502378399,-0.155415322,-0.808036993,5
Anion_1071,Cc1ccc([N+]2=[N+]=[N+]=C(C(=O)[O-])[C-]2C)cc1,-3.009451584,1.458969265,0.82211253,-0.729966573,0.719082717,10
Anion_1072,CCOC(=O)c1ccc(CC(=O)[O-])cc1OCC,-1.904717413,2.457131616,0.978745671,-0.827854906,-1.262747071,16
Anion_1073,O=C([O-])CCc1ccc(F)c(F)c1,1.932010756,0.571950056,-1.428704932,1.908156556,-1.257635142,9
Anion_1074,O=C([O-])Cc1cc(Cl)ccc1Br,0.390380157,-0.20748674,-0.006254036,-0.653761183,-0.869606511,5
Anion_1075,Cc1ccc(C=CC(=O)[O-])o1,-1.391998822,-0.827207236,-2.316363322,0.701559648,0.320031918,2
Anion_1076,O=C([O-])CCN1C(=O)CCC1=O,3.994740956,0.399676218,4.548747136,0.53837899,-0.874513938,14
Anion_1077,Cc1c[s+]c(C(=O)[O-])[n-]1,-1.49540568,-4.048969185,-1.043106972,-0.949144457,-0.784630467,8
Anion_1078,Cc1cc(C)c(C(=O)[O-])[nH]1,2.201555759,-1.030410794,-1.280756812,-1.374857056,0.071926966,20
Anion_1079,CC1=[N+]=C(C(=O)[O-])[C-](C)O1,1.370573466,-1.645214731,-0.874966663,-1.020629832,-0.228885009,17
Anion_1080,COc1ccc(C(=O)[O-])s1,-0.250149655,-1.297820699,-2.061656906,-0.393944834,-0.171162474,2
Anion_1081,C[n+]1[c-]c(CC(=O)[O-])nc1,3.138043487,1.71684958,-0.852892435,-1.457318104,-1.621497929,20
Anion_1082,O=C([O-])C1=[S+2]=c2ccccc2=C1Br,-1.366199143,-3.86519145,1.206862008,0.786262861,2.301441751,21
Anion_1083,O=C([O-])Cc1cc2ccccc2s1,-0.113685623,1.89080383,0.925571308,-1.546852586,-1.963830559,5
Anion_1084,COC(=O)c1ccc(C(=O)[O-])[nH]1,-1.703458914,-1.472993153,-0.436228876,-1.807162958,-1.77506257,3
Anion_1085,C=CC[n+]1c(C(=O)[O-])cc2cccc[c-]21,-0.962319483,-1.844889488,-0.284698908,-0.345806,1.315495642,2
Anion_1086,O=C([O-])c1cc2c(Cl)cc(Cl)cc2[nH]1,-3.675157149,-2.144536188,-1.015837584,-1.052098092,0.933106743,15
Anion_1087,CC1=[N+]=[N+](c2ccccc2)C(C)=C1C(=O)[O-],-1.148765225,1.303828157,-0.545692184,-0.246154005,0.658157839,10
Anion_1088,O=C([O-])CC1CC(=O)Oc2c1ccc1ccccc21,-1.393361739,1.11796746,-0.784303875,2.793223138,-0.343134318,13
Anion_1089,COc1ccc2c(c1)C(C(=O)[O-])=[N+]=[NH+]2,-0.529654855,-0.611278017,1.336513051,-1.246499954,-0.695080307,3
Anion_1090,CN1CCN(C(=O)CCC(=O)[O-])CC1,3.370551089,-0.148230379,-2.548995952,0.990755712,-0.337923781,20
Anion_1091,O=C([O-])C[N+]1=[N+]=[N+]=C(c2ccccc2)[N-]1,-1.869239508,1.327504012,2.843736165,-1.895563088,-1.351211587,18
Anion_1092,O=C([O-])CCF,6.922601699,-0.412464974,-2.369254391,-2.535078098,-1.155295083,11
Anion_1093,O=C([O-])C(=O)C(F)(F)F,-0.859211005,-7.830353409,1.210197141,-1.212352243,-0.036225412,8
Anion_1094,O=C([O-])CC#Cc1ccccc1,-0.215535892,0.044565117,-2.120976967,2.362275568,0.665343068,9
Anion_1095,O=C([O-])CSCC(=O)c1ccccc1,-0.896208648,-0.043526989,2.965297112,-0.117207486,-3.056470745,4
Anion_1096,O=C([O-])CCCCCCCCCCc1ccccc1,2.015195009,1.359386481,-1.303713059,1.277520333,-0.737337534,9
Anion_1097,O=C([O-])CCCC(=O)c1ccc(Br)cc1,-1.082338089,1.33807098,0.894436488,1.418822278,-3.197170501,4
Anion_1098,Cc1ccc(C(C)C)cc1OCC(=O)[O-],0.767271262,0.922447689,-1.050029904,0.289545576,-0.453760251,9
Anion_1099,CC(C)c1ccc(CCCC(=O)[O-])cc1,-0.013157367,3.814085153,-0.908196208,-0.018578955,0.141339397,16
Anion_1100,O=C([O-])Cc1ccc(F)c(Br)c1,0.470434224,0.261586665,-0.642402171,0.554941998,-0.556283757,9
Anion_1101,O=C([O-])CC[S+]=c1[c-]cc(Cl)cc1,1.415477235,0.298846238,-1.562589485,2.503740667,-0.846839614,9
Anion_1102,O=C([O-])COc1ccc(OCc2ccccc2)cc1,-2.749663335,4.5385692,-0.810470523,0.664317103,0.978932938,6
Anion_1103,Cc1ccc(OCC(=O)[O-])cc1C,0.857951881,0.880639844,-0.960026222,-0.290899294,-1.115321131,5
Anion_1104,O=C([O-])COc1ccc(C(=O)c2ccccc2)cc1,-2.972028411,1.571897033,-0.183280514,2.838304011,-0.876918184,4
Anion_1105,CC1(CC(=O)[O-])CCCCC1,4.468961773,1.574737621,-3.070731826,-1.286878769,0.237276526,1
Anion_1106,CCOc1ccccc1C=CC(=O)[O-],-1.62150135,-0.610234768,-1.585113558,-0.042412244,-0.536922858,2
Anion_1107,O=C([O-])CN(C(=O)c1ccccc1)c1ccccc1,0.152112952,2.011941547,3.836345339,-0.116745657,-0.665923691,18
Anion_1108,CC1=C(C(=O)[O-])[N+]#[N+][N+]1=c1[c-]cc(Cl)cc1,-3.662661761,1.280888919,0.870131642,-0.779721603,0.172004685,0
Anion_1109,CC(C)c1ccc(C(=O)CCC(=O)[O-])cc1,-1.178363879,1.755574651,-0.441522845,2.886867085,-1.345004198,13
Anion_1110,O=C([O-])C=Cc1cc(Br)cs1,-3.537945606,0.259366414,-0.515655565,-0.483048408,-1.037508724,0
Anion_1111,CCCC1=CC(=C([O-])[O-])[N+](C)=N1,-0.132867364,-1.035157407,-1.456338562,-0.782229306,1.946248849,2
Anion_1112,O=C([O-])c1c[n+]#[n+][nH]1,0.595825251,-5.498575655,-1.568299915,-0.613469282,-1.721747279,17
Anion_1113,C[N+]1=[N+]=C(C(=O)[O-])C=C1c1ccccc1,-2.163333475,1.317973504,-0.6161779,-0.88493497,0.669607007,10
Anion_1114,CC1=CC(=C([O-])[O-])C(C)=[S+]1,1.099216996,-1.191443972,-1.082915528,-0.624459876,-0.276134711,2
Anion_1115,CC1=[N+]=C(CC(=O)[O-])C=[S+]1,1.168431162,1.081923477,-0.139294181,0.496932261,-1.850431965,5
Anion_1116,O=C([O-])C(=O)N1CCCCC1,1.564135318,-2.909941136,-1.358793266,-0.963098893,0.761890883,17
Anion_1117,O=C([O-])c1ccc(-c2ccccc2)[nH]1,-2.05947299,0.885475488,0.136689716,-1.869743939,-1.047261331,0
Anion_1118,CC[N+]1=[N+]=C(C)C=C1C(=O)[O-],0.8836782,-2.840976578,-1.450092934,-1.411186475,0.419781239,17
Anion_1119,O=C([O-])CN1C(=O)CCC1=O,3.353642994,-0.478815192,3.638130897,-0.089755968,-0.82555948,14
Anion_1120,O=C([O-])c1cc2cccc(Cl)c2[nH]1,-2.270820907,-2.281459274,-1.360548344,-0.726396199,0.181382388,15
Anion_1121,CC1=[N+]=c2cccc[n+]2=C1C(=O)[O-],-0.500977888,-1.676758763,-0.280065596,-0.68048155,-0.99133763,2
Anion_1122,Cc1[c-]c2c(CC(=O)[O-])c[nH+]c-2cc1,0.39060485,1.592174615,-1.419382947,0.930255434,0.726337778,6
Anion_1123,O=C([O-])C[n+]1cc(Br)c([O-])[nH+]c1[O-],0.176779559,-0.659448273,2.560741983,-1.080620008,-1.978631145,3
Anion_1124,COc1[c-]c2c(CCC(=O)[O-])c[nH+]c-2cc1,-0.019198581,2.957090457,-1.382870674,1.061748013,0.198777484,6
Anion_1125,O=C([O-])c1c[n+](Cc2ccccc2)c2ccccc2c1[O-],-3.075849037,0.158809633,0.093440337,0.383069389,1.269552382,10
Anion_1126,Cc1cc(C)[n+](CC(=O)[O-])[n-]1,3.800662356,0.655496334,3.338159979,-1.405607553,0.065614976,14
Anion_1127,O=C([O-])CCCN1CCOCC1,3.884920812,3.280207237,-1.847328807,-2.554463883,0.402754604,1
Anion_1128,O=C([O-])C1=[N+]=C(Br)C=[S+]1,-2.895214714,-4.598839867,-0.424218048,-1.300624839,-0.686407282,8
Anion_1129,O=C([O-])CCC(=O)c1ccc2c(c1)CCCC2,-1.291428033,2.076998945,-0.565425205,3.318048287,-0.839036034,13
Anion_1130,O=C([O-])CC[N+]1=CC=[N+]=C1,3.469657637,-0.266319897,-1.516333198,0.23048731,-1.068992359,20
Anion_1131,CCOC=CC(=O)[O-],2.238042111,-0.678397817,-3.470210593,-0.117307812,-0.107745055,20
Anion_1132,CC(=O)OC(C)(C)C(=O)[O-],3.110824468,-0.58960051,1.410424338,-0.882751944,-0.454876836,20
Anion_1133,C#CCCCCCCCCCCCC(=O)[O-],-1.53482053,8.379131832,-1.732027672,0.454439254,3.26714888,19
Anion_1134,CCOC(=O)CCCCCCCCCCC(=O)[O-],1.911772366,1.999095926,-1.993206361,1.93012959,0.126286771,9
Anion_1135,O=C([O-])C=C(C(F)(F)F)C(F)(F)F,-0.480441883,-4.678166921,0.106137939,-0.934481252,-0.28015854,8
Anion_1136,Cc1ccc(OC(C)(C)C(=O)[O-])cc1,2.063451818,-0.379401219,0.471536865,1.955120577,1.832871249,7
Anion_1137,O=C([O-])COc1cc(Cl)cc(Cl)c1,-0.481692809,0.555109258,0.043046975,-0.654920456,-1.772441955,5
Anion_1138,Cc1ccc(C(C)(C)C(=O)[O-])cc1,2.878209323,0.047856114,0.198678467,2.041791792,1.32156029,7
Anion_1139,O=C([O-])CCCCCCCCCCCc1ccccc1,1.704031577,1.236690748,-1.796818734,1.602003644,0.031070647,9
Anion_1140,Cc1ccc(OCC(=O)[O-])c(C)c1,0.794168355,1.00506081,-0.695895449,-0.369016894,-0.969488627,5
Anion_1141,O=C([O-])CCC(=O)c1cccc(Cl)c1,-0.820604828,0.28656653,-0.561359723,4.129812972,-1.802910522,13
Anion_1142,O=C([O-])COc1ccccc1-c1ccccc1,1.749619551,1.383362148,7.001983601,0.005720189,1.089122033,12
Anion_1143,O=C([O-])CCCCCCCCc1ccccc1,1.677987802,1.455902651,-1.142101332,0.899549023,-0.504322064,9
Anion_1144,COc1ccc(Cl)cc1CC(=O)[O-],3.507760607,0.565293069,4.551934189,1.413119173,1.035375739,14
Anion_1145,COc1ccc(Br)cc1CC(=O)[O-],3.36048493,0.775258358,4.585389971,1.510908027,1.251553643,14
Anion_1146,COc1cc(CCC(=O)[O-])ccc1OCc1ccccc1,-0.168095947,2.786426908,-1.211388036,1.547796491,0.381213132,6
Anion_1147,O=C([O-])Cc1ccc(S(=O)(=O)Cl)cc1,-3.913341488,-0.285940793,2.043760388,2.070134567,-3.326105114,4
Anion_1148,Cc1ccc(C=CC(=O)[O-])cc1C,-2.41752084,0.842229906,-1.645190208,-0.065989865,0.122054183,10
Anion_1149,O=C([O-])C(=O)C=Cc1ccc(Cl)cc1,-5.895505649,0.375922862,2.232103561,-2.328412341,-1.840998263,0
Anion_1150,O=C([O-])COc1ccc(Cl)c(F)c1,-0.04723479,0.539322982,-0.199435679,-0.39511057,-1.46694173,5
Anion_1151,C=CCCOCC(=O)[O-],1.811555718,1.487244592,-0.446358413,-1.455848464,-1.671744565,5
Anion_1152,O=C([O-])c1cccc(=O)n1OCc1ccccc1,-0.913379756,-3.76153075,1.924795644,-0.012209886,1.304530695,21
Anion_1153,CC(C)(C)OC(=O)N(OCC(=O)[O-])C(=O)OC(C)(C)C,2.820888242,0.647032203,8.623185533,2.658649572,2.612178949,12
Anion_1154,O=C([O-])C1=[N+]=[N+](C(F)F)C=C1Cl,0.807163947,-3.465247003,0.402434988,-0.578222943,2.507692713,21
Anion_1155,O=C([O-])C1=[N+]=[NH+]C2=C1CCCC2,1.759368098,0.318783749,-0.051049155,-1.850074132,0.476660199,20
Anion_1156,O=C([O-])C1=CCCCO1,2.122640904,-2.30914625,-2.029084744,-1.110175081,0.329690322,17
Anion_1157,CC1=[N+]=[N+](C)C(C)=C1C(=O)[O-],2.604068377,-0.76765464,-2.025733108,-0.912515221,0.221604778,20
Anion_1158,COC1=COC(=C([O-])[O-])C=C1[O-],-2.666371885,-3.246406383,-1.297623539,-0.934758633,0.545713782,8
Anion_1159,O=C([O-])C[n+]1c([O-])oc2ccccc21,1.431888247,-0.250058876,1.444628464,-0.556199558,-1.113063898,5
Anion_1160,O=C([O-])CN1C(=O)C(=O)c2ccccc21,-2.049233197,-1.206993164,2.992923,2.312370845,-3.548977293,4
Anion_1161,O=C([O-])C1=[NH+]c2ccccc2C1=C1C=CC=C[CH-]1,-1.60253763,-2.117908259,1.372510977,-0.746785686,1.824368776,21
Anion_1162,O=C([O-])C1=CC(=C2C=CC=C[CH+]2)N=[N+]1c1ccccc1,-2.601972834,-1.397026549,0.623946057,-0.714240343,3.121004954,15
Anion_1163,O=C([O-])Cc1cnc2ccccn12,0.888833456,0.241793873,0.296457342,-0.408813673,-2.690233945,5
Anion_1164,O=C([O-])c1ccc(-c2ccc(Br)cc2)o1,-4.415685831,1.560689009,0.462542924,-2.848592697,-0.640914387,0
Anion_1165,O=C([O-])c1ccc(F)s1,0.036930931,-3.179630534,-1.705394868,-0.529958721,-0.88898437,17
Anion_1166,COC(=O)CC(C)(C)C(=O)[O-],2.894952826,0.730802746,1.077590576,-0.255989035,0.267663568,7
Anion_1167,CCCOCC(=O)[O-],4.576368314,1.349327006,-1.757527278,-3.484171725,-0.598463195,1
Anion_1168,CCC(CC)CCC(=O)[O-],4.573986833,1.604980681,-2.371880988,-1.280610655,0.589487228,1
Anion_1169,CC(C)(C)SCC(=O)[O-],4.317936193,-0.591621135,-2.071694407,-0.732700398,0.490721981,20
Anion_1170,CC(C)(C)CCCCC(=O)[O-],3.784730877,3.194839933,-2.01758185,-1.392103713,0.359406413,1
Anion_1171,CN(C)C(C)(C)C(=O)[O-],6.97610629,-0.69563429,-0.116131812,-1.814915441,1.087108053,11
Anion_1172,CC(C)C(=O)CCCC(=O)[O-],2.336747292,-0.456472288,-1.544591428,1.555704323,-1.042634351,9
Anion_1173,CCN(CC)C(=O)CCC(=O)[O-],3.290796834,0.466298224,-2.031959711,0.353429386,-0.067308037,20
Anion_1174,CCCCCCCCCCC(C)(C)C(=O)[O-],1.635407992,5.981238119,-1.263504266,1.392275352,5.779288522,19
Anion_1175,COC(=O)CCCCCCCCCC(=O)[O-],1.78636183,1.115621945,-1.926035933,1.388391959,0.488363258,9
Anion_1176,O=C([O-])C1(Cc2ccccc2)CC1,2.817995828,-0.122069722,0.820296191,1.015291562,0.57864059,7
Anion_1177,C=CCC1(C(=O)[O-])CCCC1,5.004527698,-1.014749893,1.345148442,1.017937879,0.872077097,11
Anion_1178,CCc1ccc(CCC(=O)[O-])cc1,1.250036826,2.558915297,-1.358895784,1.316929694,-0.355791839,9
Anion_1179,Cc1ccc(S(=O)(=O)N(C)CC(=O)[O-])cc1,3.151715665,0.270473449,6.856365135,1.27799777,1.255696465,12
Anion_1180,CCc1ccc(CCCC(=O)[O-])cc1,0.554340808,3.063008243,-1.279371102,0.626947632,0.11836352,6
Anion_1181,Cc1ccc(S(=O)(=O)CCC(=O)[O-])cc1,1.199622401,-0.434233572,-1.224579183,2.16585717,-0.973370765,9
Anion_1182,CCOC(C(=O)[O-])(c1ccccc1)c1ccccc1,2.315731412,-1.874641022,3.727908731,0.862176969,3.220493869,7
Anion_1183,O=C([O-])Cc1ccccc1Oc1ccccc1,3.071806833,1.052364821,3.922147482,1.067630065,0.717079944,14
Anion_1184,CS(=O)(=O)c1ccc(C=CC(=O)[O-])cc1,-4.178114738,0.169512141,-1.324382601,1.016973847,0.470962824,10
Anion_1185,CC(C)C1CCC(C(=O)[O-])CC1,3.804339003,2.149834146,-2.734614881,-0.51714752,3.293755739,1
Anion_1186,CC(C)C1=CC(=C([O-])[O-])[NH+]=N1,0.556419437,-2.064623245,-0.423888312,-1.312523632,0.423972025,17
Anion_1187,CC(C)(C)OC(=O)N(CC(=O)[O-])C1CCCCC1,5.529449665,1.135634441,2.841564899,0.359138772,1.819115238,11
Anion_1188,O=C([O-])CCCCc1ccc(F)cc1,1.113192403,2.397726296,0.58116781,-1.719035443,-2.806386137,5
Anion_1189,COCCOCCOCCOCCC(=O)[O-],5.180980751,-0.04078721,-2.989630583,-0.292240849,0.520111969,1
Anion_1190,CC1(C(=O)[O-])CCOCC1,7.284834683,-1.025091246,-0.423449919,-0.926100292,1.790647466,11
Anion_1191,CC1=[N+]=C(C(=O)[O-])C=[NH+]1,2.175395777,-0.450214688,-2.694785908,-1.285131952,-0.778156444,20
Anion_1192,O=C([O-])CC1=[N+]=[NH+]c2ccccc21,1.232662327,0.988153882,-0.293245436,0.36205853,-2.024559623,5
Anion_1193,O=C([O-])C1=COCCC1,3.170398269,-1.209008435,-2.20423034,-0.614443555,-0.265264379,20
Anion_1194,O=C([O-])C1=CC=[S+2]=C1Cl,1.187063531,-3.243729764,0.275897887,0.203168243,0.140573912,17
Anion_1195,CC1=CC(C(=O)[O-])=C(C)N1,2.882424515,0.231806942,-2.272672559,-1.49019944,0.160879891,20
Anion_1196,C[N+]1=[N+]=CC(Br)=C1C(=O)[O-],2.548823155,-4.866078022,2.14303749,-0.86995476,1.616903843,21
Anion_1197,O=C([O-])C1CCC2(CC1)OCCO2,4.094674796,1.77994242,-2.669590987,-0.47227769,2.486048515,1
Anion_1198,O=C([O-])c1cnc(-c2ccccc2)s1,-4.339314632,-0.819119958,-0.537588861,-0.123853758,0.012064752,15
Anion_1199,O=C([O-])C1=CC=C([O-])[N+](=C2C=CC=C[CH+]2)[CH-]1,-2.753892231,-0.219089118,0.581144886,-1.733843159,-0.505957417,0
Anion_1200,COc1ccc2c(c1)cc(C(=O)[O-])n2C,-2.030283166,-0.209896239,-0.751872102,-1.190332392,1.28229239,10
Anion_1201,Cc1ccc2c(c1)C([O-])=CC(=C([O-])[O-])O2,-4.562747322,-2.483495458,-0.644637258,-0.731269873,0.693493464,15
Anion_1202,O=C([O-])Cc1cc2ccccc2oc1=O,-1.052536117,0.138380912,-1.021677459,3.420849215,-1.084545159,13
Anion_1203,O=C([O-])CC[n+]1c2ccccc2c2cccc[c-]21,-0.4475957,1.588695837,0.884634171,1.237902154,0.02890774,6
Anion_1204,O=C([O-])C[N+]1=c2ccccc2=[S+2]=C2C=CC=C[C-]21,2.8613268,0.349790202,5.193102391,0.791981031,0.465606756,14
Anion_1205,COc1ccc2c(CC(=O)[O-])coc2c1,-0.206912289,2.479930934,1.138369147,-2.419266316,-2.046511401,5
Anion_1206,O=C([O-])C1=CC=[N+]=[S+]1,-0.708344217,-5.221135041,-1.068691069,-0.270595915,-1.371742545,8
Anion_1207,CC1=[N+]=C(c2ccc(Cl)cc2)[S+]=C1C(=O)[O-],-4.696132649,0.496798296,1.263010852,-0.686845072,0.455910342,0
Anion_1208,COC1=C[S+]=CC1=C([O-])[O-],1.144460224,-2.617622779,-1.041896601,-0.097995022,-0.699250068,17
Anion_1209,O=C([O-])c1ccc(-c2ccc(F)cc2)o1,-3.269170232,0.748463995,-0.041362979,-2.386487758,-0.657878301,0
Anion_1210,O=C([O-])c1ccc(C(F)(F)F)o1,-0.419741332,-2.653821845,0.196781052,-1.201980098,0.068693426,17
Anion_1211,COC(=O)C(C)(C)C(=O)[O-],4.334943023,-1.483049292,1.135751197,0.354216452,0.699547851,11
Anion_1212,O=C([O-])C1C2CCC1CC2,5.624362331,-0.292234404,-2.494327344,-0.913390239,0.700597994,11
Anion_1213,Cc1ccc(C(C)(C)CC(=O)[O-])cc1,0.367433678,1.672198979,-3.108515997,1.048143789,0.783211788,6
Anion_1214,COc1ccccc1SCC(=O)[O-],1.143352316,-0.446220845,-1.246047293,0.510242117,0.240686108,9
Anion_1215,O=C([O-])CCCS(=O)(=O)c1ccccc1,2.56668871,1.287504287,6.329633101,0.461530774,-0.868826337,12
Anion_1216,CC(C)(CC(=O)c1ccccc1)C(=O)[O-],1.021342419,-0.994373926,1.559217463,4.359053993,-0.557299054,13
Anion_1217,CCCCC1CCC(C(=O)[O-])CC1,2.38532684,4.390424539,-2.145690082,-1.633085951,3.167230252,1
Anion_1218,COc1ccc(C2(C(=O)[O-])CCCC2)cc1,2.915952457,0.389927524,1.845882209,2.425307485,2.920667815,7
Anion_1219,O=C([O-])CC[S+]=c1[c-]cc(Br)cc1,1.332558655,0.514821467,-1.312385293,2.653743027,-0.532835808,9
Anion_1220,O=C([O-])C[S+]=c1cccc2cccc[c-]12,-1.317264732,0.308299028,-0.64039867,2.110425981,0.289265602,13
Anion_1221,O=C([O-])COc1ccc(F)cc1F,1.275685044,0.034040702,-0.895037488,0.589871027,-0.996047696,9
Anion_1222,O=C([O-])Cc1[c-]c(=[SH+])ccc1,1.210467368,0.391675765,-0.06788242,-0.675380424,-1.501538367,5
Anion_1223,Cc1ccc(CCC(=O)[O-])cc1C,2.296008972,1.469891314,-1.678438809,1.569413386,-0.646141545,9
Anion_1224,COc1ccccc1C=C(C(=O)[O-])c1ccccc1,-1.311375252,-1.293587483,1.965129802,-0.160692618,2.319804449,21
Anion_1225,COC1=CC=CC(=C([O-])CCC(=O)[O-])[CH+]1,0.161840922,-0.66211667,-0.841219926,3.620570256,-2.257777187,13
Anion_1226,O=C([O-])C(=O)Cc1ccc(F)cc1,-1.462370925,-3.870160896,-0.920969977,0.434116171,0.093418322,8
Anion_1227,CC1=CC=CC(=C([O-])CCC(=O)[O-])[CH+]1,-0.590948653,0.878055091,-0.556714019,3.264304829,-1.733804656,13
Anion_1228,O=C([O-])C(=O)CC1CCCCC1,-0.533310543,-3.120367991,-1.267196382,-0.028743144,1.109089695,17
Anion_1229,O=C([O-])C1=Cc2cc(Cl)ccc2OC1,-2.432008892,-0.631354241,0.055235941,-0.764203849,0.474980489,10
Anion_1230,O=Cc1c[n+](CC(=O)[O-])c2cccc[c-]12,-0.764506101,-0.148981455,1.803458247,-0.431660919,-0.854833757,3
Anion_1231,CC(C)(C)OC(=O)N1CCC=C(C(=O)[O-])C1,-0.108588767,1.010746281,-0.309624935,-3.049962815,0.473517202,5
Anion_1232,CN(CCCC(=O)[O-])C(=O)OCc1ccccc1,0.685591784,1.248182268,-1.204445306,0.27033648,0.062696106,9
Anion_1233,CN(C(=O)OC(C)(C)C)C(C)(C)C(=O)[O-],5.053335725,0.234299275,0.45880302,0.471930695,2.144167752,11
Anion_1234,O=C([O-])Cc1ccc(Br)cn1,-0.16264732,1.799058418,0.699183903,-0.636448672,-2.144253867,5
Anion_1235,O=C([O-])c1cc2c([nH]1)=[S+2]=C(Cl)C=2,-1.468892306,-1.634034489,-2.144675239,-0.154669435,0.42002581,2
Anion_1236,O=C([O-])CCCN1C(=O)c2cccc3cccc(c23)C1=O,-1.076945574,0.988410142,0.550428601,3.895694646,-3.781747462,13
Anion_1237,O=C([O-])c1cc2cnccc2[nH]1,-1.879321675,-3.019951482,-1.336664081,-0.642407604,-0.299525116,8
Anion_1238,CC(C)(C)OC(=O)N1CCN(CC(=O)[O-])CC1,1.494728783,4.999997454,3.224205584,-4.382639231,-0.347548055,18
Anion_1239,Cc1oc2ccccc2c1C(=O)[O-],0.069382033,-0.985650576,-0.562358843,-1.131568798,-0.478396467,2
Anion_1240,CC1=CNC(C)=C1C(=O)[O-],4.213546055,-0.400284125,-1.615260386,-0.568611271,0.88619646,20
Anion_1241,O=C([O-])Cc1ccc[nH]1,3.303242122,-0.418385791,-1.013371874,-2.30270848,-1.598941918,20
Anion_1242,Cc1cnc(C(=O)[O-])s1,-1.501410059,-3.81814037,-1.216861808,-0.716015162,-0.601723307,8
Anion_1243,O=C([O-])c1[c-][n+]2ccccc2c1,-0.867353485,-1.034216214,-2.132913897,0.803309614,0.37745185,2
Anion_1244,Cc1cccc2c1=[NH+]C(=C([O-])[O-])C=2,-1.501766959,-1.740922293,-0.898300424,-0.854976313,0.474228799,2
Anion_1245,CC[n+]1c(C(=O)[O-])cc2cccc[c-]21,-0.334213157,-2.174834995,-0.343806604,0.469470353,1.448786348,2
Anion_1246,O=C([O-])C1=[N+]=[N+]=[N+](c2ccccc2)[N-]1,-4.525748827,-1.130035989,0.156447623,-0.920176126,-0.409469378,0
Anion_1247,N#Cc1[c-]c2cc(C(=O)[O-])[nH+]c-2cc1,-3.240801396,-2.780430323,-1.67777804,0.46393008,0.974398897,15
Anion_1248,CC1=[N+]=[N+](c2ccccc2)C=C1C(=O)[O-],-1.743634902,1.025339897,-0.143267283,-0.7354781,0.393091894,10
Anion_1249,O=C([O-])CN1Cc2ccccc2C1=O,0.012099324,1.828417268,2.193739502,-1.683050976,-2.080825006,18
Anion_1250,O=C([O-])Cc1c[s+]c(-c2ccccc2)[n-]1,-2.520517569,2.707142278,0.049783288,1.373895667,-0.152534648,6
Anion_1251,C[n+]1c([O-])cc(C(=O)[O-])c2ccccc21,-1.899998753,-2.68653583,0.527627216,0.135275251,0.924102027,8
Anion_1252,O=C([O-])C[n+]1cnc2ccccc2c1[O-],-0.699344454,1.283172796,3.366194166,-1.547974458,-1.676438133,18
Anion_1253,CN1CCC(CC(=O)[O-])CC1,4.009073893,3.289490515,-1.079343604,-3.790536842,-0.945567118,1
Anion_1254,Cc1[nH+]c2ccc(F)cc2[c-]1CC(=O)[O-],2.645915598,1.746626446,4.299607542,0.252248394,0.616068198,14
Anion_1255,O=C([O-])c1cc(Cl)c(Cl)[nH]1,-0.109018048,-2.80948137,-2.263326004,-1.233345252,0.380504971,17
Anion_1256,CCC1=CC(=C([O-])[O-])[N+](C)=N1,0.428251925,-1.776803988,-1.134561983,-1.858499853,0.721474484,2
Anion_1257,O=C([O-])c1cc(Br)no1,-2.249358398,-4.509198271,-0.628700041,-1.480935615,-0.317501897,8
Anion_1258,Cc1ccc(C2=[N+]=C(C(=O)[O-])C=[S+]2)cc1,-4.345736676,1.272491703,0.368797076,-1.967516008,-1.343458815,0
Anion_1259,Cc1noc(=C2C=CC(Br)=C[CH-]2)c1=C([O-])[O-],-0.892268085,-1.057719345,3.994361348,-1.135170525,0.196257715,3
Anion_1260,O=C([O-])c1cc2occc2[nH]1,0.092835648,-1.751414311,-2.066052401,-0.786594678,-0.541771918,2
Anion_1261,COc1ccc(CC(=O)[O-])cc1Cl,0.537958323,2.1094478,-0.046982252,-0.716486451,-1.484620172,5
Anion_1262,O=C([O-])c1cc2c(Br)cccc2s1,-3.061409138,-2.259525474,-1.179144763,-0.290670219,0.787759697,15
Anion_1263,O=C([O-])c1cc2c(Cl)cccc2s1,-2.914183367,-2.436345498,-1.239738094,-0.177637268,0.752286358,15
Anion_1264,O=C([O-])CCCCCCCCCCN1C(=O)C=CC1=O,-2.461169713,0.545942164,0.037290597,6.073777534,-2.590514815,13
Anion_1265,C[S+]=CC=C([O-])[O-],1.524268404,-2.117457633,-2.607119481,-0.596237,-0.813658993,17
Anion_1266,CCCCSCCC(=O)[O-],4.393005371,0.228135463,-2.049899698,0.086864115,-0.353069467,20
Anion_1267,CCN(CC)C(=O)C(=O)[O-],1.684796417,-2.662197919,-0.312039394,-2.320309728,0.013912469,17
Anion_1268,C[N+](C)=C([S-])SCC(=O)[O-],-1.150080362,0.05664312,-0.104039096,-1.118216501,-0.659825853,3
Anion_1269,N#CC(=C([O-])[O-])[C+]1CCCCC1,0.148023005,-3.766953849,1.607231604,0.410653443,1.417384528,21
Anion_1270,CC(C)Cc1ccc(CCC(=O)[O-])cc1,0.368219437,3.729787613,-0.996901815,1.174134558,0.302867003,6
Anion_1271,Cc1cc(C)c(OCC(=O)[O-])c(C)c1,1.226615832,0.532732007,-1.630048611,0.880763554,0.410533021,9
Anion_1272,C=C(CC(=O)OCc1ccc(OC)cc1)C(=O)[O-],-0.479541195,-0.690568018,-1.794396527,-0.612944857,-0.664512357,2
Anion_1273,CCC(CC)(C(=O)[O-])c1ccccc1,3.841366673,-0.533608539,2.728781533,1.72950954,2.480707486,7
Anion_1274,Cc1cc(C)c(C=CC(=O)[O-])c(C)c1,-0.700463479,0.455101759,0.202350161,0.70450749,1.18163127,10
Anion_1275,COc1cccc(C(C)(C)C(=O)[O-])c1,3.049379939,-0.783038395,0.505172716,1.50011771,1.114848046,7
Anion_1276,COc1ccc2cc(CCC(=O)[O-])ccc2c1,-0.851979588,2.878282892,-1.21350599,3.963500433,0.31549799,6
Anion_1277,O=C([O-])CCCCC(=O)C1CCCCC1,1.782256714,0.712759251,-1.906885312,2.938286059,-0.803979283,9
Anion_1278,COc1ccc(C(=O)CCC(=O)[O-])c(C)c1,-0.037969777,0.8036466,-0.65183612,2.971753852,-1.481329519,13
Anion_1279,COC(=O)c1cccc(CC(=O)[O-])c1,-0.125707425,0.688809131,2.410156788,0.03060274,-1.781840777,4
Anion_1280,O=C([O-])CCC(=O)C1CCCCC1,2.092700148,0.272785613,-1.106709818,1.404299444,-1.538256314,9
Anion_1281,CCC1CCC(C(=O)[O-])CC1,4.304449334,2.233347502,-2.301581835,-1.136210036,2.268521379,1
Anion_1282,O=C([O-])COCCc1ccccc1,2.428990689,1.932561026,5.407397537,-2.184183922,-0.67832961,18
Anion_1283,O=C([O-])CCc1ccc(S)cc1,1.869699141,1.265195553,-1.279245458,2.100688262,-0.710359821,9
Anion_1284,COc1ccc(-c2ccc(CC(=O)[O-])cc2)cc1,-2.722466159,5.425227465,0.934295939,-1.574942784,-0.090073765,16
Anion_1285,CC(C)(C)OC(=O)[n+]1cc(CC(=O)[O-])c2cccc[c-]21,-0.560600626,1.850601886,-0.042104969,-0.1078655,-0.908856097,5
Anion_1286,O=C([O-])CCc1cc(Cl)cc(Cl)c1,1.216302417,0.59786468,-1.359122077,2.149382396,-0.895801008,9
Anion_1287,CCCC1CCC(C(=O)[O-])CC1,3.322885367,3.249240805,-2.47249024,-1.130771009,2.937091967,1
Anion_1288,CC(C)(C)OC(=O)N1CCC(OCC(=O)[O-])CC1,-0.452236022,5.338832193,-0.257350657,-3.270373466,0.155715855,16
Anion_1289,CC1(C)CC(C(=O)[O-])CC(C)(C)N1O,4.112755246,0.920532871,-1.863971799,-0.584106582,2.492440087,1
Anion_1290,O=C([O-])C1(c2ccc(Br)cc2)CCC1,2.261181183,-0.41760749,0.584200472,2.364717154,2.076436826,7
Anion_1291,O=C([O-])C1=[N+]=C(c2ccccc2)O[C-]1C(F)(F)F,-2.755687523,-0.8127805,3.906683171,0.007292658,2.173832069,21
Anion_1292,O=C([O-])Cc1ccc(Cl)cc1F,0.398118768,0.715117846,0.39720899,-1.108373074,-1.21658313,5
Anion_1293,CC1=[N+]=C(C(=O)[O-])C(=C2C=CC=C(F)[CH-]2)S1,-2.016959196,-1.766516456,1.008115289,-0.517731398,0.301475863,3
Anion_1294,CCC1=[N+]=c2ccc(Cl)c[n+]2=C1C(=O)[O-],-0.990891905,-1.732858196,1.798136163,-0.869369581,-0.031052162,3
Anion_1295,CC1=C[NH+]=[N+]=C1C(=O)[O-],2.742015702,-1.557716711,-1.403842845,-0.950265404,0.029906221,20
Anion_1296,O=C([O-])C(=Cc1ccco1)c1ccccc1,-2.020119543,-1.940729903,-0.020874466,-0.313605089,1.463025811,15
Anion_1297,O=C([O-])C1=[N+]=c2cc(Cl)ccc2=[NH+]1,-3.435920749,-3.429676738,-1.616579889,-0.195659197,0.921914094,15
Anion_1298,O=C([O-])c1[c-]c(Cl)[s+]c1,-0.39965466,-2.288326744,-1.246489133,-0.921463571,-1.01653159,2
Anion_1299,O=C([O-])CCc1ccc[nH]1,3.556878558,-0.08577949,0.608208439,-2.368432465,-1.632062228,20
Anion_1300,O=C([O-])C[n+]1ccc([O-])cc1,0.606971603,-0.448079321,0.485410533,-1.350783428,-2.283803063,5
Anion_1301,CC1=[S+2]=C(C(=O)[O-])C=C1Br,-1.486761745,-2.655800646,-1.635240719,-0.544047241,0.368088893,8
Anion_1302,CC1=[NH+]C(=C([O-])[O-])C(C)=C1C,1.923078945,-0.881093006,-2.246217843,-0.894640329,0.313365734,20
Anion_1303,O=C([O-])CCC(=O)N1CCCCC1,3.569229266,0.112850428,-2.335502128,0.793974999,-0.056926385,20
Anion_1304,C[N+]1=[N+]=c2ccccc2=C1C(=O)[O-],-1.32416681,-2.520847498,0.080182637,-0.896975762,-0.465387329,8
Anion_1305,O=C([O-])C1=C[N+]#[N+][N+]1=c1[c-]cccc1,-1.270517597,-3.18322449,0.775555452,-1.698800742,-1.181588833,8
Anion_1306,O=C([O-])CCC1=[N+]=c2ccccc2=[S+]1,0.453123478,0.687989738,-1.353329318,3.202977819,-0.471184589,13
Anion_1307,O=C([O-])Cc1c[nH+]c2cc(F)cc[c-]12,0.92024901,1.512717806,0.051011979,-0.848491489,-1.786620236,5
Anion_1308,CC1=C(C(=O)[O-])C(=C2C=CC=C[CH+]2)N=[N+]1c1ccccc1,-0.256612826,0.035384849,3.569594914,1.075381385,4.060770147,7
Anion_1309,O=C([O-])Cc1[c-]c2cc[nH+]c-2cc1,0.714843695,1.952057042,-0.493969335,0.348526782,-0.438317109,5
Anion_1310,O=C([O-])C1=[S+2]=CC=C1c1ccccc1,-0.818708672,-2.117943058,0.403531887,-1.022328357,-0.504209862,3
Anion_1311,O=C([O-])CCN1CCCC1,5.285562317,1.416920015,-2.223645634,-1.101562713,-0.019888042,1
Anion_1312,COC(OC)C(=O)[O-],7.421527808,-1.501752378,1.83154111,-1.141042795,1.535982111,11
Anion_1313,CC(=O)C(C)(C)CCC(=O)[O-],2.350531652,-0.516884447,-1.53934647,1.273635355,-0.816439031,9
Anion_1314,C=CCCCCCCCCCCCCCCC(=O)[O-],-5.15633978,11.92036296,-1.416179289,0.899206191,4.78791218,19
Anion_1315,N#CCSCC(=O)[O-],2.011013401,-1.07395247,-0.176413157,-1.373668829,-1.944385447,20
Anion_1316,CCc1ccccc1CC(=O)[O-],1.658454182,-0.063427056,-1.364158275,-0.104766609,0.352171387,20
Anion_1317,CC(C)(CCC(=O)[O-])c1ccccc1,0.883468412,3.210446799,-0.159000988,-0.753837659,-1.408006552,5
Anion_1318,O=C([O-])Cc1cc(Cl)ccc1Cl,0.452117739,-0.204352493,0.051908257,-0.824699969,-1.116381003,5
Anion_1319,CC(=O)c1ccc(OCCCC(=O)[O-])cc1,0.309362529,1.932640421,3.958513282,0.525541394,-2.011729456,18
Anion_1320,O=C([O-])C[S+]=c1cc(Cl)cc[c-]1Cl,0.280195747,-0.123755193,0.801003757,-0.59648966,-1.227151621,5
Anion_1321,O=C([O-])C(=Cc1ccccc1Cl)c1ccccc1,-1.760364269,-1.447384533,1.274433515,-0.053054581,2.03809615,21
Anion_1322,O=C([O-])C(=O)C1CCCC1,1.717176518,-3.990814297,-0.766725898,-0.883502876,0.996485485,17
Anion_1323,N#Cc1ccccc1CC(=O)[O-],0.9460125,-0.056254098,1.201802519,0.915320634,-2.089466882,5
Anion_1324,Cc1ccc(C(=S)SCC(=O)[O-])cc1,-4.97096658,1.792988975,2.443825809,-1.02679406,-1.674432587,0
Anion_1325,Cc1ccccc1OCCC(=O)[O-],0.103605146,3.22938174,-0.28215373,-1.08352243,-0.385832787,16
Anion_1326,Cc1ccc(C)c(OCC(=O)[O-])c1,1.267953571,0.367327621,-0.728866548,-0.291363257,-1.123587113,5
Anion_1327,O=C([O-])C1CCC(c2ccccc2)CC1,0.344912524,2.508963297,-1.388911307,1.636718796,2.442274579,6
Anion_1328,O=C([O-])CCOc1cccc(Cl)c1,0.344058917,2.254222822,0.953203147,-0.553143153,-1.301530799,5
Anion_1329,CC(C)(Oc1ccc(Br)cc1)C(=O)[O-],1.28835368,-0.419586112,0.539250783,2.273532337,1.957646333,7
Anion_1330,CCC(=CC(=O)[O-])c1ccccc1,-0.674094174,-1.223579045,-1.628651899,0.358535093,1.200860753,2
Anion_1331,COc1ccc(C(=O)CCCCC(=O)[O-])cc1,0.721131058,0.280450789,-1.270791477,3.417472759,-1.63159456,13
Anion_1332,O=C([O-])CCC(=O)CCC(=O)c1ccccc1,0.10630597,-1.173522535,-0.839204228,3.685813797,-2.335185938,13
Anion_1333,COc1ccccc1CCCC(=O)[O-],1.168409551,1.590272106,-1.958755878,1.164217472,0.88952494,9
Anion_1334,COc1ccc(C)cc1C(=O)CCC(=O)[O-],-0.090323456,0.983658048,0.191573988,1.408092959,-2.417101059,4
Anion_1335,O=C([O-])CC1CCC(=O)CC1,1.727216119,1.854451019,0.056362208,-0.544852777,-2.614768211,5
Anion_1336,C[S+]=C1C=CC(=CC=C([O-])[O-])C=C1,-2.976403138,0.558636056,-2.414427707,1.185558691,1.493769131,10
Anion_1337,O=C([O-])C1=CC2=CC=[N+]=C[C-]2O1,-2.491061994,-3.913879742,-1.234731212,-0.004147908,0.402253508,8
Anion_1338,O=C([O-])CCC(F)(F)C(F)(F)C(F)(F)C(F)(F)F,1.178431212,4.004391973,0.68108874,-2.49311877,-0.153106715,16
Anion_1339,C=CCN(CC(=O)[O-])C(=O)OC(C)(C)C,3.647230341,0.723291511,1.621518032,1.084018132,0.149155998,7
Anion_1340,C[N+]1=[N+]=NC2=C(C(=O)[O-])N=CN2C1=O,-4.165100793,-1.584155671,0.448241489,-0.052876122,-1.655388188,15
Anion_1341,O=C([O-])Cc1cc(Br)cc(Br)c1,0.006006499,0.618784483,0.068056259,0.010559418,-0.69532373,5
Anion_1342,O=C([O-])C1=C[N+](Cc2c(F)cccc2F)=[N+]=N1,-2.899366719,0.196251276,-1.012398383,-0.688450887,-0.044021633,10
Anion_1343,O=C([O-])CCc1ccc(F)cc1F,1.942747051,0.470152844,-1.607726888,1.944859141,-1.150894846,9
Anion_1344,CC(C)Oc1cccc(CC(=O)[O-])c1,1.128528622,1.172403898,0.013770417,-1.416802302,-1.317714163,5
Anion_1345,O=C([O-])Cc1cc(F)c(F)c(F)c1,1.009188505,0.223956648,-0.264121854,-0.364388469,-1.291496032,5
Anion_1346,O=C([O-])C1(c2ccc3c(c2)OCO3)CC1,1.840830483,-0.198686212,0.511507897,1.483695379,2.27633741,7
Anion_1347,O=C([O-])C1=[N+]=[NH+]c2cc(Br)ccc21,-2.604772226,-0.003067312,-0.195367224,-2.050469013,-1.360072193,0
Anion_1348,O=C([O-])C[N+]1=CC=[N+]=N1,1.647835668,-1.817520376,0.083329524,-1.840540496,-2.557788432,17
Anion_1349,CC1=[N+]=[NH+]C(C)=C1C(=O)[O-],3.004614455,-1.530776042,-2.107729705,-1.141819818,-0.262944585,20
Anion_1350,O=C([O-])Cc1c[s+]c[n-]1,1.656053948,0.108834014,-0.067591118,0.438383249,-2.693314397,5
Anion_1351,O=C([O-])Cc1ccc(Cl)s1,0.393371634,0.761665415,0.243531616,-0.531588212,-1.917198767,5
Anion_1352,Cc1c[nH+]c(C(=O)[O-])[c-]1C,2.340933742,-1.365405127,-1.933757761,-0.785462235,0.011908157,20
Anion_1353,Cc1ccc(CC(=O)[O-])cn1,0.46230465,0.712056941,0.129070419,-0.33648762,-1.538450098,5
Anion_1354,O=C([O-])C[S+]=c1cccc[n-]1,0.69037735,-1.281522185,-1.198287558,1.707693875,-0.56954203,9
Anion_1355,O=C([O-])C1=[S+2]=C(Br)C=C1Br,-1.233149654,-3.742574647,1.594507099,-0.443027436,0.904739488,21
Anion_1356,O=C([O-])C[S+]=c1nccc[n-]1,-2.019154981,-0.451367735,-0.391305785,0.587959984,0.118861901,10
Anion_1357,CC1=CC=c2oc(=C([O-])[O-])cc2[CH+]1,-2.371880866,-2.123872429,-1.969635068,-0.012722168,1.499313714,15
Anion_1358,O=C([O-])c1coc(=O)c2ccccc12,-1.830199443,-2.472847755,-0.093990354,0.052367491,-0.598063943,8
Anion_1359,O=C([O-])CCc1c[s+]c2cccc[c-]12,0.146870364,1.557657689,-1.539333447,2.159200024,0.04196417,6
Anion_1360,O=C([O-])Cc1c[nH+]c2c(Cl)ccc[c-]12,0.481698064,1.897791369,0.391147944,-0.762169227,-1.786439278,5
Anion_1361,O=C([O-])C1=[N+]=CC=[N+]1Cc1ccccc1,-0.335633091,-2.368321276,-1.109959496,0.603297767,0.324755201,2
Anion_1362,O=C([O-])c1cc(=O)c2cc(Cl)ccc2o1,-4.980221037,-2.865081705,-0.432223654,-0.523337508,0.558804351,15
Anion_1363,C[n+]1c(C(=O)[O-])cc2cc(Cl)cc[c-]21,-1.889463543,-1.583068456,-0.977991089,-0.407418035,1.178943547,15
Anion_1364,O=C([O-])CCC[N+]1=CC=[N+]=C1,2.325881502,2.290244497,-0.34145665,-1.99570103,-1.754789404,5
Anion_1365,O=C([O-])C1=[N+]=[NH+]c2ccc(F)cc21,-1.338328586,-1.201937757,-0.767309992,-1.138142671,-1.441310993,2
Anion_1366,O=C([O-])C1=[N+]=[NH+]c2ccc(Cl)cc21,-1.413319481,-1.084075061,0.382899867,-1.228321431,-1.102152609,3
Anion_1367,O=C([O-])C1=CC=[S+3]#[N+]1,-0.182858179,-3.797417836,-1.422064364,-0.068563781,-1.138745025,17
Anion_1368,O=C([O-])CCC(=O)N1CCOCC1,3.468605126,-0.25245443,-2.420591709,0.906124077,-0.527738061,20
Anion_1369,O=C([O-])CCC1OCCO1,4.86642588,2.158509849,-2.057856674,-2.200026648,-0.402443143,1
Anion_1370,COc1cccc2c1OCC(=C([O-])[O-])[CH+]2,-2.298573798,-0.676969332,-1.070562296,-0.16126954,2.019048072,15
Anion_1371,CC(C)=C(C#N)C(=O)[O-],1.040857258,-4.758776911,1.837651657,-0.072393833,0.627449415,21
Anion_1372,CCOCCOCC(=O)[O-],3.584007764,2.327556387,-1.723468273,-3.623672176,-0.036362926,1
Anion_1373,CCS(=O)(=O)CC(=O)[O-],3.704287565,-1.316839396,2.006114903,-2.916221893,-0.159767878,11
Anion_1374,CCCCCCCCCCCCSCCC(=O)[O-],-1.328853667,7.261953152,-1.47804655,-1.463650895,2.539646516,19
Anion_1375,CC(C)(Oc1ccccc1Cl)C(=O)[O-],2.526204424,-0.341815219,1.477035717,1.358800754,0.807867151,7
Anion_1376,O=C([O-])CSCc1ccc(Cl)cc1,0.219680944,0.390219154,-0.771350673,0.218172948,-0.158104684,2
Anion_1377,O=C([O-])Cc1ccc(-c2ccccc2)c(F)c1,-1.96460216,3.277242061,0.596109689,-0.792221504,-0.863039692,16
Anion_1378,COC1=CC=CC(=C[O-])[C+]1OCC(=O)[O-],-0.90670726,-0.90506515,-0.329713109,1.514939304,-0.566639401,2
Anion_1379,O=Cc1cccc(CC(=O)[O-])c1,-0.913817035,-0.142523049,0.966616462,0.683058981,-2.868739041,4
Anion_1380,O=C([O-])C1=C(c2ccccc2)CCCC1,2.348424376,-2.336482991,1.067689212,1.312170278,1.652024322,7
Anion_1381,CCCC(C(=O)[O-])(c1ccccc1)c1ccccc1,2.676456891,-1.25845298,3.068707822,0.903176612,3.062245282,7
Anion_1382,CC(C)(OCc1ccccc1)C(=O)[O-],1.79906841,1.193099299,2.553460949,-1.443008127,-0.187910887,14
Anion_1383,COc1cccc(CC(=O)C(=O)[O-])c1,-1.407716841,-4.204199728,-1.080943984,0.008493357,-0.463785159,8
Anion_1384,Cc1cc(C)c(C(=O)CCC(=O)[O-])c(C)c1,-0.781230448,3.353697721,1.117204962,-0.755899108,-2.407789046,16
Anion_1385,O=C([O-])Cc1ccccc1Oc1ccc(Cl)cc1,2.601613681,0.979485923,4.219643946,1.667694617,0.974284702,14
Anion_1386,O=C([O-])CCCCCCC(=O)c1ccccc1,-0.107116338,0.352396979,-0.371256444,3.342431043,-2.526587922,13
Anion_1387,O=C([O-])CCCC(=O)c1ccc2ccccc2c1,-0.884741729,1.336804975,1.460950246,2.070634847,-2.767236789,4
Anion_1388,COC(=O)C12CCC(C(=O)[O-])(CC1)C2,2.288514212,1.225625458,0.34888292,0.542761543,1.021546857,7
Anion_1389,O=Cc1cc(Br)ccc1OCC(=O)[O-],-1.571427164,-0.155879464,0.483541179,1.714531131,-1.779460453,4
Anion_1390,O=C([O-])COc1ccc(F)cc1Cl,0.84694493,-0.169969024,-0.914674115,0.770282188,-0.805959723,9
Anion_1391,CN(CC(=O)[O-])S(=O)(=O)c1ccccc1,2.221739541,-0.008614116,4.898054998,0.248761376,-0.473361985,14
Anion_1392,C[N+]1=NC(C(F)(F)F)=C(C(=O)[O-])[C-]1Cl,2.355280861,-3.000778791,2.432637121,0.066425914,2.722885832,7
Anion_1393,O=C([O-])COCCOCc1ccccc1,1.338910669,0.893645784,0.202017078,-0.48909314,-1.441118072,5
Anion_1394,CC(=O)SCCCCCC(=O)[O-],2.514655563,-0.657348734,-1.545010629,2.342714117,-1.896056827,9
Anion_1395,CC1=CC=[N+]2C(=NC(C)=C2C(=O)[O-])[CH-]1,-1.07261539,-0.461988033,-0.01394707,-1.402736674,-0.933440908,3
Anion_1396,C#CCN(CC(=O)[O-])C(=O)OC(C)(C)C,3.789161051,0.588481597,0.834649001,0.344559307,0.602740347,7
Anion_1397,O=C([O-])C1(C(F)(F)F)CCCC1,6.409191152,-2.28794318,0.938018315,-0.652369823,2.753698908,11
Anion_1398,COc1cc(OCCCC(=O)[O-])ccc1C=O,-0.014385608,1.216313737,3.371910309,0.291996536,-3.040328552,18
Anion_1399,CN(C)Cc1ccccc1CC(=O)[O-],1.610797119,-0.127120657,-1.613172215,0.21666985,0.837221175,9
Anion_1400,CC1=CC(=C([O-])[O-])[CH+]O1,1.743472013,-1.120474712,-2.229780289,-1.226429528,-0.838702967,20
Anion_1401,O=C([O-])C1SCCS1,3.017095941,-2.818597248,-1.504670244,-0.705963533,0.025023012,17
Anion_1402,Cc1[c-]c(C(=O)[O-])[nH+]c1,1.852033704,-1.560606316,-2.802735133,-1.100045261,-0.396151748,20
Anion_1403,CC1=CC=[NH+]C1=C([O-])[O-],2.677977531,-2.044136578,-1.733993131,-0.956161033,-0.432784866,20
Anion_1404,Cc1cc(CC(=O)[O-])c(C)s1,1.470162841,0.692463576,-0.392086822,-0.503557175,-0.920982422,5
Anion_1405,Cc1ccc(CCC(=O)[O-])o1,2.838552649,1.091194354,-2.236178451,1.430896005,-0.10129764,9
Anion_1406,O=C([O-])COc1cccnc1,0.284247085,-0.245454876,-0.090617226,-0.352884309,-2.525849699,5
Anion_1407,O=C([O-])CCC(=O)c1ccco1,0.882157313,-0.737179602,-0.729536897,3.474533629,-2.621819878,13
Anion_1408,O=C([O-])C1=CC=C[N+]1=c1[c-]cccc1,1.140038368,-1.091481374,0.56221201,-0.794435053,-0.227181389,3
Anion_1409,CC1=[N+]=C(Cl)[S+]=C1C(=O)[O-],-1.164417176,-3.566008339,0.296896084,-0.373717625,-0.341024354,8
Anion_1410,O=C([O-])Cc1cccc2c1=CC=[S+2]=2,0.920815187,0.142246489,-0.794912764,1.223266282,-1.389617851,9
Anion_1411,O=C([O-])C1=[N+]=C[N+](=c2[c-]cccc2)[N-]1,-2.900129616,0.420315532,-0.711295964,-1.259727567,-0.100773518,10
Anion_1412,CC1=C(C(=O)[O-])[CH+]C(=C2C=CC=C[CH-]2)O1,-1.812643499,1.021456952,-0.082281574,-0.490489088,0.622175433,10
Anion_1413,O=C([O-])c1c[nH+]c2cc(Cl)cc[c-]12,-0.673203178,0.937554097,-0.930823913,-1.758264973,-1.353582639,5
Anion_1414,Cc1c(C(=O)[O-])[n+](C)c2cccc[c-]12,-0.062099087,-1.532216947,-0.752133015,0.373801881,1.202896907,2
Anion_1415,O=C([O-])c1c[s+]c(Cc2ccccc2)[n-]1,-2.246312727,0.243892262,-0.387163219,-0.795502412,-0.228664643,10
Anion_1416,CN1C=C(C(=O)[O-])C(=O)N(C)C1=O,0.224904151,-2.55021963,0.548237397,0.503566843,1.089520034,21
Anion_1417,CC[n+]1cc(CC(=O)[O-])c2cccc[c-]21,0.664176062,1.903783152,-0.748136409,0.164363975,-0.554948443,5
Anion_1418,CN1C(=O)C(=C([O-])[O-])N=C2C=CC=C[C+]21,-1.670789955,-4.475000175,2.34815294,1.491853179,2.884673957,21
Anion_1419,Cn1c2nc[n+](C)c-2c([O-])[n+](CC(=O)[O-])c1[O-],1.789888866,1.574345574,4.741984315,-0.228385011,-0.30608893,14
Anion_1420,O=C([O-])c1c[nH+]c2ccc(F)c[c-]12,0.161822205,0.116924444,-1.403508165,-1.059616674,-1.361639971,5
Anion_1421,CC1=[N+]=CC=[N+]1CC(=O)[O-],3.880274204,-0.764976324,1.229342005,-1.602672683,-0.897665998,20
Anion_1422,CC1=[N+]=[N+](C)C(Cl)=C1C(=O)[O-],2.654240498,-2.000492755,0.260593309,-0.35587759,1.535008865,7
Anion_1423,COc1ccc([N+]2=[N+]=[N+]=C(C(=O)[O-])[C-]2C)cc1,-3.452876408,2.283813712,0.749491859,-0.874443198,1.420107275,10
Anion_1424,O=C([O-])C1=[S+2]=C(Cl)N=C1C(F)(F)F,-1.402368662,-4.857227143,4.914791414,0.489342355,1.772304744,21
Anion_1425,O=C([O-])C1=CC(=C2C=CC(Cl)=C[CH+]2)O[N-]1,-5.062338132,0.353762687,0.127828534,-1.497652204,0.042219909,0
Anion_1426,O=C([O-])CC1=CC=c2oc(=C3C=CC=C[CH+]3)nc2[CH-]1,-4.137077263,4.001234081,0.051687857,2.005399667,0.56051546,6
Anion_1427,CCCOc1ccc(CC(=O)[O-])cc1,-0.400792752,4.260483354,-0.384137225,-0.711525241,-0.259810335,16
Anion_1428,CC(C)Oc1ccc(CC(=O)[O-])cc1,0.094638756,3.625314593,-0.261790684,-0.890550283,-0.686844235,16
Anion_1429,COc1[c-]c2cc(C(=O)[O-])[s+]c-2cc1,-3.55959104,-0.544931118,-0.901481728,-1.35803601,0.843704086,15
Anion_1430,O=C([O-])Cc1c[s+]c2ccc(Cl)c[c-]12,1.509628918,0.5794187,3.505500848,-0.273287664,-1.271648388,14
Anion_1431,N#Cc1ccc(C(=O)[O-])s1,-2.994756382,-4.074279358,-0.174821486,-0.491256468,-1.332170323,8
Anion_1432,O=C([O-])c1ccc(-c2cccc(F)c2)o1,-3.265983685,0.162757585,-0.310075768,-1.512971984,-0.444778098,0
Anion_1433,O=C([O-])c1cc2ccc(Cl)cc2s1,-3.198733588,-2.232074484,-1.449577163,-0.016552958,1.100443465,15
Anion_1434,CC1=CC(=C([O-])[O-])[S+]=C1Br,-1.638434927,-2.808144179,-1.683999353,-0.504012582,0.38396149,8
Anion_1435,CCCCCC(CCCCC)C(=O)[O-],7.109100564,1.400552259,0.821245417,1.862773473,3.636056156,11
Anion_1436,COCCCCC(=O)[O-],5.871805226,1.126479876,-2.916737759,-0.808036577,0.297394657,1
Anion_1437,CSCC(C)(C)C(=O)[O-],4.100023701,0.753977227,1.170034625,-2.189136571,0.220584352,11
Anion_1438,CCCCCCCC(C)(C)C(=O)[O-],3.750034051,3.479606597,-0.915932798,0.455434973,3.90816328,1
Anion_1439,CC(C)(C)C(=O)CCC(=O)[O-],2.314571126,-0.621230521,-1.207880935,1.734033356,-1.686758957,9
Anion_1440,CCCCC(=O)CCCCC(=O)[O-],1.567246679,1.544888655,-0.517652289,0.230488696,-2.155685787,5
Anion_1441,COC(=O)C(C)(C)CCC(=O)[O-],2.260098288,0.809140752,-1.745657773,0.639743237,-0.015498121,9
Anion_1442,Cc1cccc(OCCC(=O)[O-])c1,0.171151921,3.664515613,0.425070954,-1.683920209,-1.440334388,16
Anion_1443,O=C([O-])CCc1cccc(OCc2ccccc2)c1,1.9138654,0.425838978,-1.281153465,1.522056484,-1.122839733,9
Anion_1444,CC1(C(=O)[O-])CCCCCC1,6.412386803,0.223581566,-0.13069337,-0.289015737,1.849718905,11
Anion_1445,COC(=O)CCC(C)(C)C(=O)[O-],3.200481217,0.896630965,0.599927572,1.489617717,1.138845558,7
Anion_1446,COc1ccc2ccccc2c1CCC(=O)[O-],0.417958974,0.416416948,-0.850979526,2.691782134,-1.1100692,13
Anion_1447,COC1=CC(=C([O-])CCC(=O)[O-])C=C(OC)[C+]1OC,-0.661097447,0.354008739,-1.364337304,4.452188041,-1.043112989,13
Anion_1448,O=C([O-])C=C1CCC1,2.362489742,-0.697754232,-1.074027556,-1.398322861,-1.898763437,20
Anion_1449,CC(C)(CC(=O)[O-])CC(=O)c1ccccc1,1.244850927,1.413885329,6.317473051,1.097716708,-1.487235409,12
Anion_1450,CC(C)COc1ccc(CC(=O)[O-])cc1,-0.735090982,4.625035454,-0.27874163,-1.082223694,-0.279232803,16
Anion_1451,COc1ccc(CCCCCC(=O)[O-])cc1,1.490856539,2.166710951,-0.715548351,0.648546617,-1.26018778,5
Anion_1452,COc1ccc(C(=O)CCCC(=O)[O-])cc1OC,-0.482012781,1.768617759,1.869027416,0.860722054,-2.400776097,4
Anion_1453,COc1ccc(CCC(=O)[O-])c(OC)c1OC,1.109323915,1.914888741,-1.72769479,1.556197186,1.065980223,6
Anion_1454,Cc1ccccc1C(=O)CCC(=O)[O-],-0.136686639,0.565205698,-0.265854642,2.304609188,-2.400620898,13
Anion_1455,O=C([O-])CCc1cccc(I)c1,0.317171921,1.335658489,-1.294630957,2.435143009,-0.351346328,9
Anion_1456,O=C([O-])CC[S+]=c1cccc[c-]1Cl,1.627037811,-0.096160739,-1.298830004,2.248238091,-0.765740387,9
Anion_1457,Cc1cc(C)c(C)c(OCC(=O)[O-])c1,0.714670226,1.22208124,-0.46771114,-0.835616795,-1.071341458,5
Anion_1458,O=C([O-])COc1ccc(F)c(F)c1,0.331680701,0.326912033,-0.235313389,-0.669488223,-1.810820336,5
Anion_1459,O=C([O-])C1=[N+]=[NH+]C=C1Br,2.818990847,-3.902921515,-0.372766147,-0.436814186,0.816613215,17
Anion_1460,C=CCCC(C)(C)C(=O)[O-],3.926014319,0.475010471,0.583390919,0.962180019,0.629471629,7
Anion_1461,C[N+]1=[N+]=CC(I)=C1C(=O)[O-],0.959120927,-4.98357438,3.143978442,0.191754746,0.938400413,21
Anion_1462,O=C([O-])c1ccc(-c2ccccc2C(F)(F)F)o1,-2.806270063,0.158924641,1.347300476,-0.780707878,0.776625449,0
Anion_1463,O=C([O-])C1=C[N+](=c2[c-]cccc2)N=C1C(F)(F)F,-1.475661451,0.318484229,3.205034396,-0.179401988,2.21041563,21
Anion_1464,CCC1=CC(=C([O-])[O-])[N-]O1,-0.970370154,-1.670396363,-0.857371439,-2.301352062,-0.763140297,2
Anion_1465,CC[N+]1=[N+]=CC=C1C(=O)[O-],1.524004164,-3.398937258,-0.960910911,-1.379522872,-0.47436861,17
Anion_1466,O=C([O-])CC1CCC2(CC1)OCCO2,2.920786065,4.190310201,-1.742216658,-2.361934249,0.143955629,1
Anion_1467,O=C([O-])c1ccc(-c2ccccc2F)o1,-3.101935495,0.11524089,-0.196538742,-1.82257764,-0.642076764,0
Anion_1468,CS(=O)(=O)N1CCC(C(=O)[O-])CC1,3.694479709,-0.361846516,-1.862797646,0.594738207,0.948648572,20
Anion_1469,O=C([O-])c1cc(=O)c2cc(F)ccc2o1,-4.569893775,-3.140421358,-0.373413674,-0.747639966,0.257833722,15
Anion_1470,O=C([O-])c1[c-]c2ncc[n+]-2cc1,-1.098890675,-1.273910468,-1.511724422,-0.016989869,-0.330748592,2
Anion_1471,Cc1cc2[n+]([n-]1)=CC(C(=O)[O-])=CN=2,-2.725589917,-1.304314769,-0.564944072,-0.267944844,-1.009697146,15
Anion_1472,O=C([O-])Cc1ccc(Cl)c(F)c1,0.463537413,0.640675224,-0.215767284,-0.515433365,-1.315073946,5
Anion_1473,O=C([O-])Cc1ccc(Br)c(F)c1,0.248455843,1.027309179,0.15007154,-0.641882363,-1.068089866,5
Anion_1474,CC(C)(C)OC(=O)C1CCC(C(=O)[O-])CC1,0.031166928,3.789558762,-1.074002618,0.536786706,2.433558018,6
Anion_1475,O=C([O-])C1=[N+]=[NH+]C2=C1CCC2,1.799746632,-0.33990359,-0.903318397,-1.781982992,-0.068161416,20
Anion_1476,O=C([O-])C1=[N+]=[N+](c2ccccc2)C(=O)c2ccccc21,-2.303301508,-2.332028112,2.80569438,0.081267869,2.18569825,21
Anion_1477,COCc1ccc(C(=O)[O-])o1,0.553037369,-1.788160521,-0.64392729,-1.451449041,-0.31511501,17
Anion_1478,O=C([O-])Cc1cccnc1Cl,0.364462842,-1.105394389,0.04953831,0.203921888,-1.269505909,3
Anion_1479,O=C([O-])C(=O)Cc1cccs1,-1.074068948,-4.29749456,-0.619577252,0.263275163,-0.151704132,8
Anion_1480,O=C([O-])c1cc2c([nH]1)CCCC2,0.957318213,-0.120077571,-2.576856059,-0.897236926,0.786218779,2
Anion_1481,CC1=[N+]=[N+]=[N+]=[N+]1CC(=O)[O-],1.66546781,-2.335065775,1.543304404,-0.714069202,-2.069091058,3
Anion_1482,CC(=O)c1c(C)[nH+]c(C(=O)[O-])[c-]1C,-0.531793816,-1.623002527,-0.934824964,-0.05951887,0.158267457,2
Anion_1483,Cc1ccc2c(c1)C(C(=O)[O-])=CN2,0.52673263,0.640564081,-0.696788384,-1.311241686,-1.08891391,5
Anion_1484,Cc1cccc2c(C(=O)[O-])c[nH+][c-]12,0.296430157,0.584894192,-1.953904374,-0.577701521,-0.682241664,2
Anion_1485,O=C([O-])c1cnc2cccc[n+]2c1[O-],-1.682128858,-2.54070903,1.435943578,1.250272138,0.572459142,21
Anion_1486,O=C([O-])C1=CN=C2[S+]=CC=[N+]2C1=O,-1.23688181,-2.651271059,1.310721713,0.880181292,0.702592615,21
Anion_1487,O=C([O-])C1CC[N+](=c2[c-]cccc2)CC1,1.420623312,1.399603672,-1.254438825,2.15352203,1.32589193,9
Anion_1488,O=C([O-])C[n+]1c([O-])[s+]c2cccc[c-]21,1.399696595,-0.370748445,1.651305745,-0.175423462,-0.885135466,5
Anion_1489,O=C([O-])COc1ccc2c(c1)OCO2,0.158440636,1.513106165,-0.32145382,-1.24399758,-1.458400631,5
Anion_1490,O=C([O-])CC1c2ccccc2Oc2ccccc21,1.802988502,1.092863274,1.445635107,1.130108939,-0.250685334,7
Anion_1491,O=C([O-])c1cc2c(OCc3ccccc3)cccc2[nH]1,-4.995527881,1.97949106,-0.407131317,-3.503897719,1.26213372,0
Anion_1492,CN1C=C(C(=O)C(=O)[O-])c2ccccc21,-2.097983754,-1.592323198,-0.240922609,-0.396583653,0.020948781,15
Anion_1493,CC1=CC(CC(=O)[O-])=C(C)[N+]1=c1[c-]cc(Cl)cc1,-1.589186675,3.898603202,-1.256645163,1.961594178,0.942156752,6
Anion_1494,O=C([O-])C1=CC2=[N+]=CC=CC2=[NH+]1,-2.217287695,-2.870926268,-1.1151995,-0.110633544,-0.389527384,8
Anion_1495,Cc1onc(-c2ccc(F)cc2)c1C(=O)[O-],0.356890315,-1.814742085,2.031499059,-1.143127858,-0.04292937,3
Anion_1496,Cc1onc(-c2c(F)cccc2Cl)c1C(=O)[O-],1.273683787,-2.117230761,4.085498181,-0.419839134,0.982816146,14
Anion_1497,O=C([O-])c1cc(OCc2ccccc2)no1,-5.130404875,-0.016365358,-1.142401523,-1.841275151,2.876710985,10
Anion_1498,CC1=[N+]=C(c2cccnc2)[S+]=C1C(=O)[O-],-3.950399079,-0.820108677,0.891093096,0.184591847,0.357621621,15
Anion_1499,Cc1ccc(C2=CC(=C([O-])[O-])[N-]O2)cc1,-4.591328427,0.555622128,-0.193047369,-1.613434717,0.346047378,0
Anion_1500,O=C([O-])c1cc(=O)c2cc(Br)ccc2o1,-5.302668761,-2.508300806,-0.458943667,-0.508616201,0.786351172,15
Anion_1501,O=C([O-])CCCF,6.386005462,0.348581559,-2.194226073,-2.614267922,-0.967047232,1
Anion_1502,CCCC(C)(C)CC(=O)[O-],4.219756689,1.53229813,-3.858580068,-1.554279293,0.234459517,1
Anion_1503,CCOC(C)(C)C(=O)[O-],6.246862913,-0.364656658,-0.006859995,-1.865305802,1.472278031,11
Anion_1504,CCCC(CCC)CC(=O)[O-],4.332355483,1.798740102,-2.618275851,-1.045123707,1.182719861,1
Anion_1505,CC(=O)C(C)(C)C(=O)[O-],4.035856015,-2.388089093,1.199968376,0.799674326,-0.422096871,7
Anion_1506,CC(C)(C(=O)[O-])S(C)(=O)=O,4.216658923,-3.217032742,1.487094218,-0.930733673,0.946280283,11
Anion_1507,COc1cccc(OCCCC(=O)[O-])c1,2.307746097,1.654739484,2.355702783,-0.996695451,-1.32586632,14
Anion_1508,COc1cc(CC(=O)[O-])c(C(C)=O)cc1OC,-0.616410719,0.881066412,2.078084725,0.351469824,-0.054075166,3
Anion_1509,O=C([O-])C1(c2ccccc2)CCCCCC1,4.068143379,-0.693164396,2.357546536,2.035783743,2.30236663,7
Anion_1510,CCC1(C(=O)[O-])CCCCC1,7.344930154,-0.375918312,0.764822974,-0.620867708,1.973467016,11
Anion_1511,O=C([O-])CS(=O)(=O)c1ccc(Br)cc1,-0.465860568,-1.526331567,0.774406851,1.491575475,-0.457659675,3
Anion_1512,CC(C)(C(=O)[O-])C1CCCCC1,6.130072352,0.370770786,-1.18566993,0.079133015,2.200614592,11
Anion_1513,CCCCOC(=O)C=CC(=O)[O-],-3.43848539,-0.341011149,-0.501209791,-0.731452316,-1.028414299,0
Anion_1514,C[S+]=c1cccc[c-]1CC(=O)[O-],1.429479033,-0.516072846,-0.369479092,-0.262526633,-0.770510137,20
Anion_1515,Cc1ccc(CCCCC(=O)[O-])cc1,0.431158701,2.681253321,-1.911728894,1.761348889,1.554071846,6
Anion_1516,O=C([O-])CCCc1ccc(Cl)c(Cl)c1,0.088196206,2.262429646,-0.810420881,0.792536821,-0.691813242,5
Anion_1517,O=C([O-])CCC1CCC1,5.530857289,1.74874099,-2.453818565,-1.536157684,-0.038830114,1
Anion_1518,Cc1ccc(Cl)c(OCC(=O)[O-])c1,1.391732334,-0.171386348,-0.936310029,0.29744232,-0.818731426,9
Anion_1519,Cc1cc(OCC(=O)[O-])cc(C)c1Cl,0.2062634,1.18473683,-0.424614102,-0.796237604,-1.152988826,5
Anion_1520,O=C([O-])CCc1ccc2c(c1)CCCC2,1.724653107,2.038291569,-1.643788948,1.982440091,-0.148658084,9
Anion_1521,Cc1cccc(Cl)c1OCC(=O)[O-],1.379899155,-0.49822544,-1.281293566,1.070648298,-0.128200124,9
Anion_1522,O=C([O-])CCOc1ccc(Br)cc1,0.468255759,2.000082873,0.830274984,-0.334291046,-1.186966031,5
Anion_1523,CCCCCCCCCc1ccc(OCC(=O)[O-])cc1,-3.737030372,6.314991945,-1.277836031,0.877168401,2.674807766,19
Anion_1524,CCOc1cccc(CC(=O)[O-])c1,1.13700099,1.237444278,-0.109400113,-1.435651405,-1.35078245,5
Anion_1525,COC(=O)c1ccc(OCC(=O)[O-])cc1,-1.648481018,1.36246655,-0.369586682,1.356679576,-0.9469044,4
Anion_1526,COc1ccc2ccccc2c1CC(=O)[O-],1.693211481,0.209217316,3.611117037,2.459314566,0.348092144,14
Anion_1527,COc1cc(Cl)ccc1CC(=O)[O-],0.572384196,0.311688961,-0.352505623,-0.774754665,-0.51258949,5
Anion_1528,CCc1ccc(C=CC(=O)[O-])cc1,-2.30376707,1.07939728,-0.903314811,0.602330953,0.872936969,10
Anion_1529,COC(=Cc1ccccc1)C(=O)[O-],-1.470683897,-0.800301444,-0.614409619,-0.754342049,-0.004812294,2
Anion_1530,CC(=O)OC1(C(=O)[O-])CC1,2.902220253,-1.427213394,0.792451329,-1.33979767,-0.321796294,20
Anion_1531,O=C([O-])C1(C(=O)c2ccccc2)CC1,-0.235018308,-1.322654923,2.005984369,0.562405299,-0.861474168,3
Anion_1532,O=C([O-])COCc1ccc(Br)cc1,-0.141224304,2.279016801,1.119881276,-3.0247869,-2.745592619,5
Anion_1533,O=C([O-])CCOc1ccc(F)cc1,1.208278343,1.352206768,0.788420283,-0.372492953,-1.628848942,5
Anion_1534,C#CCCCCCCCCCCCCCC(=O)[O-],2.435482738,5.025220424,5.134502521,-2.706534255,0.990046958,18
Anion_1535,N#Cc1[c-]c(C(=O)[O-])[nH+]c1,-0.427999749,-2.726289076,-1.663509228,-0.998552067,-0.765836554,17
Anion_1536,CC(=O)N1CCC(CC(=O)[O-])CC1,2.638105142,2.714825801,-1.22599538,-0.84626352,-0.694656699,1
Anion_1537,CC(=O)N1CCC(CCC(=O)[O-])CC1,2.482216816,1.867999027,-2.702440604,1.249973796,1.108932475,9
Anion_1538,O=C([O-])C1=[N+]=COC1=C1C=CC=C[CH-]1,-1.246879927,-1.463346702,0.15049057,-1.367393073,-1.082156885,3
Anion_1539,C[S+]=c1ccc(CC(=O)[O-])c[c-]1Cl,-0.324983215,1.841076486,0.000124806,-0.888043559,-0.75656118,5
Anion_1540,O=C([O-])C(F)(F)c1ccc(F)cc1,0.411467973,-2.491387222,-0.757564674,0.622847586,0.729676301,17
Anion_1541,CC(=O)Oc1cc(C)cc(C)c1C(C)(C)CC(=O)[O-],0.101537289,1.513166414,-1.516941735,0.710414538,1.376999836,6
Anion_1542,COc1cc(OCCCC(=O)[O-])cc(OC)c1C=O,-1.121678377,2.912286652,3.107481854,-1.074765592,-2.900334427,18
Anion_1543,O=C([O-])CCc1ccccc1C(F)(F)F,1.337770278,0.435696506,-1.28172934,1.664205778,-0.918350841,9
Anion_1544,CCC1(C(=O)[O-])CCC1,7.297525963,-0.576045931,0.057960273,-0.469763799,1.381645968,11
Anion_1545,O=C([O-])c1ccc(C2=CC=[N+]=C[CH-]2)s1,-3.954680587,-1.045504027,-0.36553174,-0.122102962,-0.478796051,15
Anion_1546,O=C([O-])Cc1cc(F)ccc1Br,0.915406317,-0.236347405,-0.127335837,-0.436370305,-0.77456544,5
Anion_1547,CC(=O)C1=CC(=C([O-])[O-])[NH+]=N1,-2.341404045,-3.62412738,-1.186047921,0.221383724,-0.619091735,8
Anion_1548,CC(C)C1=CC(=C([O-])[O-])[N-]O1,-0.943162246,-1.575495532,-0.415838345,-1.625457781,0.11495384,2
Anion_1549,CN1C=C(C(=O)[O-])C(C(F)(F)F)=C1,3.257062419,-0.466324956,1.698942491,-0.625481361,2.130584795,7
Anion_1550,C[N+]1=NC(C(F)F)=C(C(=O)[O-])[C-]1Cl,1.842242195,-2.636366847,1.937616141,-0.42696945,1.873706618,21
Anion_1551,O=C([O-])c1cnc2ccc(Br)cn12,-1.576353836,-1.376130335,1.033096093,-1.10937181,-1.439968785,3
Anion_1552,O=C([O-])C=Cc1ccc(Cl)s1,-2.849491036,-1.095510905,-1.620099264,1.239936479,-0.003858247,15
Anion_1553,O=C([O-])C=Cc1ccco1,0.033541241,-1.62698545,0.386369587,-1.955968233,-2.215985866,3
Anion_1554,O=C([O-])C1=COCC1,3.95629644,-1.719698172,-2.126369588,-0.602999983,-0.837708542,20
Anion_1555,CC1=C[S+]=CC1=C([O-])[O-],1.428299874,-2.216747117,-1.268497998,-0.193634876,-0.753054432,17
Anion_1556,CCc1ccc(C(=O)[O-])o1,0.213662042,-0.641680956,-1.788413838,-1.728095344,-0.344914629,2
Anion_1557,C[N+]1=NC=C(C(=O)[O-])[N-]1,0.798529213,-2.393876192,-1.819695104,-0.994730322,-0.931107495,17
Anion_1558,CC1=[S+3]#[N+]N=C1C(=O)[O-],-1.361643404,-4.521696744,0.165925695,0.629684196,-1.945785273,8
Anion_1559,CC(=O)c1ccc(C(=O)[O-])o1,-2.070358679,-3.098565223,0.960102802,-0.843924044,-1.0855999,8
Anion_1560,O=C([O-])CCCc1ccccn1,1.176151164,0.956081209,-1.053985076,1.599099602,-1.218588699,9
Anion_1561,Cc1cccc2c1=CC(=C([O-])[O-])[NH+]=2,-1.722177259,-2.341437979,-2.188063235,-0.220849436,1.062278238,15
Anion_1562,O=C([O-])Cc1cccc2[nH+]cc[c-]12,1.951602328,1.026879456,-0.981691732,0.67806356,-1.175270577,9
Anion_1563,Cc1c(C(=O)[O-])c2ccccc2n1C,0.858008039,0.280187388,-1.407039473,-0.241796534,0.270983695,2
Anion_1564,O=C([O-])Cc1c[nH+]c2nccc[c-]12,0.72290316,0.330926224,-0.254846122,0.400117776,-2.006847971,5
Anion_1565,O=C([O-])c1ccc(-c2ccc(Cl)cc2)s1,-4.572344747,0.975327344,-0.177672464,-1.347985379,-0.10524739,0
Anion_1566,CC(=O)OCc1ccc(C(=O)[O-])o1,-1.175226319,-0.555016589,-1.543688282,-1.366448421,0.205726579,2
Anion_1567,CC1c2ccccc2OC(=O)C1C(=O)[O-],1.065042405,-1.632856554,0.924125526,0.829165523,1.452207895,7
Anion_1568,O=C([O-])C[S+]=c1nc2cccc[c-]2o1,-0.372949382,0.557330877,-0.156808216,0.804347962,-0.471000636,5
Anion_1569,CC1=[N+]=C(C(=O)[O-])C(=C2C=CC=C[CH-]2)O1,-1.397994722,-1.487155578,-0.244038083,-0.821421855,0.089144382,2
Anion_1570,CCOC(=O)c1ccc(C(=O)[O-])o1,-2.563180183,-1.684994053,1.972679303,-1.982168774,-0.616076511,3
Anion_1571,Cc1[nH+]c2ccc(Cl)cc2[c-]1CC(=O)[O-],2.55080681,1.620314912,4.272912918,0.378246631,0.657288537,14
Anion_1572,O=C([O-])C[n+]1c([O-])[nH+]c2ccccc2c1[O-],0.342738665,1.719339328,4.594085017,-0.781737382,-1.585961193,18
Anion_1573,O=C([O-])C1=[N+]=C(c2ccccc2)OC1=C1C=CC=C[CH-]1,-3.522803154,-0.873005752,0.771828517,-0.395393386,2.155107061,15
Anion_1574,C[n+]1[c-]c(C(=O)[O-])cc1,2.715258044,-0.047556946,-2.851768154,-1.332740785,-0.495803851,20
Anion_1575,COc1ccc2c(c1)NC=C2C(=O)[O-],-0.44841598,2.221619032,0.064874071,-2.356776342,-0.844732579,5
Anion_1576,CC(=O)c1[c-]c2cc(C(=O)[O-])[nH+]c-2cc1,-3.89440719,-1.911467928,-1.507953106,0.613364472,1.082701699,15
Anion_1577,CCCC1=NC=C(C(=O)[O-])S1,-1.832748618,-0.97857561,-0.38814091,-0.716458567,-0.014422498,2
Anion_1578,C[N+]1=NC=C(C(=O)[O-])[C-]1Cl,1.725046758,-1.593681666,-1.34442918,-0.788789759,-0.3049306,17
Anion_1579,O=C([O-])C1=C[N+]2=[N+]=C(Cl)C=CC2=N1,-4.144819244,-1.588153153,-0.585615058,0.844065693,-0.478412161,15
Anion_1580,COc1ccc(N2C=C(C(=O)[O-])[N+]#[N+]2)cc1,-4.668012736,2.153307351,-0.358660025,-1.57672597,0.127607856,0
Anion_1581,O=C([O-])C1=CC(=C2C=CC(F)=C[CH+]2)O[N-]1,-4.325826363,-0.132211674,-0.251983333,-1.263415095,0.149747461,0
Anion_1582,C=C(CN1CCOCC1)C(=O)[O-],0.491923055,0.063549489,-0.782411465,-1.812264492,0.074380796,2
Anion_1583,CC1=CC(Br)=[S+2]=C1C(=O)[O-],-0.377348293,-2.337914442,1.49647597,-0.501039868,0.718962908,21
Anion_1584,O=C([O-])c1cc2cc(Cl)ccc2s1,-3.401111132,-1.838994172,-1.053165946,-0.639753657,0.76420478,15
Anion_1585,O=C([O-])CCCCN1C(=O)C=CC1=O,-2.263286647,0.939848953,2.371020566,3.53801731,-5.289336314,4
Anion_1586,O=C([O-])C=Cc1coc2ccccc2c1=O,-4.114019065,1.054366293,-0.238415043,1.14768731,0.424464267,10
Anion_1587,CC(C)COCC(=O)[O-],4.253819774,1.366923143,-1.657374287,-3.225091627,-0.660539316,1
Anion_1588,CC(C)CCC(=O)C(=O)[O-],0.06876023,-3.859109761,-0.94560672,-0.291030737,0.391144598,17
Anion_1589,CCC(F)(F)C(=O)[O-],5.204575685,-2.812100984,-1.07330232,-1.638439262,0.62708476,11
Anion_1590,CCCCOCCOCC(=O)[O-],1.583426124,4.648911163,-0.866337595,-4.638576184,0.342180024,16
Anion_1591,CCCC(=O)CCCCCC(=O)[O-],2.874967872,-0.387515041,-1.73078283,1.883219943,-1.614635174,9
Anion_1592,CCOC(=O)CC(C)(C)C(=O)[O-],2.593416367,0.784441706,0.436062168,0.616389229,1.351046002,7
Anion_1593,CCOC(=O)CCC(=O)CCC(=O)[O-],2.148983271,-0.402153361,-1.622552785,1.658505942,-0.259814995,9
Anion_1594,CC(C)(C)CC(=O)C(=O)[O-],0.191157023,-3.864441735,-0.710301472,-0.625988643,0.14104501,17
Anion_1595,CC(C)(Oc1cccc(Cl)c1)C(=O)[O-],1.277302927,-0.522045314,1.047878327,1.258699026,1.2244974,7
Anion_1596,C=C(C)CCCCC(=O)[O-],2.538482873,2.622079949,-0.947431703,-0.557417981,-1.038986007,5
Anion_1597,CC(=O)c1cccc(OCC(=O)[O-])c1,-0.974259772,-0.40594372,0.09067362,1.388504097,-2.663958008,4
Anion_1598,CCCCc1ccc(CC(=O)[O-])cc1,-0.990697479,4.69064553,0.314245277,-1.783367089,-0.084161063,16
Anion_1599,O=C([O-])CCCc1cccc(Cl)c1,0.90258097,1.871574991,-1.391104406,1.373596558,-0.3634712,9
Anion_1600,Cc1ccc(S(=O)(=O)OCC(=O)[O-])cc1,-0.367579674,-0.853934184,-0.78595199,0.780443712,-1.076299961,2
Anion_1601,Cc1cc(Cl)cc(Cl)c1OCC(=O)[O-],0.436812583,-0.01013515,-1.419752356,1.674772517,0.272210704,9
Anion_1602,O=C([O-])COc1ccc2c(c1)CCC2,0.602436172,0.954426649,-0.977437026,0.334343271,-0.728445645,5
Anion_1603,O=C([O-])CCCc1ccccc1Br,1.047026065,1.215129831,-1.543422571,1.316400952,0.045176609,9
Anion_1604,O=C([O-])CCC1CCC(=O)CC1,1.766169913,1.639021261,-0.957616738,1.730178835,-1.30345251,9
Anion_1605,CCCC1CCC(C2CCC(C(=O)[O-])CC2)CC1,0.037032755,6.677329703,-2.39097913,-1.462893382,5.284510664,19
Anion_1606,Cc1ccc(C(=O)CCCCC(=O)[O-])cc1,0.468488822,0.363735859,-1.171434463,3.58903696,-1.558626991,13
Anion_1607,COc1ccccc1C(=Cc1ccccc1)C(=O)[O-],-1.114821482,-1.370994475,2.308452229,-0.114896536,2.602799291,21
Anion_1608,CC1(C(=O)[O-])CCC(=O)CC1,3.935030274,-1.471573673,0.987354833,1.891321092,0.516814852,7
Anion_1609,COC1=CC=CC(=CC(=C([O-])[O-])c2ccccc2)[CH+]1,-2.358660443,-1.371999118,-0.621586392,0.608145804,2.377253025,15
Anion_1610,CC(C)(C)c1ccc(C(=O)C=CC(=O)[O-])cc1,-6.218338366,2.28561695,1.952384347,-2.23998304,-1.482190788,0
Anion_1611,CC1=C(C(=O)[O-])[N+]#[N+][N+]1=c1[c-]cc(Br)cc1,-4.065311365,1.689949112,0.90295104,-0.821976722,0.376602953,0
Anion_1612,O=C([O-])C=Cc1cccc(Cl)c1Cl,-2.728355047,-0.203306268,-0.174686867,-0.221280583,-0.161266222,10
Anion_1613,Cc1ccc(Br)cc1CC(=O)[O-],0.899311784,0.732038951,-0.369429439,-1.151307987,-0.965416202,5
Anion_1614,O=C([O-])C(=O)Cc1cccc(Cl)c1,-2.039834747,-3.872422786,-1.131064849,0.530294711,0.322505811,8
Anion_1615,O=Cc1ccc(OCCCC(=O)[O-])cc1,-0.842908324,1.661226924,1.636512627,-0.390661711,-3.912936751,4
Anion_1616,CC(C)(Oc1ccc(Cl)cc1Cl)C(=O)[O-],1.448599888,0.176952316,1.408855291,1.817067049,1.100583114,7
Anion_1617,O=C([O-])CCCc1cccc(F)c1,1.36823111,1.547226407,-1.356166587,1.116457143,-0.587361292,9
Anion_1618,CN(C)C1(C(=O)[O-])CC1,6.553318737,-1.017938159,0.620424409,-1.875055218,1.261989202,11
Anion_1619,COc1cccc(C2(C(=O)[O-])CC2)c1,2.037825383,-0.367615967,1.663492034,0.050331268,0.907980609,7
Anion_1620,CC(C)C1=CC(C(=O)[O-])=NN1,1.01587716,0.397563234,-0.958137972,-1.657937203,0.500402248,2
Anion_1621,O=C([O-])C1CCC(CN2C(=O)C=CC2=O)CC1,-4.777877605,2.606764353,2.469265657,4.269053656,-2.560385219,4
Anion_1622,O=C([O-])CCOc1ccccc1F,1.664679566,1.220713304,1.116880988,-0.508797402,-1.412548682,5
Anion_1623,O=C([O-])CCCOc1cccc(Br)c1,-0.290595313,3.404730106,1.447818481,-3.005271196,-3.048849788,16
Anion_1624,CC(C)(C)OC(=O)N1CCC2=[S+2]=C(C(=O)[O-])C=C2C1,-2.85870994,1.123751502,-0.823439649,-1.113878713,1.675927602,10
Anion_1625,N#[N+][N-]CCCCCCCCC(=O)[O-],2.301264161,-0.851643364,-1.34386381,2.215076345,-2.21100232,9
Anion_1626,O=C([O-])Cc1ccc(N2C(=O)C=CC2=O)cc1,-5.642625574,2.242114644,2.691776341,3.170439406,-3.742786083,4
Anion_1627,N#Cc1ccc(C(=O)[O-])o1,-2.308394329,-3.697965325,-0.193284957,-1.338528256,-1.162475681,8
Anion_1628,CC(=CC(=O)[O-])c1ccc(C(F)(F)F)cc1,-2.3917476,-0.567755803,-1.642679911,1.068934806,2.036420306,15
Anion_1629,O=C([O-])C1=C[N+](=c2[c-]cccc2)N=C1c1ccc(Cl)cc1,-2.466292911,-0.221204453,0.776010705,-0.308939677,2.764314766,10
Anion_1630,O=C([O-])c1cc2cc(OC(F)(F)F)ccc2[nH]1,-3.349035097,-1.203751023,-2.205169598,0.330646684,2.092206795,15
Anion_1631,O=C([O-])C1CN(Cc2ccccc2)C1,0.007528764,3.053008466,-0.735910306,-0.189907955,-0.056713878,16
Anion_1632,O=C([O-])c1cc2c(F)cccc2s1,-2.423462845,-2.494503941,-1.537436273,-0.009453768,0.838801195,15
Anion_1633,O=C([O-])Cc1c[nH+]c2cc(Br)cc[c-]12,0.008053662,2.204575163,0.325821871,-1.394600237,-1.971967903,5
Anion_1634,O=C([O-])C1(c2ccc(I)cc2)CC1,0.773708862,-0.557601532,0.904156345,2.639885526,2.398299453,7
Anion_1635,O=C([O-])C1=CC(C(F)(F)F)=[N+]=[NH+]1,-0.450748171,-3.543722127,-1.041901493,-1.057037397,-0.019360065,17
Anion_1636,O=C([O-])Cc1c(F)ccc(F)c1F,2.591799676,0.450634075,2.985960959,-0.387419672,-0.686915946,14
Anion_1637,C[n+]1c(C(=O)[O-])cc2cc(F)cc[c-]21,-1.20226984,-2.013558076,-1.058235022,0.045144622,1.282274514,2
Anion_1638,O=C([O-])c1c[n+]2cc(Cl)ccc2[n-]1,-2.932392135,-0.821607145,-1.302403399,0.241185107,0.036906708,15
Anion_1639,CC(C)(Cc1ccc(F)cc1)C(=O)[O-],3.009177422,-0.183883912,0.62655327,2.966175696,0.828605386,7
Anion_1640,O=C([O-])c1cc2cccc(Br)c2s1,-3.190550506,-2.343393177,-1.287710807,-0.292296616,1.05969753,15
Anion_1641,O=C([O-])Cc1cc(Br)ccc1F,0.636681638,0.26726588,0.13354535,-1.040068088,-1.320749124,5
Anion_1642,O=C([O-])CC1CCC(F)(F)CC1,4.310123445,2.815275848,-1.583156611,-3.085794311,-0.530782068,1
Anion_1643,O=C([O-])c1c[s+]c(-c2c(F)cccc2F)[n-]1,-3.617212853,0.25696873,0.737515249,-0.942237324,-1.086226957,0
Anion_1644,COc1ccc(CN2C=C(C(=O)[O-])C=N2)cc1,-1.812588405,2.525616194,-1.306747246,0.174476876,1.085520966,6
Anion_1645,Cc1[c-]c2nc(C(=O)[O-])[nH+]c-2cc1,-2.858399136,-3.027739865,-1.950377935,-0.167959342,1.116865789,15
Anion_1646,CC1=CNC=C1C(=O)[O-],3.905156794,-0.551115635,-1.217673553,-0.818006583,0.081542059,20
Anion_1647,CC1=C[N+](C)=[N+]=C1C(=O)[O-],2.133658673,-1.121060533,-1.546633324,-1.053177675,0.693290681,20
Anion_1648,O=C([O-])c1cc(Cl)co1,-0.074126631,-2.853786248,-1.642283474,-1.444835261,-0.334242556,17
Anion_1649,Cc1cc(C)c(C(=O)[O-])s1,1.043862092,-1.809719607,0.857862661,-0.058901411,0.732236272,17
Anion_1650,C[n+]1c([O-])cccc1C(=O)[O-],0.12965182,-4.265252979,0.263405947,-0.348225873,0.298768199,17
Anion_1651,O=C([O-])CCC(=O)N1CCCC1,3.945718953,0.744493842,-2.2312434,0.610135998,-0.509798162,20
Anion_1652,O=C([O-])c1[nH+]c2ccccc2[c-]1Cl,-2.13252629,-2.745804315,-1.52386518,-0.531626961,0.056981493,8
Anion_1653,CC1=N[N+](C)=C(C(=O)[O-])[C-]1Br,2.186591235,-4.160014086,1.751771741,-0.344342956,2.425351408,21
Anion_1654,CCc1[c-]c2cc(C(=O)[O-])[nH+]c-2cc1,-2.425809649,-1.338241705,-2.312013376,0.095035055,1.542349875,15
Anion_1655,Cc1ccc2c(CC(=O)[O-])coc2c1,0.448540618,1.542077911,0.730103128,-1.686575543,-2.192287882,5
Anion_1656,O=C([O-])C1=[N+]=C(c2ccccc2)C=[S+]1,-4.301893059,-1.486670771,0.030094531,-2.103978882,-0.311822771,0
Anion_1657,O=C([O-])c1cc2cccc(Br)c2[nH]1,-2.423999304,-2.086494507,-1.297095595,-0.835023982,0.221931332,15
Anion_1658,O=C([O-])C1=NOC(=C2C=CC=C[CH+]2)[N-]1,-4.599879132,-1.199700777,0.048843499,-0.926424105,-0.234256492,0
Anion_1659,O=C([O-])C1=CC(=C2C=CC=[S+]2)O[N-]1,-4.172515248,-1.076042738,-0.141685513,-0.703190724,-0.309117286,15
Anion_1660,CC1=[N+]=C(C(=O)[O-])N=[N+]1c1ccccc1,-2.53734555,0.532969958,-0.011425069,-1.306653751,0.966113316,10
Anion_1661,CC1=NC(c2ccccc2)=C(C(=O)[O-])S1,-1.620850466,-2.474355608,1.042418032,-0.368248095,0.80642686,21
Anion_1662,O=C([O-])c1ccc([O-])[n+](Cc2ccccc2)c1,-2.264528522,-0.364790542,-1.182649501,-1.096226393,-0.226136237,2
Anion_1663,Cc1c(C(=O)[O-])[n+]#[n+]n1Cc1ccccc1,-2.041900115,0.99931323,0.211263223,-1.325611242,0.387535236,10
Anion_1664,O=C([O-])CCCC[N+]1=CC=[N+]=C1,2.845012047,0.977536369,-1.062711206,-0.853419132,-1.828580818,20
Anion_1665,C[n+]1cc(I)c(C(=O)[O-])[n-]1,0.675334212,-3.881740051,0.470890087,0.78612117,0.713376557,17
Anion_1666,O=C([O-])c1cc2c([nH]1)=[S+2]=CC=2,-0.368182961,-1.90434061,-2.143697197,-0.769779136,-0.064700392,2
Anion_1667,O=C([O-])C[N+]1=CC(=C2C=CC=C[CH-]2)[N+]#[N+]1,-1.680584028,1.460942657,1.747913591,-3.802568564,-2.612890118,18
Anion_1668,CC1=[N+]=C[NH+]=C1C(=O)[O-],2.20033028,-2.86754882,-1.617613762,-1.282223087,-0.738215827,17
Anion_1669,O=C([O-])c1c[s+]c(-c2ccc(Cl)cc2)[n-]1,-4.821426181,1.103373559,0.685991812,-1.892886698,-1.557424476,0
Anion_1670,O=C([O-])Cc1ccc(N2CCOCC2)cc1,-0.325680081,3.873932905,-0.394650779,-0.95737092,-0.055620656,16
Anion_1671,O=C([O-])C1=CC(=C2C=CC(Br)=C[CH+]2)O[N-]1,-5.464679331,0.779124214,0.168827218,-1.570030157,0.241437673,0
Anion_1672,N#CC(=Cc1ccccc1)C(=O)[O-],-1.275033496,-5.618979779,2.18364259,1.42375855,1.251718261,21
Anion_1673,O=C([O-])C1=[S+2]=c2cc(Cl)ccc2=C1Cl,-2.762892097,-3.125901618,1.579252978,0.163162878,2.350880797,21
Anion_1674,O=C([O-])CCCC1=CC=[S+2]=C1,1.682974906,0.969373812,-1.007930211,0.861244054,-1.217180606,9
Anion_1675,CCCCCCOCC(=O)[O-],1.622562657,4.666047275,-0.828822019,-4.569023808,0.127324031,16
Anion_1676,CCCC(=O)CCCCC(=O)[O-],2.253842905,0.533817506,-0.936701602,0.802160835,-2.323929841,9
Anion_1677,CCCCCCCCSCCC(=O)[O-],1.601273781,3.61475192,-1.783120286,-0.655317494,1.031100255,1
Anion_1678,O=C([O-])CCC(F)(F)C(F)(F)C(F)(F)F,2.396652203,2.963472398,-0.189264366,-2.417469161,-0.204561623,1
Anion_1679,O=C([O-])C(F)(F)C(F)(F)OC(F)(F)F,2.79000786,-3.811295039,-0.831690309,-1.479327356,1.876517291,17
Anion_1680,O=C([O-])CC[S+]=c1[c-]c(Cl)ccc1,1.246946599,0.562042367,-1.563752063,2.767360789,-0.52093851,9
Anion_1681,O=C([O-])CCCC(=O)C1CCCCC1,1.690624308,0.275006352,-1.438774402,1.425004815,-0.67923058,9
Anion_1682,COc1ccc(C)cc1CC(=O)[O-],1.44225789,0.204038714,-0.71898138,-0.785094638,-0.492179069,5
Anion_1683,CC12CC3(C)CC(C)(C1)CC(C(=O)[O-])(C2)C3,4.823490357,1.211609292,-0.047857369,-0.389088643,2.775711128,11
Anion_1684,O=C([O-])CCCCc1ccc(Br)cc1,0.772076051,2.164341557,-0.493958194,0.425380387,-1.735077612,5
Anion_1685,O=C([O-])CCOc1ccc2ccccc2c1,-2.453226879,4.911055614,1.775265409,-1.626346807,-2.292467269,16
Anion_1686,O=C([O-])C=Cc1ccc(I)cc1,-3.213284931,0.633226377,-1.725144336,0.662228024,0.436641438,10
Anion_1687,Cc1cccc(C)c1CC(=O)[O-],3.120591284,0.390558918,2.118993559,-0.024279847,0.258976253,14
Anion_1688,COc1ccccc1OCCC(=O)[O-],1.567499756,1.724352402,-0.652004458,0.226528518,-1.336889569,5
Anion_1689,CCOc1ccc(CCC(=O)[O-])cc1,1.218018706,2.470572008,-1.882094386,2.435820572,0.219036732,6
Anion_1690,C[N+](C)=C1C=CC(=CC(=C=[N-])C(=O)[O-])C=C1,-4.892867097,0.184071916,-0.00090623,-0.328667349,1.109721358,0
Anion_1691,CCOc1ccc(C(=O)C=CC(=O)[O-])cc1,-6.064131064,2.608817159,2.537538503,-2.947990865,-1.598658745,0
Anion_1692,Cc1ccc(-c2ccc(CC(=O)[O-])cc2)cc1,-2.460126246,4.696163112,0.404214771,-0.894423988,-0.25123591,16
Anion_1693,O=C([O-])CCCC1CC1,5.056326429,2.374381275,-2.08932664,-2.235282855,-0.071214991,1
Anion_1694,CC1=CC=C(C)C(=CC=C([O-])[O-])[CH+]1,-1.37595167,-0.548701028,-0.950879233,0.851622215,1.190861249,2
Anion_1695,CC(C)(Oc1ccc(F)cc1)C(=O)[O-],1.671035087,0.185719911,1.70252511,0.451283155,0.392617884,7
Anion_1696,O=C([O-])CCC(=O)c1ccc2c(c1)CCC2,0.057245297,0.228340263,-0.81188661,3.521105185,-1.706189619,13
Anion_1697,COc1ccc(C(=O)CCC(=O)[O-])cc1F,-0.364221579,0.293131454,-1.023315038,3.795170264,-1.678390719,13
Anion_1698,O=C([O-])C12CC(c3ccccc3)(C1)C2,0.343559367,0.826943348,-0.517091711,1.158927831,2.650691088,6
Anion_1699,O=C([O-])C1=[S+2]=CC=C1[n+]1[c-]ccc1,1.083229228,-3.12859536,5.110695281,-0.005201142,1.624943742,21
Anion_1700,N#[N+]N=c1[c-]cc(CCC(=O)[O-])cc1,0.536724439,1.024678264,-1.219422183,3.521152146,-1.282785905,13
Anion_1701,CC(C)Cc1ccc(C(=O)CCC(=O)[O-])cc1,-1.739760501,2.501854961,-0.113360646,2.439120507,-1.148866719,4
Anion_1702,O=C([O-])C1=[S+2]=C(Br)N=C1C(F)(F)F,-2.207346865,-4.759433586,3.954768783,0.052297105,1.511424868,21
Anion_1703,CCCC1=C(C(=O)[O-])C=[N+]=[N+]1c1ccc(F)cc1,-1.332950619,1.70171019,0.329532127,-0.43620542,0.261122962,10
Anion_1704,O=C([O-])c1cc(=C2C=CC(Cl)=C[CH+]2)[n+](=c2[c-]cccc2)[n-]1,-4.573147372,1.214191523,-0.766142149,-0.366389822,3.398467469,10
Anion_1705,CC1=[N+]=C(CC(=O)[O-])C(C)=[S+]1,1.307919946,1.399419267,0.149369959,-0.321329085,-2.154128907,5
Anion_1706,CC1=[N+]=[N+](C)C(C(F)(F)F)=C1C(=O)[O-],2.046112445,-1.930489158,1.247170364,-0.173332794,1.310622742,7
Anion_1707,CC(C)c1[c-]c2[nH+]c(C(=O)[O-])cc-2cc1,-2.421706712,-0.013182957,0.40139517,-1.547179258,1.0303906,10
Anion_1708,CC(C)c1[c-]c2cc(C(=O)[O-])[nH+]c-2cc1,-2.242879984,-1.179392906,-1.242314313,-0.006236133,2.060075275,15
Anion_1709,O=C([O-])C1=[N+]=[NH+]c2cc(OCc3ccccc3)ccc21,-3.166266582,1.866071608,-0.969745759,-0.22716866,1.563587948,10
Anion_1710,COCC[N+]1=[N+]=CC=C1C(=O)[O-],1.262016329,-3.320397525,-0.364315727,-1.676420466,-0.544052291,17
Anion_1711,O=C([O-])CCc1ccc(F)c(Br)c1,0.927920924,1.028406993,-1.337676975,2.069912469,-0.609267517,9
Anion_1712,COC(=O)C12CCCC(C(=O)[O-])(CC1)CC2,0.881706469,2.402322588,0.843768963,0.283477281,1.451222766,6
Anion_1713,CC1=[N+]=C(C(=O)[O-])N=[N+]1c1ccc(F)cc1,-2.925726513,1.035640275,0.325598313,-1.768081962,1.017954517,0
Anion_1714,CCC1=CC(C(F)(F)F)=[N+]=[N+]1CC(=O)[O-],2.601445945,0.750266611,3.969909187,-1.248849478,0.27734402,14
Anion_1715,O=C([O-])C1=C[N-]OC1=C1C=CC=C[C+]1C(F)(F)F,-0.67440528,-1.279649583,3.745702044,-0.675122438,-0.262564988,3
Anion_1716,O=C([O-])c1ccc[n+](Cc2cccc(Cl)c2)c1[O-],-2.772293237,1.708091926,2.442355488,-2.057101819,0.410300451,0
Anion_1717,Cc1cccc(OCCCC(=O)[O-])c1C,0.439067117,3.439646544,0.676326278,-2.596283311,-2.227480312,16
Anion_1718,Cc1cccc(=[N+]2C=[N+]=C(C(=O)[O-])[CH-]2)[n-]1,-3.424163524,1.297376222,-1.26664954,0.503934938,-0.01533189,10
Anion_1719,CN(C)Cc1ccc(C(=O)[O-])o1,0.043836431,-1.011898901,-1.802752606,-1.456796078,-0.254761158,2
Anion_1720,O=C([O-])c1ccc(COc2cccc(Cl)c2)o1,-2.454921326,0.371250953,-1.694542544,0.883214667,2.349922434,10
Anion_1721,O=C([O-])c1ccc(COc2ccccc2Cl)o1,-1.915158599,0.016135116,-1.200078981,-0.265523549,0.677635301,10
Anion_1722,O=C([O-])c1ccc(COc2ccccc2Br)o1,-2.141835349,0.31650994,-1.139622625,-0.194157612,1.046300164,10
Anion_1723,COc1cccc(OCc2ccc(C(=O)[O-])o2)c1,-1.040307941,-0.561545475,-0.846221223,-1.529502821,0.41095668,2
Anion_1724,O=C([O-])c1ccc(COc2ccc(Br)cc2)o1,-2.197186565,0.55026728,-1.573410319,0.981140648,1.779987791,10
Anion_1725,Cc1cc(OCc2ccc(C(=O)[O-])o2)ccc1Cl,-1.745287526,0.183128917,-1.351581449,0.25533425,1.291830009,10
Anion_1726,O=C([O-])c1ccc(COc2ccc(Cl)cc2Cl)o1,-2.525032864,-0.028711636,-1.487840282,0.064570107,0.515624788,10
Anion_1727,O=C([O-])c1ccc(COc2cc(Cl)ccc2Cl)o1,-2.323381589,-0.061962772,-0.921270576,0.645269231,1.430049063,10
Anion_1728,O=C([O-])c1ccc(COc2ccc3ccccc3c2)o1,-3.0349971,0.2614934,-0.987222068,1.777439267,0.919371597,10
Anion_1729,O=C([O-])c1ccc(COc2cccc3ccccc23)o1,-4.039093451,0.533448168,-1.573571177,1.916905447,2.822449108,10
Anion_1730,O=C([O-])C1CC[N+](=c2[c-]cc(Cl)cc2)CC1,0.617957201,1.918359641,-1.214193661,2.947576433,1.837136368,6
Anion_1731,O=C([O-])C1CC[N+](=C2C=CC(Cl)=[N+]=N2)CC1,-0.957034523,0.935257027,-0.386930477,4.722143596,0.71381097,13
Anion_1732,O=C([O-])C1CC[N+](=C2N=c3ccccc3=[S+]2)CC1,-2.053428441,3.151890411,-1.417267197,1.723107826,3.761191368,6
Anion_1733,O=C([O-])c1[c-][n+](CC(F)(F)F)nc1,0.649207078,0.235460445,-1.436163714,-1.232839621,0.146490554,2
Anion_1734,COc1ccc(C2=NC=C(C(=O)[O-])S2)cc1,-5.536284646,1.350404167,0.064443928,-1.723273551,0.395400665,0
Anion_1735,O=C([O-])C1=[S+2]=CN=C1Cl,-0.936993626,-4.560715295,-0.268204006,-0.46528291,-1.416527095,8
Anion_1736,O=C([O-])CCN1C(=O)CCc2ccccc21,1.234840886,0.323941069,-1.567303004,2.096731032,-1.012003084,9
Anion_1737,Cc1onc(C2=CC=[S+2]=C2)c1C(=O)[O-],0.600434638,-1.926791821,2.569682681,-0.975930219,0.347465129,3
Anion_1738,O=C([O-])c1cc2ccc(-c3ccc(Cl)cc3)cc2o1,-6.392899973,2.268516108,0.222321724,-2.799066176,1.300749102,0
Anion_1739,O=C([O-])Cc1ccc(CN2CCOCC2)cc1,-0.980385242,4.054277515,-0.629192321,-0.420508377,0.802466399,16
Anion_1740,Cc1ccc(C2=NOC(=C([O-])[O-])[N-]2)cc1,-5.757235287,-1.744595331,0.436147729,-2.642685839,0.933256877,0
Anion_1741,O=C([O-])C1(c2ccccc2C(F)(F)F)CC1,1.898951287,-0.198252702,2.625657846,0.113104842,0.312875127,14
Anion_1742,O=C([O-])Cc1cc(F)c(F)cc1Br,0.365842878,-0.129029801,0.00720651,-0.542091485,-0.897410341,5
Anion_1743,O=C([O-])c1[c-][n+]2nccc-2nc1,-2.117080335,-2.455335198,-0.840890556,0.418715721,-1.144889781,8
Anion_1744,CC(C)(CC(=O)[O-])C1CC1,4.946010763,0.911980639,-3.353412677,-1.166627954,0.480192912,1
Anion_1745,O=C([O-])c1c[n+]2cccc(Br)c2[n-]1,-2.647420542,-1.297458063,-1.42170797,0.447336299,0.049677792,15
Anion_1746,O=C([O-])c1c[n+]2c(Br)cccc2[n-]1,-2.758979035,-1.266211576,-1.33546395,0.377862011,0.119520636,15
Anion_1747,C[n+]1cc2ccc(C(=O)[O-])cc2[n-]1,-1.704409294,0.600670284,-1.27265469,-0.2611199,-0.477729167,10
Anion_1748,O=C([O-])CCc1ccc(Br)nc1,0.525966307,0.91717911,-0.911526426,2.667427413,-1.375551487,13
Anion_1749,CC(C)(C(=O)[O-])c1ccccc1F,3.214089491,-0.844307787,0.230531914,2.004437276,0.840510118,7
Anion_1750,COc1ccc(C2(C(=O)[O-])CCOCC2)cc1,2.905240123,0.241014029,2.28768997,2.553788028,3.043988036,7
Anion_1751,O=C([O-])C1(c2cccc(Cl)c2)CCOCC1,1.689906063,-0.83760633,1.003894026,1.061953143,1.351203994,7
Anion_1752,O=C([O-])C1=CC=[N+]2C=C[S+]=C12,0.61396405,-0.303413633,-1.326072574,-0.984137833,-0.928840136,2
Anion_1753,Cc1cccc2c1=C(Cl)C(C(=O)[O-])=[S+2]=2,-1.268185492,-3.472933123,1.789877583,0.528375295,2.749939994,21
Anion_1754,COCCOc1ccc(CC(=O)[O-])cc1,-0.357401351,4.080274562,-0.56141,-0.251549553,0.001847463,16
Anion_1755,CCCC1=[S+2]=C(C(=O)[O-])C=C1Br,-2.134662506,-2.148676615,-1.678935948,-0.759905487,0.99903189,15
Anion_1756,CCc1cccc2c(C(=O)[O-])c[nH+][c-]12,0.068625479,0.704823646,-2.338511664,0.156328226,-0.018819422,2
Anion_1757,CC1=CC(=O)N(CCCCCC(=O)[O-])C1=O,1.262730698,0.228546822,5.481571557,4.387431642,-2.116637823,12
Anion_1758,O=C([O-])C[N+]1=[N+]=[N+]=C(c2ccc(C(F)(F)F)cc2)[N-]1,-3.462126925,2.735413728,3.733077132,-2.124656678,-1.003004779,18
Anion_1759,C[N+]1=[N+]=CC=C1CC(=O)[O-],3.260041124,0.081662282,-0.835349983,-1.648997307,-1.622451287,20
Anion_1760,CC1=C(C(=O)[O-])[N-][N+](c2ccc(C)cc2C)=N1,-3.121235763,1.014363304,0.209551721,-1.811541939,0.751585965,0
Anion_1761,COCc1nocc1C(=O)[O-],1.45534258,-3.280584733,-0.793660474,-0.535813767,-1.396392228,17
Anion_1762,O=C([O-])c1conc1C(F)(F)F,1.313753397,-3.330417746,3.512844164,-0.160007049,-0.016894085,21
Anion_1763,O=C([O-])C1(c2cccc(F)c2)CCCCC1,3.458345486,-0.87065722,2.430397979,1.97597292,1.920393892,7
Anion_1764,CC1=[N+]=[N+](c2ccc(Cl)c(Cl)c2)C(C)=C1C(=O)[O-],-2.934504512,2.044073219,-0.177967351,0.099573069,1.054307473,10
Anion_1765,C[N+]1=NC=C(C(=O)[O-])[C-]1C1CC1,2.109734568,-0.286328869,-1.604195271,-1.178944352,-0.371544482,20
Anion_1766,CCC1CC(=O)Oc2c1ccc(OCC(=O)[O-])c2C,-1.848236621,2.916266447,-0.177505344,-0.137321826,-0.327483432,16
Anion_1767,CCCCC1CC(=O)Oc2cc(OCC(=O)[O-])ccc21,-3.05951961,4.353202992,-0.613241125,0.64756342,0.885851581,16
Anion_1768,CCCC1CC(=O)Oc2c1ccc(OCC(=O)[O-])c2C,-2.388555075,3.635927369,-0.365895443,0.329725232,0.366975258,16
Anion_1769,CC(C)[N+]1=CC=CC1=C([O-])[O-],3.34631164,-0.887282977,0.986805288,-0.603273726,0.922598105,7
Anion_1770,C[N+]1=CC(=C=[N-])C=C1C(=O)[O-],0.03705526,-1.9464471,-0.640852894,-1.50342265,-0.058808895,2
Anion_1771,C[N+]1=C(C#N)C=CC1=C([O-])[O-],-0.45304625,-2.453946498,-0.086273214,-1.123066832,-0.947479528,3
Anion_1772,O=C([O-])c1cn[n+]2ccc(Br)c[c-]12,-1.313309684,-0.162676525,0.433606849,-0.640810029,-1.880564286,3
Anion_1773,CC1=C(C(=O)[O-])[S+]=C2N=CC=[N+]21,-0.652718157,-3.246333808,-0.710149474,-0.274742795,0.84789961,8
Anion_1774,O=C([O-])C1=[S+2]=CC=C1c1ccc(F)cc1,-0.846895127,-2.047371129,0.778067532,-1.134628191,-0.334770215,3
Anion_1775,O=C([O-])c1ccc[n+]2c1=[N+]=CC=2Br,-1.926235814,-1.267879329,0.52760595,-0.648819721,-0.117826561,3
Anion_1776,O=C([O-])c1ccc[n+](C(F)F)c1[O-],-0.808596963,-2.172894972,0.710383244,-0.084761018,-0.536957978,3
Anion_1777,O=C([O-])C1=[N+]=C2CCCC2=[S+]1,-1.93732688,-3.579835539,-1.559612313,-0.489582639,0.296148286,8
Anion_1778,O=C([O-])c1c(Cl)cc([O-])[n+]2c1CCC2,0.723239178,-3.147547345,1.804100652,0.979248807,0.993755686,21
Anion_1779,Cc1c(C(=O)[O-])[n+]#[n+]n1Cc1cccc(F)c1,-2.838847776,1.372179167,0.35055174,-1.565610573,0.09512631,0
Anion_1780,Cc1c(C(=O)[O-])[n+]#[n+]n1Cc1ccc(F)cc1,-2.458695446,1.089952157,0.103090183,-0.891502939,0.501931853,10
Anion_1781,O=C([O-])c1ccc[n+](C2CC2)c1[O-],-0.319340536,-0.772002953,1.314108116,-0.782929335,-0.096915062,3
Anion_1782,O=C([O-])c1c[s+]c(-c2cnccn2)[n-]1,-4.749486034,-0.462840427,0.65442101,-0.247875149,-2.114048843,0
Anion_1783,COC1(C(=O)[O-])CCOCC1,6.683622745,-1.74288433,1.400905493,-0.598250631,2.225757368,11
Anion_1784,O=C([O-])C1=[N+]=COC1=C1C=CC=C(F)[CH-]1,-2.048795521,-1.200115461,0.498472339,-1.781332119,-1.311419797,3
Anion_1785,O=C([O-])C1=[N+]=COC1=C1C=CC=C(Cl)[CH-]1,-2.575248298,-0.713671417,0.749835461,-2.132004098,-1.280283196,3
Anion_1786,O=C([O-])C1=C[N-]OC1=C1C=CC=C(Cl)[CH+]1,-2.096255898,-0.705374544,2.668929227,-1.970317349,-1.383766309,3
Anion_1787,O=C([O-])C1(C2=CC=[N+]=C[CH-]2)CC1,2.217972799,-2.469792509,1.58083749,1.595793218,1.346780264,7
Anion_1788,O=C([O-])c1cn[n+]2[c-]1OCCC2,1.86661183,0.495474734,-1.394477281,-1.784810777,-0.36443052,20
Anion_1789,O=C([O-])CN1CCCOC1=O,4.441343645,0.898083366,1.450821328,-2.137553705,-0.467310763,11
Anion_1790,CC(C)(C)C1=[N+]=C(C(=O)[O-])C=[S+]1,-0.248241626,-0.75125432,1.251126233,-0.465873839,0.089914396,3
Anion_1791,CC1=[N+]=C(Cc2ccc(Cl)cc2)[S+]=C1C(=O)[O-],-3.220191393,0.5393859,-0.797573178,0.249434632,2.545142818,10
Anion_1792,O=C([O-])c1c[s+]c(Cc2cccc(C(F)(F)F)c2)[n-]1,-3.784090761,1.881220449,-0.019119536,-1.200977079,0.460797796,0
Anion_1793,Cc1[c-]c(=[N+]2[N+]#[N+]N=C2SCC(=O)[O-])c(C)cc1,-1.122202969,0.362009212,3.663140947,-0.617307136,-1.530690147,18
Anion_1794,C[N+]1=Cc2cc(=C([O-])[O-])ccc2=N1,-1.590430478,0.59817579,-1.342774633,-0.100777209,-0.585806327,2
Anion_1795,C[n+]1cc(F)c(C(=O)[O-])[n-]1,2.757050018,-3.008712366,-0.603639638,-0.522302589,1.650191907,17
Anion_1796,O=C([O-])c1cc[n+](CCF)[n-]1,0.633259418,0.013423645,-0.774398739,-2.248614245,-0.022145644,2
Anion_1797,O=C([O-])CCCC(=O)c1ccccc1F,-0.823878648,1.498793547,1.113898758,0.416636057,-3.733061932,4
Anion_1798,O=C([O-])C1(c2cccc(Br)c2)CCC1,2.117470001,-0.334390069,1.67630379,1.086800504,1.379982044,7
Anion_1799,O=C([O-])Cc1ccc(C(F)(F)F)cn1,-0.317976333,1.810123752,0.425533129,-0.283726775,-1.959404891,5
Anion_1800,O=C([O-])C1=[S+2]=c2ncccc2=C1Cl,-2.216108238,-4.385605407,1.518755502,0.943938748,1.963622299,21
Anion_1801,Cc1ccc(C[N+]2=[N+]=[N+]=C(C(=O)[O-])[C-]2C)cc1,-2.446155911,1.550532534,-0.106314092,-0.79625647,1.067792257,10
Anion_1802,O=C([O-])C1(c2cccc(C(F)(F)F)c2)CCCC1,2.063893221,-0.294970882,2.938075936,1.458896653,1.994867567,7
Anion_1803,Cc1onc(-c2ccccn2)c1C(=O)[O-],0.174207517,-2.075912529,3.014768729,-0.440197336,-0.027807393,3
Anion_1804,CC1(C)OB(C2=CC=C(NC=C3C([O-])=O)C3=C2)OC1(C)C,-5.055028841,1.108442739,-1.500958443,0.126993059,4.471346886,10
Anion_1805,O=C([O-])c1cn[n+]2ccc(Cl)c[c-]12,-1.171193659,-0.356957394,0.073982109,-0.554996036,-2.048309246,3
Anion_1806,CC1=CC=C[N+]2=NC=C(C(=O)[O-])[C-]12,0.628074603,-0.105761088,0.918567162,0.155783883,-0.857266444,5
Anion_1807,COc1cc[n+]2c(c1)C(=C([O-])[O-])C=N2,0.113563033,0.437154455,1.391224518,-0.67201446,-1.273421483,5
Anion_1808,O=C([O-])c1cn[n+]2cc(Cl)cc[c-]12,-1.849651222,0.200720837,-0.357195046,-0.973592088,-2.2553586,3
Anion_1809,O=C([O-])c1ccc([O-])[n+](Cc2ccc(F)c(F)c2)c1,-2.617955524,0.085036307,-0.355227369,-0.905009779,0.299232492,10
Anion_1810,O=C([O-])CC1=[N+]=[N+]=C(c2ccccc2)N1,-1.414562575,1.107128067,2.707619731,-2.425091758,-3.136512851,18
Anion_1811,O=C([O-])c1cc(=O)c(OCc2ccc(F)cc2)co1,-4.619812255,-0.724104937,-0.023059011,-2.256605363,1.251081639,0
Anion_1812,O=C([O-])c1c[s+]c(-c2ccccc2F)[n-]1,-3.770838393,0.162227135,0.072048199,-1.082742174,-1.416311477,0
Anion_1813,Cc1ccc(CC(=O)[O-])cc1Br,0.514452794,1.087723273,-0.595153943,0.108183615,-0.343143291,5
Anion_1814,O=C([O-])C1=[S+2]=C(N2CCCCC2)N=C1C(F)(F)F,-1.846515197,0.017367554,3.027957077,-0.497375615,3.148639234,21
Anion_1815,Cc1ccc(F)cc1CC(=O)[O-],1.51602579,0.30905188,-0.659036414,-0.740267013,-1.073445219,5
Anion_1816,O=C([O-])C[N+]1=[N+]=C(Br)N=C1Br,1.079596487,-0.609956481,4.132221693,-0.60132678,-0.89886008,14
Anion_1817,O=C([O-])Cc1ccc(Br)c(C(F)(F)F)c1,-0.639312562,0.636700064,0.013296062,0.19179709,-0.344342812,5
Anion_1818,CC1=[S+2]=C(Br)N=C1C(=O)[O-],-1.253464767,-2.354496006,-0.352248833,-0.687325209,-0.839129833,8
Anion_1819,CN1CCN(Cc2ccc(C(=O)[O-])o2)CC1,-1.953465543,1.776930431,-0.341978485,-2.712647744,0.671790597,10
Anion_1820,O=C([O-])c1ccc(-c2cccs2)o1,-3.060326387,-0.266089243,-0.125908841,-1.539488498,-1.01138717,0
Anion_1821,O=C([O-])CC1=CC=C2[NH+]=[N+]=[N+]=C2[CH-]1,-0.830300825,0.369142586,0.479952102,1.172269059,-1.96089931,4
Anion_1822,COCC1(C(=O)[O-])CCOCC1,7.558143706,-0.852935069,1.677874044,-0.843352993,2.279987774,11
Anion_1823,CC1=[N+]=[N+](CC(=O)[O-])C(C)=C1Cl,3.264280793,0.584441891,3.831172971,-1.500324144,0.09175605,14
Anion_1824,O=C([O-])CCC1=[N+]=[N+]=[NH+][N-]1,1.856348404,0.004695009,-0.27514117,2.187294389,-2.556148012,9
Anion_1825,OC(CCC1=CC=C(F)C(B2OC(C)(C)C(C)(C)O2)=C1)=O,-1.79347075,1.765546604,-1.657334126,2.14503961,2.816755529,6
Anion_1826,O=C([O-])C1(CN2CCOCC2)CC1,4.614274952,1.398978145,0.631827818,-2.630659397,1.390663375,11
Anion_1827,O=C([O-])C[N+]1=[N+]=C(C(F)(F)F)C2=C1CCC2,3.010236765,0.963094062,5.145388397,-0.848913516,0.719219223,14
Anion_1828,CN1C=C(C(=O)[O-])C(C(C)(C)C)=N1,3.223570544,-0.359005748,1.625965451,-0.538116493,2.358526681,7
Anion_1829,O=C([O-])c1c[n+]2cc(I)ccc2[n-]1,-3.560527948,0.105667422,-1.261998529,-0.055748585,0.443085222,10
Anion_1830,O=C([O-])CC1=CC=CC2=[N+]=CC=C[C-]12,-0.466297397,-0.554836568,-0.145398643,2.002582947,-1.503878204,13
Anion_1831,O=C([O-])C1=[N+]=[NH+]c2c(F)cccc21,-1.209827242,-1.472082778,-1.100874533,-0.801783542,-1.01709323,2
Anion_1832,O=C([O-])COCC1=CC=[N+]=C[CH-]1,-0.006501792,1.460688224,0.671159615,-1.195044101,-2.614336654,5
Anion_1833,O=C([O-])C1(c2c(Cl)cccc2Cl)CC1,2.281855983,-0.252096538,4.058115923,-0.23519103,0.338991281,14
Anion_1834,Cc1cc(F)cc(CC(=O)[O-])c1,1.55448863,0.54207658,-0.607035339,-0.457295974,-1.087304989,5
Anion_1835,O=C([O-])C1CCN(S(=O)(=O)N2CCOCC2)CC1,2.205231672,0.211355158,-1.729650352,1.755062841,1.395468233,9
Anion_1836,O=C([O-])C1(c2ccc(F)cn2)CC1,1.173833793,-1.438519729,1.45265627,1.97336661,0.452377621,7
Anion_1837,O=C([O-])C1(C2=CC=[N+]=C(Br)[CH-]2)CC1,0.376600606,-1.932578215,1.520233511,1.393669086,1.665368986,21
Anion_1838,C[N+]1=CC(=C2C=C(C(=O)[O-])[N-]O2)C=N1,-3.190344761,-0.517248743,-1.272784866,-0.802801025,1.060074773,15
Anion_1839,COC(=O)c1cc[n+](CC(=O)[O-])[n-]1,-0.638735754,0.727339049,1.502847202,-0.085798742,-0.467702793,3
Anion_1840,CC(C)(C)OC(=O)N1CC[N+]2=[N+]=C(C(=O)[O-])C=C2C1,-2.390929378,3.448660421,-0.98711401,-2.219342346,2.931798879,10
Anion_1841,CC(C)(Cc1ccc(C#N)cc1)C(=O)[O-],1.240495253,-0.193129201,1.122438033,4.508114172,0.60739255,13
Anion_1842,O=C([O-])c1[nH+]nc(C2CC2)[c-]1Cl,-0.904262297,-2.870539287,-1.306517076,-0.945122758,0.556947494,2
Anion_1843,COC1=CC=CC(=C2C=C(C(=O)[O-])[NH+]=N2)[CH-]1,-4.081042249,-1.057324213,-2.143494148,-0.304063992,2.766977838,15
Anion_1844,CC1=CC(C(=O)[O-])=C(C)N1c1ccc(F)cc1,-1.534660494,2.603086894,-0.42175694,-0.73907355,0.711540569,10
Anion_1845,CC1=Nc2ncc(C)c[n+]2C1=C([O-])[O-],-1.60850117,-1.654315942,0.778588666,-0.909571866,-1.690272287,3
Anion_1846,COC1=CC(C(=O)[O-])=NN1c1ccccc1F,-2.41387024,0.417315744,-0.091675864,-0.902938144,1.887435197,10
Anion_1847,C[N+]1=[N+]=C(c2cccnc2)C=C1C(=O)[O-],-2.982034201,-0.798209264,-0.119459448,-0.670680573,0.78129561,15
Anion_1848,O=C([O-])Cc1ccccc1-c1cc(F)cc(F)c1,1.683482939,1.134525831,3.65226898,1.178842778,-0.033728049,14
Anion_1849,O=C([O-])Cc1ccccc1-c1ccc(F)c(F)c1,-0.826276337,0.25946903,-0.656832851,-0.264877605,0.393467175,2
Anion_1850,Cc1c[n+]2c(s1)=[N+]=C(CC(=O)[O-])C=2,-0.159472988,3.433601452,0.213643185,-0.870815302,-1.543160949,16
Anion_1851,O=C([O-])C=CC1CCC1,1.530712411,0.303501578,-0.733236496,-1.052588419,-0.823611817,5
Anion_1852,CC(=O)N1CC(C(=O)[O-])C1,2.724421918,-0.368372208,-1.759486872,0.050677302,0.12322998,20
Anion_1853,CCC[N+]1=NC(C)=C(C(=O)[O-])[C-]1C,2.565955418,0.006837847,-0.355911006,-0.194359261,1.528737234,20
Anion_1854,CC1=[N+]=c2ccccc2=[N+]1Cc1ccc(C(=O)[O-])o1,-1.708392006,0.134928551,-0.132167413,1.27638415,3.102222901,10
Anion_1855,O=C([O-])C1=C[NH+]=C2N=CC(C3CC3)=[N+]=C12,-0.020032813,-0.170175226,4.443617876,0.416894892,-0.518946464,14
Anion_1856,CC[n+]1[c-]c(C(=O)[O-])cc1,2.307429545,0.916302547,-1.689692512,-1.63836354,0.050810104,20
Anion_1857,COc1ccc2[n+](n1)C(=C([O-])[O-])C=N2,-1.123632803,-1.627057894,2.487587684,-0.134118606,-0.970502505,3
Anion_1858,O=C([O-])C1CC[N+](=c2nc3cc(Cl)cc[c-]3o2)CC1,-1.172960935,2.502363688,-1.423031093,3.070634647,2.965619526,6
Anion_1859,CN1C=C(C(=O)[O-])N=C1Br,0.134120528,-1.057383916,-2.50530316,-0.586080482,0.315249742,2
Anion_1860,O=C([O-])C[n+]1cc(C(F)(F)F)c[n-]1,1.066485383,0.284978165,0.123695152,-3.416586738,-2.067118277,5
Anion_1861,O=C([O-])C1=C[S+]=C2C=[N+]=C(Cl)N=C12,-2.706442146,-2.770432207,0.923949759,-0.096582268,-1.885352991,8
Anion_1862,CC(C)(Oc1ccc(Br)cc1Cl)C(=O)[O-],1.252426059,0.473751135,1.552014025,1.903026766,1.406100192,7
Anion_1863,O=C([O-])c1c(C(F)(F)F)n[nH+][c-]1C(F)(F)F,2.002574896,-2.964847572,2.708633397,0.487869562,2.710208454,21
Anion_1864,O=C([O-])c1[c-]c(S(=O)(=O)Cl)[s+]c1,-4.485750324,-3.305538729,1.650226908,1.600571496,-2.418116642,8
Anion_1865,Cc1cccc(C2(C(=O)[O-])CC2)c1,2.267660338,-0.506352952,1.199821951,0.638761135,1.838027215,7
Anion_1866,O=C([O-])COCC1(c2ccc(Cl)cc2)CCC1,0.148287692,2.483415218,0.901323848,0.94957895,-0.127805196,5
Anion_1867,CCOC(=O)C1=NC=C(C(=O)[O-])S1,-5.254857806,-1.713493351,0.963565961,-1.254894016,-1.597254172,0
Anion_1868,COc1cccc2c(C(=O)[O-])n[nH+][c-]12,-1.512906998,-0.157541549,-1.6170226,-0.458727381,-0.048160374,2
Anion_1869,CC1=C(C=O)C(=[S+]CC(=O)[O-])[N+](C)=N1,-0.223527178,-1.590377032,-0.722264669,2.411089655,-0.581712923,13
Anion_1870,C[N+]1=[N+]=C(C(=O)[O-])C=C1OCc1ccccc1,-3.67383406,3.335938162,-0.803207094,-2.585404599,0.8313472,0
Anion_1871,CC(C)(C)OC(=O)N1CCC(c2ocnc2C(=O)[O-])CC1,-0.587077136,2.764958029,5.860173063,-2.430647753,2.461701672,18
Anion_1872,O=C([O-])Cc1cc(Cl)ccc1C(F)(F)F,1.631601403,0.146386025,1.462283667,0.772349546,-0.590268302,14
Anion_1873,O=C([O-])C1CCC2(CC1)CC2,5.045625233,1.112518273,-2.734620316,-0.744555478,2.066423243,1
Anion_1874,CCOC1=C[N+](=c2[c-]cc(F)cc2)N=C1C(=O)[O-],-2.94918177,0.804073664,-0.194926504,-2.106726369,1.246642657,10
Anion_1875,O=C([O-])C1CC(Oc2ccccc2)C1,0.824125707,1.881076475,0.641003615,1.583539314,2.036323606,6
Anion_1876,CC1=C(C(=O)[O-])C(c2ccccc2)=NN1,1.893524524,-0.870392435,3.451214638,0.120436671,1.410496134,14
Anion_1877,O=C([O-])c1cc2c(F)c(F)ccc2[nH]1,-2.248329904,-2.833819624,-1.871402203,-0.162904686,0.805074394,15
Anion_1878,O=C([O-])Cc1ccc(F)cc1C(F)(F)F,1.367843962,0.707549139,1.523234995,0.2160484,-0.684967049,5
Anion_1879,O=C([O-])CC1=[N+]=CC=[N+]=C1Cl,0.711360971,-0.678919542,3.665736112,1.419375428,-1.924414153,14
Anion_1880,COC(=O)C1=CN=[N+](C)C1=C([O-])[O-],1.462298019,-4.76215283,3.770400731,-0.351541509,1.310067676,21
Anion_1881,O=C([O-])c1cc2c([nH]1)CCOC2,1.00137419,-0.45702975,-2.185917691,-1.221346071,0.511125784,2
Anion_1882,O=C([O-])CCC1CC(=O)C1,2.156321534,1.136510759,-0.833656705,1.360837579,-1.91503395,9
Anion_1883,CN(CC(=O)[O-])C1CCN(C(=O)OC(C)(C)C)CC1,1.815315696,3.527391221,0.181669364,0.818376634,4.324893343,6
Anion_1884,CC[n+]1c(C(=O)[O-])cc2cc(F)cc[c-]21,-0.575614615,-2.107345758,0.938380117,0.530847373,2.033554027,21
Anion_1885,CCC[n+]1c(C(=O)[O-])cc2cc(F)cc[c-]21,-1.348499032,-1.949509684,-1.006839466,0.062829035,1.017756303,2
Anion_1886,CCCC[n+]1c(C(=O)[O-])cc2cc(F)cc[c-]21,-1.367678499,-1.941604728,-1.265581097,0.102435426,1.019011072,2
Anion_1887,C[n+]1cc(=C([O-])[O-])c2[c-]1C=CC=[N+]=2,-0.718878112,-0.198790074,-1.93327278,0.179972642,-0.729035513,2
Anion_1888,CN1C=C(C(=O)[O-])c2ccc(Cl)cc21,-0.976209151,0.827788077,-1.463128038,-1.231784817,-0.250729678,2
Anion_1889,O=C([O-])c1[c-][n+](C2COC2)nc1,1.358032004,-0.156119688,-1.669747231,-0.420170404,0.404225735,20
Anion_1890,O=C([O-])c1[nH+]cc[c-]1C1CC1,2.589212619,-1.310478429,-0.225534522,-1.234849727,0.358493401,20
Anion_1891,O=C([O-])c1ccc(-c2ccc3c(c2)OCCO3)s1,-4.681687923,1.982426422,-0.423029476,-0.467514044,1.811170076,10
Anion_1892,O=C([O-])c1cc2cccc(C(F)(F)F)c2s1,-3.173588235,-1.935685405,0.145986909,-0.310782016,1.475392417,15
Anion_1893,COc1ccc(-c2c[s+]c(C(=O)[O-])[n-]2)cc1,-5.561212968,0.527975095,0.763766285,-3.673283669,-0.189488525,0
Anion_1894,N#Cc1cc(CC(=O)[O-])ccn1,-1.225850348,-1.470174653,0.172864892,2.033570068,-1.397610119,13
Anion_1895,COC(=O)C1=C[CH-]OC1=C([O-])[O-],0.052263179,-4.061091989,0.445095024,-0.746947871,0.044831305,17
Anion_1896,C[n+]1ccc(CCC(=O)[O-])[n-]1,2.828368552,1.825459121,-1.521421998,0.324362783,-0.744111008,9
Anion_1897,Cc1ccc(S(=O)(=O)N2CCC(C(=O)[O-])CC2)c(C)c1,-1.305041902,2.354269365,-0.468161811,2.550763449,2.9285597,6
Anion_1898,CC1=NC(Cl)=C(C(=O)[O-])N1,0.474591668,-2.615488879,-2.020073977,-1.812515768,-0.625722676,17
Anion_1899,O=C([O-])C1=CC(=C2C=CC(Cl)=C(Cl)[CH+]2)O[N-]1,-5.889000954,-0.034932686,-0.306305466,-0.583313081,1.250322227,0
Anion_1900,O=C([O-])C1=CC(=C2C=CC(Cl)=C(Cl)[CH+]2)[NH+]=N1,-4.089992078,2.037367441,-0.052469221,-0.441084347,0.747793353,0
Anion_1901,Cc1c(C(=O)[O-])[s+]c2cccc(Cl)[c-]12,-2.359411134,-2.237472021,-0.285787431,0.005131978,1.274392045,15
Anion_1902,Cc1c(C(=O)[O-])[s+]c2c(Cl)ccc[c-]12,-2.211971782,-2.124460806,0.182385916,0.018780818,1.344140564,15
Anion_1903,O=Cc1c(C(=O)[O-])[nH+]c2ccc(F)c[c-]12,-3.290616612,-3.887079039,-1.248411013,-0.027238204,0.852000534,15
Anion_1904,O=C([O-])C1=CN=C(S)[N+]1=c1[c-]cc(F)cc1,-0.754306753,-2.028384264,0.236030862,-1.494726801,-0.760385613,3
Anion_1905,Cc1noc(C)c1COc1ccc(CC(=O)[O-])cc1,-0.244132365,2.440855311,-0.086671778,0.293824318,-0.556006957,5
Anion_1906,CC1=CC(C(=O)[O-])=NN1c1cccc(Cl)c1,-2.613798835,0.941819639,-0.073276806,-0.471967364,1.410386406,10
Anion_1907,O=C([O-])c1[c-][n+](-c2cccc(Cl)c2)nc1,-2.653402196,0.720253265,-1.282044482,0.323428459,0.769461633,10
Anion_1908,O=C([O-])c1c[c+]o[c-]1C(F)(F)F,2.002149651,-2.434125135,2.733844086,-0.18929448,1.019273254,7
Anion_1909,CC1=CC(=S(=O)([O-])Cl)C=C[C+]1OCCC(=O)[O-],-3.485904807,1.397592625,2.735081857,2.997897034,-2.991336641,4
Anion_1910,CC1=C(C(=O)[O-])C=[N+]=[N+]1c1cccc(Br)c1,-2.069858789,1.06399665,-0.869119561,0.956780635,1.765300529,10
Anion_1911,CC1=[N+]=C(c2cccc(F)c2)[S+]=C1C(=O)[O-],-3.968362738,-0.573161708,0.641244373,0.417475016,0.763035208,15
Anion_1912,C[N+]1=[N+]=C(c2ccco2)C=C1C(=O)[O-],-1.769776017,-0.954567113,-0.190164565,-1.43235246,1.048169411,2
Anion_1913,Cc1ccc(C2=CC(=C([O-])[O-])[NH+]=N2)c(C)c1,-3.303010979,0.126335785,-0.202005437,-1.512941986,1.728712636,10
Anion_1914,CC1=[N+]=[NH+]C(C(C)C)=C1C(=O)[O-],3.638367183,-0.639330837,1.166166465,-0.962123449,1.226528805,11
Anion_1915,CC(C)C1=C(C(=O)[O-])C=NN1,4.403017831,-1.179443137,2.989676394,-0.371093689,1.171398913,14
Anion_1916,O=C([O-])CCc1c[n+]2ccccc2[n-]1,0.465734255,1.280175123,-1.598411156,3.122090132,-0.671221638,13
Anion_1917,CN(C)C1(C(=O)[O-])CCCC1,7.044558762,-1.418084866,0.952138677,-0.26689839,2.52024362,11
Anion_1918,COC1=[N+]=CN=C2C=C(C(=O)[O-])O[C-]21,-3.957150695,-2.702147785,-0.334812368,-1.159688989,0.361844767,15
Anion_1919,O=C([O-])C1=CC2=[N+]=CN=C(Cl)C2=[S+]1,-4.611835863,-4.283628887,-0.391395755,0.349730574,0.402856466,8
Anion_1920,CC(C)(C)OC(=O)c1ccc(C(=O)[O-])s1,-4.089504186,-0.603770993,2.008682561,-1.443189291,-0.163246824,0
Anion_1921,O=C([O-])C[n+]1ccc2ccc(Br)c[c-]21,0.100710946,0.247898895,1.639345679,0.64712042,1.63221742,7
Anion_1922,CC(C)N1C=C(C(=O)[O-])C(=O)[N+](=c2[c-]cc(F)cc2)C1=O,-2.62545404,0.055116555,1.430192056,-1.238485044,2.107639874,10
Anion_1923,O=C([O-])C1=CNC(=O)[N+](=c2[c-]cc(F)cc2)C1=O,-2.323121165,0.366544358,1.460573866,-1.308128115,0.246203404,0
Anion_1924,CC[N+]1=[N+]=[N+]=C(C(=O)[O-])[C-]1C(F)(F)F,-0.850650303,-2.696536729,-0.074355062,-0.171133679,0.928394495,8
Anion_1925,O=C([O-])C1=[N+]=[N+]=[N+](C2CC2)[C-]1C(F)(F)F,-1.315322086,-1.99109914,0.164367303,-0.759449733,0.284442489,2
Anion_1926,O=C([O-])Cc1cccc(OC(F)F)c1,1.263951167,0.504657021,-0.015216985,-0.960670232,-1.663785389,5
Anion_1927,CC1=C(C(=O)[O-])C=[N+]=[N+]1c1ccc(C(F)(F)F)cn1,-3.978129949,2.028571026,0.403085871,-0.116199791,0.560729013,0
Anion_1928,COc1cccc2c1ccn2CC(=O)[O-],0.139677571,2.121209613,1.661594501,-2.464411898,-1.587589791,5
Anion_1929,O=C([O-])C[n+]1ccc2cccc(F)[c-]21,0.372598434,0.439844641,0.681138224,-0.804904642,0.006768794,5
Anion_1930,O=C([O-])C[n+]1cnc(Br)[n-]1,0.417471821,-0.265634839,-0.022412032,-2.366899814,-1.57907105,5
Anion_1931,O=C([O-])C1=CC(=C2C=CC=[N+]=C2)N=[NH+]1,-3.499100169,-1.563658373,-1.179504295,-0.205022991,0.379629197,15
Anion_1932,O=C([O-])C1=C[N+](=c2[c-]cccc2)N=C1C1=CC=[N+]=C[CH-]1,-2.965741962,-0.184882835,-0.106237168,-0.67722486,1.849644802,10
Anion_1933,O=C([O-])C1=[N+]=[NH+]c2cc(Cl)c(Br)cc21,-2.336819114,-0.594316635,1.459511916,-1.538442143,-0.971314409,3
Anion_1934,Cc1[c-][n+]2nc(C(=O)[O-])cc-2nc1,-3.356106316,-1.229018038,-0.922580337,0.523645878,-0.069807778,15
Anion_1935,O=C([O-])c1cc2c(OC(F)(F)F)cccc2[nH]1,-2.955049523,-1.250400261,-0.874541365,-1.208637571,1.434781564,15
Anion_1936,O=C([O-])Cc1[c-]c2[s+]cnc-2cc1,-0.719259977,0.876789921,0.536662823,-0.254312118,-2.036583896,5
Anion_1937,Cc1cc(C(F)(F)F)[n+](CC(=O)[O-])[n-]1,2.694896884,-0.017613772,3.896446379,-0.424682498,-0.049245411,14
Anion_1938,O=CC1=CN=[NH+]C1=C([O-])[O-],-1.516107836,-5.106848803,-0.383251933,-1.125621363,-1.69927625,8
Anion_1939,Cc1cc(=C([O-])[O-])[n+](=C2C=CC=C(Cl)[CH+]2)[n-]1,-1.703888558,-1.888590665,0.308366439,-1.628651442,0.555549137,3
Anion_1940,CC1=C[C-](C2(C(=O)[O-])CC2)O[N-]1,1.74750629,-1.187133139,1.883531012,-0.033196627,0.524031706,7
Anion_1941,O=C([O-])C1=C[NH+]=C2N=CN=[N+]2C1=O,-0.950235416,-2.957846228,0.597000216,0.555450149,0.063458249,8
Anion_1942,C[N+](CC(=O)[O-])=c1cccc[n-]1,1.158326317,-1.019247911,-1.626171681,1.306244844,-0.139533119,9
Anion_1943,COC(=O)CC1=[S+2]=CC=C1C(=O)[O-],-0.112067495,-0.412543605,0.883637723,-1.369972575,-0.088027126,3
Anion_1944,COC(=O)Cc1occc1C(=O)[O-],0.782410558,-0.697596163,-0.41250171,-1.600054405,-0.317288286,2
Anion_1945,O=C([O-])C1=[S+2]=CC=C1OCc1ccc(Cl)cc1,-1.014793268,-1.232104054,-0.029674162,-1.699114055,-0.49180865,3
Anion_1946,O=C([O-])C=Cc1ccc(-c2ccc(Cl)c(Cl)c2)o1,-5.991520649,2.087471018,-0.932739499,0.355757571,1.325931656,0
Anion_1947,O=C([O-])C1=CC(=C2C=CC=C3C=CC=C[C+]32)N=[NH+]1,-4.211198205,-1.180816776,-0.380945541,1.283216014,2.216556158,15
Anion_1948,O=C([O-])C1=CC(=C2C=CC=C[C+]2Cl)[NH+]=N1,-2.880683722,1.100358039,-0.19603903,-0.678484912,0.335897885,10
Anion_1949,CC(=O)C1=CC(=C2C=CC=C[CH-]2)[N+](CCC(=O)[O-])=C1C,-0.588015121,0.965307205,-1.485173626,1.863020296,0.461354711,6
Anion_1950,O=C([O-])C(=O)N1CC[N+](=c2[c-]cccc2)CC1,-2.415463443,-0.437434209,-0.981594248,0.354385566,2.331740151,10
Anion_1951,C[N+]1=[N+]=C(c2ccc3c(c2)OCO3)C=C1C(=O)[O-],-3.031254992,0.630597005,-0.524791542,-0.872192507,2.086712468,10
Anion_1952,O=C([O-])c1cc2ccc(Cl)c(Cl)c2[nH]1,-3.264674914,-1.808958383,-0.914760366,-1.102936591,0.129628082,15
Anion_1953,CC(C)S(=O)(=O)c1ccc(CC(=O)[O-])cc1,-1.070078893,1.721775635,0.452532518,-0.501498006,-1.241160805,5
Anion_1954,CS(=O)(=O)N1CC(C(=O)[O-])C1,5.043044114,-0.55593293,4.839526545,-1.318501496,0.203294737,14
Anion_1955,O=C([O-])Cc1c(Br)cccc1C(F)(F)F,2.846326231,0.39347273,4.194674086,0.654956792,-0.292505528,14
Anion_1956,Cc1c(C(=O)[O-])cc(-c2ccc(F)cc2)n1C,-1.483010069,2.918430725,-0.256756348,-1.538461692,0.222460207,16
Anion_1957,O=C([O-])c1ccc(C(=O)c2ccco2)o1,-3.99920938,-1.807735545,1.777462076,-1.572091527,-1.604190835,0
Anion_1958,O=C([O-])C1CC[N+](=c2[c-]cc(Br)cc2)CC1,0.259211044,2.214118067,-1.47813723,2.957374399,1.981575501,6
Anion_1959,Cc1ccc(C2=[N+]=[N+](c3ccc(F)cc3)C=C2C(=O)[O-])cc1,-2.505686245,0.193802484,0.689665419,-0.582959804,3.153671276,10
Anion_1960,Cc1cc(=C([O-])[O-])[n+](=C2C=CC=C(Br)[CH+]2)[n-]1,-2.064560932,-1.55284052,0.247560662,-1.85822563,0.559216593,3
Anion_1961,COc1ccccc1C1=CC(C(=O)[O-])=NN1C,-1.825099708,1.365144297,0.608757035,-0.759480508,1.074722681,10
Anion_1962,CC1=C(Br)C=[N+]=[N+]1CC(=O)[O-],1.80946349,0.681408821,2.079910433,-2.201117124,-1.224008676,5
Anion_1963,CN(CC(=O)[O-])C1CCCC1,5.501833452,1.780098049,0.526915499,-1.69074597,0.76908362,11
Anion_1964,CC1=C(C(=O)[O-])C2=C(CCCC2=O)N1,1.537950589,-0.12321316,1.750229366,0.548131615,0.996054624,7
Anion_1965,CC1=CC(C(=O)[O-])=C(C)N1Cc1ccco1,-0.164803482,2.132955274,-1.019325511,-0.653892901,1.223422277,6
Anion_1966,CC1CCN(Cc2ccc(C(=O)[O-])o2)CC1,-1.034802694,0.804987745,-0.927068186,-1.250210778,1.146436363,10
Anion_1967,CS(=O)(=O)c1ccccc1OCC(=O)[O-],2.48332228,-0.467522561,7.053721295,0.77891739,0.818798517,12
Anion_1968,O=C([O-])Cc1ccc(Br)c(F)c1F,-0.216159787,0.81062278,0.414307707,-0.96525931,-0.858874948,5
Anion_1969,O=C([O-])c1[c-][n+]2c(Br)cnc-2cc1,-1.919466323,-1.38559005,-0.85240113,-0.988102978,-0.690893916,2
Anion_1970,O=C([O-])Cc1ccc2c(c1)C=[N+]=[NH+]2,0.327160655,0.961211538,-0.020101833,0.715562994,-1.147598629,5
Anion_1971,O=C([O-])CC1=[N+]=[NH+]c2ccc(F)cc21,0.849415923,0.956037235,-0.141718155,0.562712506,-2.066499983,5
Anion_1972,O=C([O-])c1[c-][n+]2ncc(Br)c-2nc1,-3.348565528,-2.548718096,-1.18804666,0.759539224,0.307753445,15
Anion_1973,CC1=C(C(=O)[O-])N=[NH+]C1=C1C=CC(Cl)=C[CH-]1,-3.141079869,2.269794974,-0.894403521,-0.953055694,0.101853499,10
Anion_1974,CN1C=C(S(=O)(=O)Cl)C=C1C(=O)[O-],-3.720761724,-2.85881114,1.071748034,1.843881134,-1.543695191,8
Anion_1975,O=C([O-])C1=[N+]=[N+]=[N+](c2ccc(F)cc2)[C-]1C(F)(F)F,-3.920671396,-0.640630028,0.863093572,-0.727460435,1.000117748,0
Anion_1976,CC1=[N+]=C(C)[N+](CC(=O)[O-])=N1,3.230994605,0.162727711,3.402926516,-1.673269749,-0.226063475,14
Anion_1977,C#CCOc1ccc(C=CC(=O)[O-])cc1OC,-4.697004947,2.523150005,-2.319876912,0.313588551,2.886824721,10
Anion_1978,Cc1cc(C)c2cc(C(=O)[O-])[s+]c-2[n-]1,-3.409658762,-1.90027534,-1.384537086,-0.098954213,1.248809118,15
Anion_1979,CC1=[N+]=[N+](Cc2ccc(C(=O)[O-])o2)C(C)=C1Cl,-2.101370538,0.569798241,-1.314488482,-1.793072146,0.637408531,10
Anion_1980,CC1=[N+]=[N+](Cc2ccc(C(=O)[O-])o2)C(C)=C1Br,-2.03194295,0.710614321,-0.591525486,-1.710251943,0.928819803,10
Anion_1981,Cc1noc(C)c1CSCC(=O)[O-],1.399751413,-0.651977828,-1.197147073,0.85642854,-0.264239829,9
Anion_1982,COC(=O)C1CC(C(=O)[O-])C1,2.055900131,1.404169795,-0.906560727,1.229018553,0.547969755,9
Anion_1983,O=C([O-])c1c[s+]c(N2CCOCC2)[n-]1,-1.206408766,0.767474862,-0.020554108,-1.833512098,0.011288703,10
Anion_1984,O=C([O-])C1CCC2(CC1)CC2(F)F,5.062041149,0.590162954,-2.374290046,-0.710819242,2.143039978,1
Anion_1985,CC(F)(F)C1(C(=O)[O-])CC1,5.731539661,-1.482773111,-0.672369885,-2.088572016,0.886781709,11
Anion_1986,O=C(c1[c-]c(C(=O)[O-])[nH+]c1)c1ccc(Cl)cc1,-4.367745294,0.897955236,1.612801958,-1.43129087,-1.450115859,0
Anion_1987,CC1(C)CCc2c(C(=O)[O-])n[nH+][c-]2C1,1.022143329,1.52738065,0.488307503,-2.654057247,0.665863347,5
Anion_1988,O=Cc1ccc(OCC(=O)[O-])c(Br)c1,-1.478340061,-0.184738185,-0.018698226,2.65203001,-1.224136052,13
Anion_1989,N#Cc1ccc(OCC(=O)[O-])c(Cl)c1,-0.936800787,-0.09459335,-0.368995651,1.884431681,-0.983534048,13
Anion_1990,O=C([O-])CCc1ccc(-c2ccc(Cl)cc2)cc1,-1.332172943,3.738672811,-1.710769394,3.989821491,0.748697582,6
Anion_1991,O=C([O-])CCc1ccc(-c2ccc(C(F)(F)F)cc2)cc1,-1.613576464,4.030293808,-1.363861218,4.142984972,0.993333536,6
Anion_1992,CC1=CC=CC(=C2C=CC(CCC(=O)[O-])=C[CH+]2)[CH-]1,-1.259682083,4.218220061,-1.005437891,2.495517066,0.381740618,6
Anion_1993,O=C([O-])CCc1ccc(-c2cccc(Cl)c2)cc1,-1.384927337,3.850872183,-0.975998101,2.988856247,0.18558865,6
Anion_1994,CCOc1cccc2c1OCC(=C([O-])[O-])[CH+]2,-2.658802904,-0.410278426,-0.689144029,-0.540477225,1.951172103,10
Anion_1995,O=C([O-])CCOCCOCCN1C(=O)C=CC1=O,-1.719497193,-0.892486342,0.065530041,4.631853398,-3.098561126,13
Anion_1996,COc1ccc2c(c1C)OC(=O)C(CCC(=O)[O-])C2C,-0.62190914,2.569222788,-2.109233918,2.681754279,1.510414947,6
Anion_1997,O=C([O-])CC[S+]=C1[N+]#[N+]C(=C2C=CN=C[CH-]2)O1,-0.65669163,-1.207725687,-0.374200384,3.563321086,-1.58156792,13
Anion_1998,O=C([O-])CCC1=[N+]=C(C2=CC=[S+2]=C2)[N-]O1,-0.11924102,1.502281497,-0.830322398,3.628910977,-0.281775049,13
Anion_1999,COC1=[N+]=c2ccccc2=[N+]=C1CCC(=O)[O-],-1.952082153,0.933740688,-0.011767154,4.324887745,-1.676289631,13
Anion_2000,O=C([O-])COc1ccc2oc3c(c2c1)CCCC3,-0.689623352,1.80428052,-1.273447096,1.585975726,-0.021398307,6
Anion_2001,O=C([O-])C1(F)CCCC1,5.028512628,-2.332130431,-1.282838859,-1.100152252,1.250514739,11
Anion_2002,O=C([O-])C1=[N+]=C[N+](Cc2ccc(Cl)cc2)=N1,-2.769554321,1.494075147,-0.402988164,-1.122290713,0.809180106,10
Anion_2003,CC1(C(=O)[O-])CCSCC1,5.704153599,-1.201032853,0.360367609,0.342328998,1.364331845,11
Anion_2004,O=C([O-])CC1CC(=O)C1,2.57248748,0.694754113,-0.464534867,0.527834909,-2.404828548,9
Anion_2005,CC1=[N+]=[N+]=c2ccc(=C([O-])[O-])c[n+]21,-1.724964863,-2.118390221,0.050498893,-0.429067783,-0.968211805,8
Anion_2006,OC(CCB1OC(C)(C)C(C)(C)O1)=O,2.235777926,2.87496648,-1.836001473,-0.764290228,2.121122319,1
Anion_2007,C[N+]1=[N+]=Cc2ccc(CC(=O)[O-])cc21,0.01697237,1.256309226,0.499403245,-0.566103034,-1.752998942,5
Anion_2008,O=C([O-])CN1CCC(F)(F)CC1,5.531721673,2.235346119,2.389008699,-3.57050528,0.440543351,11
Anion_2009,CCCC[N+]1=NC=C(C(=O)[O-])[C-]1C,1.328530385,0.858275226,-1.658388959,-0.637722933,0.628358073,20
Anion_2010,CCCC[n+]1ccc(C(=O)[O-])[n-]1,0.464468393,0.49515985,-1.648440341,-1.303851663,0.673054234,2
Anion_2011,O=C([O-])c1c[c+](COc2ccc(F)cc2)o[n-]1,-2.928265039,-0.384914699,-0.462620142,-2.230338993,0.026581486,0
Anion_2012,O=C([O-])c1c[c+](Cc2ccc(F)cc2)o[n-]1,-3.095535765,-0.229700562,-1.314081148,-0.411787654,1.638216735,10
Anion_2013,O=C([O-])C1=CC=[N+]=[N+]1CCC(F)(F)F,0.249225062,-2.533761327,0.059905651,-2.12633258,-0.314668732,17
Anion_2014,O=C([O-])C1=CC=[N+]=[N+]1C1CC1,0.956652455,-2.543125469,-0.914953467,-1.866057141,-0.290098859,17
Anion_2015,O=C([O-])CCC(=O)c1ccc(Cl)c(F)c1,-0.809855171,-0.272591248,-0.58244236,4.388115418,-2.129182845,13
Anion_2016,Cc1c(C(=O)[O-])[s+]c2nc[n+](C)c([O-])[c-]12,-2.532459389,-1.718989276,-0.073227969,0.611046023,1.21422569,15
Anion_2017,O=C([O-])c1c[s+]c(-c2ccc(Cl)cc2Cl)[n-]1,-4.812779963,1.092600019,1.298108312,-1.289579253,-1.0557955,0
Anion_2018,C[n+]1ccc(CC(=O)[O-])[n-]1,2.669722113,1.544978253,-1.053072622,-0.556079992,-1.090792845,20
Anion_2019,O=C([O-])C(F)(F)c1cccc(Cl)c1,-0.505570102,-2.421872832,-0.331310271,0.063643278,0.547059039,2
Anion_2020,CN1C=C(C(=O)c2cccc(Cl)c2Cl)C=C1C(=O)[O-],-2.443675572,0.9167709,4.017459441,-1.119815288,0.320321477,18
Anion_2021,O=C([O-])COc1ccc(N2CCCC2=O)cc1,-0.951763438,2.5527529,-0.864067409,0.013981342,-0.156056303,6
Anion_2022,O=C([O-])C1=[N+]=[N+]=[N+](c2ccccc2F)[C-]1C(F)(F)F,-3.793874426,-1.079688214,0.837422662,-0.44350009,1.233893855,15
Anion_2023,CCOC1=C(C(=O)[O-])C=[N+]=[N+]1C,2.119980922,-0.439635253,-1.898393442,-1.625121494,-0.398829223,20
Anion_2024,O=C([O-])c1c[s+]c(-c2cccc(Cl)c2)[n-]1,-4.445207394,0.402055551,-0.065252306,-0.443022245,-0.954003407,0
Anion_2025,O=C([O-])CN1CSCCSC1,2.315607164,1.546667658,-0.476470613,-1.318836004,-0.940925287,5
Anion_2026,O=C([O-])CCN1CSCCSC1,2.704931255,1.93266419,-1.091959678,-0.617604269,-0.941302424,20
Anion_2027,Cc1cccc(C(F)(F)C(=O)[O-])c1,0.319634396,-2.001206285,-0.474909791,-0.270299215,0.503559905,2
Anion_2028,O=C([O-])c1coc(C2CCOCC2)n1,-0.205878347,-0.40246806,-1.136611192,-1.228810531,-0.32579096,2
Anion_2029,COC(=O)C1CCN(C(=O)CCC(=O)[O-])CC1,1.72875542,0.709683852,-2.317027969,2.587512383,0.15895895,9
Anion_2030,O=C([O-])C(F)(F)c1ccccc1Br,0.139452909,-2.704604388,-1.183918198,0.766268033,0.288429121,17
Anion_2031,O=C([O-])C1=[N+]=[N+]=[S+2]=C1[S+]=c1[c-]cc(Cl)cc1,-4.000386897,-2.769986906,6.104785934,-0.93075309,-0.402964778,21
Anion_2032,O=C([O-])Cc1[c+]o[n-]c1,2.26855667,-0.972344228,-0.28344049,-0.071906544,-2.381923086,20
Anion_2033,Cc1ccc(C2=[S+3]#[N+]N=C2C(=O)[O-])cc1,-3.695781514,-2.62202165,1.750715269,-0.991595657,-1.680776364,8
Anion_2034,CC(=O)C1=CN=C2C(C(=O)[O-])=CN=[N+]2[C-]1C,-3.7403969,0.69007541,0.179981981,-0.177326007,-1.992048985,0
Anion_2035,COC1(C(=O)[O-])CCC1,6.431583968,-0.973368598,-0.60440329,-1.264955284,1.646604567,11
Anion_2036,COc1ccc(Br)cc1C1(C(=O)[O-])CC1,1.306530396,-0.828502401,1.62249206,-0.047838469,1.38917579,7
Anion_2037,CC1=[N+]=[NH+]C(CC(=O)[O-])=N1,1.480837114,-0.073355776,-0.599590822,-2.358709936,-2.246971919,5
Anion_2038,O=C([O-])C1(c2c(F)cccc2Cl)CC1,2.284586476,-0.172832669,3.597982903,-0.405956823,0.209280246,14
Anion_2039,COCCN(CC(=O)[O-])C(=O)OC(C)(C)C,5.048070945,0.872523639,1.365511146,0.427669863,2.094012285,11
Anion_2040,O=C([O-])c1cc(Br)[nH+][n-]1,-0.314714195,-1.607910338,-1.546355518,-1.222225997,-0.680177191,2
Anion_2041,O=C([O-])c1c[n+](Cc2ccc(F)c(F)c2)c[n-]1,-2.603249232,2.577243153,-0.816357987,-0.803506397,-0.361713894,10
Anion_2042,O=C([O-])C1=CC(=C2C=CC(Cl)=C[C+]2Cl)O[N-]1,-5.200917027,0.178655035,0.774902827,-0.924248402,0.555747311,0
Anion_2043,C[N+]1=C(C(=O)[O-])C=[N+]=C1S,1.199461191,-2.18482249,0.797190785,-0.968712934,-0.069500613,17
Anion_2044,COc1cc2oc(=O)cc(C)c2cc1CCC(=O)[O-],-0.746114474,0.829389929,-1.210656747,3.933929394,-0.711416194,13
Anion_2045,Cc1ccc(S(=O)(=O)N2CCC(CC(=O)[O-])CC2)cc1,1.263465945,-0.102329869,-1.482044227,2.448136533,-1.273366303,9
Anion_2046,O=C([O-])C1=[N+]=[N+](c2ccc(Cl)cc2)C=CC1=O,-2.791271593,-2.899742662,2.461767952,2.294728783,4.245287204,21
Anion_2047,CC[N+]1=[N+]=C(C2CC2)C=C1C(=O)[O-],0.11460975,-2.105673174,-1.604659599,-1.078278985,1.091146164,2
Anion_2048,CC(=O)c1c(C)[n+](CC(=O)[O-])c2cccc[c-]12,0.574517458,0.893915294,4.244676952,-0.409275052,-0.824270117,18
Anion_2049,O=C([O-])C1=[N+]=[N+](c2ccc(F)cc2)C=CC1=O,-2.25254986,-3.087807781,2.562998175,2.016566,3.830686917,21
Anion_2050,O=C([O-])CCc1ccc(S(=O)(=O)F)cc1,-0.155701032,0.903773811,-0.466073421,3.3378662,-1.55719421,13
Anion_2051,O=C([O-])c1cn[n+](-c2ccccc2)[c-]1C(F)F,-1.387179448,0.159956894,1.312500058,-0.003849073,0.634582897,3
Anion_2052,CC(C)(C)OC(=O)N1CCC2=N[NH+]=C(C(=O)[O-])[C-]2C1,-0.909082723,0.081042634,2.261487593,-3.235042247,0.758817898,3
Anion_2053,CC(=O)c1c[n+](CCC(=O)[O-])c2cccc[c-]12,0.279477953,-0.299313819,-1.117545887,2.763512897,-0.865457234,13
Anion_2054,CC1=C(C(=O)[O-])OC(C2CC2)=N1,-0.048629771,-1.383787725,-0.845572462,-1.415085323,0.485389712,2
Anion_2055,CC1=[N+]=C(C2CCCC2)[S+]=C1C(=O)[O-],-1.389022383,-0.592209334,-0.335217453,-0.073190158,1.358038605,2
Anion_2056,CC1=[N+]=[N+]=C(CC(=O)[O-])N1,2.528772965,-0.391834372,0.897678911,-2.954462065,-2.079746353,20
Anion_2057,O=C([O-])C1CCN(C(=O)C2CCCCC2)CC1,1.008643802,3.120750182,-0.924826465,-1.018635567,1.828282085,6
Anion_2058,O=C([O-])c1c[s+]c(-c2cccc(C(F)(F)F)c2)[n-]1,-4.812859938,0.852541106,-0.110779757,-0.403995302,-0.681619947,0
Anion_2059,O=C([O-])c1cc2ccc(OC(F)(F)F)cc2[nH]1,-3.572007434,-0.084920709,-0.117921784,-1.76231404,0.726056425,0
Anion_2060,O=C([O-])C1(CCOCc2ccccc2)CC1,2.441078018,-0.165828378,0.38681827,2.158534673,1.179889054,7
Anion_2061,O=C([O-])c1cnc2n1CCC2,1.72312542,-1.108133581,-0.734507946,-2.094797813,-0.689426475,20
Anion_2062,O=C([O-])C=Cc1ccc(F)cc1Br,-2.053673057,-0.477134053,-0.51316274,0.490814366,0.239303728,10
Anion_2063,CC1=CC(=c2onc(C)c2=C([O-])[O-])[N-]O1,-0.263637241,-2.891368476,3.025738239,-0.143596601,-0.388154367,21
Anion_2064,O=C([O-])C1=[N+]=CO[N-]1,-0.345599203,-5.035287858,-1.072119046,-0.727690323,-1.258632128,8
Anion_2065,CC(=O)C1=CC(=C([O-])[O-])[N+](C)=C1,-0.377073016,-1.290991145,-0.489116827,-0.509052816,-0.299724335,2
Anion_2066,O=C([O-])CSCC1CC1,4.201031532,-0.726978972,-2.5516841,-0.623144037,0.673377572,20
Anion_2067,O=C([O-])Cc1coc2c(Cl)c(Cl)ccc12,-0.209928563,1.620355551,3.25160955,-1.383733012,-2.06784289,18
Anion_2068,Cc1ccc2c(c1)C(=O)N(CCCC(=O)[O-])C2=O,-0.598641635,1.587185549,0.296246338,3.327430648,-3.092205413,13
Anion_2069,O=C([O-])c1c[s+]c(-c2ccc(Cl)c(Cl)c2)[n-]1,-5.275360916,0.951726799,0.477991786,-0.957238736,-1.082285287,0
Anion_2070,O=C([O-])C1=Cc2cc(F)ccc2OC1,-1.993163315,-1.124521175,-0.180232957,-0.493517721,0.346112481,15
Anion_2071,O=C([O-])c1cc2c(Br)c(F)ccc2[nH]1,-2.869418878,-2.783713928,-1.662850128,-0.244197803,0.941002009,15
Anion_2072,CC(C)(C)OC(=O)N1CC(N2C=C(C(=O)[O-])C=N2)C1,-2.573159503,2.286516256,-3.662830115,0.258217169,4.463091575,10
Anion_2073,CC[N+]1=C(C(=O)[O-])C=[N+]=N1,0.223552553,-3.290521908,-0.233161764,-1.779968966,-1.102912176,17
Anion_2074,CC1=C(C(=O)[O-])CCS1(=O)=O,0.034755158,-4.388719224,-0.367460336,-0.787968715,0.408624384,17
Anion_2075,O=C([O-])C=CC1=C[N+](Cc2ccccc2)=[N+]=N1,-4.154275329,3.376646943,0.310507785,-2.068029138,0.159622462,0
Anion_2076,O=C([O-])C1=[N+]=[N+](c2ccccc2)C(=O)CC1=O,-3.118143671,-4.997144684,3.371044192,2.710873889,2.707202453,21
Anion_2077,O=C([O-])CCc1ccno1,2.843145641,-0.900650281,-1.553517887,1.864890149,-1.644867624,9
Anion_2078,CC1=C(Br)[CH+]C(=C([O-])[O-])O1,-0.492445821,-2.344818719,-2.209136557,-1.026459719,0.869628779,2
Anion_2079,Cc1oc(C)c(C(=O)[O-])c1Br,2.560307668,-2.187497248,0.52178205,0.02861189,1.667069511,7
Anion_2080,CCC1=C(C)[CH+]C(=C([O-])[O-])O1,0.322977513,-0.935662587,-1.531981832,-1.300357475,0.831836001,2
Anion_2081,O=C([O-])C1=[N+]=CC(Cl)=[S+]1,-2.681796819,-4.81084507,-0.570894613,-1.022775759,-0.797382196,8
Anion_2082,CC1=[NH+]C(=C[O-])C=C1C(=O)[O-],-0.120021866,-1.406104807,-0.812687304,0.569790716,-0.885914702,2
Anion_2083,O=C([O-])CCc1c[c+]o[n-]1,2.748109927,-0.35537137,-0.938035975,1.26834723,-2.229829797,9
Anion_2084,C[S+]=c1cc(C(=O)[O-])o[c-]1C,-0.203092314,-1.587124446,-1.485328864,-1.033704845,1.006226301,2
Anion_2085,O=C([O-])CN1CCOC(=O)C1,3.767590999,0.154725552,3.596930692,-1.010442647,-0.995222128,14
Anion_2086,CC[N+]1=[N+]=C(C(=O)[O-])C(Br)=C1C,1.808512047,-1.855214216,0.647643124,-0.839498511,2.539503671,7
Anion_2087,O=C([O-])c1oc2ccccc2c1Cl,-0.946430087,-4.995830346,1.423672316,-0.208958115,2.925174434,21
Anion_2088,O=C1C=C(C(=O)[O-])OC(=O)C1,-3.268511198,-5.676234753,-0.50720668,-0.114156659,-0.697858735,8
Anion_2089,CC1=[N+]=C(CSCC(=O)[O-])C=[S+]1,-0.16917981,0.401121498,-0.343127688,0.507087534,-0.586979624,5
Anion_2090,O=C([O-])c1ccc(-c2ccco2)o1,-2.397955145,-0.334047823,-0.430019383,-1.850443946,-0.767008911,0
Anion_2091,O=C([O-])CCCCCC(=O)c1cccs1,0.61721865,-0.911644595,-0.736297904,4.096398024,-2.772888194,13
Anion_2092,Cc1cc2c(cc1C)[C+](C)C(=C([O-])[O-])O2,-2.244179376,-0.924075298,-0.824576175,-0.4592186,1.820836732,15
Anion_2093,CC1=CC(=O)CC(=O)N1CC(=O)[O-],0.912352141,0.003096822,3.715810824,-0.017909002,-2.031155287,14
Anion_2094,CC[N+]1=[N+]=C2CCCC2=C1C(=O)[O-],1.16331799,-2.209821729,0.383245407,-1.576076547,0.69760957,17
Anion_2095,C[n+]1c([O-])cc[n+](CC(=O)[O-])c1[O-],1.060655592,0.049013142,2.679967598,-0.996642988,-1.366438508,14
Anion_2096,CC[N+]1=[N+]=C2CCCCC2=C1C(=O)[O-],1.353284046,-1.561241113,1.466512201,-1.583875892,1.467267956,17
Anion_2097,CC1=C(C(=O)[O-])C=[N+]=C2N=CN=[N+]21,-1.288341557,-3.076386449,0.807766077,0.651262524,-0.449008497,8
Anion_2098,O=C([O-])C(=O)c1[c-][n+](-c2ccccc2)nc1,-3.657955856,-1.226745064,0.904831847,-1.197574505,-0.522103608,0
Anion_2099,CCCC[N+]1=[N+]=C(C(=O)[O-])C=CC1=O,-3.00405761,-2.231007084,0.420576398,-0.527833313,-0.038078531,15
Anion_2100,CC1=[N+]=C(c2ccccc2)[S+]=C1CC(=O)[O-],-1.982081187,1.595586775,0.251107425,0.739801013,-0.815179767,4
Anion_2101,O=C([O-])Cc1c[s+]c(Cc2ccccc2)[n-]1,-0.271907557,1.610816177,-0.659533073,2.128122514,1.879199371,6
Anion_2102,O=C([O-])Cc1cc[n+](Cc2ccccc2)[n-]1,-0.842091858,4.798240946,1.539519244,-1.569154809,-0.924763472,16
Anion_2103,Cc1ccccc1-[n+]1c(C)cc(C(=O)[O-])[c-]1C,-0.556207022,2.367159684,0.130133737,-0.491979495,1.020044353,6
Anion_2104,CC1=[N+]=C(c2ccc(C)cc2)C(CC(=O)[O-])=[S+]1,-1.353163719,-0.186166284,-0.850861146,0.042981364,1.664374022,10
Anion_2105,COc1ccc2c(C)c(C(=O)[O-])oc2c1C,-2.532728894,0.142912812,-0.297248533,-1.251462684,1.313955641,10
Anion_2106,CCOCc1c(C(=O)[O-])oc2ccccc12,-1.822122552,-2.758703784,-0.134526733,-0.37272773,1.461138107,15
Anion_2107,O=C([O-])C[N+]1=C2[CH-]C(Cl)=CC=C2OC(=O)C1,1.701978521,-0.165340559,3.264637808,0.536202911,-0.375826442,14
Anion_2108,O=C([O-])C[N+]1=[NH+]C(=O)c2ccccc2C1=O,-2.206869108,-0.100983166,4.187437709,-1.156738576,-1.313882126,18
Anion_2109,CC1=[N+]=[N+](c2ccccc2)C(C)=C1CCC(=O)[O-],0.678117046,1.909346231,-1.707933586,3.36246994,0.413705882,6
Anion_2110,O=C([O-])C1CCN(Cc2c[nH+]c3cccc[c-]23)CC1,0.981923161,0.997180102,-1.650842934,3.122100609,1.409765006,9
Anion_2111,O=C([O-])C[S+]=C1N=[N+](c2ccccc2)C(=S)S1,-4.82224319,0.092238495,-0.093562503,0.532967958,2.068541843,10
Anion_2112,O=C([O-])CC1CCN(S(=O)(=O)c2ccccc2)CC1,0.851114408,-0.035236072,-2.381851813,2.567470021,-1.803697118,9
Anion_2113,COc1ccc2c(c1OC)OC(=O)C(CCC(=O)[O-])C2C,-0.510223705,2.884641336,-1.823426797,2.695434614,1.157550565,6
Anion_2114,CC(C)c1ccc(C(=O)[O-])[nH]1,0.998474679,0.208742535,-1.62431292,-2.044032953,-0.534176699,5
Anion_2115,O=C([O-])Cc1cncc(F)c1,0.799453286,-0.780388592,-0.039872943,0.815920092,-1.381857278,9
Anion_2116,Cc1cc(CCC(=O)[O-])ccn1,2.094548344,0.075621848,-0.873176147,1.763079031,-1.915273427,9
Anion_2117,Cc1[c-]c2[nH+]c(C)c(CC(=O)[O-])c-2c(C)c1,2.425181555,2.330322363,1.163799635,1.679940908,1.043871621,7
Anion_2118,COC(=O)c1ccc(C(=O)[O-])n1C,-1.08566432,-0.887705285,-0.557122145,0.009609517,0.421309432,2
Anion_2119,CCOc1ccc2c(c1)C(C(=O)[O-])=CN2,1.014983989,1.141021107,1.732660353,-1.42006752,-0.205558239,5
Anion_2120,C[S+]=C1C(CC(=O)[O-])=[N+](C)c2ccccc21,2.0106466,1.493642911,4.626303321,-0.710693787,-0.037158553,14
Anion_2121,CCc1cccc2c(CC(=O)[O-])c[nH+][c-]12,-0.524823866,3.714133266,0.00907353,-1.133960008,-0.218241023,16
Anion_2122,Cc1[nH+]c2[c-](C)c(C)ccc-2c1CC(=O)[O-],0.732092554,2.73693161,0.655816149,-1.434565204,-0.663819977,5
Anion_2123,Cc1ccc(C)c2c1[nH+]c(C)[c-]2CC(=O)[O-],1.942083055,2.504966002,0.743614714,0.41956479,0.079947587,5
Anion_2124,O=C([O-])CCc1ccc(-c2ccc(F)cc2)[nH]1,0.016202332,0.451765117,0.532348886,0.016027024,-1.885082276,5
Anion_2125,COc1cccc2c(CC(=O)[O-])c(C)[nH+][c-]12,0.837793362,3.382720229,1.716734947,-1.799912656,-0.179156477,16
Anion_2126,O=C([O-])CC1=C(F)C(F)=[N+]=C(F)[C-]1F,0.907564947,-1.121441926,3.722954174,0.191395606,-1.322604517,14
Anion_2127,CC1=CC(C(=O)[O-])=C(C)N1c1ccc(Cl)cc1,-2.208355077,3.112257053,-0.182702805,-0.856580234,0.7774584,16
Anion_2128,Cc1ccc(C[N+]2=CC=CC(=C([O-])[O-])C2=O)cc1,-1.764214236,-0.057151357,-0.008865754,1.966441715,3.554766266,10
Anion_2129,CC1=CC(CC(=O)[O-])=C(C)[N+]1=c1[c-]c(C)cc(C)c1,-1.41398219,4.399739937,-1.006769415,0.864486698,1.189075283,6
Anion_2130,COc1ccc(C[N+]2=CC=CC(=C([O-])[O-])C2=O)cc1,-2.030863485,0.316779485,0.230890962,1.902669306,3.795410064,10
Anion_2131,O=C([O-])c1ccc([O-])[n+](Cc2ccccc2Cl)c1,-2.483171481,0.102941003,0.481902086,-1.93447515,-0.14868947,0
Anion_2132,O=C([O-])c1[nH+]nc(Br)[c-]1Br,-0.960648776,-4.097939764,-0.787367568,-1.254710069,-0.146334774,8
Anion_2133,CC1=[N+]=[N+](CC(=O)[O-])C(C)=C1I,0.701065439,0.881129722,4.231333362,-0.710975937,-1.229304557,18
Anion_2134,Cc1c[n+]2c([n-]1)=[S+2]=CC=2CC(=O)[O-],1.04087867,-1.452172569,-1.654706803,0.647689865,-0.494712974,9
Anion_2135,O=C([O-])C1=CC(=C2C=[NH+]c3ccccc32)O[N-]1,-4.041548955,1.035399821,0.597529057,-2.321113309,0.529093324,0
Anion_2136,O=C([O-])C1=[N+]=[N+]=[S+2]=C1COc1ccccc1,-3.879281047,-3.069184775,1.429448987,0.841769626,-1.030989662,8
Anion_2137,O=C([O-])CC1=CC=c2oc(=C3C=CC=C[N-]3)nc2[CH+]1,-4.50235694,3.840353908,0.639298397,2.482950246,0.354529273,6
Anion_2138,Cc1ccc(-c2c[n+]3c([n-]2)=[S+2]=CC=3CC(=O)[O-])cc1,-1.459012905,0.328253814,-1.386021214,1.515639536,0.974979693,10
Anion_2139,O=C([O-])C1=[N+]=[N+](c2ccccc2)C2=C1CCCCC2,-1.274180765,0.697224129,0.671302729,-0.266154093,2.566821399,10
Anion_2140,CC1=[N+]=[N+](CC(=O)[O-])C=C1I,-0.357754923,0.390739028,1.6955036,-1.011620944,-1.94542541,3
Anion_2141,CC1=[N+]=[N+](CCC(=O)[O-])C=C1I,0.519076464,0.274947478,-0.580219708,2.209963724,-1.843266872,13
Anion_2142,O=C([O-])CC[n+]1cc(I)c[n-]1,0.836928325,-0.219787522,-0.548385052,2.722893652,-1.825822227,13
Anion_2143,CC1=C(I)C=[N+]=[N+]1CC(=O)[O-],0.096799694,0.742808774,2.982101798,-1.208747991,-2.070402253,18
Anion_2144,CCOC(=O)C1=[N+]=C[NH+]=C1C(=O)[O-],-0.574086907,-3.136367794,-0.326104927,-1.282900581,-1.223086745,8
Anion_2145,CC1=C(I)C=[N+]=[N+]1CCC(=O)[O-],-0.263656343,2.186135749,1.626507021,-0.216729754,-1.984940981,5
Anion_2146,CC1=[N+]=[N+](CCC(=O)[O-])C(C)=C1I,-0.290413377,2.158091047,1.286021215,0.351511261,-1.123444104,5
Anion_2147,CC1=[N+]=c2nccc(C(=O)[O-])[n+]2=N1,-3.5741784,-4.812863969,1.165543094,-0.80810928,-0.933145317,8
Anion_2148,O=C([O-])C[S+]=C1[N+]#[N+]c2cccc[n+]21,-0.002786164,-1.716507291,-0.140503943,2.812944571,-1.815588478,13
Anion_2149,O=C([O-])C1=C[NH+]=C2N=c3ccccc3=[N+]2C1=O,-2.522256115,-0.723586471,1.126374459,0.07607733,0.446966093,15
Anion_2150,O=C([O-])C1=[N+]=[N+](c2ccccc2)C(=S)c2ccccc21,-2.710033825,-3.591493924,4.378169932,1.237645305,2.098900668,21
Anion_2151,Cc1ccc([N+]2=C[N+]#[N+]C2=[S+]CC(=O)[O-])cc1,0.719629056,-0.239659447,-1.125008785,0.949767322,-0.673082998,9
Anion_2152,O=C([O-])CC[n+]1c([O-])oc2cc(Br)ccc21,0.482627686,-0.180141517,-1.834123703,2.995438968,-0.553040552,13
Anion_2153,O=C([O-])C1=[N+]=[N+](Cc2ccccc2)C(=O)c2ccccc21,-3.064591919,-1.391315627,2.256660737,-0.954131635,1.853951172,21
Anion_2154,COc1ccc([N+]2=C[N+]#[N+]C2=[S+]CC(=O)[O-])cc1,0.580981568,-0.247589391,-1.09047405,0.778908842,-0.39749979,9
Anion_2155,O=C([O-])C[N+]1=[N+]=C2c3ccccc3C(=O)c3cccc1c32,-3.646209818,1.852341213,4.218062167,0.598777639,-2.268170388,4
Anion_2156,C=CC[N+]1=C(Cc2ccccc2)[N+]#[N+]C1=[S+]CC(=O)[O-],-0.466658937,0.633803684,-1.359737861,1.678344862,0.833061209,6
Anion_2157,O=C([O-])CC1=C[N+](=c2[c-]cccc2)N=C1c1ccc(F)cc1,-2.437746262,1.37755229,-0.945519205,-0.027989837,1.940407378,10
Anion_2158,CC1=[N+]=CO[C-]1CC(=O)[O-],3.660390914,-0.120056447,1.15074408,-0.357382351,-1.180712105,20
Anion_2159,O=C([O-])C1=[N+]=C2C=[N+]=CC=C2N1,-2.929230813,-4.129584556,-0.887826011,-0.755936874,-0.242142842,8
Anion_2160,Cc1onc(C(C)(C)C)c1C(=O)[O-],2.685570106,-2.405923694,2.734009724,-0.534358618,1.435720007,7
Anion_2161,CN1C(=O)CN(CC(=O)[O-])C1=O,3.132167984,0.331184204,4.30209242,-0.896372049,-0.635065404,14
Anion_2162,CC1=C(C(=O)[O-])C=[N+]=C2C=CN=[N+]21,-0.937236756,-2.353805792,0.496949034,0.858714683,0.188923928,8
Anion_2163,CC1=[N+]=[n+]2ncccc2=C1C(=O)[O-],-1.233347531,-1.522228791,0.987274274,0.260816579,-1.735559941,3
Anion_2164,O=C([O-])C[N+]1=[NH+]c2ccccc2C1=O,-0.558476564,-0.668572397,4.277885015,-1.915159447,-1.097560621,18
Anion_2165,Cc1ccccc1-c1noc(C)c1C(=O)[O-],0.72623518,-1.745191309,1.962682999,-0.939577522,0.212770448,3
Anion_2166,CC[n+]1c(SCCC(=O)[O-])nc2cccc[c-]21,-0.480744001,2.28673763,0.616713328,-0.873084481,-1.874006081,5
Anion_2167,COC(=O)c1cc(=C([O-])[O-])[n+](=C2C=CC=C[CH+]2)[n-]1,-2.725620788,-2.369610228,0.229782991,-0.183901818,1.990183593,15
Anion_2168,COC1=CC(C(=O)[O-])=NN1c1ccccc1Cl,-2.348334638,0.460496441,0.421124098,-0.716401448,2.066195222,10
Anion_2169,CCCOc1ccccc1C1=[N+]=[N+]=C(SCC(=O)[O-])N1,-1.317673205,-1.454155693,-1.02816089,2.182505364,-1.440258556,13
Anion_2170,CC1=[N+]=[N+](c2cccc(C(F)(F)F)c2)C(C)=C1CC(=O)[O-],-0.564939974,5.017458264,5.772281523,-1.436765538,0.051346434,18
Anion_2171,Cc1c[s+]c(CCC(=O)[O-])[n-]1,1.478610545,0.274587204,-1.339845288,2.201223501,-0.542943914,9
Anion_2172,Cc1onc(-c2ccc(Cl)c(Cl)c2)c1C(=O)[O-],-1.15667243,-1.105726546,2.579977502,-1.660589707,-0.36122257,3
Anion_2173,Cc1onc(-c2cccc(Cl)c2Cl)c1C(=O)[O-],1.270489549,-1.306331667,6.770846599,-0.312428468,2.004786248,12
Anion_2174,CC1=[N+]=[N+](c2ccccc2)C(C)=C1SCC(=O)[O-],0.030378448,0.776302664,-1.307438193,2.672184898,0.785063414,6
Anion_2175,O=C([O-])c1cnc(S)[nH]1,0.28550862,-2.646572786,-0.367744595,-1.643469048,-1.138586785,17
Anion_2176,O=C([O-])CC1=CC(=O)[N+](=c2cccc[n-]2)N1,-0.633566024,0.656636147,4.319293252,-1.63879344,-1.94168212,18
Anion_2177,C[n+]1c([O-])c(Br)c(C(=O)[O-])[n+](C)c1[O-],0.044135185,-6.496147954,2.940712176,-0.341583917,3.519270419,21
Anion_2178,N#Cc1c[n+](CCC(=O)[O-])c([O-])[nH+]c1[O-],-0.358340099,-1.170232491,-0.33396389,3.079713888,-2.540344083,13
Anion_2179,Cc1c(C#N)c(=O)[nH+]c([O-])n1CC(=O)[O-],0.108950826,-0.946196449,3.617976466,0.298073394,-1.825575981,3
Anion_2180,CC1=CC=CC(=C2N=C(CC(=O)[O-])C=[S+]2)[CH-]1,-3.256181496,3.728550932,0.421198896,0.652670427,-0.084511665,16
Anion_2181,O=C([O-])Cc1c[s+]c(-c2cccc3ccccc23)[n-]1,-3.621121824,2.538462696,-0.645833074,2.397100916,1.708713073,6
Anion_2182,O=C([O-])C(=O)c1ccc(Cl)s1,-3.380180666,-3.464264981,1.268825912,0.252077585,-1.105115891,8
Anion_2183,O=C([O-])C1=CC=CC2=[N+]=[S+2]=C[C-]12,-1.946784298,-2.549414797,0.216581149,1.176314867,-2.001052723,8
Anion_2184,Cc1c(C(=O)[O-])[s+]c2n1CC[N-]2,1.379599932,-1.791955955,-0.968032804,-0.58179729,1.569213846,17
Anion_2185,Cc1onc(-c2cccs2)c1C(=O)[O-],0.531119548,-2.086016755,3.059831542,-0.363304895,0.224621005,21
Anion_2186,O=C([O-])Cc1c[s+]c(-c2cccc(Cl)c2)[n-]1,-3.60951465,3.568957524,0.656484619,0.813607224,-0.303730283,16
Anion_2187,O=C([O-])Cc1c[s+]c(-c2ccc(F)cc2)[n-]1,-2.796517771,2.993919077,-0.030493451,1.587100632,0.077919746,6
Anion_2188,CC1=C(C(=O)[O-])[N-]C(=C2C=CC=C[C-]2F)O1,-2.766627124,0.449313071,0.517871538,-0.465605458,0.066983441,10
Anion_2189,O=C([O-])Cc1c[s+]c(-c2ccccc2Cl)[n-]1,-2.123817338,2.581743391,-0.244753385,1.979163261,-0.521306003,6
Anion_2190,O=C([O-])CCC1=[N+]=CC(=C2C=CC(F)=C[CH-]2)O1,-3.303033483,5.967002018,1.045053668,-1.315696487,-0.638694526,16
Anion_2191,CC(C)c1ccc(C2=CC(=C([O-])[O-])[N-]O2)cc1,-4.981814868,1.705228709,1.23562816,-1.949532714,1.091733788,0
Anion_2192,O=C([O-])c1ccc(C2=CC=[S+2]=C2)[nH]1,-1.739810708,0.536779714,0.425009893,-1.63564822,-1.358198367,3
Anion_2193,O=C([O-])c1ccc(-c2ccco2)[nH]1,-1.813385625,0.23141943,-0.71449929,-1.959097827,-1.33662778,2
Anion_2194,O=C([O-])C[N+]1=[S+2]=C([O-])c2ccccc21,-0.558051105,-0.534123816,1.81473803,-0.187807048,-2.78420278,3
Anion_2195,COC(=O)C1=[N+]=CO[C-]1CCC(=O)[O-],1.003236935,0.418267708,-0.581576902,1.920983616,-1.349018053,9
Anion_2196,O=C([O-])c1cc(=O)[n+]2c([nH]1)=NC=[N+]=2,-3.592949173,-5.25432036,-0.580218768,-1.373103736,-0.099131198,8
Anion_2197,O=C([O-])C[N+]1=[N+]=[N+]=C(c2cccs2)[N-]1,-2.023252364,1.011387896,3.254182211,-1.510016946,-1.579867356,18
Anion_2198,O=C([O-])CC[n+]1c([O-])oc2cc(Cl)ccc21,0.786267896,-0.423655955,-1.705104764,2.964315175,-0.681145283,9
Anion_2199,O=C([O-])C=CCN1C(=O)c2ccccc2S1(=O)=O,-4.900475883,1.988952521,0.763854343,0.408950191,-2.016200333,0
Anion_2200,O=C([O-])C(=Cc1ccco1)[N+]1=[N+]=[N+]=[N+]=C1c1ccccc1,-2.440202075,-3.119714712,1.959299629,0.880287688,2.916778461,21
Anion_2201,O=C([O-])C(=Cc1cccs1)[N+]1=[N+]=[N+]=[N+]=C1c1ccccc1,-2.818244541,-3.122694461,1.891821373,1.04741698,2.683746049,21
Anion_2202,C[S+]=C1C=CC(=C([O-])[O-])O1,-0.154343486,-1.808132113,-0.511276882,-1.683643633,-0.499941683,2
Anion_2203,CCc1oc2ccccc2c1CC(=O)[O-],0.228491464,0.466641363,-0.916575669,0.185876669,0.061574767,2
Anion_2204,O=C([O-])c1ccc(COc2ccccc2)s1,-2.526627672,-0.592398129,-2.189067881,0.200032495,1.540412128,15
Anion_2205,CC1=C(C(=O)[O-])[CH+]C(=C2C=CC=C[C-]2Cl)O1,-2.306833117,0.959880327,-0.165799377,-0.296425049,0.522052521,10
Anion_2206,Cc1oc2c(F)c(F)c(F)c(F)c2c1C(=O)[O-],-0.35440796,-1.435363664,1.344058326,-0.252057138,0.812512469,3
Anion_2207,Cc1oc(=C2C=CC=C[CH-]2)c(=C([O-])[O-])c1C,1.136468976,-0.827730796,3.040489038,0.324363456,1.863887292,7
Anion_2208,Cc1oc2ccc(OCc3ccccc3)cc2c1C(=O)[O-],-1.724253818,1.981100471,2.111886334,-3.45144681,0.067282063,18
Anion_2209,O=C([O-])CCN1CCC1,5.805749459,0.907970209,-2.436551698,-1.330474682,-0.091041461,1
Anion_2210,O=C([O-])C1=[S+2]=C(Cl)C=C1Br,-1.014707855,-4.078828345,1.265102552,-0.541392338,0.697210792,21
Anion_2211,O=C([O-])c1cc2c(s1)CCCCCC2,-1.376575673,-0.8476595,-2.294584502,-0.340154092,1.44162302,2
Anion_2212,O=C([O-])Cc1cc2c(cc1Br)OCCO2,0.099941271,1.817023784,0.202142542,-1.633719105,-0.599597025,5
Anion_2213,COCC1=CC=[S+2]=C1C(=O)[O-],0.57960424,-2.990769725,-0.913957955,-0.366367484,-0.699562456,17
Anion_2214,CC1=CC=C(C)[C+]2OC(=C([O-])[O-])C(C)=C12,-1.633750353,-1.744578299,-0.897035845,-0.329129451,1.898427926,15
Anion_2215,COc1ccc2c(Cl)c(C(=O)[O-])[s+]c-2[c-]1Cl,-3.418249737,-2.196990727,2.214397186,-0.722693472,2.460362288,21
Anion_2216,O=C([O-])C1=[S+2]=c2cc(Cl)cc(Cl)c2=C1Cl,-3.305524261,-3.789696407,2.049838048,0.184425311,3.06197429,21
Anion_2217,O=C([O-])COC1=CC=[N+]=C[CH-]1,0.958285772,-0.523660857,-0.214256037,-0.58101602,-2.078572311,5
Anion_2218,CC1=C(C)C(=O)N(CCC(=O)[O-])C1=O,1.669226006,1.152576744,8.631925345,3.312953836,-1.246560063,12
Anion_2219,COc1[c-]c2cc[n+](CCC(=O)[O-])c-2cc1,0.095515965,1.667862989,-1.959789609,2.824469613,1.088022983,6
Anion_2220,COC1=C[C-](CC(=O)[O-])O[N-]1,0.852021704,0.919872797,0.037123434,-1.362764553,-1.644634067,5
Anion_2221,CC1=CC=[S+2]=C1C(=O)CCC(=O)[O-],0.65418519,-0.278117631,-0.493526967,3.720180005,-1.852138361,13
Anion_2222,CCCc1occc1C(=O)[O-],1.597623382,-0.53494161,-0.955564313,-1.74516955,-0.369355336,20
Anion_2223,CC(C)(C)S(=O)(=O)C1=CC=[S+2]=C1C(=O)[O-],-0.381074728,-3.384130393,4.336545368,-0.536298942,1.485708715,21
Anion_2224,O=C([O-])c1c(-[n+]2[c-]ccc2)[s+]c2[c-]1CCC2,0.946988968,-2.038253538,2.085608742,0.030178615,2.185205625,21
Anion_2225,Cc1oc(C(C)C)cc1C(=O)[O-],1.096612377,0.198935031,-1.338633192,-1.38373646,0.659727021,2
Anion_2226,O=C([O-])C1=CC(=C2C=CC=[S+]2)C=[S+]1,-3.246650109,-0.205164353,-0.271808119,-1.393537606,-0.793986999,0
Anion_2227,CCOc1ccc2c(C)c(C(=O)[O-])oc2c1OCC,-3.291092333,0.921430431,0.465313871,-2.72168272,0.990373855,0
Anion_2228,CCCCCCC(CC)(CC)C(=O)[O-],3.484416723,4.863792142,2.905856991,-3.27624916,2.155775424,18
Anion_2229,CCN(CC)C(=O)OCC(=O)[O-],3.072403276,0.678173782,-0.705434662,-2.051205234,0.032658412,20
Anion_2230,O=C([O-])C1([S+]=c2[c-]cccc2)CCCC1,2.502550628,-1.285729647,2.860538127,1.858150236,1.878276015,7
Anion_2231,Cc1cc(CCCC(=O)[O-])c(C)cc1Br,-0.422135083,4.447999255,0.52251432,-1.555802897,-1.409456511,16
Anion_2232,CC(C)N(CC(=O)[O-])C(C)C,6.981869152,1.17487747,2.503631911,-0.954143592,1.803045338,11
Anion_2233,CC(C)CS(=O)(=O)CCC(=O)[O-],3.47362472,0.03713176,-2.041471133,-0.226378249,-0.239461357,20
Anion_2234,O=C([O-])CCSCc1ccc(F)cc1,1.742100579,-0.016427207,-1.815809813,2.060680262,-1.049529166,9
Anion_2235,O=C([O-])CCCCCC(=O)c1ccc(Cl)cc1,0.339872764,-0.521585284,-0.998810467,4.101558618,-2.475889633,13
Anion_2236,O=C([O-])Cc1ccc(OCC2CC2)c(Cl)c1,-1.413495662,4.418585358,0.216913212,-1.163032353,-0.476826954,16
Anion_2237,Cc1ccc(C(=O)CCCCCC(=O)[O-])cc1C,0.736626003,-0.554368066,-1.075575874,3.820954231,-1.904687339,13
Anion_2238,Cc1ccc(C(=O)CCCCCCC(=O)[O-])cc1C,-0.23029829,0.638931737,-0.122926551,2.948195268,-2.127758493,13
Anion_2239,O=C([O-])CCCCc1ccc(Cl)c(Cl)c1,0.390821659,1.765572046,-1.481673844,1.979848421,-1.107332098,9
Anion_2240,C=CCOCCOCCC(=O)[O-],3.435408338,-0.892461907,-1.815230725,1.315196694,-1.692337195,20
Anion_2241,O=C([O-])C1(Cc2ccc(Br)cc2)CC1,1.701370849,0.83008478,1.610295529,1.587313213,1.44555596,7
Anion_2242,O=C([O-])C1(Cc2ccccc2Cl)CC1,2.542814737,-0.256596249,1.684810616,1.411058889,0.687980614,7
Anion_2243,O=C([O-])C1(Cc2ccc(C(F)(F)F)cc2)CC1,1.227234431,1.094905635,1.916267988,1.496383828,1.328476508,7
Anion_2244,CCCC(=O)CCCCCCC(=O)[O-],1.772095525,0.759987524,-0.760451578,0.919745648,-1.931493311,9
Anion_2245,CCCCCC(=O)CCCCCCC(=O)[O-],1.721704706,0.448948045,-0.769018403,0.783372449,-2.113938606,9
Anion_2246,Cc1cccc(CSCC(=O)[O-])c1,1.433488641,-0.353057224,-1.481701328,0.828196399,0.252053833,9
Anion_2247,O=C([O-])C1(Oc2ccccc2)CC1,1.614486024,-0.760821692,1.375496107,-0.483717932,0.038706988,3
Anion_2248,C[N+](C)=C1C=CC(=C([O-])CCC(=O)[O-])C=C1,-0.24112814,1.395123156,-1.380854402,3.524117089,-0.812433795,13
Anion_2249,COc1c(Cl)cc(Cl)cc1CC(=O)[O-],0.059502274,-0.135212333,-0.403283436,-0.117605215,-0.411846202,2
Anion_2250,O=C([O-])CCC(=O)c1cc(Cl)cc(Cl)c1,-1.378352724,0.80410842,0.390513227,3.288004025,-2.383616975,13
Anion_2251,COC1=CC=CC(=C([O-])CCC(=O)[O-])[C+]1OC,-1.451780035,2.324839466,-0.229480327,2.099527789,-1.457013102,4
Anion_2252,COc1ccccc1C1(C(=O)[O-])CCCCC1,3.873064883,-0.250074681,2.230233713,2.136232177,2.710354442,7
Anion_2253,CCCCCOc1ccc(C(=O)CCC(=O)[O-])cc1,-3.006182719,4.188253993,-0.820151623,3.114098002,0.331051023,6
Anion_2254,O=C([O-])CCC(=O)c1cccc(Oc2ccccc2)c1,-2.177865859,1.756848321,-1.330652038,4.894123448,0.601393534,13
Anion_2255,COc1ccc(C(=O)CCCCCC(=O)[O-])cc1OC,0.049566934,0.713317179,-0.447074659,3.359474996,-1.423126535,13
Anion_2256,COc1ccc(C(=O)CCCCCCC(=O)[O-])c(OC)c1,0.067026172,0.94375323,-0.280863008,2.625386253,-1.722741624,13
Anion_2257,O=C([O-])CCCCCC(=O)C1CC1,2.904926944,-0.770243116,-1.528107821,2.097532974,-1.960136583,9
Anion_2258,C[N+](CC(=O)[O-])=C1C=CC(Cl)=[N+]=N1,-1.184360227,-1.11939913,-0.435241558,1.780954911,-0.871443687,13
Anion_2259,CCCc1ccc(C(=O)CCCC(=O)[O-])cc1,-0.521197828,2.433516794,3.029438794,0.924610865,-1.848691234,18
Anion_2260,COC1=CC(=C([O-])CCCCC(=O)[O-])[CH+]C(OC)=C1,-0.660887318,0.959461617,-1.539408462,4.667510645,-0.665698447,13
Anion_2261,CS(=O)(=O)N(CCc1ccccc1)CC(=O)[O-],2.968188067,0.988557064,4.887775236,2.389182203,2.296262451,14
Anion_2262,O=C([O-])CCC(=O)c1cc(Cl)c(Cl)c(Cl)c1,-1.975036819,0.815520258,0.531455696,3.122812247,-2.723938467,4
Anion_2263,COc1ccc(C2(C(=O)[O-])CCCCC2)cc1OC,1.837140615,1.183107241,0.836146182,1.109832154,2.65690513,7
Anion_2264,O=C([O-])CCCCCC(=O)c1cccc2ccccc12,-0.913077992,0.771279385,-1.018310827,5.103204801,-1.497362263,13
Anion_2265,O=C([O-])COc1c(F)c(F)cc(F)c1F,2.487564351,-0.950690267,4.825125135,0.24765954,0.448463693,14
Anion_2266,CC(=Cc1c(Cl)cccc1Cl)C(=O)[O-],0.438921569,-0.513082771,2.209824926,0.889133467,1.334837349,7
Anion_2267,O=C([O-])C=Cc1ccccc1Oc1ccccc1,-2.810177767,0.980446298,0.338579844,-1.082884648,-0.060367061,0
Anion_2268,CCOc1ccc(C=CC(=O)CCC(=O)[O-])cc1,-1.585020519,2.087225638,-0.995795285,4.754784658,-0.841086839,13
Anion_2269,CCOc1ccc(C=CC(=O)[O-])cc1Br,-4.066017254,1.700988418,-2.141787044,0.672572218,2.042848189,10
Anion_2270,CCOC1=CC(=CC=C([O-])[O-])C=C[C+]1OCc1ccccc1,-6.390930005,4.158135793,-2.405272438,-0.035030141,4.499967625,19
Anion_2271,CCOC1(C(=O)[O-])CCC1,5.722693455,-0.301536246,-0.596531913,-1.752550315,1.807935357,11
Anion_2272,COc1c(C)cccc1CC(=O)[O-],1.49356131,0.300569312,-1.336392807,-0.08445124,0.030315706,9
Anion_2273,Cc1ccc(SCC(=O)[O-])c(C)c1,0.751646024,0.016358153,-1.518118342,0.708833092,1.2622901,9
Anion_2274,Cc1ccccc1C(=O)CCCCC(=O)[O-],0.047976017,0.654340654,-1.22865896,3.778584061,-1.1170695,13
Anion_2275,CC1=CC=CC(=C([O-])CCCCC(=O)[O-])[CH+]1,0.588603054,-0.029573213,-1.057750426,3.798558608,-1.781755106,13
Anion_2276,CC1=CC=C(C)C(=C([O-])CCCCC(=O)[O-])[CH+]1,0.301834752,0.369529504,-1.404191628,4.13432231,-0.836345028,13
Anion_2277,O=C([O-])COc1ccc(Br)cc1F,0.360143397,0.764027244,-0.887531418,0.685805611,-0.562453714,9
Anion_2278,CCOc1ccc(OCCC(=O)[O-])cc1,0.294638535,2.984749728,0.559148996,-0.143651314,-0.344376815,5
Anion_2279,C[S+]=C1C=CC(=C([O-])CCCC(=O)[O-])C=C1,-0.449568995,1.655495492,1.439104494,1.487811541,-2.368004191,4
Anion_2280,CC(C)c1ccc(C2(C(=O)[O-])CCCCC2)cc1,2.079290515,0.61824623,0.264532172,2.259360741,2.702759719,7
Anion_2281,O=C1CCC(C(=O)[O-])(c2ccc(Cl)cc2)CC1,2.952043724,-1.136499051,2.889876194,2.771308708,2.701118721,7
Anion_2282,COc1ccc(Cl)cc1C(=O)CCCCC(=O)[O-],-0.325749162,1.498846758,-0.583301543,3.735393082,-1.874971111,13
Anion_2283,CC(C)(CC(=O)c1cccc2ccccc12)C(=O)[O-],-0.847564399,0.348667693,0.973872458,4.951137573,0.305936698,13
Anion_2284,CC(=O)[N+](C)=c1[c-]cc(OCC(=O)[O-])cc1,-0.226017828,1.286746956,-0.575885307,-0.067506064,-0.897659575,5
Anion_2285,Cc1cc(C)c(C(=O)CC(C)(C)C(=O)[O-])c(C)c1,-0.314479357,3.198108933,2.974029625,0.892053061,0.564385771,18
Anion_2286,CN(C)S(=O)(=O)c1ccc(OCC(=O)[O-])cc1,-0.536681585,0.612298798,-0.258056379,0.049319562,-1.251698937,5
Anion_2287,CN(CC(=O)[O-])C(=O)c1ccccn1,1.930052442,-0.574665915,2.994591767,2.116819356,-0.501867268,14
Anion_2288,COCC1=C(C(=O)[O-])C=[N+]=[N+]1c1ccccc1,-1.327890999,0.699852989,-0.605387699,-0.252923117,-0.112241355,10
Anion_2289,C[n+]1c([O-])c2c([n+](C)c1[O-])=[S+]C(=C([O-])[O-])C=2,-3.055281604,-1.900119773,-1.800488505,-0.17019545,1.630164487,15
Anion_2290,C#CCOc1ccccc1C=CC(=O)[O-],-2.279112299,-0.039134862,-1.20820004,-0.562610113,-0.549594708,10
Anion_2291,O=C([O-])C1=CCCS1,1.327495491,-3.479886941,-1.536316946,-1.080493743,0.084099967,17
Anion_2292,O=C([O-])C1(C(=O)C2CC2)CC1,1.975126425,-1.563938814,0.865924868,-0.870663201,-1.018615605,17
Anion_2293,O=C([O-])COC1=CC=[S+2]=C1,1.986496886,-0.501456291,-0.630821768,0.681836191,-1.642329421,9
Anion_2294,CCCC1=NC(C)=C(C(=O)[O-])O1,-0.776345747,-0.337964287,-0.44714075,-1.623498793,1.020733801,2
Anion_2295,CCc1cc2c(s1)=[S+2]=CC=2CC(=O)[O-],0.209399086,-0.161573689,-1.831834605,0.061232394,-1.309403574,2
Anion_2296,CC[n+]1c(C(=O)[O-])cc2occ[c-]21,0.806645169,-1.523379483,-1.76701969,-0.118215043,0.332976012,2
Anion_2297,CS(=O)(=O)c1ccc(C=CC(=O)[O-])o1,-3.291014499,-1.297089488,-0.832249693,1.028013921,0.857025631,15
Anion_2298,COc1[c-]c2c(C)c(C(=O)[O-])[s+]c-2cc1,-2.895648645,-0.386731062,-0.053365735,-0.913975559,1.472710056,10
Anion_2299,C[N+]1=NC=C(C(=O)[O-])[C-]1Cc1ccccc1,-0.023558683,0.677899261,0.547607115,-1.572831398,-0.628680694,5
Anion_2300,CC(C)Oc1ccc(C(=O)CCC(=O)[O-])cc1,-0.94033395,1.647009009,-0.924075145,3.191530098,-1.06670849,13
Anion_2301,O=C([O-])C[N+]1=[N+]=C[N+]2=CC=CC2=C1[O-],1.132106841,1.523162158,4.279350292,-1.145896179,-1.555151128,18
Anion_2302,COc1ccc(Br)c2c1=CC(=C([O-])[O-])[NH+]=2,-3.068646774,-1.770998212,-1.914944439,-1.015000971,1.918380086,15
Anion_2303,CC1=C(C(=O)[O-])[C-](C)[N+](c2ccc(C)cc2)=N1,-1.837690005,2.369108649,-0.513428837,-0.805387124,0.897482392,10
Anion_2304,O=C([O-])c1ccc(Oc2ccc(Br)cc2)o1,-2.896298338,1.135496,0.590503481,-2.833974248,-0.28416539,0
Anion_2305,CS(=O)(=O)C1=[N+]=C(C(=O)[O-])c2cccc[n+]21,-1.808471952,-1.986535645,-0.077058236,0.828381004,0.975694355,15
Anion_2306,O=C([O-])c1oc2ccccc2c1-[n+]1[c-]ccc1,-2.103618549,-2.939968624,0.972090048,-0.332313025,2.018863895,21
Anion_2307,CC(C)C1=C(C(=O)[O-])C=[N+]=[N+]1c1ccccc1,0.683828674,1.16257121,4.310399118,1.078600177,2.459199138,14
Anion_2308,O=C([O-])C[n+]1c([O-])oc2cc(Br)ccc21,0.037105683,0.519709635,1.221251245,-0.507932762,-0.873142346,5
Anion_2309,CN(C)C(=O)CSCC(=O)[O-],1.787771254,0.211508929,-0.064639228,-2.197450911,-1.689609691,5
Anion_2310,O=C([O-])CCCC1=[N+]=CC(=C2C=CC=C[CH-]2)O1,-2.32869805,5.282764867,0.014527361,1.037829277,-0.511312744,16
Anion_2311,COc1ccc(N2C=C(C(=O)[O-])c3ccccc3C2=O)cc1,-3.415213025,0.472900065,1.20287375,-2.029722808,1.549467032,0
Anion_2312,O=C([O-])CC1Cc2ccccc2C(=O)O1,-1.132379591,2.164330117,1.385942059,-0.53162908,-3.198192846,4
Anion_2313,O=C([O-])c1c[s+]c(-c2[c-][n+](-c3ccccc3)nc2)[n-]1,-5.124026908,2.733870767,2.069856557,-3.533631325,-1.182448276,0
Anion_2314,O=C([O-])C1=[S+2]=C(Br)N=C1Cl,-2.964319161,-4.386668138,0.173021063,-0.490661538,-0.439897808,8
Anion_2315,COc1cccnc1CCC(=O)[O-],1.362171853,0.140838732,-1.387146861,2.354423145,-1.095202249,9
Anion_2316,CCc1cc(C)c(C(=O)[O-])o1,0.894095874,-0.398451691,-0.096899283,-1.516395814,0.944990826,2
Anion_2317,O=C([O-])c1cc[n+]2[c-]1CCC2,3.005980599,0.720243986,-1.614291124,-1.599347376,0.058048636,20
Anion_2318,CCC(=O)c1[c-]c(C(=O)[O-])[nH+]c1,-1.889829322,-0.651127782,-0.879191362,-1.216222318,-1.059889827,2
Anion_2319,CCCC(=O)c1[c-]c(C(=O)[O-])[nH+]c1,-2.708720323,0.441688203,-0.426356482,-2.046583736,-1.021235161,0
Anion_2320,O=C([O-])c1cc2c(Cl)nccc2o1,-3.28521367,-3.568263825,-1.080596715,-0.245462787,0.910061913,15
Anion_2321,Cc1c(C(=O)[O-])oc2c1C(=O)CC(C)(C)C2,-1.671849821,-0.429491225,0.98744933,-0.2866676,1.693579524,10
Anion_2322,O=C([O-])CCCOc1ccc(F)cc1F,0.657734424,1.984731071,0.632939489,-1.640952337,-2.865878485,5
Anion_2323,O=C([O-])CCCOc1ccc2c(c1)OCO2,0.500796486,3.067384223,1.050948591,-2.851821241,-2.642756673,16
Anion_2324,COc1ccc(CCC(C)(C)CC(=O)[O-])c(OC)c1,0.365797954,2.697024226,-1.552867442,0.452214817,0.213290087,6
Anion_2325,O=C([O-])C=Cc1ccc(C2=[N+]=c3ccccc3=[S+]2)o1,-7.164346646,2.246592492,-0.173490939,0.072162152,0.798194066,0
Anion_2326,O=C([O-])CC1(C(F)(F)F)SCCS1,1.867094539,-0.934952486,-1.796792792,-0.206356221,-0.197838486,20
Anion_2327,CC1(C)CC(=O)c2ccc(OCC(=O)[O-])cc2O1,-1.596828841,0.724351327,-0.254986207,1.601389973,-1.333576888,4
Anion_2328,CCC1=CC(=C([O-])[O-])O[C+]1CC,-0.284614413,-0.699483706,-2.466955231,-1.13685708,1.218246138,2
Anion_2329,CC1=Cc2cc(=C([O-])[O-])oc2=C[C+]1C,-2.732580786,-1.288869838,-1.903813547,-0.454340417,1.836153436,15
Anion_2330,O=C([O-])CCC(=O)c1ccccc1F,-0.123752467,0.010982415,-0.36705502,2.889943246,-2.368936276,13
Anion_2331,C[N+]1=[N+]=C(C(=O)[O-])c2cccnc21,-1.895053534,-1.936644998,-1.107653677,-0.055775086,-0.779282747,8
Anion_2332,Cc1ccc(-c2ocnc2C(=O)[O-])cc1,-1.528986163,-0.770320066,0.581054662,-1.950150854,-1.004110352,3
Anion_2333,N#Cc1cccc2[nH+]cc(C(=O)[O-])[c-]12,-0.110659921,-0.792961525,2.035407387,0.796995116,-0.432161181,3
Anion_2334,CC1=[N+]=C(CCC(=O)[O-])OC1=C1C=CC=C[CH-]1,-2.962847513,5.26405956,0.465334357,-1.224438315,0.032450279,16
Anion_2335,COc1ccc(-c2ocnc2C(=O)[O-])cc1OC,-2.233974283,0.147965944,0.70288231,-2.303642688,-0.657749506,0
Anion_2336,O=C([O-])c1cc(=C2C=CC=C[CH+]2)[n+](=c2cccc[n-]2)[n-]1,-3.990961504,0.025887022,-1.135044088,0.497842584,3.241754128,10
Anion_2337,Cc1oc(C)c(-c2ccc3c(c2)OCO3)c1C(=O)[O-],1.007149259,0.761363822,3.366980618,-1.521186282,1.458326924,14
Anion_2338,COC(=O)C1=CC(=C([O-])[O-])O[N-]1,-4.020540446,-3.661007632,-0.700067454,0.292049906,0.54674542,15
Anion_2339,Cc1ccccc1C(=O)CC(C)(C)C(=O)[O-],0.914195102,-0.738457061,0.896734061,4.040013449,-0.427555905,13
Anion_2340,O=C([O-])C1(c2ccccc2Cl)CCCC1,2.862372366,-1.405411697,2.354384119,1.494138338,1.922100629,7
Anion_2341,CC1=CC=CC(=C([O-])CC(C)(C)C(=O)[O-])[C+]1C,0.348315117,0.08450862,0.814195664,4.060119799,0.429812258,13
Anion_2342,CC[N+]1=C(SCC(=O)[O-])[N+]#[N+]C1=C1C=CC(Cl)=C[CH-]1,-1.241761252,0.125138544,-1.197155083,2.248032237,-0.419563658,13
Anion_2343,O=C([O-])C[N+]1=CC=c2c(cnc3[n+]2=NC=C3)C1=O,-2.930664321,1.667306985,4.039939812,-1.484591645,-2.578455895,18
Anion_2344,CCCCSCCCCCCC(=O)[O-],4.557728537,-0.167533047,-2.61788985,0.688401023,-0.438594665,20
Anion_2345,CC(C)C1=[N+]=C[S+]=C1C(=O)[O-],0.52548856,-2.672753524,1.777140653,-0.036048446,0.110319172,21
Anion_2346,COC(=O)C=Cc1ccc(C(=O)[O-])o1,-4.896990133,-0.459394274,1.347397717,-2.565674846,-1.815565909,0
Anion_2347,O=C([O-])CSCc1cccc(Br)c1,0.105059901,0.453437378,-1.410025691,1.355999935,0.62515137,9
Anion_2348,O=C([O-])c1cnc(C(F)(F)F)[nH]1,-0.182944711,-2.597711272,-0.439451967,-1.786277573,-0.823096599,17
Anion_2349,Cc1ccc(F)cc1C(=O)CCC(=O)[O-],-0.722217529,1.428763795,0.674844122,0.665547947,-3.113127614,4
Anion_2350,O=C([O-])C[n+]1c(C2CC2)nc2cccc[c-]21,2.048220433,0.284736773,4.088385953,0.227541423,0.01253209,14
Anion_2351,CC[n+]1[c-]c(C(=O)[O-])nc1,1.488098798,0.510416369,-1.610361916,-1.784218864,-0.407423223,20
Anion_2352,CC(C)Cc1[c-]c(C(=O)[O-])[nH+]c1,0.38479654,0.522746513,-1.779581006,-1.885919146,0.435235603,2
Anion_2353,CC[N+]1=CN=CC1=C([O-])[O-],1.772730583,-1.609155449,-1.066953987,-1.981483919,-0.832557788,17
Anion_2354,N#CC1=C[S+]=CC1=C([O-])[O-],-1.126041555,-3.751840715,-1.047448398,-0.122282424,-1.256511977,8
Anion_2355,O=C([O-])c1[nH+]nc[c-]1I,-0.820374831,-4.535546121,0.445151776,-0.792145641,-1.294282109,8
Anion_2356,CCC=C(F)C(=O)[O-],1.05822569,-2.331397931,-1.340375259,-2.052711356,-0.781321779,17
Anion_2357,Cc1cc(=O)[n+](CCC(=O)[O-])c2cccc[c-]12,-0.139049461,0.266861953,-1.161178734,3.169359221,-1.475138121,13
Anion_2358,CC1(C)CCC=C1C(=O)[O-],3.811768989,-1.734458668,1.18888329,-0.097904568,1.316479492,7
Anion_2359,Cc1ccc2c(c1)[NH+]=CC2=CC=C([O-])[O-],-2.456275243,1.256266715,-2.351713093,0.012098474,1.35756477,10
Anion_2360,O=C([O-])C(F)(F)OCC(F)(F)F,2.956316442,-2.273349123,0.320172261,-3.383075105,1.224296358,17
Anion_2361,C[n+]1c(CCC(=O)[O-])nc2cc(Cl)cc[c-]21,-0.257935541,1.656860792,-1.487075301,2.518425038,-0.213566203,6
Anion_2362,C[n+]1c(CCC(=O)[O-])nc2ccc(Cl)c[c-]21,0.246319376,1.003942284,-1.86979007,3.265684277,-0.082421629,13
Anion_2363,CC=C(C=CC(=O)[O-])CC,-0.606615246,-0.770597603,-1.963420906,-0.310948176,-0.401194865,2
Anion_2364,O=C([O-])CCCCC(=O)c1cccc(Br)c1,-0.648751588,0.876873214,-1.188214768,4.628252863,-1.256351411,13
Anion_2365,O=C([O-])C[N+]1=C(S)[N+]#[N+]C1=C1C=C[CH-]O1,-1.391386342,-4.430060776,1.806285923,-0.5115115,1.429133769,21
Anion_2366,Cc1ccc(C)n1CCCC(=O)[O-],2.48605998,2.743712379,-0.98660321,-1.679597255,-0.788529408,1
Anion_2367,Cc1ccccc1OCC1=[N+]=[N+]=C(SCC(=O)[O-])O1,-0.951339804,-0.503518592,-0.639524892,0.227607891,0.841968523,2
Anion_2368,O=C([O-])c1[nH+]cc(F)[c-]1F,1.721658698,-2.535468562,-2.581590855,-1.103381653,-0.690304556,17
Anion_2369,O=C([O-])C=Cc1[c-][n+](Cc2ccccc2)nc1,-3.51017208,3.640233617,-0.331822689,-1.396622098,0.67159289,16
Anion_2370,CS(=O)(=O)C1=CC(=C([O-])[O-])C=[S+]1,-1.581385874,-1.857584919,-0.005681677,-0.443920353,-0.69237742,3
Anion_2371,O=C([O-])CSC(F)(F)C(F)(F)C(F)(F)F,0.008841797,0.428305757,-0.367226228,-2.504648488,1.057310981,2
Anion_2372,C=C(CN1CCCC1)C(=O)[O-],0.783780561,-0.150089779,-1.182962639,-1.584399831,-0.002785416,2
Anion_2373,CCOc1ccc(OC(C)(C)C(=O)[O-])cc1,0.668930917,1.874663086,0.909921164,1.149616691,1.8380035,6
Anion_2374,COc1cc(OC)[c-](OC)c2[nH+]c(C(=O)[O-])cc1-2,-2.88313533,0.567478686,-2.396810304,-1.276614279,2.68369021,10
Anion_2375,CCC1=[NH+]C(=C([O-])[O-])C(C)=C1C(=O)OC,-1.238492165,-0.702812886,-1.135770425,-0.553322403,1.418698503,2
Anion_2376,COc1ccc(Cl)cc1C(=O)CCCC(=O)[O-],-1.18460067,2.014976337,-0.977278453,3.974144235,-0.808283242,13
Anion_2377,O=C([O-])c1cc2c(n1Cc1ccccc1)CCC2,-0.204567105,-0.287351137,-1.349255686,-0.320307664,0.167088545,2
Anion_2378,O=C([O-])CC1=[N+]=[N+]=C(S)N1Cc1ccccc1,-0.14359277,-0.382716827,-1.286543123,0.400636602,0.467540043,2
Anion_2379,C[n+]1c(C(=O)[O-])nc2nccc[c-]21,-2.380608512,-4.220160067,-0.212515893,-0.053392758,1.086254594,8
Anion_2380,O=C([O-])CCCC(=O)c1ccc(Cl)cc1Cl,-0.166321675,0.076196691,-1.320388771,3.921271608,-1.301743385,13
Anion_2381,O=C([O-])CCCC(=O)c1cc(Cl)cc(Cl)c1,-1.443553233,2.074286246,3.46599751,0.651862458,-3.271529117,4
Anion_2382,CC(C)(C)C(=O)CCCC(=O)[O-],2.210787282,0.19497105,-1.642147804,2.009338694,-0.870719697,9
Anion_2383,O=C([O-])C1=[N+]=[NH+]c2cc(F)c(F)cc21,-1.883333165,-1.045070732,-0.50769462,-1.408180746,-1.501877317,3
Anion_2384,O=C([O-])C1=C(c2ccccc2)SCCO1,1.244112607,-3.267354246,0.175581982,0.647335978,1.360656402,17
Anion_2385,CCC(=CC(=O)[O-])c1ccc(C)cc1,-1.014535735,-0.494429427,-1.939318985,0.706281334,1.840919485,2
Anion_2386,C[N+](CC(=O)[O-])=c1ncc2c([n-]1)-c1ccccc1OC2,-2.197562942,3.866003446,3.731929306,-0.015018542,-1.316713836,18
Anion_2387,CCN(CC)C(=O)N1CCC(C(=O)[O-])CC1,2.273747102,2.18050939,-1.411740567,-0.272420039,1.92157839,1
Anion_2388,CCN(C(=O)N1CCC(C(=O)[O-])CC1)C(C)C,1.494367874,3.015035595,-1.468693293,-0.941393151,2.080130799,1
Anion_2389,O=C([O-])CC[n+]1c([O-])[nH+]c2ccccc2c1[O-],1.447436225,1.269809947,3.246512227,1.175752925,-1.84837914,14
Anion_2390,O=C([O-])Cc1ccc2c(c1)COC2,0.855554615,1.386799893,-0.148347984,-1.097718764,-1.487274749,5
Anion_2391,O=C([O-])Cc1[c-]c2[s+]c(Cl)nc-2cc1,-1.995908198,1.699967821,1.40117353,-0.852083153,-2.218471144,4
Anion_2392,N#Cc1cc2c(cc1CC(=O)[O-])OCO2,0.981895898,0.971399349,2.630482356,1.443050714,-0.325488164,14
Anion_2393,O=C([O-])CN1C(=O)C(=O)N(Cc2cccc(F)c2)C1=O,-0.571377686,-1.134025686,9.987060859,2.583451695,-0.601150193,12
Anion_2394,CC1=C(C(=O)[O-])C=C(C(F)(F)F)N1,1.593642943,-0.189036498,-1.756359435,-1.379234203,0.422391581,20
Anion_2395,O=C([O-])C1=[S+2]=CN=C1Br,-0.905049435,-4.472175161,0.181876219,-0.525027881,-1.284567903,8
Anion_2396,COC1=C(C)C=[S+2]=C1C(=O)[O-],0.089372304,-2.24462713,-1.720631886,-0.66179336,-0.784061573,17
Anion_2397,C[S+]=C1C=C(c2ccc(Cl)cc2)C(=C([O-])[O-])S1,-2.788385957,-2.210697788,0.85155405,-1.291763294,1.377593842,15
Anion_2398,C[n+]1c([O-])c2ccccc2[n+](CCC(=O)[O-])c1[O-],-0.181409565,0.070068337,-0.689694545,2.296151509,-2.133854036,13
Anion_2399,O=C([O-])c1cc(Cl)c(Br)[nH]1,-0.933555917,-2.688556422,-1.902608904,-0.955177601,0.170702504,2
Anion_2400,CC(C)C1=C(C(=O)[O-])C=[N+]=[N+]1c1ccc(Cl)cc1,-0.534897369,2.075464673,4.780474602,0.849595069,2.558424812,18
Anion_2401,CC1=[N+]=C(COc2ccc(Cl)cc2)[S+]=C1C(=O)[O-],-3.103436201,0.086585084,0.11944579,-0.695686348,1.184837574,10
Anion_2402,CCCC1=NC=C(C(=O)[O-])N1,-0.286741781,0.223100092,-1.941102451,-1.943261911,-0.144561591,2
Anion_2403,O=C([O-])C[S+]=c1nccc[c-]1C(F)(F)F,-0.363049718,0.669468455,0.545910979,0.40502943,-1.564294855,5
Anion_2404,Cc1ccc(OCCCC(=O)[O-])c(C)c1,0.829352208,3.275916176,1.253041014,-2.28614414,-1.968812171,16
Anion_2405,CN1C=C(C(=O)[O-])C(=O)c2cc(F)ccc21,-2.883630836,-0.528803071,-0.854787948,0.686092754,0.045197279,15
Anion_2406,O=C([O-])CCN1C(=O)c2cccnc2C1=O,1.552061068,0.895830928,11.2395968,2.739448511,-1.341074587,12
Anion_2407,Cc1ccc([N+]2=[N+]=C(C(=O)[O-])C3=C2CCCC3)cc1,-2.543156814,1.870112824,0.556758654,-1.816451843,2.133173402,10
Anion_2408,O=C([O-])C1=[N+]=[N+](c2ccc(F)cc2)C2=C1CCCC2,-2.376925068,1.27704921,0.268646384,-1.42820661,2.008865605,10
Anion_2409,CC1=[N+]=[N+](CC(=O)[O-])c2ccccc21,0.529667205,0.359019625,1.405397407,-0.890197701,-2.156732319,5
Anion_2410,O=C([O-])C1=C[NH+]=CC1=C1C=CC(F)=C[CH-]1,1.135109622,0.314164028,0.670693758,-1.265227415,-0.292547969,5
Anion_2411,O=C([O-])c1occc1CS(=O)(=O)c1ccccc1,-1.459303514,-2.867097271,-0.268190176,-0.121471105,-0.415035803,8
Anion_2412,O=C([O-])CCCN1C(=O)c2cccnc2C1=O,-0.718659106,0.764493373,0.885259903,3.278708736,-4.202334367,4
Anion_2413,O=C([O-])C1=[N+]=[N+]=C2C=CC(Cl)=[N+]=[N+]21,-4.083753193,-3.219814573,2.067556296,-0.368808211,-1.602037957,8
Anion_2414,O=C([O-])c1occ2c1CCCC2,0.724129339,-0.572367437,-0.702451108,-1.705575105,0.11815736,2
Anion_2415,O=C([O-])c1cnc(-c2ccc(C(F)(F)F)cc2)[nH]1,-4.416990696,1.459569597,1.058987837,-2.126924065,-0.771778206,0
Anion_2416,O=C([O-])CCC[N+]1=[N+]=CC=CC1=O,0.075793137,0.579642656,-0.576161648,3.087208982,-1.470731064,13
Anion_2417,CC(C)S(=O)(=O)N1CCC(C(=O)[O-])CC1,3.178142296,0.03752028,-1.764731893,1.009114757,1.274459974,9
Anion_2418,O=C([O-])CCOc1ccc(Oc2ccccc2)cc1,-0.289988489,2.97738214,0.209748352,1.625600781,0.504204709,6
Anion_2419,COc1ccccc1C1=[N+]=[N+]=C(CC(=O)[O-])O1,-1.856328394,2.528658771,0.917720072,0.224634329,-0.986075068,4
Anion_2420,CC1=CC(C(=O)[O-])=NN1c1cccc(C(F)(F)F)c1,-3.057935204,1.386960687,0.247542956,-0.273335894,1.665531194,10
Anion_2421,COc1cc(CCC(=O)[O-])ccc1Cl,1.720791364,0.902377356,-1.495526401,2.049493279,-1.007216913,9
Anion_2422,COCCC1(C(=O)[O-])CCC1,6.114972795,0.539852061,-0.453233472,-0.46140691,2.427796508,11
Anion_2423,O=C([O-])C1=[N+]=C(Cl)[S+]=C1Br,-0.26198807,-5.431531467,1.666077125,1.005306247,1.276126664,21
Anion_2424,O=C([O-])C1=[N+]=C(Br)[S+]=C1Br,-0.414602327,-5.230554823,1.898847089,1.085848053,1.653158561,21
Anion_2425,COC(=O)C1=C[N+](CC(=O)[O-])=[N+]=N1,-0.995475486,-0.631181073,1.273408565,-2.113959353,-2.836499399,3
Anion_2426,O=C([O-])CCN1CCCCCC1,4.870723348,1.455536474,-3.052134537,0.214117468,1.023644236,1
Anion_2427,O=C([O-])C(=O)c1c[nH+]c2nccc[c-]12,-2.53535888,-2.387276537,-0.002984657,0.024378583,-0.42244202,8
Anion_2428,Cc1ccc(COC2=CC=[S+2]=C2C(=O)[O-])cc1,-1.74577995,0.167710467,-0.994917377,-0.456985688,0.917141107,10
Anion_2429,CC(C)(C)c1ccc(COC2=CC=[S+2]=C2C(=O)[O-])cc1,-2.517629122,1.258556215,-0.935291358,-0.141716369,1.821948145,10
Anion_2430,COc1ccccc1C(=O)CCCCCCC(=O)[O-],-0.003580857,1.62065829,-1.119020703,4.077691492,-1.187506746,13
Anion_2431,O=C([O-])C(F)=CC1CCCCC1,0.315930665,-0.138739768,0.51185058,-2.114420752,0.859025865,3
Anion_2432,CC1=[N+]=[N+](c2ccccc2)C(C(F)(F)F)=C1C(=O)[O-],-1.119806022,0.355890678,2.185144787,0.125047728,1.960304098,10
Anion_2433,O=C([O-])c1cc(Cl)c[n+]2c1=[N+]=CC=2,-1.64668597,-3.033773536,-0.251407541,0.522658626,0.74196522,8
Anion_2434,O=C([O-])C1=[NH+]C=[N+]=C1C(=O)c1ccccc1,-1.59393723,-3.36359818,1.547838773,0.293607612,-1.277668,8
Anion_2435,O=C([O-])c1c[s+]c(Cc2ccc(Br)cc2)[n-]1,-3.153594456,1.24580292,-0.137934566,-0.612487811,0.508005194,10
Anion_2436,O=C([O-])CCCC[n+]1c([O-])[nH+]c2ccccc2c1[O-],0.562881287,1.050259607,0.191946459,0.799532323,-2.746438141,5
Anion_2437,O=C([O-])CCCCC[n+]1cnc2ccccc2c1[O-],-0.180716049,0.667888408,-1.914110065,4.184035853,-0.918769581,13
Anion_2438,O=C([O-])CCCCC[n+]1c([O-])[nH+]c2ccccc2c1[O-],0.534728157,-0.438291734,-1.389162113,3.13514149,-2.755652115,13
Anion_2439,CCOC(=O)C1=CC(C(=O)[O-])=NN1C,-2.883165891,0.435974544,0.315992091,-1.579967152,-0.2462424,0
Anion_2440,Cc1[c-]c2cc[n+](CCC(=O)[O-])c-2cc1,0.456179795,1.133822351,-1.548079458,2.304107641,0.852247989,6
Anion_2441,CC1=C(C(=O)[O-])[S+]=C([S-])[N+]1=c1[c-]cccc1,-3.002562512,-1.393939767,1.162181456,-1.464971743,1.693324927,15
Anion_2442,O=C([O-])CCCCC(=O)C1CCCC1,2.420707512,-0.440954894,-1.946802176,1.750262526,-1.548681754,9
Anion_2443,CCOC1=[N+]=C(C(=O)[O-])[CH-]O1,0.44936919,-0.838920533,-0.632471234,-2.366108299,-0.923491331,2
Anion_2444,CCCC1=C(C(=O)[O-])C=[N+]=[N+]1C,2.221414634,-0.420657777,-1.401691234,-1.205562162,-0.327275493,20
Anion_2445,CCOC1=C(C(=O)[O-])C=[N+]=[N+]1c1ccccc1,-1.081036545,1.138861125,-0.253890085,-0.169520737,0.217348465,10
Anion_2446,CC(C)(C)c1ccc(-c2ccc(C(=O)[O-])o2)cc1,-4.004704211,2.882935462,2.082560093,-3.026473902,0.518921463,0
Anion_2447,O=C([O-])c1ccc(-c2cccc(C(F)(F)F)c2)s1,-4.443794151,0.012666689,-0.610748284,0.329392072,1.836512496,10
Anion_2448,COc1cc2oc(=O)cc(CC(=O)[O-])c2cc1OC,-2.469721679,-0.763122271,-0.777525783,1.481436359,0.678419024,15
Anion_2449,CC(C)c1cccc(OC(C)(C)C(=O)[O-])c1,1.141000537,0.839168162,0.901098677,1.308898076,2.175886391,7
Anion_2450,CC(C)c1ccc(OC(C)(C)C(=O)[O-])cc1,1.486855943,0.376718772,0.290890276,2.422589719,2.583664008,7
Anion_2451,O=C([O-])CCS(=O)(=O)c1cccc2cccnc12,-0.615566459,-0.44755948,0.695192322,2.578730391,-3.055752481,13
Anion_2452,CC(=O)[N+]1=C2C=CC(=S(=O)([O-])CCC(=O)[O-])C=C2CC1,0.808944025,-0.810839389,-0.861827536,2.161193964,-1.372499173,9
Anion_2453,CC(=CC(=O)[O-])C1CC1,2.528498814,-0.83122166,-1.017070948,-1.680507082,-1.223191497,20
Anion_2454,O=C([O-])C(F)=C1CCCC1,1.044364297,-1.80907999,-0.233410723,-2.532796123,-0.574151775,17
Anion_2455,O=C([O-])C1=[N+]=C[S+]=C1Cc1ccccc1,-1.127290707,-0.603379697,2.493442818,-1.268639042,-0.466769577,3
Anion_2456,COc1ccccc1-c1ccc(C(=O)[O-])s1,-3.173943284,0.107646184,-0.004195828,-0.537632068,0.498231086,10
Anion_2457,O=C([O-])c1c[s+]c(CCc2ccccc2)[n-]1,-3.814950236,2.525878821,0.818292737,-3.099219389,-0.400066297,0
Anion_2458,N#CCCCOc1ccc(CC(=O)[O-])cc1,-0.082921278,3.019155035,-0.633640864,-0.021941294,-0.037950195,6
Anion_2459,O=C([O-])c1cc2ccccc2n1CC1=CC=[N+]=C[CH-]1,-1.517581283,-1.696210332,2.438488121,-0.109301685,1.545726409,21
Anion_2460,CC(=O)c1oc2cc(C)ccc2c1CC(=O)[O-],-2.272670753,-1.050449153,-0.251708374,1.206885977,-0.20764854,15
Anion_2461,O=C([O-])c1cnc(Cc2c(Cl)cccc2Cl)s1,-2.724598291,-0.074199694,1.008590368,-0.060780392,2.423115391,10
Anion_2462,O=C([O-])CC1=CC=CC(=C2C=CC(F)=C(F)[CH+]2)[CH-]1,-1.41594682,2.609952456,1.565892951,-1.757124207,-1.989027166,16
Anion_2463,O=C([O-])CC1=CC=CC(=C2C=C(F)C=C(F)[CH+]2)[CH-]1,-1.335285339,2.81279908,2.601891607,-1.554541582,-1.670749774,18
Anion_2464,O=C([O-])c1[c-][n+](-c2ccc(Br)cc2)nc1,-3.566376117,2.405271699,-0.470008171,-1.406780982,-0.326736524,0
Anion_2465,CC(C)(CC(=O)[O-])CC(=O)N1CCOCC1,4.173863179,0.406174725,0.658780888,0.979819391,0.780586754,7
Anion_2466,CC1CCN(CCC(=O)[O-])CC1,4.903778083,1.455755706,-3.509624368,0.26902944,1.440361636,1
Anion_2467,O=C([O-])Cc1c(Br)cccc1Br,2.920526591,0.478593737,3.85683131,0.427309563,-0.289882446,14
Anion_2468,O=C([O-])CCC(=O)OCC(F)(F)F,2.415693298,1.18942812,-1.713924375,1.264828619,-0.24562727,9
Anion_2469,CC1=[N+]=[N+]=C(SCC(=O)[O-])N1Cc1ccccc1,-0.118873359,0.81923127,0.199908133,-0.81319057,-1.166866143,5
Anion_2470,COc1ccc([N+]2=C(C)[N+]#[N+]C2=[S+]CC(=O)[O-])cc1,0.60061173,-0.133020206,-1.048862296,0.746172545,-0.534247464,9
Anion_2471,CC1=[N+](c2ccc(C)cc2)C(=[S+]CC(=O)[O-])[N+]#[N+]1,0.535096777,0.045820806,-1.180251312,0.899422925,-0.869760149,9
Anion_2472,O=C([O-])Cc1ccccc1CS,2.764061151,0.058293905,2.567565876,0.429334378,-0.293736946,14
Anion_2473,Cc1ccc(C2=[N+]=[NH+]C=C2C(=O)[O-])cc1,0.292947088,0.114772726,1.09039525,-1.632882141,-0.503172545,3
Anion_2474,CC1=CC=CC(=C2N=[NH+]C=C2C(=O)[O-])[CH-]1,0.760107865,-0.468136543,1.060156427,-0.951837422,-0.312029074,3
Anion_2475,O=C([O-])C1=C[NH+]=[N+]=C1c1ccccc1F,1.049361522,-0.731888175,1.427532452,-0.859430428,-0.270191341,3
Anion_2476,COc1ccccc1C1=[N+]=[NH+]C=C1C(=O)[O-],2.35874566,-0.500928439,4.159181658,-0.341870466,0.986667152,14
Anion_2477,O=C([O-])C1=C[NH+]=[N+]=C1c1cccc(Br)c1,-0.843347844,0.785862045,1.738501203,-2.001587541,-0.483757229,3
Anion_2478,O=C([O-])C1=C[NH+]=[N+]=C1c1ccc(Br)cc1,-0.313299402,0.018794402,1.406564565,-1.491912429,-0.56846464,3
Anion_2479,COC1=CC=CC(=C2C=CC(CC(=O)[O-])=C[CH+]2)[CH-]1,-1.927756163,3.720720651,0.42275465,-0.731839029,-0.739232364,16
Anion_2480,COc1ccc(-c2ccc(C(=O)[O-])s2)c(C)c1,-3.703285483,2.507000072,1.60901426,-2.292503436,1.127479652,0
Anion_2481,Cc1ccc(C2=[N+]=[NH+]C=C2C(=O)[O-])c(C)c1,2.118038362,0.207567303,5.028087918,-0.953729872,1.236584939,14
Anion_2482,COc1ccc(C2=[N+]=[NH+]C=C2C(=O)[O-])cc1OC,0.045300858,1.020568458,1.196868335,-2.495614297,-0.247230536,5
Anion_2483,O=C([O-])Cc1cccc(OCc2ccc(Cl)cc2)c1,1.759561069,1.312672396,3.806108228,0.456735627,-0.634007139,14
Anion_2484,CCOc1ccc(C2=[N+]=[NH+]C=C2C(=O)[O-])cc1Cl,0.605183182,1.134169891,4.427894547,-2.056138564,0.863833444,18
Anion_2485,CCCCOc1ccc(C2=[N+]=[NH+]C=C2C(=O)[O-])cc1,-1.934901338,3.193144403,1.485829123,-4.630474473,-0.693887343,16
Anion_2486,CC(C)CC1=[N+]=[NH+]C=C1C(=O)[O-],2.484937073,-0.541052653,-0.392962542,-1.642162452,-0.048368509,20
Anion_2487,C[S+]=C1C=CC=CC1=C([O-])CCCC(=O)[O-],-0.952904019,1.873022395,-1.252558075,3.439930185,-0.312552676,13
Anion_2488,O=C([O-])COc1cc2oc(=O)c3c(c2cc1Cl)CCC3,-2.983099778,1.888400079,-0.080868204,2.099322145,-0.315792927,4
Anion_2489,CCN(CC)C(=O)CSCC(=O)[O-],1.212137622,0.941528684,0.146634867,-2.619270151,-1.49947628,5
Anion_2490,O=C([O-])CCc1ccc(F)nc1,1.382463887,0.160829384,-0.955842739,2.49709065,-1.889295701,9
Anion_2491,O=C([O-])CCc1coc2ccc(Cl)cc2c1=O,-1.50205035,1.837910758,-0.901663379,4.415699602,-0.784831285,13
Anion_2492,O=C([O-])c1[nH+]nc2[c-]1COCC2,0.200773856,-2.097708994,-0.782127555,-1.752790319,-0.171587948,17
Anion_2493,CC(C)(C(=O)[O-])c1c(F)cccc1Cl,2.337310256,-0.226871353,2.302446622,0.430142263,0.182404563,14
Anion_2494,CCCC1=[N+]=[N+]=[S+2]=C1C(=O)[O-],-2.435063365,-4.845343467,1.303310559,-0.23714198,-1.611599516,8
Anion_2495,O=C([O-])CCC1=[N+]=C(c2cccs2)[N-]O1,-0.602379499,1.450245839,-0.673493465,4.089666531,-0.836413233,13
Anion_2496,[O-]C(/C=C/C1=CC(B2OC(C)(C)C(C)(C)O2)=CC=C1F)=O,-4.625658849,2.145706942,-0.686540173,-0.325557802,2.478461068,10
Anion_2497,O=C([O-])C1=CN=[n+]2c1nccc2=C1C=CC=[S+]1,-4.561905908,0.028397926,-1.473164816,2.783241854,0.474828169,15
Anion_2498,CC1=C(C=CC(=O)[O-])C=[N+]=[N+]1C,-0.903525545,0.89195585,-1.806856264,-0.840740415,-0.53675633,2
Anion_2499,N#Cc1ccc(C[n+]2c(C(=O)[O-])cc3cccc[c-]32)cc1,-2.861897133,-2.306584999,-0.867284326,1.801632888,0.821597204,15
Anion_2500,O=C([O-])C=Cc1ccc(F)c(C(F)(F)F)c1,-2.953883274,0.460779404,0.05149977,-0.221707171,0.03903354,10
Anion_2501,CC[N+]1=C(SCC(=O)[O-])[N+]#[N+]C1=C1C=CC=C[CH-]1,-0.468400461,-0.551381737,-1.551403625,2.837007963,0.097847083,13
Anion_2502,CC(C)CCC1=CC(C(=O)[O-])=NN1,0.157813148,0.61179658,-2.277683644,-0.778311135,1.90143056,2
Anion_2503,CC1(C)CCc2c(C(=O)[O-])n[nH+][c-]21,1.484879191,0.476938383,-0.829841312,-1.285867935,0.843844591,20
Anion_2504,O=C(Cc1ccccc1)c1[c-]c(C(=O)[O-])[nH+]c1,-2.303036409,-0.182562822,-0.002103525,-0.516131671,-0.390191348,10
Anion_2505,O=C([O-])C1=[N+]=[NH+]C2=C1CCCCCC2,1.22270211,0.53416652,-0.843793129,-2.058179408,0.438756422,5
Anion_2506,C=C(C)C[N+]1=C(SCC(=O)[O-])[N+]#[N+]C1=C1C=C[CH-]O1,-1.209371939,0.09023636,-0.767185219,2.252705337,0.355864332,13
Anion_2507,COCCN1C=C(C(=O)[O-])C=CC1=O,-1.292928738,-1.47116157,-1.168057853,-0.944435931,-0.577218871,2
Anion_2508,COc1[c-]c2nc(C(=O)[O-])c[n+]-2cc1,-2.800017165,0.545218976,-1.397027452,-0.513749362,0.34162104,10
Anion_2509,O=C([O-])CCc1ccc(C(F)(F)F)cn1,0.237454777,1.327829616,-0.913773381,2.452785042,-1.399699315,13
Anion_2510,O=C([O-])CCCC(F)F,5.722402633,1.514746702,-2.061413332,-2.810111207,-0.36197302,1
Anion_2511,O=C([O-])C1=CC(C(F)F)=[N+]=[NH+]1,0.085810525,-3.446493108,-0.951722318,-1.047225521,0.035258374,17
Anion_2512,O=C([O-])C1=CC=[S+2]=C1C(F)(F)F,1.763859024,-2.841120068,4.560392766,0.871805525,1.754368133,21
Anion_2513,CC1=[N+]=[N+](C2CCCCC2)C2=[S+2]=C(C(=O)[O-])C=C12,-3.191381778,1.100275729,0.084172268,-2.164218277,2.763740622,10
Anion_2514,CCC1=[N+]=[NH+]C(CC)=C1CC(=O)[O-],3.943275986,0.675204717,1.37459854,0.213674163,1.832463069,7
Anion_2515,O=C([O-])C1=CC=C[N+]1=c1[c-]cc(F)cc1,0.8267528,-1.133655006,0.313002471,-0.906945665,-0.395188263,3
Anion_2516,O=C([O-])C1CCN(C(=O)CCc2ccccc2)CC1,-1.770028257,4.745121831,0.533503731,-1.126860925,1.158466816,16
Anion_2517,CCCCCCCOc1ccc(C(=O)CCC(=O)[O-])cc1,-4.437792955,6.001852236,-0.689776683,3.207895886,1.496643571,19
Anion_2518,N#Cc1cccc(OCCC(=O)[O-])c1,-1.035786291,2.04344057,1.957399169,0.514669588,-2.052610592,4
Anion_2519,COc1cccc(OC)c1C(=O)CCC(=O)[O-],-0.099348629,1.82451026,0.461597553,0.526180737,-2.635783026,4
Anion_2520,COC1=C(C(=O)[O-])C(C)=[N+]=[N+]1C,3.043222514,-0.788128362,-0.293200445,-0.931047034,1.050938054,20
Anion_2521,Cc1ccccc1N1C=C(C(=O)[O-])C=N1,-1.1803241,1.220491481,0.627339017,-0.519606326,0.7875114,10
Anion_2522,Cc1c(C(=O)[O-])[s+]c2ccc(Br)c[c-]12,-3.037609961,-1.339451611,-0.193363145,-0.387080068,1.455881007,15
Anion_2523,O=C([O-])c1[c-]c(Cl)[nH+]c1,2.00913136,-0.621498298,-2.4929466,-1.658388701,-0.402550923,20
Anion_2524,O=C([O-])CN1C(=O)[NH+]=[NH+]C1=O,4.805048021,-0.812607634,2.09311897,-1.551465816,0.051080405,11
Anion_2525,CC1=C[S+]=C(Cl)C1=C([O-])[O-],2.528098224,-4.22438036,2.316696642,0.703034356,1.498938016,21
Anion_2526,COc1ccc(C2(C(=O)[O-])CCC2)cc1OC,2.213389499,1.210320411,0.882154437,1.47416995,2.556297105,7
Anion_2527,CCCCC1=[N+]=c2ccccc2=[N+]1CC(=O)[O-],1.913658711,0.607160513,3.510082629,1.112380807,0.927511317,14
Anion_2528,CC1=[N+]=C(C(=O)[O-])N=[N+]1c1ccc(Cl)cc1Cl,-3.764679098,1.508663157,1.636157681,-1.662700618,1.007289185,0
Anion_2529,CC1=[S+]C(c2ccc(C)cc2)=[N+]=C1C(=O)[O-],-3.907975119,1.424287005,0.946991735,-2.141691984,-0.884364526,0
Anion_2530,O=C([O-])CCC[n+]1c[n+]#[n+][n-]1,1.354698194,-0.911746282,-0.895104612,1.127851374,-2.209242023,9
Anion_2531,COc1c(C(=O)[O-])[n+]#[n+]n1Cc1ccccc1Cl,-2.326790918,0.709690956,1.221328556,-1.145506343,0.793482105,10
Anion_2532,CCCC1=[N+]=C(C)[S+]=C1C(=O)[O-],-0.416121193,-2.626472782,-0.926429566,-0.179327677,0.238268553,2
Anion_2533,CC1=C[n+]2cc(=C([O-])[O-])ccc2=N1,-1.759973221,-0.506486906,-1.173539461,-0.82723303,-0.449981959,2
Anion_2534,CCCCCCCCSCCCCC(=O)[O-],2.774258679,0.797922148,-1.767514929,-1.036405921,0.345878856,20
Anion_2535,O=C([O-])CCC(=O)N1CC[N+](=c2cccc[n-]2)CC1,0.429709242,0.646627037,-1.624809483,2.607176263,-0.315075972,9
Anion_2536,O=C([O-])CCC(=O)N1CC[N+](=c2nccc[n-]2)CC1,-1.141324899,1.927382344,-1.646179176,4.393433896,-0.107389574,13
Anion_2537,CC1=CC=[S+2]=C1CCCC(=O)[O-],1.829247471,0.754004079,-1.440492178,1.62913947,-0.34046602,9
Anion_2538,C[N+](C)=c1[c-]cc(C(C)(C)C(=O)[O-])cc1,2.303112939,1.053522531,-0.133552102,2.486379903,2.353238758,7
Anion_2539,O=C([O-])C1CCN(Cc2ccccn2)CC1,-0.401678684,2.610474149,-0.16583216,1.711954063,0.515976747,6
Anion_2540,O=C([O-])CC1CN(C(=O)OCc2ccccc2)C1,1.453833545,-0.920207402,-1.734167821,1.687880538,-1.003580984,9
Anion_2541,O=C([O-])CCCCCCC(=O)c1ccc(F)cc1,-0.050797888,0.04495662,-0.54123048,3.219447348,-2.700809296,13
Anion_2542,CC1=C[n+]2cccc(=C([O-])[O-])c2=N1,-0.511417011,-1.419978538,1.254281248,-0.364857168,-0.002179172,3
Anion_2543,CCOC(=O)CON=C(C(=O)[O-])c1cc[nH+][n-]1,0.668707043,-2.821129537,4.242437904,0.223066253,2.955033464,21
Anion_2544,CCCCCc1ccc(C(=O)CCC(=O)[O-])cc1,-2.841067528,4.049391494,1.032582697,0.583011931,-1.472556438,16
Anion_2545,CCCCCc1ccc(C(=O)CCCC(=O)[O-])cc1,-0.131304783,4.037454886,8.271620548,-0.005070069,-0.39907548,12
Anion_2546,CCCCCc1ccc(C(=O)CCCCC(=O)[O-])cc1,-1.489442598,2.738194816,-0.044282052,1.530735902,-1.355201626,4
Anion_2547,CCCCCCc1ccc(C(=O)CCCCC(=O)[O-])cc1,0.184883394,0.156613625,-1.150448181,3.601062242,-1.375446731,13
Anion_2548,COCCN1CCC(C(=O)[O-])CC1,4.304582504,1.294039973,-2.252385363,-0.503416909,1.940982365,1
Anion_2549,Cc1cccc(C2(C(=O)[O-])CCC2)c1,2.974198139,-0.170382368,1.096391839,1.037648831,1.362572018,7
Anion_2550,Cc1ccccc1C1(C(=O)[O-])CCC1,3.292166139,-1.148422476,1.459500777,1.134013814,2.079944272,7
Anion_2551,O=C([O-])C1(c2cccc(F)c2)CCC1,2.897754341,-1.028509106,1.037859758,1.510584288,1.275456947,7
Anion_2552,O=C([O-])c1cc(Cl)c[n+](Cc2cccc(Cl)c2)c1[O-],-3.568915966,0.547864888,3.041445309,-1.97553666,1.463970086,0
Anion_2553,O=C([O-])C1(c2cccc(OCc3ccccc3)c2)CCCC1,1.23059096,1.682646623,3.648511072,0.080541843,2.131287648,14
Anion_2554,CC(=O)N(C)CCCC(=O)[O-],3.143847542,1.603675316,-0.844683059,-1.914368031,-1.534928599,20
Anion_2555,CC1=CC(C)=[N+]=C(OCC(=O)[O-])[N-]1,-0.340474654,0.944535329,0.2723103,0.416619752,-1.917286135,5
Anion_2556,O=C([O-])c1coc2ccc(F)cc12,-0.706262726,-1.080785422,-0.877781411,-1.205337226,-1.434289902,2
Anion_2557,O=C([O-])CC1=CC=CC(=S(=O)([O-])Cl)[CH+]1,-3.686551504,0.517794035,2.050625731,2.371191304,-3.50785166,4
Anion_2558,COC1=CC(C(F)(F)F)=[S+2]=C1C(=O)[O-],-1.656926307,-3.15494355,0.008294421,-0.253678464,0.205842074,8
Anion_2559,Cc1c[c-]o[c+]1CC(=O)[O-],3.286716921,0.301540449,-0.905712913,-0.831516003,-1.562352606,20
Anion_2560,C[N+]1=CC=[N+]=C1COCC(=O)[O-],2.503793482,1.580482131,1.801001689,-2.922031106,-1.597854676,5
Anion_2561,O=C([O-])CCCOc1ccccc1Br,0.206392425,2.718682686,0.656133421,-1.743122024,-2.58623147,5
Anion_2562,Cc1c(OCC(=O)[O-])ccc2c1OC(=O)CC2C,-1.116041227,2.004585639,-0.028270466,-0.401031032,-0.933490682,5
Anion_2563,O=C([O-])C1=[N+]=C[N+]2=CC=[S+2]=C12,0.020992988,-0.541783216,-0.760022775,-0.841883356,-1.104760358,2
Anion_2564,CC1=C(C(=O)[O-])C=[N+]=[N+]1C1=CC=[N+]=C[CH-]1,-1.601388401,0.331412981,-0.268047389,0.596798624,-0.568267977,10
Anion_2565,O=C([O-])CCC1=CC(Cl)=[N+]=C(Cl)[N-]1,-0.280173644,-0.129808963,-0.292802572,3.067817175,-2.156224993,13
Anion_2566,O=C([O-])c1cc2ccc(Cl)c(F)c2[nH]1,-2.959473186,-1.716365361,-0.961479744,-1.316965709,0.259126293,15
Anion_2567,O=C([O-])c1cc[n+]2ccnc[c-]12,-0.932501663,-0.865851351,-0.879933268,-0.324242827,-1.931848224,2
Anion_2568,COCc1ccc(CC(=O)[O-])cc1,1.043323537,1.501157297,-0.717550136,-0.016562974,-0.615355924,5
Anion_2569,O=C([O-])C[N+](=c1cccc[n-]1)S(=O)(=O)c1ccccc1,2.434772064,0.91092633,10.11767473,1.202675686,1.697151844,12
Anion_2570,COc1cc2c(cc(C(=O)[O-])n2C)c(OC)c1OC,-2.160678435,0.183787834,-1.242852912,-0.213787594,4.065405612,10
Anion_2571,O=C([O-])CCCCCC1=CC=[S+2]=C1,1.628910086,1.213080595,-0.739270834,1.159077582,-1.740619438,9
Anion_2572,O=C([O-])Cc1c[nH+]c2cc(C(F)(F)F)cc[c-]12,-0.191233395,2.452292304,0.615565398,-1.450867403,-1.971034348,5
Anion_2573,O=C([O-])CCc1cncnc1,1.135017159,-0.229824392,-0.542218509,2.262589731,-2.54601918,13
Anion_2574,O=C([O-])c1c[c+](C(F)(F)F)o[n-]1,-1.743248954,-3.496236862,0.18797523,-0.869269088,-0.442005782,8
Anion_2575,O=C([O-])C1(c2ccc(F)c(F)c2)CCC1,2.500333789,-0.888282087,1.020157831,1.847973839,1.474962625,7
Anion_2576,CC1=C(C(=O)[O-])C(Cl)=[N+]=[N+]1C,2.766221463,-1.877036472,0.432681933,-0.143205536,1.408402429,7
Anion_2577,Cc1ccccc1C1=CC(=C([O-])[O-])[N-]O1,-3.718108206,-0.487348892,-0.531138518,-1.040941371,0.161552602,0
Anion_2578,O=C([O-])C1=CC(=C2C=CC=C[C+]2Br)O[N-]1,-4.185458114,-0.542054505,-0.371267831,-0.795797754,0.16700525,0
Anion_2579,O=C([O-])C=Cc1ccccc1OC(F)(F)F,-2.136427546,0.094745743,-0.366970969,-0.344183289,-0.062244196,10
Anion_2580,O=C([O-])CCOc1ccccc1OC(F)(F)F,0.270248732,2.691078041,1.059665673,-0.350678106,-0.307943368,5
Anion_2581,COC(=O)C1=CC(=C([O-])[O-])[C+](C)O1,-1.472518903,-0.600393779,0.458492725,-0.894992966,-0.340586169,3
Anion_2582,CC(C)c1ccc(C2=[N+]=C(CC(=O)[O-])C=[S+]2)cc1,-3.998348265,4.718071186,-0.104035512,1.463867318,1.127244435,6
Anion_2583,COc1ccc(CC(=O)[O-])cc1OC(F)F,0.333970698,2.860445652,0.126896042,-1.147542976,-1.248296219,5
Anion_2584,CC(C)[N+]1=[N+]=C(C(=O)[O-])C=CC1=O,-1.684552328,-3.153416469,1.719802525,0.180226971,0.450512909,21
Anion_2585,O=C([O-])C=Cc1ccc2c(c1)OC(F)(F)O2,-3.341627433,1.156986145,-1.025835323,-0.892990055,-0.160282051,10
Anion_2586,O=C([O-])Cc1c[s+]c(-c2ccc(C(F)(F)F)cc2)[n-]1,-4.140134846,3.592611697,-0.050173086,2.121269792,0.902709688,6
Anion_2587,OC(CCCC(C=CC=C1)=C1B2OC(C)(C)C(C)(C)O2)=O,-0.274523997,2.850773535,-0.864874452,1.26003816,0.261518973,6
Anion_2588,O=C([O-])C1=[N+]=C(c2cccs2)C=[S+]1,-4.383169336,-1.972693903,0.353101526,-2.077230806,-0.560268778,0
Anion_2589,O=C([O-])C1=[N+]=C(c2ccccn2)C=[S+]1,-4.637234415,-1.663022986,0.213963662,-1.773896118,-0.504919242,0
Anion_2590,Cc1onc(C(=O)[O-])c1Br,-0.013453408,-4.980675157,0.185390344,-0.711711372,2.129563776,21
Anion_2591,CC(C)(C)c1ccc(C(C)(C)C(=O)[O-])cc1,2.014238762,0.750625576,-0.09891159,2.430067337,2.566582561,7
Anion_2592,O=C([O-])c1c[n+](C2CCCC2)c2ncnc(Cl)[c-]12,-1.355224085,-0.651075095,0.655540733,0.993358951,1.165961311,10
Anion_2593,Cc1c(C(=O)[O-])[nH+]c2ccc(C(F)(F)F)c[c-]12,-2.284137255,-1.785036346,-1.333719185,0.337667091,1.796626609,15
Anion_2594,COc1ccc(CC2=[N+]=C(C(=O)[O-])C=[S+]2)cc1,-2.845673352,1.082256786,-0.638626574,-0.40856491,0.515970658,10
Anion_2595,CC(C)(C)OC(=O)N1CCC(C(=O)[O-])(C(F)(F)F)CC1,2.285973323,0.804456258,1.463859695,-0.149566462,4.356898944,7
Anion_2596,Cc1c(C(=O)[O-])[s+]c2cc(F)cc[c-]12,-1.964565747,-1.923609514,-0.520789511,0.035613234,1.144675268,15
Anion_2597,CC1=C(C(=O)[O-])C=[N+]=[N+]1CC(C)C,1.099805871,1.138464893,-1.485687362,-0.907134066,0.65414567,5
Anion_2598,C[N+]1=CC=[N+]=C1C(C)(C)C(=O)[O-],4.468008874,-0.81800227,0.901508554,0.177178164,1.311280277,11
Anion_2599,O=C([O-])CCCCC(=O)c1cc(Cl)ccc1Cl,0.326399312,-0.074642247,-1.40983717,3.567314496,-1.942308933,13
Anion_2600,COCCOc1ccc([N+]2=NC(C)=C(C(=O)[O-])[N-]2)cc1,-5.323971759,3.507502342,0.760149316,-2.612152892,1.714255371,0
Anion_2601,Cc1c(I)cccc1CC(=O)[O-],0.112389175,0.406999329,-0.715857051,1.278803151,-0.080120217,9
Anion_2602,O=C([O-])C1=[N+]=[NH+]c2cc(OC(F)(F)F)ccc21,-2.621574164,1.281124367,2.055854761,-2.768108738,-0.587224819,0
Anion_2603,CCC1(C(=O)[O-])CN(C(=O)OC(C)(C)C)C1,3.145778295,1.785006073,2.739684215,0.352126083,3.490117416,7
Anion_2604,O=C([O-])c1noc2cc(F)ccc12,-2.993684637,-2.588347024,0.121054584,-1.817913488,-1.329684251,8
Anion_2605,O=C([O-])c1noc2c(F)cccc12,-2.748414227,-3.235088278,-0.271546649,-1.015122561,-0.981320791,8
Anion_2606,C[N+](CC(=O)[O-])=c1ccnc(Cl)[n-]1,-0.241941993,-1.369200626,-1.59448204,2.079559811,0.118602516,9
Anion_2607,O=C([O-])CCC(=O)c1ccc2c(c1)OCCCO2,-1.409702735,2.036083953,-0.864550474,3.660639875,-0.652845912,13
Anion_2608,C[N+]1=C(C(=O)[O-])C=CC1=C1C=CC=C[CH-]1,-0.954560014,1.487007585,0.691832921,-0.973768566,0.472470023,10
Anion_2609,O=C([O-])c1cn[n+](-c2ccc(Cl)cc2Cl)[c-]1C1CC1,-2.50240361,2.104245817,0.773576078,-0.181056033,0.62972858,10
Anion_2610,C[S+]=C1N=C(C(=O)[O-])C=[S+]1,-0.743337242,-1.781126732,0.258283401,-1.098549027,-1.067557131,3
Anion_2611,O=C([O-])C(F)(F)C1CCOCC1,3.764070792,-0.897950498,-0.657162037,-2.338200942,1.28843768,20
Anion_2612,C[S+]=C1N=[N+](C)C=C1C(=O)[O-],1.961810192,-1.299128988,-1.308871101,-1.261730506,0.042215584,20
Anion_2613,CC1=[N+]=C(CCC(=O)[O-])C=[S+]1,1.411307704,0.460785385,-1.869669241,2.754933001,-0.378712845,9
Anion_2614,O=C([O-])c1ccc(C(F)F)o1,-0.242314723,-2.332270543,-0.692433023,-1.451837151,-0.383006739,17
Anion_2615,O=C([O-])CCOCCc1ccc(F)cc1,2.071189643,0.212632538,-1.905531663,2.730643588,-0.813212699,9
Anion_2616,CC1(C(=O)[O-])CN(C(=O)OCc2ccccc2)C1,-0.606991396,3.25251744,1.977939373,-0.014058429,2.051846444,16
Anion_2617,O=C([O-])C[N+]1=CN=CC1=C1C=CC=C[CH-]1,1.427208641,-0.031428551,2.036240052,1.169408103,0.122905645,7
Anion_2618,Cc1[c-]c2[n+](CC(=O)[O-])c(=O)oc-2cc1,1.254377416,-0.169260148,0.876604439,-0.023711478,-0.76135262,5
Anion_2619,CC[n+]1c([O-])[n+](CC(=O)[O-])c2cccc[c-]21,0.749223226,1.648876244,1.395091344,-1.408862236,-1.078599902,5
Anion_2620,O=C([O-])c1cc2cc(Cl)cc(Br)c2o1,-3.85557079,-2.510449956,-1.124145857,-0.484084114,1.310649716,15
Anion_2621,CCC1=[N+]=C(CC(=O)[O-])C=[S+]1,0.578192341,1.275722788,-0.71022122,1.163041151,-0.529088112,9
Anion_2622,O=C([O-])C(F)(F)c1ccc(F)c(F)c1,-0.130577888,-2.804035722,-0.470617463,0.537297831,0.795703123,17
Anion_2623,C[S+]=C1N=C(C)C(CC(=O)[O-])=[S+]1,0.596016266,-0.098883961,-0.559300234,-0.015106555,-0.998681847,5
Anion_2624,O=C([O-])CCCCC[n+]1c[n+]#[n+][n-]1,1.761803776,-1.071994546,-1.401269868,2.585295336,-2.10209352,9
Anion_2625,CCN1CC(C(=O)[O-])C1,4.875321052,0.926343923,-2.850902646,-1.405636453,0.882003839,1
Anion_2626,CC(C)(CC1=[N+]=c2ccccc2=[NH+]1)C(=O)[O-],-0.025970974,-1.494190573,1.646765084,0.059683781,-0.539713568,3
Anion_2627,O=C([O-])c1coc2ccc(Cl)cc12,-0.869411625,-0.914693267,-0.087809907,-1.402273065,-1.233187256,3
Anion_2628,O=C([O-])C1=[N+]=[N+](c2ccc(F)cc2)C2=C1CCC2,-2.739028742,1.201313048,-0.330432326,-1.888730687,1.279443387,10
Anion_2629,O=C([O-])C1(c2ccc(Cl)cc2)COC1,2.038714337,-1.380884922,0.980975948,2.105977607,2.055227222,7
Anion_2630,O=C([O-])Cc1ccc(CS)cc1,0.433061795,2.154409137,0.130062016,-0.976541036,-1.042777796,5
Anion_2631,O=C([O-])C1=[S+2]=C(N2CCOCC2)N=C1c1ccccc1,-2.368095778,-0.610143741,0.539110983,-0.227874574,3.018295691,10
Anion_2632,Cc1conc1C(=O)[O-],0.925078186,-3.538830335,-0.142591266,-1.062974665,-0.461836563,17
Anion_2633,O=C([O-])CN1CCC(=O)CC1,2.779026321,0.991378542,3.552867326,-1.013639246,-1.870733475,14
Anion_2634,COc1ccc(C(=O)CCCCC(=O)[O-])c(OC)c1OC,-0.420106795,1.53262357,-1.417476388,3.432566643,-0.438930684,13
Anion_2635,CCOC(=O)C1CCN(CC(=O)[O-])CC1,0.949503393,4.917183317,4.313284714,-3.440267885,-1.051715601,18
Anion_2636,CCCC1=C(C(=O)[O-])C=[N+]=[N+]1c1cc(Cl)cc(Cl)c1,-1.942989494,1.194075396,0.999763929,0.791346815,1.33714195,10
Anion_2637,O=C([O-])CC[n+]1cc(Cl)c[n-]1,2.772028649,-0.362617881,-1.508979287,1.030034163,-1.238416689,9
Anion_2638,O=C([O-])C1=CC(=C2C=CC(F)=C[CH+]2)C=[S+]1,-3.339280991,0.85449803,-0.155354426,-2.100841246,-0.332061462,0
Anion_2639,O=C([O-])C1CCN(C(=O)Cc2ccc(F)cc2)CC1,-0.411112362,2.73622853,0.524636387,-0.487725933,0.158302951,16
Anion_2640,CC(C)(C)OC(=O)N1CCC(OCCC(=O)[O-])CC1,1.717770533,3.195269985,-2.700717076,1.08575459,1.343017964,6
Anion_2641,O=C([O-])C1=CC(=C2C=CC=[S+]2)N=[NH+]1,-3.21999357,-1.607005735,-1.121537251,-0.495770705,0.238647782,15
Anion_2642,O=C([O-])C1=[N+]=[NH+]c2cnccc21,-1.393586862,-2.26757808,-0.691220428,-0.533744143,-1.642347023,8
Anion_2643,O=C([O-])CN1C(=O)CCCC1=O,2.659722576,0.230311964,3.197687087,-0.195960344,-1.400785208,14
Anion_2644,O=C([O-])c1cc(C(F)(F)F)c[nH]1,0.7541015,-1.870288547,-1.8072646,-1.096932476,0.208556914,17
Anion_2645,COc1cnc(C(=O)[O-])o1,-0.728442824,-1.999517331,-1.415292648,-1.837322889,-0.001936982,2
Anion_2646,CC(C)(C)OC(=O)N1CCC(SCC(=O)[O-])CC1,0.375363962,1.931661111,-2.964714435,0.646659213,3.729229426,6
Anion_2647,O=C([O-])CC1([S+]=c2[c-]cccc2)CCC1,-0.267226043,1.692986629,-0.992567579,-1.786206222,-1.763496242,5
Anion_2648,Cc1ccc(F)c(CCC(=O)[O-])c1,2.436808866,0.357004988,-1.391285191,1.620707679,-1.210297599,9
Anion_2649,C[n+]1cc(=C([O-])[O-])c(=C2C=CC=C[C+]2Cl)[n-]1,1.00823263,-0.698693477,1.97650133,0.072518164,1.387020607,7
Anion_2650,O=C([O-])CCOc1cc(F)ccc1F,1.359085504,1.186392489,1.339501442,-0.506592231,-1.501348036,5
Anion_2651,Cc1ccc(F)c(OCCC(=O)[O-])c1,1.608864726,1.211962195,0.686854878,-0.449323565,-1.407306497,5
Anion_2652,Cc1cc(CCC(=O)[O-])ccc1F,2.280117777,0.822871227,-1.43649389,1.782384635,-1.099748949,9
Anion_2653,CN(C(=O)OC(C)(C)C)C1CC(C(=O)[O-])C1,3.112961338,2.613903119,1.550024185,-1.229186968,0.659611006,14
Anion_2654,N#Cc1ccc(SCCC(=O)[O-])cc1,0.271242673,-0.009262792,-0.870415365,3.655594073,-1.434053291,13
Anion_2655,O=C([O-])C1=[N+]=[N+]=[N+](c2ccccc2)[C-]1C1CC1,-2.640507773,0.34652452,-0.162642006,-0.484390635,0.212571663,10
Anion_2656,Cc1cncn1CC(=O)[O-],3.561939795,-0.723675309,1.266914592,-1.305693775,-0.187589929,20
Anion_2657,O=C([O-])C=Cc1ccc(OCc2ccc(F)c(F)c2)cc1,-6.520754918,4.107772481,-2.751556717,1.071440633,5.017595247,19
Anion_2658,C[N+]1=CN=CC(=C([O-])[O-])C1=O,0.416286043,-3.421734525,1.340013022,-0.109051317,0.147143623,21
Anion_2659,CC1=[N+]=[N+](CC(=O)[O-])C(C)=C1Br,2.840625909,0.895497099,4.370278503,-1.433312098,0.151546406,14
Anion_2660,C[N+]1=CC(Cl)=CC1=C([O-])[O-],1.625913843,-1.638233002,-1.154021711,-1.535013669,0.507806535,17
Anion_2661,N#CC1=CC=CC(=C2C=C(C(=O)[O-])[N-]O2)[CH+]1,-5.312941183,-1.386299326,-0.905503802,0.774115691,1.58942922,15
Anion_2662,COC1=CC(=O)[N+](=c2[c-]cccc2)C=C1C(=O)[O-],-2.037152141,-0.738171624,1.202363011,-1.193742569,0.607368218,3
Anion_2663,COc1ccccc1-c1oncc1C(=O)[O-],0.454475332,-1.380180274,4.405377868,-0.375071463,0.336540315,14
Anion_2664,COc1ccc(C2=C(C(=O)[O-])C=NN2)cc1,-0.089856536,0.714265784,1.37488419,-2.31305092,-0.952532656,5
Anion_2665,O=C([O-])C1=CN=[NH+]C1=C1C=CC(Cl)=C[CH-]1,-0.390497141,0.071530326,2.105930903,-1.602376307,-1.027289813,3
Anion_2666,Cc1ccccc1C1(C(=O)[O-])CC1,2.452548384,-1.098964866,1.12361813,0.55191356,1.670415829,7
Anion_2667,CC(C)(C(=O)[O-])c1ccc(C#N)cc1,0.825276662,-0.925585261,1.048508879,3.395361006,0.854772912,7
Anion_2668,O=C([O-])C1(c2[c-]c3[s+]cnc-3cc2)CC1,-0.035592155,-0.256467291,1.898385699,1.637073646,1.028136604,7
Anion_2669,CC1=CC(C(=O)[O-])=C(C)N1CC1=CC=[N+]=C[CH-]1,-1.478544352,2.110897824,-0.321438846,0.338670362,0.604101005,10
Anion_2670,O=C([O-])c1ccc(CN2CCCC2)o1,-0.766778406,-0.078920405,-1.570278505,-1.84668239,0.031475346,2
Anion_2671,COCC[n+]1c(C(=O)[O-])cc2cc(Cl)cc[c-]21,-2.05664336,-1.716667183,-0.784061656,-0.334172734,0.839586911,15
Anion_2672,O=C([O-])C1CCN(Cc2ccccc2Cl)CC1,-0.009125625,2.850083804,-0.38979726,1.501576919,1.121773832,6
Anion_2673,CC1=[N+]=[N+](c2ccc(Cl)cc2)C=C1C(=O)[O-],-2.9502983,1.991066071,0.504200288,-1.408265393,0.275860622,0
Anion_2674,CC1=[N+]=[N+](c2ccc(Br)cc2)C=C1C(=O)[O-],-3.45862764,2.401403347,0.353851653,-1.687009534,0.242388506,0
Anion_2675,O=C([O-])c1c(-[n+]2c[n+]#[n+][n-]2)[s+]c2[c-]1CCCC2,-1.042868978,-3.3220816,3.02870565,0.823418088,1.517263255,21
Anion_2676,CN(C)S(=O)(=O)CC(=O)[O-],2.841268579,-3.152001082,-1.364654354,-1.30174585,-0.33777126,17
Anion_2677,Cc1cc(OC[n+]2ccc(C(=O)[O-])[n-]2)ccc1Cl,-1.645125616,0.798342255,-1.37321022,-0.307020038,0.678211846,10
Anion_2678,C[N+]1=[N+]=C(C(=O)[O-])C(Cl)=C1C(F)(F)F,0.105469358,-3.466492665,0.372198425,-0.185837569,2.647634148,21
Anion_2679,O=C([O-])C1=[N+]=CC=[N+]2C=CN=C12,-0.709628194,-4.236327334,1.323066013,-0.074155469,0.713618584,21
Anion_2680,Cc1cc(=C([O-])[O-])nc2[n+]1=NC=C2,-2.818290487,-2.866072753,-1.085533996,0.173848799,-0.170346149,8
Anion_2681,Cc1cc(=C([O-])[O-])nc2[n+]1=CC=N2,-2.890748694,-2.450305041,-1.238565075,0.24108852,0.001993432,15
Anion_2682,O=C([O-])c1[c-][n+](Cc2ccc(Cl)cc2Cl)nc1,-2.342380976,2.071025633,-0.567819734,0.523454715,0.58499147,10
Anion_2683,CC(C)(C(=O)[O-])c1ccc(Cl)cc1F,2.182768328,-0.484169217,0.149696056,2.656439077,1.283835182,7
Anion_2684,O=C([O-])C1(c2cccc(F)c2)CCOCC1,3.271205223,-1.140448445,2.449352756,1.851904208,1.794303978,7
Anion_2685,COc1cccc(C2(C(=O)[O-])CCOCC2)c1,3.508059235,-1.055699047,2.394919464,1.640503666,1.970315244,7
Anion_2686,O=C([O-])C1(c2cccc(C(F)(F)F)c2)CCOCC1,0.952340253,-0.376507295,1.088396453,1.323743219,1.426489378,7
Anion_2687,C[N+]1=CC(=c2ncc(=C([O-])[O-])s2)C=N1,-3.88621259,-0.132015024,-0.329005551,-1.456303509,-0.110210291,0
Anion_2688,O=C([O-])c1ccc[n+](Cc2cccc(C(F)(F)F)c2)c1[O-],-3.161508976,2.088426443,3.053998311,-1.571365647,0.890671377,0
Anion_2689,O=C([O-])Cc1occc1Cl,3.388863578,0.289009096,1.519489769,-0.931343031,-1.062844698,20
Anion_2690,CC(C)Oc1cccc(CCC(=O)[O-])c1,2.514806711,0.536139529,-1.52423855,1.665649872,-1.085256967,9
Anion_2691,CC[n+]1c([O-])c2ccccc2[n+](CC(=O)[O-])c1[O-],-0.32671417,0.666354681,2.210177704,0.441091208,-1.480827348,4
Anion_2692,O=C([O-])C1CCN(CC2=CC=[N+]=C[CH-]2)CC1,0.154459689,1.924072793,-0.170574168,1.69853777,0.172184483,6
Anion_2693,CC(C)(C)OC(=O)N(CC(=O)[O-])CC1CCCC1,3.712010895,1.503917671,0.765257976,-0.548800259,1.911106636,7
Anion_2694,O=C([O-])CN1C(=O)COCC1=O,2.713415762,-0.347983449,3.87896438,0.381835061,-1.310552559,14
Anion_2695,CC[N+]1=[N+]=CC(=C2C=C(C(=O)[O-])[N-]O2)[C-]1C,-4.008925022,1.104404411,-0.352830812,-2.590470921,0.522422112,0
Anion_2696,C=CCN1C=C(C(=O)[O-])[N+]#[N+]1,-1.137655954,-0.653644385,-0.911944113,-2.108769175,-1.064823257,2
Anion_2697,O=C([O-])C[n+]1[c-]c(-c2ccccc2)nc1,-0.887041972,2.619613891,3.467318472,-1.78297035,-0.253607907,18
Anion_2698,O=C([O-])COc1[c-]c(=[N+]2C=[N+]=[N+]=N2)ccc1,-1.423362544,-0.336629592,0.036352024,1.700066597,-2.162842696,4
Anion_2699,O=C([O-])Cc1ccc(S(=O)(=O)N2CCCCC2)cc1,-0.860128098,1.439904047,-0.104571526,0.35322857,-0.784540015,5
Anion_2700,CC1=[N+]=[N+](c2ccc(F)cc2)C(C)=C1CC(=O)[O-],0.408382518,4.121915218,4.722891875,-1.546456143,-0.247182622,18
Anion_2701,O=C([O-])c1c[s+]c(Cc2ccc(Cl)cc2)[n-]1,-2.857592934,0.921629809,-0.131517779,-0.613174421,0.317410218,10
Anion_2702,O=C([O-])CCC(=O)N(Cc1ccccc1)Cc1ccccc1,0.638639633,0.894072543,-1.670482304,1.616887498,-0.140021084,9
Anion_2703,O=C([O-])Cc1cc2cccnc2cc1F,-1.823716402,0.833477394,1.683143369,-0.156470416,-2.237273806,4
Anion_2704,O=C([O-])Cc1ccc2ncc(Br)cc2c1,-2.892905639,1.085439847,0.092450339,2.682792936,-0.448065466,4
Anion_2705,CC1=[N+]=[N+](c2cccc(C(F)(F)F)c2)C(C)=C1C(=O)[O-],-2.165618198,1.46581705,-0.376601917,0.964918282,1.759554751,10
Anion_2706,O=C([O-])CC1=[N+]=CC=C[C-]1Cl,2.452712072,0.175915094,4.221898209,0.866262759,-0.463970289,14
Anion_2707,CCCCC1CC(=O)Oc2c1ccc(OCC(=O)[O-])c2C,-2.954612699,4.289236247,-0.673003051,0.740565789,0.95658346,6
Anion_2708,O=C([O-])Cc1ccc(OCC(F)(F)F)cc1,-0.519202655,4.03077578,-0.051281437,-1.025687199,-0.547101375,16
Anion_2709,O=C([O-])c1cc2c([nH]1)=NC=[S+2]=2,-1.292142791,-2.511933426,-1.593130351,-0.067556102,-0.634245956,8
Anion_2710,CC1=C(C(=O)[O-])[CH+]C(=S(C)(=O)[O-])O1,-0.690843918,-1.329288516,-0.831265697,-0.797990615,0.212571983,2
Anion_2711,O=C([O-])CCC(=O)[N+]1=C2[CH-]C=CC=C2CCC1,0.044315532,3.022708221,-0.833757308,0.177921989,-1.218298796,5
Anion_2712,CCN(CCCC(=O)[O-])C(=O)OC(C)(C)C,1.706951758,2.678163254,-2.238058801,-0.499182292,1.591754853,1
Anion_2713,CS(=O)(=O)N1CCN(CC(=O)[O-])CC1,6.604268409,1.273693219,9.705483416,-0.291387902,1.975561417,12
Anion_2714,CCC1=[N+]=C(C2=[N+]=CC=C[N-]2)[S+]=C1C(=O)[O-],-4.818071998,-1.195325333,0.457554119,0.406029614,0.348930694,15
Anion_2715,O=C([O-])c1cc2cc(Br)cc(Cl)c2[nH]1,-3.491318297,-2.111699124,-1.54172267,-0.211028869,1.197843975,15
Anion_2716,O=C([O-])c1ccc[n+]2c1=[N+]=C(C(F)(F)F)C=2,-1.994201674,-1.371308324,0.993856479,-0.83088899,-0.488869345,3
Anion_2717,O=C([O-])C[N+]1=C2[CH-]C(Cl)=CC=C2OCC1,2.044257427,1.428809498,2.280474498,0.743522779,0.053195305,14
Anion_2718,CC1=C(C(=O)[O-])[CH+]C(=S(=O)([O-])N(C)C)O1,-0.60467654,-1.386020309,-0.956584548,-0.207152191,0.731727808,2
Anion_2719,CC1=C(C(=O)[O-])[CH+]C(=S(=O)([O-])N2CCOCC2)O1,-1.338294403,-0.698861437,-1.341394481,0.077363497,1.195823029,2
Anion_2720,CC1=C(C(=O)[O-])[CH+]C(=S(=O)([O-])N2CCCCC2)O1,-1.258182442,-0.480778237,-1.147702195,0.036432593,1.355201346,2
Anion_2721,O=C([O-])C1=CC(=C2C=CC(F)=C[C+]2F)N=[NH+]1,-3.536288403,-0.766465461,-1.243634209,-0.867335291,0.663227179,15
Anion_2722,O=C([O-])CCCCCC(=O)c1ccc(Br)cc1,0.155295427,-0.339014514,-0.917027958,4.066682553,-2.402898362,13
Anion_2723,O=C([O-])CCc1ccc(OCC2CC2)cc1,0.294672066,3.492374439,-2.018171922,2.49023559,0.772535422,6
Anion_2724,O=C([O-])CCc1cc(F)ccc1Br,1.772451673,0.112734726,-1.433638807,1.718947719,-0.824787881,9
Anion_2725,CC(C)CN1CCC(C(=O)[O-])CC1,2.956487154,2.90661185,-2.315030168,-1.061742366,2.897594246,1
Anion_2726,O=C([O-])C1CN(C2CCOCC2)C1,3.253274809,1.426864862,-3.236873998,-0.981432677,2.804729233,1
Anion_2727,CC(C)(C)CN1CCC(C(=O)[O-])CC1,2.877894132,2.507027767,-2.488282655,-0.505974114,3.47588663,1
Anion_2728,CC(C)(C)C1CCC(N2CC(C(=O)[O-])C2)CC1,1.056094612,3.713466725,-3.820440668,0.227644045,4.86535913,6
Anion_2729,O=C([O-])Cc1ccc2c(c1)[NH+]=[N+]=C2,0.148924409,0.941096545,0.148127444,-0.311032267,-1.838780199,5
Anion_2730,CCC1=[N+]=C2C=C(CC(=O)[O-])C=C[C-]2O1,-1.115078491,2.336232463,-1.019138373,1.570598715,0.581436333,6
Anion_2731,CC1=CC=CC(=C2C=C(C(=O)[O-])N=[NH+]2)[CH-]1,-2.79571525,1.853425557,-0.776462786,-1.391256218,-0.217135531,10
Anion_2732,CC(=O)N1CCN(C(=O)CCC(=O)[O-])CC1,2.813759066,-0.10078764,-2.653575249,1.410953366,-0.011171723,9
Anion_2733,Cc1c(Br)ccc2[n+]1=CC(C(=O)[O-])=[N+]=2,-2.937089904,-0.304942008,-0.685102316,0.114016318,0.620589043,10
Anion_2734,O=C([O-])CCC1=[N+]=C(c2ccccc2Cl)[N-]O1,-0.364662319,1.553965449,-0.917726393,3.85989811,-0.88932907,13
Anion_2735,O=C([O-])CCCCC(=O)c1ccc(C(F)(F)F)cc1,-0.383869437,0.272283181,-0.884326199,4.177869253,-2.006114,13
Anion_2736,O=C([O-])C1(c2ccccn2)CCC1,2.530764869,-1.250780955,1.40338274,2.329778879,0.481899217,7
Anion_2737,O=C([O-])c1ccc(C2=[N+]=CC=[S+]2)s1,-4.429535598,-1.052936807,-0.116430607,-0.199519109,-0.627169212,15
Anion_2738,CC(C)(C)OC(=O)N1CCC(C(=O)[O-])([n+]2ccc[n-]2)CC1,0.982646726,0.530911973,3.54602593,-1.289582976,3.549302338,14
Anion_2739,CC1=C[S+]=C(C(=O)[O-])C1=[N+]1C=CC=C1,1.555148164,-2.345001838,6.36620638,0.40296652,2.463261894,12
Anion_2740,O=C([O-])c1c[s+]c2[c-]1CCOC2,0.672414076,-1.228400417,-0.365713671,-0.929936534,-0.500258969,2
Anion_2741,CC1=C(CC(=O)[O-])[N+]#[N+][N+]1=c1[c-]cccc1,-0.780081214,2.84585791,0.505160208,0.123353661,-1.616163191,16
Anion_2742,Cc1ccc([N+]2=[N+]=[N+]=C(CC(=O)[O-])[C-]2C)cc1,-1.476215219,3.871824479,0.438123049,0.094531428,-0.901587183,16
Anion_2743,O=C([O-])C1=[N+]=COC1=C1C=CC=C(C(F)(F)F)[CH-]1,-2.854640969,-0.17644579,1.48115225,-2.380043836,-1.021068293,0
Anion_2744,O=C([O-])C1=C[N-]OC1=C1C=CC=C[C+]1F,-0.764142946,-1.593650707,2.091242743,-1.04425111,-1.007128993,3
Anion_2745,O=C([O-])C1=CC(=C2C=CC(Cl)=[S+]2)[NH+]=N1,-3.51829361,1.223423454,-0.022332194,0.142369831,-0.044222461,10
Anion_2746,CCCC1=CC(=C([O-])[O-])C=[S+]1,-0.921087489,0.52195602,-1.067251685,-1.639201027,-0.379115184,2
Anion_2747,O=C([O-])C1=CC(=C2C=CC=C(F)[CH+]2)[N-]O1,-4.603229,-1.7386168,-0.701969545,-0.757511294,1.269331503,15
Anion_2748,O=C([O-])C1=CC=C[N+]1=c1ncc(C(F)(F)F)c[c-]1Cl,0.029159686,-1.050144362,6.318235633,0.311067235,0.977879974,12
Anion_2749,O=C([O-])CCC1=[N+]=C(c2[c+]o[c-]c2)[N-]O1,0.256206204,1.50829831,-1.161702008,3.288147148,-0.572161197,13
Anion_2750,COC1=CC=CC(=C2N=C(CCC(=O)[O-])O[N-]2)[CH+]1,-0.141592357,1.253124557,-0.970152806,3.873148839,-0.336655267,13
Anion_2751,COC1=CC(=C2N=C(CCC(=O)[O-])O[N-]2)[CH+]C(OC)=C1,-1.175746966,2.598053476,-1.529708426,4.683694268,0.780035575,6
Anion_2752,O=C([O-])C1=[N+]=C(Br)[S+]=C1c1ccccc1,-2.115817829,-2.829165362,1.587561695,0.148578401,1.14573214,21
Anion_2753,COCC1=[N+]=C(C(=O)[O-])C=[S+]1,-0.777012447,-1.544655213,-0.515251087,-0.036817216,-0.687149284,2
Anion_2754,O=C([O-])c1cc2[n+]([n-]1)CCCO2,0.781182188,-0.564499241,-2.743462745,-0.482789012,1.577240525,2
Anion_2755,COc1ccc(F)c2c1=CC(=C([O-])[O-])[NH+]=2,-2.566576538,-1.555407059,-1.883985765,-1.152472551,1.486474417,15
Anion_2756,O=C([O-])C1=CC=[N+]=[N+]1CCF,1.244066454,-3.565646401,-0.559390799,-1.112843315,-0.406210758,17
Anion_2757,CC(C)[N+]1=[N+]=CC(Cl)=C1C(=O)[O-],2.453894266,-4.593027536,2.668187104,-0.924790752,2.546417912,21
Anion_2758,CC[N+]1=[N+]=CC(Cl)=C1C(=O)[O-],2.867272922,-5.411257991,2.21406443,-0.699039444,2.125906652,21
Anion_2759,O=C([O-])C1=C[NH+]=[N+]=C1C1CC1,2.374688747,-0.685551218,-1.041179387,-1.50937677,-0.315744177,20
Anion_2760,CC1=c2c(C)ccc(C)c2=[NH+]C1=C([O-])[O-],-1.170363894,-1.426967802,-1.276245879,-0.416879859,1.410869575,2
Anion_2761,O=C([O-])COc1cncc(Cl)n1,-2.074567043,-0.104832237,1.259014877,-0.117401234,-3.241359161,4
Anion_2762,O=CC1=C[N+](CC(=O)[O-])=[N+]=N1,-0.405958228,-1.130383832,3.833425668,-0.474698543,-2.651730658,3
Anion_2763,Cc1nonc1-c1noc(CCC(=O)[O-])n1,-0.77239299,0.022716628,0.187178342,4.559523355,-2.421006524,13
Anion_2764,Cc1nonc1-c1noc(CCCC(=O)[O-])n1,-1.251115868,0.063532142,0.418660575,2.981093696,-2.316708445,13
Anion_2765,CC1=C(C(=O)[O-])[N+]#[N+][N+]1=C1N=CC=[S+]1,-4.025136057,-0.944343937,0.85719126,0.490533373,-0.388503612,15
Anion_2766,O=C([O-])C1(S(=O)(=O)c2ccc(Cl)cc2)CCCC1,0.800857716,-2.611425038,4.178813524,0.787233185,1.136288297,21
Anion_2767,O=C([O-])c1cnc(-c2ccc(C(F)(F)F)cc2)s1,-6.010514137,0.284683123,-0.028775999,-0.344803459,0.367761672,0
Anion_2768,Cc1[c-][n+]2cc(C(=O)[O-])nc-2c(Br)c1,-3.214670607,-0.823502401,-1.612377271,0.119627007,0.87313869,15
Anion_2769,Cc1c(C(=O)[O-])[n+]#[n+]n1Cc1ccc(Cl)cc1,-2.972798195,1.345937993,-0.18321579,-0.617240479,0.637737035,10
Anion_2770,Cc1c(C(=O)[O-])[n+]#[n+]n1Cc1ccc(C(F)(F)F)cc1,-3.491312665,1.840731743,0.226598762,-0.307380138,1.005915878,10
Anion_2771,Cc1onc(-c2cccnc2)c1C(=O)[O-],0.536225032,-2.52587418,3.192994058,-0.469753444,0.04497869,21
Anion_2772,O=C([O-])C1=[N+]=[NH+]C2=C1COc1ccccc12,-1.925861575,0.90191024,1.30674672,-0.798477768,0.369864734,10
Anion_2773,O=C([O-])C1CCC(OC2CCOCC2)CC1,2.251576732,4.096824234,-2.277586636,-1.377161004,3.209762734,1
Anion_2774,CC(C)(OCC(=O)[O-])C(F)(F)F,4.559840837,0.557277039,-2.332088494,-2.202332546,0.501460339,1
Anion_2775,O=C([O-])c1cn[n+]2cccc(Cl)[c-]12,-0.142545222,-0.580800657,0.512622884,0.505961046,-1.238373252,3
Anion_2776,CN1N=CC(C(=O)[O-])=C1S(C)(=O)=O,0.526824256,-2.559423358,-0.253223561,-0.355479265,-0.649040815,17
Anion_2777,CCC[n+]1cc(CCC(=O)[O-])c2cccc[c-]21,0.043583769,2.256848555,-1.79087162,1.29375967,0.799388045,6
Anion_2778,COC1=[N+]=CC(Br)=CC1=CC=C([O-])[O-],-3.809171337,-0.690225639,-1.313815282,0.480475645,0.603363576,15
Anion_2779,CC1(C)CCC2=C(C1)N=[NH+]C2=C([O-])[O-],-0.198161472,-0.528507947,0.033081944,-2.217057034,0.333547732,2
Anion_2780,CC(C)(C)[N+]1=NC=C(C(=O)[O-])C1=C1C=CC=C[CH-]1,1.828622075,0.627455703,4.775755586,0.475775744,2.491251525,14
Anion_2781,COc1cccc2c1C(C(=O)[O-])=NN2C,0.402852893,-2.341177824,0.706023416,0.23246698,1.289159017,21
Anion_2782,COc1ccc2cc(C3=CNC=C3C(=O)[O-])ccc2c1,0.039712075,2.493641198,7.906359733,-1.095597136,1.320315899,12
Anion_2783,O=C([O-])c1cn[n+](-c2ccccn2)[c-]1C(F)(F)F,-2.29445407,0.039123743,0.827063168,0.348071796,0.376887892,10
Anion_2784,O=C([O-])c1c[n+]2cccc(C(F)(F)F)c2[n-]1,-2.638889558,-1.002495311,0.402398058,0.764388454,0.650439956,15
Anion_2785,Cc1ccccc1C(=O)c1[c-]c(C(=O)[O-])[nH+]c1,-3.03249141,0.303308467,1.424905558,-0.551360673,-0.611240294,0
Anion_2786,COc1ccc(C(=O)c2[c-]c(C(=O)[O-])[nH+]c2)cc1,-3.92635211,1.250759101,1.388187802,-1.918100246,-1.138252947,0
Anion_2787,CC[N+]1=[N+]=C(C(=O)[O-])C(Cl)=C1Cl,0.937959283,-2.836175827,0.932335014,-1.030767906,2.369244536,21
Anion_2788,CCOC(=O)C1(CC(=O)[O-])CCC1,4.688275565,0.460931926,2.931968627,0.263489012,0.082279055,14
Anion_2789,O=C([O-])Cc1ccc(OCC(F)F)cc1,-0.380014397,3.930916931,-0.212945227,-1.028623593,-0.654001388,16
Anion_2790,O=C([O-])C1CC[N+](=C2C=[N+]=CC=N2)CC1,-1.224872514,1.497052779,-0.439983632,2.810791712,1.450128581,6
Anion_2791,CCc1ccc(N2CCC(C(=O)[O-])CC2)cc1,0.092582483,2.644274921,-1.812500349,2.737803592,3.04442722,6
Anion_2792,CC(C)(C)c1cnc(CCC(=O)[O-])o1,-0.133732646,4.237053289,-0.081900303,-1.116460733,0.122364854,16
Anion_2793,O=C([O-])c1ccc[n+]2c[n+]#[n+][c-]12,-1.37041773,-2.958369488,0.331498553,0.467873285,-0.558947894,8
Anion_2794,CCCC1=[N+]=[N+]=c2c(=C([O-])[O-])ccc[n+]21,-3.763537096,0.438339855,1.319443873,-1.259549129,0.14199173,0
Anion_2795,O=C([O-])CCc1cccc2cnccc12,-0.027199776,0.250499254,-0.524347637,3.388765698,-1.018086027,13
Anion_2796,COC1=CC=C[N+]2=NC=C(C(=O)[O-])[C-]12,0.008845409,-0.376820099,-0.320254582,-0.080840443,-1.39834417,5
Anion_2797,O=C([O-])c1c[n+]2c(Cl)cccc2[n-]1,-2.561664536,-1.470787094,-1.414085026,0.46961875,0.079384991,15
Anion_2798,CC1=CC=CC(=C2N=C(C(=O)[O-])C(C)=[NH+]2)[CH-]1,-1.963880634,2.036927409,0.180135475,-1.182354897,0.052084526,10
Anion_2799,CC1=[NH+]C(=C2C=CC=C(Cl)[CH-]2)N=C1C(=O)[O-],-2.507475104,1.689087218,-0.520016478,-0.019510382,0.342560382,10
Anion_2800,COC1=CC=CC(=C2N=C(C(=O)[O-])C(C)=[NH+]2)[CH-]1,-1.968727171,1.834971786,-0.13775935,-1.071809646,-0.082103241,10
Anion_2801,O=C([O-])CCN1C(=O)C2=CC=NC=C2C1=O,1.699843147,0.749296445,12.47227113,3.175080036,-1.210244826,12
Anion_2802,CC(C)CC1(C(=O)[O-])CCCC1,6.847670396,-0.329958667,0.613368432,-0.022911796,2.234496467,11
Anion_2803,Cc1cncc(CC(=O)[O-])c1,0.845726744,-0.048223606,-0.766386041,0.771599954,-1.062511414,9
Anion_2804,COc1ccc(CC(=O)[O-])cc1C(F)(F)F,0.072294342,2.056408425,-0.329927455,-0.202953969,-1.092449562,5
Anion_2805,O=C([O-])CCC[N+]1=[N+]=C(C(F)(F)F)C2=C1CCCC2,1.329309834,1.303845249,-2.232667567,1.438246361,0.964360514,9
Anion_2806,O=C([O-])C1=C[N+](C2CCCCC2)=[N+]=N1,-1.068566461,0.484821713,-0.134492504,-0.65208162,1.561456737,10
Anion_2807,CC1=[NH+]C(=C2C=CN=C[CH-]2)C=C1C(=O)[O-],-1.530482412,1.232424646,-0.135695587,-0.074364964,-0.131875316,10
Anion_2808,CC1=C(CCC(=O)[O-])C(=O)[n+]2c([nH+]c3cccc[c-]32)C1=C=[N-],-1.347867811,3.148196227,-0.302164391,3.541354909,2.593082411,6
Anion_2809,Cc1ccc([N+]2=[N+]=[N+]=C(C(=O)[O-])[N-]2)cc1,-5.204604372,0.065348045,0.496138256,-1.792120599,-0.265674397,0
Anion_2810,O=C([O-])C1CCN(S(=O)(=O)c2ccc(F)cc2)CC1,0.966820965,-0.211248095,-0.767852475,2.980372149,0.090399189,9
Anion_2811,O=C([O-])C1=[N+]=[N+](Cc2ccccc2)C2=[N+]=CC=C[C-]12,-3.129042821,-1.016576673,-0.796448977,0.254486684,1.15756658,15
Anion_2812,Cc1ccc2c(c1)O[CH+]C(=CC=C([O-])[O-])C2=O,-4.610027431,1.661088637,-0.62736412,1.466243639,1.350460077,10
Anion_2813,CC1=[NH+]C(=C2C=CC(F)=C[CH-]2)C=C1C(=O)[O-],-1.564771114,2.737521759,-0.498998511,-1.221824111,0.338259014,16
Anion_2814,COc1ccc(C2=CC(C(=O)[O-])=C(C)N2)cc1,-2.444587521,4.35518681,-0.1182389,-2.449200102,0.500434493,16
Anion_2815,COC(=O)C12CC(CC(=O)[O-])(C1)C2,1.364844654,2.850894716,0.467630175,-2.162081113,-2.296907804,5
Anion_2816,O=C([O-])C1CCC(c2cc3cccnc3c(Cl)n2)CC1,-3.531990509,2.601026665,0.54716917,5.631003771,1.704332508,6
Anion_2817,COc1cccnc1CC(=O)[O-],2.559406002,0.274719734,3.142854125,0.552076746,-0.87733652,14
Anion_2818,COc1cc(C2(C(=O)[O-])CC2)ccc1C,1.767114247,0.316905304,1.057790648,0.615672432,2.001426074,7
Anion_2819,CC1CC(CCC(=O)[O-])C1,4.65079099,2.613041904,-2.49834378,-1.315999928,0.571002424,1
Anion_2820,Cc1ccccc1C(=O)N1CCC(C(=O)[O-])CC1,-0.574833119,2.504070675,0.519797789,0.008582164,0.064536426,16
Anion_2821,O=C([O-])C1=[N+]=c2ncc(Br)c[n+]2=N1,-5.354816568,-1.976544209,0.005395745,0.635579052,-0.002808042,15
Anion_2822,CN1C=C(C(=O)[O-])c2c(Cl)ncnc21,-0.90897784,-1.397683417,-0.101034756,0.86922134,-0.369760367,2
Anion_2823,CC(C)CC1=[N+]=C(C(=O)[O-])C=[S+]1,-1.592770779,-0.225245397,-0.295591896,-1.700056095,-1.012804437,3
Anion_2824,O=C([O-])CCc1ccccc1OC(F)(F)F,1.13933676,1.403442011,-1.089862164,0.703479051,-0.733232276,9
Anion_2825,O=C([O-])CCc1ccc(F)cc1C(F)(F)F,0.909042119,0.543013869,-1.003366236,2.080489547,-0.780306539,9
Anion_2826,O=C([O-])C1=[N+]=c2cccc[n+]2=C1I,-0.870372763,-3.561536806,0.479490483,1.009283669,1.634572213,21
Anion_2827,O=C([O-])C1(c2cccc(Cl)c2)CCCCC1,3.011906145,-0.417997921,3.211685777,1.74545018,2.038866708,7
Anion_2828,O=C([O-])C1(c2cccc(C(F)(F)F)c2)CCCCC1,2.364864779,0.006758314,3.426833185,1.892947547,2.023192524,7
Anion_2829,Cc1ccccc1[N+]1=NC=C(C(=O)[O-])[C-]1C(F)(F)F,-0.352494435,0.545532067,2.8288647,0.188984485,1.700228806,14
Anion_2830,CC1=[S+2]=c2ncnc(SCCC(=O)[O-])c2=C1C,-1.485323471,2.62196884,-0.488963349,3.22369927,0.124373579,6
Anion_2831,CCOC(=O)C1CCN(C(=O)CCC(=O)[O-])CC1,1.574168315,0.948910385,-2.31133647,2.469587044,0.202374748,9
Anion_2832,O=C([O-])C=Cc1ccc(-c2ccccc2Cl)o1,-4.888996617,1.053929362,-1.330978047,0.604460734,1.165475551,10
Anion_2833,O=C([O-])C1CCN(S(=O)(=O)Cc2ccccc2)CC1,1.685061934,-0.696838893,-0.874955971,1.895072302,-0.455960811,9
Anion_2834,O=C([O-])C1=CC(=C2C=CC=C[C+]2F)N=[NH+]1,-3.389821324,-1.10909591,-1.373879335,-0.581494107,0.754537215,15
Anion_2835,O=C([O-])C1=[N+]=CO[C-]1C1CC1,1.591261549,-1.553597276,0.765136705,-0.631190362,-0.014673205,17
Anion_2836,O=C([O-])CC1=C[S+]=C2N=C(c3cccs3)C=[N+]12,-1.008783257,-0.917562303,-1.586123161,2.188140804,0.244573659,13
Anion_2837,O=C([O-])Cc1cc(F)cc2c1OCOC2,3.172519999,1.388121526,4.62845308,0.472578546,0.653272867,14
Anion_2838,COc1ccc2cc(Br)ccc2c1CC(=O)[O-],0.93147864,0.736576159,4.275260354,3.358826343,1.599582972,14
Anion_2839,O=C([O-])Cc1cc(Cl)c2c(c1)OCCCO2,0.175276767,1.820080752,-0.009636393,-0.899075203,-1.016497951,5
Anion_2840,O=C([O-])c1c[s+2]#[n+][c-]1Br,-0.408486467,-4.062063381,-0.224691829,-0.130442041,-1.596845199,8
Anion_2841,O=C([O-])c1ccc(C2=[N+]=c3ccccc3=[S+]2)s1,-6.588184628,0.852549302,0.579849548,-0.975150894,-0.034055742,0
Anion_2842,CCOCCC1(C(=O)[O-])CCCC1,5.934014755,0.725488808,0.337101194,0.455718132,3.546045353,11
Anion_2843,O=C([O-])c1cc(Cl)c[n+](Cc2ccccc2)c1[O-],-2.14178609,-1.34615117,0.691535081,1.438089022,2.707666657,21
Anion_2844,O=C([O-])C1(F)CCOCC1,5.347691987,-2.205568552,-1.355464344,-1.322206583,1.226878099,11
Anion_2845,O=C([O-])C1=[N+]=c2cccc[n+]2=C1Br,-0.638580724,-3.432966913,0.388192709,0.977047924,1.66158547,21
Anion_2846,O=C([O-])CN1C(=O)CCCc2ccccc21,2.150416934,1.28696442,2.615176247,0.497997335,-0.118905581,14
Anion_2847,CC(C)(C)OC(=O)N1CC(CF)(C(=O)[O-])C1,2.168659633,0.358196096,0.694468328,0.103147061,3.314451989,7
Anion_2848,Cc1ccc(C2=NC=C(C(=O)[O-])S2)cc1,-4.915032353,0.26801544,-0.399193969,-0.601952723,0.298009463,0
Anion_2849,O=C([O-])Cc1ccccc1-c1cccc(F)c1,-0.777321129,0.235912733,-0.607101816,-0.025511616,0.483242734,2
Anion_2850,COCC1=CC(=C([O-])[O-])[C+](C)O1,1.174111586,-0.694073643,-1.548663842,-0.793309822,0.45292429,2
Anion_2851,CC(=O)C1=CC(=C([O-])[O-])[C+](C)O1,-1.244312764,-1.636999683,0.007838667,0.467457312,-0.273808386,2
Anion_2852,COc1ccc(C2=CC(=C([O-])[O-])[C+](C)O2)cc1OC,-3.019320411,3.072904806,-0.193832625,-1.236292744,1.391603107,10
Anion_2853,CC1(C)CC(=O)N(CC(=O)[O-])C1=O,2.341862619,0.635821834,3.991613418,-0.798259735,-0.705355869,14
Anion_2854,C[N+]1=[N+]=C(C(=O)[O-])C=C1c1ccc(Cl)cc1,-3.367742188,2.308673633,0.299955182,-1.577293602,0.530744072,0
Anion_2855,Cc1noc(C)c1C=CC(=O)[O-],-0.746581484,-1.192069781,-0.706995208,-0.263752234,-0.30781684,2
Anion_2856,O=C([O-])C1=[S+2]=CC=C1SCc1ccc(Cl)cc1,0.208030956,-1.473569275,5.758124486,-0.611080514,1.927302996,14
Anion_2857,N#Cc1cccc(C(F)(F)C(=O)[O-])c1,-1.915363335,-2.570893582,0.648247994,0.634757904,-0.179436475,8
Anion_2858,COCOCC(C)(C)C(=O)[O-],5.411075714,0.453133984,-0.729717207,-0.650427079,2.249051013,11
Anion_2859,O=C([O-])CN1CCOCC1=O,3.689266431,0.438455485,0.594456974,-1.618499286,-1.024771082,20
Anion_2860,O=C([O-])c1ccc(-c2cccc3ccccc23)o1,-3.639999205,0.507167944,1.142396264,-1.310513571,-0.792257646,0
Anion_2861,Cc1cnc2[n+](c1)C(=C([O-])[O-])C=N2,-1.789466332,-1.73141193,0.942531271,-0.915657909,-2.269327855,3
Anion_2862,O=C([O-])c1cnc2ncc(Br)cn12,-2.737188612,-2.193581134,1.753206921,-0.850920906,-2.316115726,3
Anion_2863,O=C([O-])CCCN1C(=O)[NH+]=[NH+]C1=O,3.227518435,-2.605186382,-1.919566372,0.18904705,-1.709144087,20
Anion_2864,Cc1ccc(C#N)c(=[S+]CC(=O)[O-])[n-]1,-0.851104225,0.102740172,0.887505261,1.02341206,-1.900515111,4
Anion_2865,CC(C)CC1(C(=O)[O-])CC1,5.737289572,0.248254744,0.251715225,-2.079493432,1.336155358,11
Anion_2866,COc1cc(CC(=O)[O-])ccc1C(F)(F)F,0.184405782,1.160242168,0.065379589,-0.417716549,-0.907406817,5
Anion_2867,O=C([O-])CCCC(=O)c1cccc(C(F)(F)F)c1,-1.938448969,2.551566087,1.722030105,0.026635361,-3.513154207,4
Anion_2868,O=C([O-])C1=[N+]=C(Cc2ccccc2)[N-]O1,-4.023229766,-2.937693659,0.158247634,-1.800955832,1.0677278,15
Anion_2869,O=C([O-])C1=C[N+](Cc2cccc(F)c2)=[N+]=N1,-3.073750023,1.242328532,0.15896387,-1.881590452,-0.08411582,0
Anion_2870,O=C([O-])c1cn[n+]2cccc(Br)[c-]12,-0.087471501,-0.692535615,0.659847917,0.535840807,-1.204983071,3
Anion_2871,O=C([O-])c1cc(C2CC2)c(Cl)s1,-2.211194083,-1.965892397,-1.334060439,-0.924085017,0.369396627,15
Anion_2872,N#Cc1cccc(C2(C(=O)[O-])CC2)c1,-0.089739832,-1.489736988,1.728674636,1.821126911,1.050051026,21
Anion_2873,O=C([O-])C1(C2=[N+]=c3ccccc3=[S+]2)CC1,0.540505126,-1.34559764,1.230973983,2.827062044,2.230080184,7
Anion_2874,O=C([O-])C1=[N+]=CO[C-]1C1CCCCC1,1.534977116,-0.051496129,4.153732436,-1.5136072,1.184867337,14
Anion_2875,COCCS(=O)(=O)c1ccc(CC(=O)[O-])cc1,-0.515229498,1.061383681,0.629394043,-0.763666023,-1.76077568,5
Anion_2876,N#Cc1ccc(-c2ocnc2C(=O)[O-])cc1,-3.213124704,-1.696710493,1.415272386,-1.290758397,-1.923221652,3
Anion_2877,O=C([O-])C[n+]1ccc2c(Cl)ccc[c-]21,0.176716505,0.884868833,1.583973677,-1.570533324,-2.059904675,5
Anion_2878,O=C([O-])C[n+]1ccc2ccc(F)c[c-]21,0.445352258,0.292334387,1.349834409,-0.090882907,0.463696507,5
Anion_2879,COc1cccc(Cl)c1-c1noc(C)c1C(=O)[O-],2.815841683,-2.174179982,6.280672387,0.122253096,2.176569578,12
Anion_2880,O=C([O-])C1=CN=[NH+]C1=C1C=CC=C[CH-]1,0.498337045,-0.126791269,1.77378112,-1.194963253,-0.748260742,3
Anion_2881,CCCCCN(CC(=O)[O-])C(=O)OC(C)(C)C,3.115685189,2.080567874,0.14192602,-0.428455676,1.940545958,1
Anion_2882,COc1cc(CC(=O)[O-])ccn1,0.459532194,0.361159384,-0.744552589,0.919644772,-0.429883175,9
Anion_2883,COc1cc(C2(C(=O)[O-])CC2)ccn1,0.722833527,-1.075260887,0.971477916,1.597900558,2.26898966,7
Anion_2884,COc1ccc(C2(C(=O)[O-])CC2)cn1,0.517879343,0.260202199,1.902190595,0.639851165,0.882539395,7
Anion_2885,O=C([O-])CC1=CC(C(F)(F)F)=[N+]=[NH+]1,0.349065899,0.08133194,0.073257608,-2.244021437,-1.731240685,5
Anion_2886,O=C([O-])C1=[N+]=c2c(F)cccc2=[S+]1,-4.05640952,-4.503263899,-0.995283756,-0.354087206,1.04851379,8
Anion_2887,O=C([O-])C1=[N+]=[N+]2C=CC=[N+]=C2[C-]1Br,-1.830149754,-4.617201678,1.441162379,1.480961671,1.475469577,21
Anion_2888,O=C([O-])C[S+]=C1C=[N+]=CC(Cl)=N1,-1.55114148,-1.419271065,-0.365759685,3.200384047,-0.833621927,13
Anion_2889,Cc1c(C(=O)[O-])nc2ccccn12,-1.167948409,-1.392375624,-0.885907959,0.993020246,0.499716807,2
Anion_2890,O=C([O-])CCOCCOCCS,4.04124284,-0.599718393,-2.200795388,0.398953688,-1.182020928,20
Anion_2891,CCOc1ccc(CC(=O)[O-])c(F)c1F,-0.582128954,2.823406843,0.463231692,-2.388938871,-0.733270056,16
Anion_2892,O=C([O-])C1=COC(=C2C=CC=C[C+]2Cl)[N-]1,-3.130399515,0.1813056,0.360898476,-0.382186974,0.17680364,0
Anion_2893,N#CC1(C(=O)[O-])CCCCC1,4.242336276,-3.139759687,1.324178586,-0.368222376,2.511588297,11
Anion_2894,O=C([O-])C1=[N+]=[NH+]c2cc(I)ccc21,-2.903483294,0.446620772,-0.114370507,-2.291137206,-1.238386894,0
Anion_2895,O=C([O-])c1cc2c(F)ccc(F)c2[nH]1,-2.127317814,-2.730670272,-1.732600537,-0.758751586,0.73552148,15
Anion_2896,OC(CCC(C=N1)=CN1B2OC(C)(C)C(C)(C)O2)=O,-1.217620126,3.279192215,0.870600734,-4.328643246,-1.400520876,16
Anion_2897,COC(=O)c1ccc(CC(=O)[O-])cc1F,-1.869003028,1.525837797,0.382770296,0.745555835,-0.919581696,4
Anion_2898,COC(=O)c1[c-][n+](CC(=O)[O-])nc1,-0.178137736,0.109899462,0.830709862,-2.299573966,-2.572226602,5
Anion_2899,O=Cc1ccc(N2CC(C(=O)[O-])C2)cc1,-1.482919262,0.739427614,-1.119732173,3.065044711,1.045177775,6
Anion_2900,COC1=C[N+](=c2[c-]cccc2)N=C1C(=O)[O-],-2.059792267,0.523004526,0.431010247,-1.419729879,0.942049414,10
Anion_2901,O=C([O-])c1[c-][n+](CCF)nc1,1.066295655,0.205494773,-1.880648533,-1.189976218,-0.051254849,2
Anion_2902,COc1cccc(CC(=O)[O-])n1,1.172840836,1.404764101,-0.251016509,0.018760065,-1.638115411,5
Anion_2903,N#CC1=COC(=C([O-])[O-])[CH+]1,-1.395957855,-3.212219209,-0.914952206,-1.129158838,-0.708269522,8
Anion_2904,O=C([O-])CC[S+]=c1cc(F)cc[c-]1F,1.66248263,-0.277173397,-1.260132284,2.446878563,-1.071791431,9
Anion_2905,O=C([O-])C1=CN=C[N+]1=c1[c-]cc(F)cc1,-0.032671851,-1.675098596,0.141866802,-1.685158955,-1.137886972,3
Anion_2906,O=C([O-])C1=CC(=C2C=CC=[S+]2)[NH+]=N1,-2.719688062,0.709149739,-0.736089565,-0.567523021,-0.717339319,10
Anion_2907,CC(C)(C)N1C=C(C(=O)[O-])C(Br)=N1,0.916688899,-0.266785198,-0.551373747,-1.234297338,1.117455045,2
Anion_2908,O=C([O-])C1=[N+]=C(C2CC2)C=[S+]1,-1.706069488,-3.138262383,0.771223371,-1.342186244,-0.084814707,8
Anion_2909,CS(=O)(=O)[N+](CC(=O)[O-])=c1cccc[c-]1Cl,2.76893051,-0.193385499,5.125521743,1.908339003,1.175658247,14
Anion_2910,CC[n+]1cc(Br)c(C(=O)[O-])[n-]1,2.097940727,-2.058082159,1.615742086,-0.747875762,2.383794479,7
Anion_2911,O=C([O-])C1=C[NH+]=C2C1=NC=[N+]=C2Cl,-1.742376971,-1.135767065,-1.18545445,0.888680526,-1.543110163,2
Anion_2912,O=C([O-])c1oc2ccccc2c1CSCc1ccccc1,-1.211103114,-2.740904949,1.413107228,0.132842626,2.191232259,21
Anion_2913,CC1=[N+]=[N+](Cc2ccccc2Cl)C(Cl)=C1C(=O)[O-],-0.465867937,0.007583175,2.242160818,1.564005823,4.13452744,7
Anion_2914,CCC[N+]1=[N+]=CC=C1C(=O)[O-],1.15412186,-2.958229892,-1.217206558,-1.351638963,-0.258876696,17
Anion_2915,CC1=C(c2ccccc2)N=[NH+]C1=C([O-])[O-],-2.278331993,-0.975764987,-0.606201403,-0.411961283,1.262415514,15
Anion_2916,CC(C)C1(C(=O)[O-])CCN(C(=O)OC(C)(C)C)CC1,3.453226793,2.158870315,1.499918285,0.597180489,4.043102884,7
Anion_2917,O=C([O-])C1=CC(=C2C=CC=C(Cl)[CH+]2)N=[NH+]1,-3.878831281,-1.373459975,-1.834794958,0.078826199,1.952753259,15
Anion_2918,CC1=[N+]=[N+](C)C(Oc2cccc(Cl)c2)=C1C(=O)[O-],-0.703962846,0.860281131,2.343325445,-2.038502645,0.385844399,18
Anion_2919,O=C([O-])C1(c2cncc(Br)c2)CC1,0.439397757,-1.707015025,1.749597203,1.842847466,1.624710797,7
Anion_2920,CC1=[N+]=C(C(=O)[O-])N=[N+]1c1ccc(Cl)cc1,-3.774712854,1.486530438,0.663554635,-1.975154751,0.828101954,0
Anion_2921,CC1=CC(C(=O)[O-])=NN1c1cccc(F)c1,-2.397196375,0.657723086,-0.397294898,-0.862672382,0.949389373,10
Anion_2922,COc1ccc([N+]2=[N+]=C(C(=O)[O-])C=C2C)cc1,-3.297612209,2.939287654,0.189996712,-3.027035485,0.85079473,0
Anion_2923,C[N+]1=[N+]=C(c2ccc(Cl)cc2Cl)C=C1C(=O)[O-],-3.601922547,0.449816226,0.516611886,-1.118212486,1.308164066,0
Anion_2924,O=C([O-])C1=[N+]=[NH+]C(Cl)=N1,0.115753496,-2.421131792,-1.589672238,-1.710117234,-0.346651106,17
Anion_2925,O=C([O-])C1=[N+]=[NH+]C(Br)=N1,-0.670073516,-2.224999329,-1.253150205,-1.588013478,-0.469678855,2
Anion_2926,O=C([O-])C1=[S+2]=CN=C1c1ccc(Br)cc1,-2.27451518,-2.081820732,2.011450913,-1.532987734,-0.438824141,3
Anion_2927,CCS(=O)(=O)c1ccc(CCC(=O)[O-])cc1,0.650108204,0.780040633,-1.384345017,3.12310523,-0.532801818,13
Anion_2928,CC(C)(C)OC(=O)N1CCc2ccc(CC(=O)[O-])cc2C1,-0.249630482,4.460244906,3.916122599,-2.791430715,0.106554358,18
Anion_2929,CCCC1=[S+2]=C(C(=O)[O-])C=C1CC,-1.28347988,-1.00588066,-1.367870768,-0.700608555,1.60989358,2
Anion_2930,CCC1=CC(=C([O-])[O-])[S+]=C1C,-0.719809074,-1.151603733,-0.9979032,-0.917150264,0.566069625,2
Anion_2931,O=C([O-])C1CC[N+](=c2ccnc(Cl)[n-]2)CC1,-1.97557542,2.302661034,-0.415915562,1.596390408,1.886473902,6
Anion_2932,CC1=[N+]=C(c2ccc(Cl)s2)[S+]=C1C(=O)[O-],-4.686874783,-0.478367726,0.908715536,0.68558305,0.601427914,0
Anion_2933,COc1ccccc1C1=NC=C(C(=O)[O-])S1,-4.241843976,-0.599342194,-0.675568753,-0.103760297,0.204225862,15
Anion_2934,Cc1ccccc1C1=CC(=C([O-])[O-])[N+](C)=N1,-2.108413109,-0.28167686,-0.223173931,-1.187381018,1.387395246,10
Anion_2935,COc1ccc(C2=CC(=C([O-])[O-])[N+](C)=N2)cc1OC,-3.406687966,1.632483486,0.142962546,-1.836548899,2.184489587,10
Anion_2936,CC(C)(C(=O)[O-])N1CCCC1,5.879598122,0.276983354,0.260333197,-2.359538087,0.943967143,11
Anion_2937,N#Cc1[c-]c2[n+](CC(=O)[O-])ccc-2cc1,-0.645055919,-0.38358993,1.796848388,1.521722426,1.210194644,21
Anion_2938,C[N+]1=[N+]=[N+]=C(C(=O)[O-])[C-]1C(F)(F)F,-0.303478787,-3.080446543,0.088844184,-0.668739786,-0.20328321,17
Anion_2939,CC(C)[N+]1=[N+]=[N+]=C(C(=O)[O-])[C-]1C(F)(F)F,-1.075263787,-2.3483733,0.200026838,-0.341145324,1.253501784,21
Anion_2940,COCC[N+]1=[N+]=[N+]=C(C(=O)[O-])[C-]1C(F)(F)F,-2.159262517,-1.885732485,-0.41330603,0.544700661,2.683727711,15
Anion_2941,O=C([O-])C1=CC(=C2C=[N+]=CC=N2)[NH+]=N1,-4.052041044,0.443368256,-0.160475327,0.626076582,-1.279459458,0
Anion_2942,COC1(C(=O)[O-])CCC(F)(F)CC1,6.17067218,-1.267734208,1.37700724,-0.367324454,2.715575077,11
Anion_2943,CC(C)COc1cccc(OCC(=O)[O-])c1,0.379862007,1.216491679,-1.601886195,0.584875409,-0.165218325,9
Anion_2944,CC(C)C1=C(C(=O)[O-])C=[N+]=[N+]1c1ccc(C(F)(F)F)cn1,-3.216729868,1.905197816,2.224450741,0.825020586,1.458493748,10
Anion_2945,O=C([O-])C1CC[N+](=c2ccc(Br)c[n-]2)CC1,-1.865072545,2.730701799,-1.209487002,2.629010202,3.115773092,6
Anion_2946,CC(C)C1=[N+]=[N+]=C(CCC(=O)[O-])O1,2.324730337,0.451282496,-1.644893595,2.490688642,-0.588384834,9
Anion_2947,O=C([O-])CCc1cc(C(F)(F)F)ccc1C(F)(F)F,0.729386562,0.158476225,-0.739372038,2.295838286,-1.159936577,9
Anion_2948,C[N+]1=[N+]=C(C(=O)[O-])C=C1C1CC1,0.410906928,0.237607145,-1.843217476,-1.746901556,0.766057191,2
Anion_2949,Cc1cc(C2(C(=O)[O-])CC2)no1,2.077321016,-1.249093942,1.821178209,0.843996904,0.936062961,7
Anion_2950,CCOc1ccc(C2=CC(=C([O-])[O-])[N-]O2)cc1OCC,-7.188424585,2.188512236,-1.017030031,-1.664020171,4.103870362,0
Anion_2951,O=C([O-])c1ccc(C2CC2)o1,0.857314203,-0.842753308,0.115789592,-1.663563616,0.119666011,2
Anion_2952,Cc1cc(C(F)(F)F)c2cc(C(=O)[O-])oc2n1,-4.18183565,-2.705512832,0.47227472,0.59875006,2.509482204,15
Anion_2953,CC1=CC=CC(=C2N=C(CCCC(=O)[O-])O[N-]2)[CH+]1,-3.662614534,6.377984108,2.184883396,-2.25230631,-2.389522196,16
Anion_2954,COc1ccc(-c2noc(CCCC(=O)[O-])n2)cc1,-3.972469281,7.209206072,2.733377802,-3.727215487,-2.621919163,16
Anion_2955,O=C([O-])CCC(=O)c1cc(F)cc(F)c1,-0.793123348,0.404534062,0.173076186,3.006837402,-2.686515083,13
Anion_2956,CC(C)(C)OC(=O)[N+]1=C2[CH-]C(CC(=O)[O-])=CC=C2CC1,2.70828344,2.036136648,6.433944583,-0.209759952,1.424065685,12
Anion_2957,O=C([O-])CCCC1=[N+]=C(c2ccc(F)cc2)[N-]O1,-3.333166374,6.012260254,2.536250405,-2.618640973,-2.826574263,16
Anion_2958,Cc1ccc(-c2noc(CCCC(=O)[O-])n2)cc1,-3.599844057,6.663670695,2.699447081,-3.024502264,-2.590266668,16
Anion_2959,CC(C)(C)c1ccc(OCc2ccc(C(=O)[O-])o2)cc1,-2.737748675,1.164804047,-2.197843408,0.938109212,3.459339685,10
Anion_2960,COc1ccc(-c2[nH+]c3ccccc3[c-]2CCC(=O)[O-])cc1,-0.073784979,1.527323124,-0.835255164,1.242470974,-0.293270512,9
Anion_2961,O=C([O-])C1=CC=C([O-])[N+](=C2C=CC=C(F)[CH+]2)[CH-]1,-2.922703214,-0.041551559,1.215532627,-1.581984796,-0.234744649,0
Anion_2962,O=C([O-])C1=CC(=C2C=CC(F)=C[CH+]2)N=[NH+]1,-3.3373553,-0.713212237,-1.215907817,-1.070002046,0.779208319,15
Anion_2963,CCc1ccc(C2=CC(=C([O-])[O-])[NH+]=N2)cc1,-4.2475353,0.730174754,-1.218450077,-1.381628896,1.333462443,10
Anion_2964,Cc1ccc(C2=CC(=C([O-])[O-])[NH+]=N2)cc1C,-3.774388933,0.196244123,-1.28813577,-1.32088185,1.192763098,10
Anion_2965,CCOc1ccc(C2=CC(=C([O-])[O-])[NH+]=N2)cc1,-5.104194565,2.24318669,-0.764008371,-2.548969631,1.602160941,0
Anion_2966,O=C([O-])C1=CC(=C2C=CC3=C([CH+]2)OCCO3)N=[NH+]1,-4.465741586,0.343822488,-2.155418003,-0.322113652,2.923756371,10
Anion_2967,C[N+]1=[N+]=C(C(=O)[O-])C=C1c1ccc(F)cc1,-2.565523753,1.824034925,-0.379848872,-1.363862805,0.684358068,10
Anion_2968,O=C([O-])C[S+]=c1ncc(C(F)(F)F)c[c-]1Cl,-1.40459799,1.003318513,0.039211303,1.261753042,-1.116370094,4
Anion_2969,O=C([O-])C1=CC(=C2C=CC(F)=C[CH+]2)C=[NH+]1,-2.359334671,1.001368531,-1.443226364,-0.947766957,0.041122634,10
Anion_2970,CCCOc1cccc(CC(=O)[O-])c1,0.456122575,2.17982906,0.467974214,-2.204570582,-1.286640487,5
Anion_2971,CC1=C(C(=O)[O-])SC(c2ccc(C)cc2C)=N1,-4.019351468,0.970654801,0.826926512,-1.150053069,0.804418043,0
Anion_2972,CC1CCN(CC(=O)[O-])CC1,5.270210732,2.851610417,2.122614599,-3.999900936,-0.028043949,1
Anion_2973,O=C([O-])C[n+]1cnc(C(F)(F)F)[n-]1,0.445824913,-0.216942757,0.99743182,-1.886251189,-1.171234347,3
Anion_2974,CC1=C(Cl)C(C(F)F)=[N+]=[N+]1CC(=O)[O-],2.432650033,0.46191327,4.051034841,-1.130275558,0.231080928,14
Anion_2975,CC1=C(Cl)C=[N+]=[N+]1CC(=O)[O-],2.380957824,0.386340628,1.837422794,-2.244606997,-1.138608304,5
Anion_2976,CCOC1=[N+]=C(C)[S+]=C1C(=O)[O-],-0.346849786,-2.233803703,-0.386188626,-0.486620351,-0.10768997,2
Anion_2977,CC1=CC=CC(=CC=C([O-])[O-])[N-]1,-1.600754084,-0.820311995,1.414076657,-2.508893575,-2.216821821,3
Anion_2978,CC1=[N+]=C(c2c(Cl)cccc2Cl)[S+]=C1C(=O)[O-],-2.676510174,-0.208860617,2.229790706,-0.319446431,1.424714188,10
Anion_2979,O=C([O-])c1[c-][n+](C2CCOCC2)nc1,1.067283935,1.267065129,-1.018093684,-0.739938553,1.143272328,5
Anion_2980,COCC(C)(C)CC(=O)[O-],4.436429082,1.080019548,-2.780431729,-1.930376976,-0.192552421,1
Anion_2981,O=C([O-])CCc1[c-][nH+]nc1,3.856561538,-0.275542694,-2.398118684,0.855548831,-0.828408248,20
Anion_2982,CC1=[N+]=C(C2=CC(=C([O-])[O-])[N-]O2)C=[S+]1,-4.548420726,-0.329512028,0.075376089,-1.354268906,-0.14416803,0
Anion_2983,CC1=[N+]=[NH+]C(C)=C1CCC(=O)[O-],3.773442487,0.258094271,-1.679126254,0.716413695,-0.523103538,20
Anion_2984,CC1=[N+]=[N+](C)C(C)=C1CCC(=O)[O-],3.275511066,0.850523657,-1.838254468,1.065156648,-0.053912166,9
Anion_2985,O=C([O-])CCC(=O)c1ccccc1Br,0.126001775,1.454177884,0.63478092,-0.54485453,-2.734425244,5
Anion_2986,COC1=[N+]=C(C2=CC=[N+]=C[CH-]2)[S+]=C1C(=O)[O-],-3.629541946,-1.385380505,1.621726709,0.761814591,-0.014835795,15
Anion_2987,O=C([O-])c1cc[n+](-c2cccc(F)c2)[n-]1,-2.717875092,0.590239715,-0.91340006,-0.839339665,-0.094954628,10
Anion_2988,O=C([O-])c1cc[n+](C2CCOCC2)[n-]1,0.250176687,1.069334154,-1.090744499,-1.44971763,1.060812842,2
Anion_2989,Cc1ccccc1C1=[N+]=C(C(=O)[O-])C=[S+]1,-3.494783802,0.242613186,-0.071502112,-1.298291924,-1.355515344,0
Anion_2990,CC(C)(C)[N+]1=NC=C(C(=O)[O-])[C-]1Br,0.917488075,-0.541577126,-0.581747028,-0.143854549,1.019770652,2
Anion_2991,O=C([O-])CCc1c(F)cccc1Br,1.703274788,0.81147764,-1.146873462,1.866776099,-1.061798215,9
Anion_2992,O=C([O-])CCCCC1=C[NH+]=[N+]=N1,2.028117223,0.620324883,0.159661803,-0.344531492,-3.073131816,5
Anion_2993,O=C([O-])C1=CN=[n+]2c(C(F)F)cc(=C3C=CC=C[CH-]3)nc21,-3.55361024,0.905357805,3.133685836,0.424670697,-1.059760532,4
Anion_2994,CC(C)(C(=O)[O-])c1c(F)cccc1F,2.611886554,-0.137441687,2.049762174,0.268136572,0.315302374,14
Anion_2995,Cc1cc(=C([O-])[O-])[n+](=C2C=CC=C(C(F)(F)F)[CH+]2)[n-]1,-1.481887293,-1.297441361,2.594579189,-1.449810521,1.488391336,21
Anion_2996,Cc1cc(=C([O-])[O-])[n+](=C2C=CC=C[C+]2Br)[n-]1,0.420993299,-2.237369623,2.960439677,-0.110455472,2.277708965,21
Anion_2997,O=C([O-])C1=C[N+](=c2cccc[c-]2C(F)(F)F)[N+]#[N+]1,-3.342379098,0.155096753,0.811773345,-0.347249761,-0.24057881,0
Anion_2998,CC1=[N+]=[N+](c2ccc(F)cc2)N=C1C(=O)[O-],-3.036356525,0.289234431,0.758074374,-1.474917246,0.707503771,0
Anion_2999,CC(C)C1=C(C(=O)[O-])[N+]#[N+][N+]1=c1[c-]cc(F)cc1,-1.443737757,0.544654683,4.39088351,0.043406066,2.225248833,18
Anion_3000,COc1cc(F)ccc1CCC(=O)[O-],1.804477423,0.901152245,-1.866948567,1.49026567,-0.108942107,9
Anion_3001,O=C([O-])C1=CC(=C2C=CN=C[CH+]2)O[N-]1,-4.434099583,-1.522740356,0.092473797,-0.247351913,-0.431149724,15
Anion_3002,Cc1[nH+]nc(C(=O)[O-])[c-]1C(F)(F)F,1.543672862,-1.471466591,-1.277445848,-1.359763995,0.377894885,17
Anion_3003,COc1cccc(CCC(=O)[O-])c1Cl,1.217693129,1.418527165,-1.741634856,2.415695262,0.280158502,9
Anion_3004,CC1=[N+]=c2cc(CCC(=O)[O-])ccc2=[NH+]1,0.425417817,2.701075965,-1.579621334,2.432301359,0.285394407,6
Anion_3005,O=C([O-])CC[n+]1ccc2cc(Br)cc[c-]21,-0.013871596,0.995479075,-1.710957635,3.000441781,0.887060347,6
Anion_3006,Cc1c(C(=O)[O-])[n+]#[n+]n1CC1CCCC1,-0.463696761,-0.375118844,-0.75044817,0.101960916,1.717649783,2
Anion_3007,COc1ccc(C[N+]2=[N+]=[N+]=C(C(=O)[O-])[C-]2C)cc1,-2.679545294,1.744311245,-0.580436301,-0.499866615,1.272286747,10
Anion_3008,CC(C)[N+]1=NC=C(C(=O)[O-])[C-]1Cl,1.184320979,-0.778440752,-1.246884918,-0.489734541,0.736502336,2
Anion_3009,CC(=O)c1cccc(OCC2=CC(=C([O-])[O-])[N-]O2)c1,-4.551374181,-1.665975857,-0.826716481,0.75032445,0.858874639,15
Anion_3010,CC1=CC(C(=O)[O-])=C(C)N1C1CCCCC1,1.231550924,3.166334028,-0.419753436,-2.305966901,2.007790631,1
Anion_3011,CCCc1ccc(-c2ccc(C=CC(=O)[O-])cc2)nc1,-7.227072098,4.374863461,-1.378467214,0.68231475,2.778983744,19
Anion_3012,O=C([O-])Cc1cc(OC(F)(F)F)ccc1F,0.613274543,1.34936666,2.47924537,-1.424878837,-0.458787174,18
Anion_3013,O=C([O-])CCOc1cccc(OC(F)(F)F)c1,-0.296728663,3.078911525,0.574832797,0.066772251,-0.378831613,16
Anion_3014,O=C([O-])C1(N2CCOCC2)CCC1,6.242758435,-1.01968744,0.141665739,-0.248063775,2.642386213,11
Anion_3015,COc1ccc(Cl)c(CC(=O)[O-])c1F,2.691499737,0.689263268,3.705851514,-0.48901218,-0.367021733,14
Anion_3016,Cc1cccc(Cl)c1CC(=O)[O-],3.130673931,0.660315661,2.239263142,0.018162399,-0.546223873,14
Anion_3017,O=C([O-])C(=O)c1cc(F)ccc1F,-2.206348031,-4.584535778,0.690031528,-0.442863413,0.595493427,8
Anion_3018,CCCC[n+]1c(C(=O)[O-])cc([O-])[nH+]c1[O-],-0.879967243,-4.938376431,0.639441643,-0.354528779,1.80494945,21
Anion_3019,O=C([O-])C[n+]1cc(Br)c[n-]1,1.036952863,0.003240078,0.21209927,-2.930398058,-2.206646319,5
Anion_3020,CC1=CC(C)=[N+]=C(N2CCC(C(=O)[O-])CC2)[N-]1,-2.007496716,2.699614256,-1.089309422,2.187300468,3.55176199,6
Anion_3021,CCN1C=C(S(=O)(=O)Cl)C=C1C(=O)[O-],-3.860241594,-2.904393587,1.445155753,1.793870942,-1.629338238,8
Anion_3022,O=C([O-])c1[c-]c2nc(Br)n[n+]-2cc1,-3.267463117,-1.189439669,-0.566379211,-0.719005067,-0.146752564,15
Anion_3023,C[n+]1cc(=C[O-])c(=C([O-])[O-])[n-]1,-1.283907999,-2.91828481,-1.270327427,-0.442269944,-0.825844681,8
Anion_3024,O=C([O-])Cc1ccc2c(c1)OCCCO2,0.163099288,3.360635013,-0.422729674,-0.919473825,-0.39451154,16
Anion_3025,COc1[c-]c(=[N+](CC(=O)[O-])S(C)(=O)=O)ccc1,2.041452742,0.903843376,3.984496811,1.491070326,1.504841355,14
Anion_3026,Cc1cc(CSCC(=O)[O-])no1,0.93872058,-0.967667586,-0.694033475,0.076962567,-0.692145235,2
Anion_3027,CC1=[N+]=[N+](C)C(C(F)F)=C1C(=O)[O-],1.844705356,-1.659104654,0.198005616,-0.243952739,0.644379493,17
Anion_3028,CC[N+]1=NC(C)=C(C(=O)[O-])[C-]1C(F)F,1.139758872,-1.030711702,-0.227664741,-0.367972244,0.674890056,2
Anion_3029,CC[N+]1=NC(C)=C(C(=O)[O-])[C-]1C(F)(F)F,1.617258437,-1.403010024,1.085159427,0.280079167,1.895795545,7
Anion_3030,O=C([O-])C1=CN=[N+]2C(=O)C=C[NH+]=C12,-1.346679077,-1.918687788,-0.960117884,-0.175944962,-2.192281157,8
Anion_3031,COC1=CC=[N+]2C(C(=O)[O-])=CN=C2[CH-]1,-2.046158166,0.676624669,-0.534349664,-1.827372762,-1.458257307,0
Anion_3032,COC1=CC=C(OC)C(=C2C=C(C(=O)[O-])N=[NH+]2)[CH-]1,-2.107535123,1.741797211,1.686188903,-0.696033925,1.299365546,10
Anion_3033,O=C([O-])c1ccc(C[n+]2ccc[n-]2)o1,-1.192824209,-0.348400312,-0.530632258,-2.569838632,-0.322968064,2
Anion_3034,CC(C)(C)C(=O)c1c[n+](CC(=O)[O-])c2cccc[c-]12,-0.641219086,0.079994665,1.903111764,-0.649446823,-0.720358609,3
Anion_3035,CCOc1ccc(OCCCC(=O)[O-])cc1,1.562395995,2.720364484,2.721714793,-0.354317939,-0.433085827,18
Anion_3036,[O-]C(C(C)(C)OC1=CC(Br)=C(F)C=C1)=O,0.348500257,1.208730774,2.309210871,-0.267321167,0.302735566,18
Anion_3037,[O-]C(/C=C/C1=CC=C(B2OC(C)(C)C(C)(C)O2)C=C1)=O,-5.98811116,3.12496107,-1.202935189,0.744697642,3.512716586,10
Anion_3038,CN(C(=O)OC(C)(C)C)C1=CC(=C([O-])[O-])[N+](C)=N1,-1.067568109,-0.53518448,-0.640540227,-2.42296138,1.21471471,2
Anion_3039,CC[N+]1=CC(=C2C=CC=C[CH-]2)C(=C([O-])[O-])[C+]1C,2.080110597,0.691728299,2.650978169,0.172218115,2.120467252,7
Anion_3040,O=C([O-])C1CC[N+](=c2cc(C(F)(F)F)nc[n-]2)CC1,-2.638456393,2.625057471,0.050477827,1.670379237,1.784041348,6
Anion_3041,O=C([O-])c1c[nH+]c2cc(Br)nc[c-]12,-1.566634079,0.740067489,-0.532349642,-1.893136356,-1.319846098,5
Anion_3042,O=C([O-])C=Cc1cc(C(F)(F)F)ccc1Cl,-2.483983284,-1.005685212,-0.191424251,1.091322904,1.581845056,15
Anion_3043,C[N+]1=[N+]=C(C(=O)[O-])c2cc(Br)ccc21,-1.54334303,-0.947846896,0.548215063,-0.68897337,0.228479073,3
Anion_3044,N#CC1(CC(=O)[O-])CC1,3.252388282,-2.114571686,-2.992304469,-0.292541313,-0.777379172,20
Anion_3045,O=C([O-])C(=O)N1CCC(C(F)(F)F)CC1,0.419948243,-2.227921418,-1.709141303,-0.375259927,2.048101232,2
Anion_3046,CN(C(=O)OC(C)(C)C)C1(C(=O)[O-])CCC1,4.599546793,0.238417877,0.433539837,0.276440269,2.348067233,11
Anion_3047,O=C([O-])C1CCC(C(F)F)CC1,4.579661751,1.428103064,-2.72037126,-0.898359127,2.865435867,1
Anion_3048,CCOC1(C(=O)[O-])CC1,5.214460559,-0.463101777,-0.418403346,-2.752214151,0.721811989,11
Anion_3049,O=C([O-])C1=CN=[N+]2C(C(F)(F)F)=CC=[N+]=C12,-2.993873302,-0.868740397,0.338115415,1.7380911,-1.457142422,4
Anion_3050,O=C([O-])C1C[N+](=c2[c-]cc(Cl)cc2)C1,0.019267017,1.035346313,-1.851960778,2.129797238,2.058254329,6
Anion_3051,O=C([O-])c1[c-]c2nc(C(F)(F)F)c[n+]-2cc1,-2.659469477,-0.281872647,-0.210906541,-0.362476576,0.308059886,10
Anion_3052,C[n+]1ccc2c(OCC(=O)[O-])ccc[c-]21,-0.266987395,2.290430729,0.220363531,-1.705789095,-1.3860084,5
Anion_3053,CN1C=C(C(=O)[O-])C(CN2C(=O)c3ccccc3C2=O)=N1,-4.421003807,2.444589084,3.766410296,-0.13870873,-0.565467346,0
Anion_3054,CC(C)(C)C1=CC(C(=O)[O-])=NN1,1.194579481,0.47438436,-0.621232757,-1.467271474,0.863493499,5
Anion_3055,CN(C(=O)CCC(=O)[O-])C1CCCCC1,2.120520364,1.794642413,-2.966198982,1.43319212,1.516811933,9
Anion_3056,Cc1cc(OC(F)(F)F)ccc1CC(=O)[O-],-0.188645764,2.170992308,-0.436066358,-0.944882642,0.031938519,5
Anion_3057,CN(C)S(=O)(=O)c1ccc(C(=O)[O-])o1,-1.077109437,-2.759596141,0.887870228,-1.134800559,0.29264187,8
Anion_3058,CC1=CC(C)=[N+]=C(SCCC(=O)[O-])[N-]1,-0.816467152,1.682099558,-0.554517219,2.496979921,1.030656854,6
Anion_3059,O=C([O-])C[n+]1cc(Br)c(C2CC2)[n-]1,0.276033333,1.225990249,0.288784212,-1.954246462,-0.248812466,5
Anion_3060,COc1ccc(C2=[N+]=C(CC(=O)[O-])C=[S+]2)cc1OC,-3.965071235,4.466539837,-0.127037309,1.257325267,1.766848629,6
Anion_3061,C[n+]1c(C(=O)[O-])cc2cccc(Cl)[c-]21,-1.136598102,-2.123792877,-0.052774302,-0.217944676,1.466786912,2
Anion_3062,O=C([O-])c1cc2c(s1)CCOC2,-0.836896114,-1.769569987,-2.195145417,-0.086140645,0.570301862,2
Anion_3063,O=C([O-])C1(c2ccc(C(F)(F)F)cc2)CCC1,2.042582014,-0.659502715,0.743313231,2.457921553,1.933935037,7
Anion_3064,O=C([O-])C[n+]1[c-][n+]#[n+]c1,2.999214895,-1.812877028,0.305267855,-1.988863006,-1.325222792,20
Anion_3065,CC(C)C1=[N+]=[NH+]C=C1C(=O)[O-],3.944351278,-0.654735841,1.724794006,-0.488401127,1.235824029,7
Anion_3066,C=C1c2ccccc2C(=O)N1CCC(=O)[O-],-0.604999898,0.63738349,-0.749352791,3.700016704,-1.195867722,13
Anion_3067,CC1=CC(C(=O)[O-])=C(C)N1c1cccnc1,-1.674928676,1.627566362,-0.17637407,-0.020142156,0.083221512,10
Anion_3068,O=C([O-])CN1CCCCCCC1=O,3.18316761,1.893899656,0.96510896,-1.647825444,0.087256603,1
Anion_3069,O=C([O-])C1([n+]2ccc[n-]2)CC1,2.583558335,-1.135346773,0.323225374,-1.696954559,-0.67999598,20
Anion_3070,CN1Cc2ccccc2N(CC(=O)[O-])C1=O,2.384826575,0.9906403,2.919695466,0.492951491,0.03135915,14
Anion_3071,Cc1[c-]c(=[N+](CC(=O)[O-])S(C)(=O)=O)ccc1,3.41911713,0.119949541,5.207621907,1.668549289,0.709819322,14
Anion_3072,O=C([O-])C1=[S+2]=CC=C1S(=O)(=O)N1CCCC1,1.102524948,-2.936849737,8.49732146,0.345813396,3.41458326,12
Anion_3073,COc1ccc(C2=CC(C(=O)[O-])=C(C)N2C)cc1,-2.36474453,4.456642468,0.081045951,-2.749396659,0.376714706,16
Anion_3074,O=C([O-])c1ccc(C[n+]2cc(Cl)c[n-]2)o1,-1.365604401,-0.356420954,-0.406829291,-2.426618939,-0.194347202,2
Anion_3075,O=C([O-])C1CCN(C(=O)Cc2ccc(Cl)cc2)CC1,-0.855619989,3.209358634,0.756786601,-0.777597836,0.144191927,16
Anion_3076,O=C([O-])CN1C=C(C(=O)C2CC2)c2ccccc21,-0.60968034,0.059588088,1.913237233,-0.510352737,-0.66766981,3
Anion_3077,Cc1ccc2cccc(OCC(=O)[O-])c2n1,-1.730659898,1.587906306,2.280452362,-0.243633269,-2.411408163,4
Anion_3078,O=C([O-])COc1ccc(-[n+]2c[n+]#[n+][n-]2)cc1,-1.900264234,0.782322915,0.244249495,1.187213217,-1.882814993,4
Anion_3079,COc1ccc2c(c1)C(C(=O)[O-])=C(C)N2C1CCCC1,0.378538565,1.282015314,-0.034582429,0.241198588,2.452908928,6
Anion_3080,CCOc1ccc2c(c1)C(C(=O)[O-])=C(C)N2C,0.819776104,0.993434839,0.227096465,-0.839158363,0.553537273,5
Anion_3081,COc1ccc2c(c1)C(C(=O)[O-])=C(C)N2C1CCCCC1,-0.170704181,1.547453494,-0.461471602,0.030412439,2.750725218,6
Anion_3082,COc1ccc2c(c1)C(C(=O)[O-])=C(C)N2C1CC1,0.34103191,0.576530793,-0.862702842,-0.213962822,1.603091533,2
Anion_3083,O=C([O-])C1(c2ccccc2Cl)CCC1,2.646585952,-1.507829689,1.984124198,1.394498403,1.827700229,7
Anion_3084,O=C([O-])C1(c2cccc(Cl)c2)CCC1,2.398132828,-0.627995607,1.556736924,1.244244044,1.334146218,7
Anion_3085,O=C([O-])C1(c2c(F)cccc2F)CCC1,3.109295772,-1.44067817,1.653322369,1.746120121,2.098419552,7
Anion_3086,O=C([O-])C1(c2c(Cl)cccc2Cl)CCC1,2.431117146,-1.51366315,1.965494986,1.728294229,2.336538983,7
Anion_3087,COc1ccc(C2=CC(=C([O-])[O-])[N-]O2)cc1F,-5.258195429,1.180469798,-0.344056593,-1.311590484,0.962029866,0
Anion_3088,CC1=[N+]=C(SCC(=O)[O-])C(=C=[N-])C(C)=C1C,-1.229357121,1.100799271,0.646479663,1.278504334,-1.17336016,4
Anion_3089,O=C([O-])COc1ccc(C(=O)c2ccccc2Cl)cc1,-2.872330044,1.519854685,-0.192153607,2.532685351,-0.789234965,4
Anion_3090,CC(C)(Cc1ccc(Br)s1)C(=O)[O-],0.423268792,2.1032019,1.492809595,0.994442698,0.76742069,6
Anion_3091,C[N+]1=C(C(=O)[O-])C=C2C=CC=[N+]=C21,-1.345975281,-2.528154791,-0.832463947,0.588102211,0.775478036,8
Anion_3092,C[n+]1c(C(=O)[O-])cc2ccc(Br)c[c-]21,-2.233211321,-0.869516494,-0.797341611,-0.640864144,1.099874147,15
Anion_3093,O=C([O-])C[S+]=c1nc(-c2cccc(Cl)c2)[n-]o1,-1.8183544,0.208170681,-0.669558511,3.600557701,0.30584862,13
Anion_3094,CC[N+]1=[N+]=C(C(=O)OC)C=C1C(=O)[O-],-2.179329343,-2.057269317,0.022238012,-1.576404802,0.072318203,8
Anion_3095,O=C([O-])c1cc2c(Br)cccc2o1,-3.005679239,-2.573184756,-1.398749012,-0.435052792,1.278153921,15
Anion_3096,CC(C)(C(=O)[O-])c1ccc(OC(F)(F)F)cc1,1.106511232,0.937327658,0.378148218,2.061803934,2.30488774,7
Anion_3097,CCOC1=[N+]=[N+](C)C=C1C(=O)[O-],2.703197909,-0.672437071,-1.142069988,-0.956945948,0.80335341,20
Anion_3098,CN1C=C(C(=O)[O-])C(C2CCOCC2)=N1,3.562445661,0.144384906,4.308141685,-0.379307456,3.419928728,14
Anion_3099,CC1=C(C(=O)[O-])[N+]#[N+][N+]1=c1ccc(C2CC2)c[c-]1Cl,-4.292638522,2.816797394,0.993480719,-1.15138716,1.02140683,0
Anion_3100,O=C([O-])Cc1ccc(I)c(F)c1,-0.778124329,1.262070898,0.409671349,-0.256437213,-1.519968345,5
Anion_3101,O=C([O-])CC1CS(=O)(=O)C1,3.638285128,0.953932215,-1.337176032,-1.860489844,-0.929739524,20
Anion_3102,O=C([O-])Cc1cc(C(F)(F)F)ccc1Br,0.957363904,0.301346513,3.733149509,-0.171904906,0.42044962,14
Anion_3103,O=C([O-])CCOCC1CCCCC1,3.727680612,3.204303078,-2.519161573,-0.588887536,1.236192819,1
Anion_3104,O=C([O-])c1[c-][n+]2c(C3CC3)[n+]#[n+]c-2cc1,-2.341980142,-1.093443968,0.720489539,-1.07634508,-0.711503799,3
Anion_3105,O=C([O-])c1[c-][n+]2c(C(F)F)[n+]#[n+]c-2cc1,-1.668932838,-2.319718905,1.815676741,-0.091170289,-0.163846579,3
Anion_3106,CC(=O)C1=CC(=C([O-])[O-])c2cccc[n+]21,-1.385558997,-1.27086755,-1.076002798,0.6264645,0.506544216,2
Anion_3107,O=C([O-])C1(C(F)F)CCC1,6.286690549,-1.836051099,-0.372284367,-1.03367515,1.545572461,11
Anion_3108,CC1(C(=O)[O-])CC2(CC2)C1,6.594547801,0.177874271,-1.132689976,-0.5279268,2.166374888,11
Anion_3109,OC(CC1(CC1)C(C=C2)=CC=C2B3OC(C)(C)C(C)(C)O3)=O,-1.272004003,1.768187793,0.539087874,2.83171783,5.137022194,6
Anion_3110,O=C([O-])C(=O)c1ccc(F)c(F)c1,-2.310243714,-3.933115387,0.691962901,0.403401896,-0.401718765,8
Anion_3111,O=C([O-])C1=CC=[N+]=[N+]1CC(F)F,0.883381095,-3.733416243,0.01957931,-1.209737556,-0.465575162,17
Anion_3112,O=C([O-])c1cc[n+](CC(F)F)[n-]1,0.326950666,-0.086145059,-0.984396117,-2.160410704,-0.023833097,2
Anion_3113,O=C([O-])c1cc[n+](CCC(F)(F)F)[n-]1,-0.409918436,1.025965783,-1.101738126,-2.48939232,0.284361943,2
Anion_3114,O=C([O-])C1=CC=[N+]=[N+]1CC1CC1,0.563748139,-2.648783343,-1.092040056,-1.914585585,-0.551721951,17
Anion_3115,C[N+]1=[N+]=C(C(=O)[O-])C=C1OC(F)F,0.07132631,-0.371164154,-1.187206589,-1.708350948,1.005279427,2
Anion_3116,CC1=[N+]=[N+](CC(F)F)C=C1C(=O)[O-],1.122894354,0.188819895,-1.050055076,-1.082298247,1.023321474,2
Anion_3117,CC(C)(C)OC(=O)N1CCC(C2=CC(=C([O-])[O-])O[N-]2)CC1,-5.366267384,0.270205081,-1.479265099,-0.20964997,5.441937485,10
Anion_3118,CC(C)(C)OC(=O)N1CC(c2nocc2C(=O)[O-])C1,-1.311676759,0.61688461,0.647681858,-1.382153359,0.714326564,10
Anion_3119,COC(=O)C[n+]1ccc(C(=O)[O-])[n-]1,-0.629140104,-0.012943581,-1.609647747,-1.09078931,-0.355062543,2
Anion_3120,Cc1ccccc1C1(C(=O)[O-])CCCC1,3.629480677,-0.886447594,2.50386891,1.216955094,2.313605352,7
Anion_3121,Cc1cccc(C2(C(=O)[O-])CCCC2)c1,3.515183655,-0.442611184,2.434170715,1.336697179,2.237461753,7
Anion_3122,O=C([O-])c1[c-][n+]2cc(Br)ccc2c1,-2.551630136,0.159198179,-1.417268628,-0.107644747,0.428790991,10
Anion_3123,COCCOCCCC(=O)[O-],5.417758728,0.821049506,-3.071946396,-0.568787563,0.490867704,1
Anion_3124,Cc1cccc2c([O-])[n+](CC(=O)[O-])cnc12,-0.669558143,1.386008216,3.303525451,-1.639102613,-1.571270901,18
Anion_3125,CC1=C(C2CC2)N=[NH+]C1=C([O-])[O-],0.376530626,-2.399733583,-1.670089567,-0.541103227,0.845699379,17
Anion_3126,O=C([O-])CC1=CC=[N+]=[NH+]1,2.549160187,-1.028314532,-0.586049749,-2.004754589,-1.878349375,20
Anion_3127,O=C([O-])c1cc(Br)c[n+]2c1=NC=[N+]=2,-2.600116457,-3.446283329,0.13840498,0.023216309,0.294193598,8
Anion_3128,O=C([O-])CC[n+]1ccc2ccc(Br)c[c-]21,0.118368833,0.833002882,-1.12669157,1.983770657,0.141935193,9
Anion_3129,CCOC1=CC(=O)[N+](=c2[c-]cc(F)cc2)N=C1C(=O)[O-],-1.475936724,-3.087468917,4.291110533,1.087839856,3.581846624,21
Anion_3130,CS(=O)(=O)C12CC(C(=O)[O-])(C1)C2,2.819434051,-0.426610871,-0.602044038,-1.428952514,2.099521497,20
Anion_3131,O=C([O-])C1(c2cccc(Br)c2)CCCCC1,2.648758665,-0.105973103,3.162085839,1.525078228,2.010549877,7
Anion_3132,C[N+]1=[N+]=C(C(F)(F)F)C=C1CC(=O)[O-],1.158600814,1.282023242,0.074280673,-2.521083441,-1.973962985,5
Anion_3133,CC(C)c1noc(CC(=O)[O-])n1,-0.153636545,0.940293582,1.114520211,-1.904130335,-1.733976435,5
Anion_3134,CC1(C)CC(CC(=O)[O-])C1,4.737961143,2.551873161,-1.692384356,-2.018916187,-0.236225452,1
Anion_3135,O=C([O-])C1=CC=[N+]=C2C=CN=[N+]12,-2.885573859,-4.804674773,0.427995609,-0.467270776,-0.641327622,8
Anion_3136,CC(C)CCC1CCC(C(=O)[O-])CC1,2.156914576,4.453894527,-2.125921084,-1.4089615,3.197134666,1
Anion_3137,CCCCC=C1CCC(CC(=O)[O-])CC1,0.492529695,3.606560825,-2.039590394,0.132997183,2.355328316,6
Anion_3138,CCCOCC1CCC(CC(=O)[O-])CC1,1.301469901,6.717599153,-0.818287582,-4.007058137,0.601909639,16
Anion_3139,CC[N+]1=CC(=CC=C([O-])[O-])C=N1,-1.429015885,1.54581074,-1.052001981,-0.88170321,-0.00775742,10
Anion_3140,CC1=[S+2]=c2ncnc(N3CCC(C(=O)[O-])CC3)c2=C1C,-1.566413823,3.166614322,0.722880606,1.331584313,0.308246074,6
Anion_3141,O=C([O-])C1CC[N+](=C2C=CC(C(F)(F)F)=[N+]=C2)CC1,-0.697112398,1.618353505,-0.996550338,3.808120667,1.898201988,6
Anion_3142,O=C([O-])CCC(F)F,6.143634943,0.315843475,-2.158319788,-2.683702299,-0.91219033,1
Anion_3143,CCOCCC1(C(=O)[O-])CCC1,5.399099687,1.150465165,-1.373626627,-0.161396457,2.738267302,11
Anion_3144,COCC1(C(=O)[O-])CCCCC1,6.517599964,-0.492984995,0.111236261,-0.095376739,2.809518749,11
Anion_3145,O=C([O-])Cc1cccc(Br)c1F,0.542464091,0.212505474,-0.463186303,0.424409867,-0.347632653,9
Anion_3146,O=C([O-])C1=[S+2]=c2cccc(F)c2=C1Cl,-1.727626635,-3.9755602,1.286919831,0.522530682,2.415293294,21
Anion_3147,O=C([O-])c1cn[n+]2c(Br)ccc[c-]12,-1.492837071,-0.639840197,-1.407529197,0.680090811,-1.158273972,2
Anion_3148,O=C([O-])COc1ccc(C2SCCCS2)cc1,-0.145036822,1.468689327,-0.665080626,-0.118087398,-0.65131856,5
Anion_3149,CC(C)[n+]1cnc(C(=O)[O-])[n-]1,1.106320466,-0.569835986,0.112282111,-1.674545304,0.722591143,2
Anion_3150,Cc1ccccc1CN1CCC(C(=O)[O-])CC1,0.367426098,2.703826746,-0.410211934,0.719203707,1.185940422,6
Anion_3151,CC1=C(C(=O)[O-])[N+]#[N+][N+]1=c1[c-]c(F)c(F)cc1,-3.306113127,0.549434243,0.609571923,-0.214731432,0.728700368,10
Anion_3152,O=C([O-])CCc1ccc(Br)cc1Cl,0.811275907,0.912593122,-1.637909626,2.31172934,-0.413865424,9
Anion_3153,O=C([O-])C1=C[N+](CC2CC2)=[N+]=N1,-1.257471378,-0.075465745,-1.260817967,-1.838259069,-0.524298526,2
Anion_3154,O=C([O-])C1=C[N+](CC2CCC2)=[N+]=N1,-1.378107359,0.110720882,-1.327996065,-1.630034508,-0.233731206,2
Anion_3155,O=C([O-])C1CC(OC(F)F)C1,4.654467919,1.490803533,-1.66422588,-1.157062554,1.854410094,1
Anion_3156,Cc1ccc(C(=O)c2[c-]c(C(=O)[O-])[nH+]c2)cc1,-4.089285097,1.191330729,1.193654415,-1.747736559,-1.279164523,0
Anion_3157,Cc1cc(C)cc(C2(C(=O)[O-])CC2)c1,2.130568211,-0.610296556,0.837852089,0.947195822,3.018013548,7
Anion_3158,O=C([O-])CCC(=O)C1CCC1,2.769880111,-0.628300887,-1.165263949,1.858762235,-1.740842163,9
Anion_3159,O=C([O-])C=CC1=CC=[N+]=C[C-]1F,-2.818212626,-1.861361168,-0.871536638,0.497136943,-1.005055892,15
Anion_3160,O=C([O-])C1=C[S+]=C2N=C(c3ccc(Cl)cc3)C=[N+]12,-4.492981257,0.191838802,2.213142386,-4.548743565,-0.594618426,0
Anion_3161,O=C([O-])C1=CN=[N+]2C=CC(Cl)=[N+]=C12,-2.286947601,-0.74697957,0.513505955,0.292417017,-2.46330568,4
Anion_3162,O=C([O-])CCc1c[s+]c[n-]1,1.927210835,-0.181907337,-1.373054642,2.561286262,-1.372119395,9
Anion_3163,CC1=[N+]=[N+](C)C(C)=C1OCC(=O)[O-],2.560210751,0.03962665,-1.625018666,-0.385219863,-0.396356582,20
Anion_3164,CC1=[N+]=Cc2ccc(C(=O)[O-])c[n+]21,-1.109984268,-1.388780389,-0.436160078,-0.295842462,-0.408789298,2
Anion_3165,O=C([O-])C1=[N+]=CO[C-]1C(F)(F)F,1.472791441,-3.125637976,4.30813672,0.284562026,1.320499313,21
Anion_3166,O=C([O-])c1cccc2cncn12,-1.089443248,-2.93666721,-0.299560428,-0.412140767,-0.538392772,8
Anion_3167,CS(=O)(=O)CC1=[N+]=C(C(=O)[O-])[CH-]O1,-1.533481373,-1.057906375,-1.15156841,-0.827170749,-0.772187149,2
Anion_3168,CC1=[N+]=C(C(=O)[O-])c2cccc[n+]21,-1.16595825,-0.519018128,-1.652114033,0.221350945,-0.950888776,2
Anion_3169,O=C([O-])C1=[N+]=C(C(F)(F)F)[n+]2ccccc21,-1.782152814,-1.45400899,-0.692314157,0.654778865,0.081518779,15
Anion_3170,C[S+]=C1C(C(=O)[O-])=CN=[N+]1C,1.588718449,-1.254610738,-0.788451187,-0.447314039,-0.456167738,20
Anion_3171,O=C([O-])c1cc2cccc3c2[n+](c1[O-])CCC3,-1.981727324,-1.572161675,0.863185945,1.209308675,1.818260221,21
Anion_3172,C[S+]=c1cccc[c-]1OCC(=O)[O-],2.794078322,-0.252149034,4.869615489,0.59665776,0.508618731,14
Anion_3173,O=C([O-])C=Cc1c(Cl)nc2ccccn12,-2.697086859,0.079454094,0.808280198,-0.215044943,-0.055185078,0
Anion_3174,O=C([O-])c1[c-][n+](C2=[N+]=c3ccccc3=[S+]2)nc1,-5.083464731,1.982230188,0.146256853,-0.9259684,-0.300718444,0
Anion_3175,CCCC[N+]1=[N+]=C(C)C(=C2C=C(C(=O)[O-])[NH+]=N2)[C-]1C,-3.050800749,0.962892543,-0.86278043,-1.21758553,3.345651355,10
Anion_3176,C=C(C)C[N+]1=[N+]=C(C)C(=C2C=C(C(=O)[O-])[NH+]=N2)[C-]1C,-3.533561339,1.484530168,-0.380751942,-2.465152713,2.744493896,10
Anion_3177,C=CC[N+]1=[N+]=C(C)C(=C2C=C(C(=O)[O-])[NH+]=N2)[C-]1C,-3.174543572,0.688786447,-0.370961955,-1.851027331,2.41328118,10
Anion_3178,CCC1=[N+]=c2ccccc2=[N+]1CCC(=O)[O-],0.547119916,1.252851328,0.545073707,0.949565292,0.569074877,5
Anion_3179,COCCOc1cccc(CC(=O)[O-])c1,2.234676784,0.427915982,-0.790154822,-0.006662775,-1.60891576,20
Anion_3180,CC(=O)N1CCC(N2CCC(C(=O)[O-])CC2)CC1,0.166643493,4.222569389,-1.038419314,-0.684935128,2.906371421,6
Anion_3181,O=C([O-])C=Cc1coc2ccc(F)cc2c1=O,-4.786745911,1.47272338,0.146287278,0.894822938,0.283431877,0
Anion_3182,O=C([O-])Cc1cccc(C(F)F)c1,1.013038278,0.538437395,0.029191829,-0.724739389,-1.649763229,5
Anion_3183,O=C([O-])c1cc[n+](Cc2ccccc2)[n-]1,-1.512688704,1.388991656,-0.849581284,-0.964284058,0.455676278,10
Anion_3184,CC1CC(=O)Oc2cc(OCC(=O)[O-])c(Cl)cc21,-0.670799057,1.16345613,-1.043996228,1.238467712,0.069703963,6
Anion_3185,CCCC1CC(=O)Oc2cc(OCC(=O)[O-])c(Cl)cc21,-2.477737679,3.569483589,-0.038657277,-0.386586691,0.34404473,16
Anion_3186,Cc1c(C)c2cc(Cl)c(OCC(=O)[O-])cc2oc1=O,-2.498734088,1.213053141,-0.081139775,2.182513605,-0.655143759,4
Anion_3187,CCC1CC(=O)Oc2cc(C)cc(OCC(=O)[O-])c21,2.497468966,0.632797984,6.285921841,0.994930844,1.295901245,12
Anion_3188,CCCC1CC(=O)Oc2cc(C)cc(OCC(=O)[O-])c21,2.23039536,1.049431418,6.018741235,0.802224195,1.431264797,12
Anion_3189,CCCCC1CC(=O)Oc2cc(C)cc(OCC(=O)[O-])c21,1.806166797,1.648489759,5.871303025,0.555527414,1.468841888,12
Anion_3190,O=C([O-])C1=[N+]=[NH+]c2cccnc21,-1.722287275,-1.338790214,-0.703739964,-0.588747855,-1.371353037,2
Anion_3191,O=C([O-])C1=C[NH+]=C2N=CC=[N+]=C12,-1.258398357,-0.971447794,-0.788475157,0.176827696,-2.395916219,2
Anion_3192,CC(C)(CC(=O)c1cccc(F)c1)C(=O)[O-],0.447484039,-0.908954506,1.558712581,4.778332739,-0.466470841,13
Anion_3193,COc1ccccc1C(=O)CC(C)(C)C(=O)[O-],0.621645052,-0.191191418,1.375807098,2.917095913,-0.220785738,13
Anion_3194,CC1=CC(=C([O-])CC(C)(C)C(=O)[O-])[CH+]C(C)=C1,0.484169246,-0.338403224,0.805662224,4.626736883,-0.071453562,13
Anion_3195,C[n+]1c(C(=O)[O-])cc2occ[c-]21,0.907586706,-1.447021158,-1.428183409,-0.288006584,0.510667902,2
Anion_3196,CC(=CC(=O)[O-])C1=CC=[S+2]=C1,-0.641301795,-1.392651023,-1.411546454,0.591455664,0.643333464,2
Anion_3197,CC(C)c1cccc2c1=[NH+]C(=C([O-])[O-])C=2,-0.737033056,-1.486192201,1.503519766,-0.400755239,1.590294249,21
Anion_3198,COC1=[N+]=CC=C[C-]1CC(=O)[O-],1.530495402,0.557865563,-0.563248987,0.416420497,-1.599820817,5
Anion_3199,O=C([O-])CC1=[N+]=C(c2cccnc2)N=[NH+]1,-2.83930048,1.940264396,0.908409129,-1.143456948,-2.238937314,0
Anion_3200,N#Cc1cc(CC(=O)[O-])ccc1Cl,-1.341650562,-0.327751308,0.314876014,1.449248672,-1.267702531,4
Anion_3201,Cc1[c-]c2[n+](C)c(C(=O)[O-])cc-2cc1,-1.360715451,-0.937175068,-1.138592019,-0.65482264,1.137223837,2
Anion_3202,O=C([O-])c1occ2c1CCC2,1.010209479,-1.1828369,-0.915713036,-1.570560067,-0.160689925,2
Anion_3203,O=C([O-])CC[n+]1ccc2ccc(Cl)c[c-]21,0.434965405,0.510130648,-1.183395277,2.159124072,-0.012928371,9
Anion_3204,CC1=NC(C(F)(F)F)=C(C(=O)[O-])O1,0.313019375,-3.648160922,2.741621421,-0.633509417,2.207924033,21
Anion_3205,O=C([O-])c1oc(C2CC2)nc1C(F)F,-0.80856075,-2.796049506,1.166177122,-1.198430407,1.3692505,21
Anion_3206,O=C([O-])C1=C(C(F)F)[N-]C(=C2C=CC=C[CH+]2)O1,-3.381876884,-1.666136288,2.965911677,-1.122258302,1.457949788,21
Anion_3207,O=C([O-])C1=[N+]=COC1=C1C=CC=C[C-]1Cl,-0.712046089,-1.509661783,2.362513241,-0.799612962,-0.170956337,3
Anion_3208,C[N+]1=C(C(=O)[O-])C=CC1=C1C=CC(Cl)=C[CH-]1,-2.305303212,2.41793864,0.995243981,-1.709920365,0.191506379,16
Anion_3209,O=C([O-])C[N+]1=CC(COc2ccc(F)cc2)=[N+]=N1,-1.739520829,1.433419455,-0.303877156,-0.494992464,-0.285252242,10
Anion_3210,O=C([O-])c1c[n+]2cc(Cl)cc(Cl)c2[n-]1,-3.805976738,-1.431279406,-1.079186216,0.294299764,0.681642184,15
Anion_3211,O=C([O-])c1cnc(-c2ccco2)s1,-3.783209576,-1.247946702,-0.511858131,-0.191104454,-0.391232322,15
Anion_3212,O=C([O-])C1(C2=CC=[N+]=C(Cl)[CH-]2)CC1,0.663936714,-2.196946072,1.564080506,1.380026556,1.410674843,21
Anion_3213,O=C([O-])C1=[N+]=C[N+](Cc2cccc(F)c2F)=N1,-2.895071437,1.493858835,-0.088539666,-2.411675254,-0.047133242,0
Anion_3214,O=C([O-])C1=[N+]=C[N+](Cc2ccc(F)cc2)=N1,-2.238585965,1.046006342,-0.513648628,-1.137865811,0.614518504,10
Anion_3215,O=C([O-])C1=[N+]=C[N+](Cc2cccc(F)c2)=N1,-2.86299577,1.504038962,-0.458372062,-2.183444358,0.02935294,0
Anion_3216,O=C([O-])C1=[N+]=C[N+](Cc2ccc(F)cc2F)=N1,-2.603328957,0.893594873,-0.904784279,-1.463564004,-0.023247944,10
Anion_3217,O=C([O-])C1=[N+]=C[N+](Cc2cccc(Cl)c2Cl)=N1,-3.886202767,2.065832916,-0.002676068,-2.632053497,-0.277219373,0
Anion_3218,O=C([O-])C1=[N+]=C[N+](Cc2ccc(F)c(F)c2)=N1,-2.854960512,1.376489684,-0.376141674,-1.771077865,0.194796862,0
Anion_3219,CC(C)(C)OC(=O)N1CC(C2=[N+]=C(C(=O)[O-])C=[S+]2)C1,-3.633675002,1.811164462,0.342333286,-1.957153785,0.022824546,0
Anion_3220,CC(C)C1=CC(C(=O)[O-])=NN1C,0.936259903,0.326024486,-0.889198099,-1.487335743,1.330712811,2
Anion_3221,O=C([O-])C1=CC(=C2C=C[S+]=C2)N=[NH+]1,-2.861298404,-1.494402436,-1.361581926,-0.53575257,0.418773373,15
Anion_3222,O=C([O-])c1ccc[n+](Cc2ccccc2F)c1[O-],-0.947384901,-0.644149152,0.529206101,1.772825644,2.091860931,21
Anion_3223,O=C([O-])C1=CC(C(F)(F)F)=[N+]=[N+]1CC(F)F,-0.784905157,-3.909131716,0.187838489,-1.015982949,0.915531807,8
Anion_3224,O=C([O-])c1cc2cncnc2[nH]1,-2.622696204,-3.585526917,-0.89061561,-0.271360941,-0.589627832,8
Anion_3225,CN(CCC(=O)[O-])S(C)(=O)=O,3.545737685,-1.093153257,-2.451547829,0.278718775,-0.507547351,20
Anion_3226,Cc1noc(C2CC2)c1C(=O)[O-],1.548234332,-2.139634662,0.700354644,-0.882762874,0.226564587,17
Anion_3227,CC1=[N+]=C(c2cccc(Cl)c2Cl)[S+]=C1C(=O)[O-],-4.038668882,-0.433252542,0.482197949,0.619687874,1.119557064,15
Anion_3228,O=C([O-])c1cnc(-c2ccc(Cl)s2)s1,-5.36214964,-0.946647806,-0.38073059,0.692565614,0.104149692,15
Anion_3229,O=C([O-])C[N+]1=[N+]=C(c2ccccc2)OC1=O,-0.679320955,2.410668596,5.001144946,-0.282443711,-0.669437637,18
Anion_3230,CC1=CC(C(=O)[O-])=C(C)N1C1=[N+]=CC=[S+]1,-1.963706722,1.01949444,-8.84958E-05,0.273113915,0.222288911,10
Anion_3231,C[N+]1=[N+]=C(c2cccc3ccccc23)C=C1C(=O)[O-],-3.779675966,-0.409505049,-0.132307425,0.995486057,2.156728427,15
Anion_3232,O=C([O-])CC[n+]1cc(CN2CCCC2)c2cccc[c-]21,1.292121617,0.040291303,-1.703023001,2.327781816,-0.182656188,9
Anion_3233,CN(CC(=O)[O-])C1CC1,6.896837555,0.926777412,1.16533186,-2.17438166,0.814493358,11
Anion_3234,CCC1=[N+]=CC=[N+]1CC(=O)[O-],3.500719267,-0.527237376,0.516496229,-1.198402697,-0.530018892,20
Anion_3235,O=C([O-])COCC1=[N+]=C(c2ccccc2)[N-]O1,-3.696527219,4.503528217,2.51101766,-2.652304918,-2.699581562,16
Anion_3236,O=C([O-])C[n+]1c(COc2ccccc2)nc2cccc[c-]21,0.717235376,0.865115755,3.687116658,1.570631483,2.906245627,7
Anion_3237,CC1=[N+]=[N+](c2ccccc2Br)C(C)=C1C(=O)[O-],-0.80200183,1.514361191,1.748107382,0.147856896,1.298153097,10
Anion_3238,Cc1ccccc1[N+]1=NC=C(C(=O)[O-])[C-]1C,-0.761573309,1.346267744,0.493471692,-0.132666397,0.925283256,10
Anion_3239,CC1=C(C(=O)[O-])C=[N+]=[N+]1c1ccccc1F,-1.267651362,1.310702344,-0.391154998,-0.008802118,0.041921665,10
Anion_3240,Cc1[c-]c(=[N+]2N=CC(=C([O-])[O-])[C+]2C)c(C)cc1,-1.051726827,1.834334653,0.622846481,-0.540382027,0.999877472,10
Anion_3241,O=C([O-])CCC[n+]1c([O-])[nH+]c2ccccc2c1[O-],1.074133843,1.360494235,-0.123084575,1.321386437,-3.130409143,5
Anion_3242,Cc1ccc(Br)c2c1=[NH+]C(=C([O-])[O-])C=2,-2.481988705,-2.338301358,-1.141775189,-0.548141986,1.594758782,15
Anion_3243,CC(C)(CC(=O)[O-])[n+]1[c-]ccc1,2.378030923,0.35905861,-3.470296816,-0.271123158,0.650460148,20
Anion_3244,O=C([O-])Cc1cc(F)c(Br)cc1F,-0.293203442,0.863396617,0.633127671,-1.26458548,-1.366280404,5
Anion_3245,C[S+]=C1N=CC(=C([O-])[O-])[N+]1=c1[c-]cc(F)cc1,-0.688821172,-1.095785626,-0.317161854,-0.604694086,0.529600512,2
Anion_3246,CC(C)(C)OC(=O)N1CCC(C2(C(=O)[O-])CC2)CC1,2.932123064,3.830086728,7.064149444,-3.471836687,2.537309992,18
Anion_3247,O=C([O-])CCCCCC(=O)C1CCCCC1,2.810592302,-0.868995934,-1.608304916,1.919002786,-1.663721103,9
Anion_3248,CC(C)(C(=O)[O-])c1ccc2c(c1)OCCO2,1.929425283,1.296735962,0.665372056,1.801121125,1.996728936,7
Anion_3249,Cc1onc(C(=O)[O-])c1C[n+]1ccc[n-]1,-0.890461628,-2.554839005,1.619956044,-1.722004039,-0.17201996,3
Anion_3250,O=C([O-])CCc1cccnc1Br,1.195846104,-0.190612542,-0.813514189,2.284417004,-1.406341216,9
Anion_3251,COc1ccc(C2(C(=O)[O-])COC2)cc1,1.844829002,-0.068127833,0.580829738,1.970922016,2.261010404,7
Anion_3252,COc1ccc(C2(C(=O)[O-])CC(=O)C2)cc1,1.675166432,-0.274568522,0.888909332,2.018460016,2.255767038,7
Anion_3253,COC1=CC(=C([O-])CCCC(=O)[O-])[CH+]C(OC)=C1,-1.237602231,2.248049764,2.291094445,0.402641826,-2.840823407,4
Anion_3254,O=C([O-])CCOCC1CC1,5.240894927,1.581270132,-2.563598518,-0.957691857,0.422958737,1
Anion_3255,O=C([O-])CC[N+]1=CN=C2[S+]=C3CCCCC3=C2C1=O,-1.540492748,1.456985498,-1.593746213,3.679012108,1.044552751,6
Anion_3256,Cc1ccc(C(=O)CC(C)(C)CC(=O)[O-])cc1,1.670148249,1.618464853,7.007544853,1.81388275,-0.360290996,12
Anion_3257,O=C([O-])c1ccc([O-])[n+](Cc2ccc(F)cc2)c1,-2.290360426,0.047776999,-0.005900762,-1.179660923,0.195515386,10
Anion_3258,Cc1[nH+]c2c(F)cc(Br)cc2[c-]1CC(=O)[O-],1.916608372,1.708042254,3.378414938,-0.113801165,0.138288586,14
Anion_3259,O=C([O-])Cc1ccc(C(F)F)cc1,0.608421599,1.59337958,0.062995261,-0.698366322,-1.002693819,5
Anion_3260,C[N+]1=[N+]=CC(Br)=C1CCC(=O)[O-],2.452425102,-0.321674479,-1.907857205,1.297677997,-0.316080014,9
Anion_3261,O=C([O-])Cc1cccc(F)n1,1.192700777,0.4580717,0.196824842,-0.026162783,-2.434577827,5
Anion_3262,O=C([O-])C[n+]1cnc2[c-]1CCCC2,2.555190632,0.952134969,1.692595806,-1.42719482,0.784810391,14
Anion_3263,Cc1ccc(CN2C=C(C(=O)[O-])c3ccccc32)cc1,-2.140768098,2.296174603,-1.776019993,-0.030487127,2.331313502,10
Anion_3264,CC(C)N(C)CC(=O)[O-],6.384740431,0.977008393,0.470051416,-2.197704145,0.245458333,11
Anion_3265,O=Cc1ccc(OCc2occc2C(=O)[O-])cc1,-2.651627015,-1.132561268,-0.298285889,1.742947725,-0.675035811,15
Anion_3266,C[n+]1c(C(=O)[O-])cc2cc(C(F)(F)F)cc[c-]21,-2.157139006,-1.07926071,-0.974814359,-0.146618047,1.523025074,15
Anion_3267,O=C([O-])CCCC1=[N+]=C(c2ccccn2)[N-]O1,-3.358168818,5.270597956,2.628919806,-1.812755661,-3.26476957,16
Anion_3268,Cc1[c-][n+]2nc(CCC(=O)[O-])nc-2nc1,-0.86158371,2.237099161,-0.018411363,4.125666881,-1.443773396,13
Anion_3269,O=C([O-])CCC1=[N+]=c2nccc[n+]2=N1,-0.619323561,1.727010033,0.060371179,3.677368285,-2.15405906,13
Anion_3270,O=C([O-])C1=C[N+](=c2cccc[c-]2Br)[N+]#[N+]1,-3.318239968,0.193703382,0.463539604,-0.49891635,-0.27791971,0
Anion_3271,O=C([O-])C1=C[N+](=c2[c-]c(Br)ccc2)[N+]#[N+]1,-4.379109337,0.034578923,-0.312901389,0.367875515,1.009539271,10
Anion_3272,O=C([O-])C[n+]1ccc2c(F)ccc[c-]21,0.970954818,0.439939232,1.446851083,-1.329833443,-1.80265796,5
Anion_3273,CC1=[N+]=C(C2CC2)[S+]=C1C(=O)[O-],-0.659409747,-1.780247405,-0.441309189,-0.078085051,0.620834348,2
Anion_3274,COCCOC1=NC(C)=C(C(=O)[O-])S1,-0.877422079,-1.129192984,-0.820163892,0.124761826,1.04157234,2
Anion_3275,O=C([O-])CCc1[nH+]nc2[c-]1CCCC2,1.227069628,1.774527169,1.547202111,-2.631954432,-0.886706261,5
Anion_3276,O=C([O-])C1CCN(C(=O)c2cccc(Cl)c2)CC1,-1.669288216,2.966710933,0.597408835,0.785231576,0.15384633,6
Anion_3277,O=C([O-])C1CCN(C(=O)c2ccc(Cl)s2)CC1,-2.575107608,3.119335288,1.059470727,1.09210626,-0.320557439,4
Anion_3278,O=C([O-])C1CCN(C(=O)C2CCCC2)CC1,1.345600229,2.797479132,-0.782908433,-0.914884915,1.72712438,6
Anion_3279,CC1=[N+]=[N+](C)C(Br)=C1C(=O)[O-],2.233566251,-2.061882385,0.664077842,0.056410735,1.282291651,7
Anion_3280,O=C([O-])c1ccc([O-])[n+](Cc2ccc(Cl)cc2)c1,-2.886109441,0.463293553,-0.153931779,-1.226685065,0.239672147,0
Anion_3281,O=C([O-])c1ccc[n+](Cc2ccc(Cl)cc2Cl)c1[O-],-2.572179887,1.096809734,2.979133805,-1.171395582,0.613233306,18
Anion_3282,O=C([O-])c1ccc([O-])[n+](Cc2ccc(C(F)(F)F)cc2)c1,-3.545231568,1.13000769,0.255206465,-1.103034845,0.635432473,0
Anion_3283,O=C([O-])c1ccc([O-])[n+](Cc2c(Cl)cccc2Cl)c1,-0.85566292,-0.50081825,3.372901219,-0.199406825,1.276128434,21
Anion_3284,O=C([O-])c1cc2c(OC(F)F)cccc2[nH]1,-2.564414367,-1.339016369,-1.108301236,-0.987605538,1.465625855,15
Anion_3285,O=C([O-])c1cc2ccc(Cl)nc2s1,-3.911259485,-2.682592141,-0.948238247,0.153963518,0.674070889,15
Anion_3286,O=C([O-])c1ccc(COc2ccccc2F)o1,-1.602752489,-0.178041925,-1.863301483,-0.33315706,0.649538988,2
Anion_3287,Cc1ccc(OCc2ccc(C(=O)[O-])o2)cc1,-1.781172797,0.372174401,-1.847643912,0.685604487,2.066032004,10
Anion_3288,COc1ccc(OCc2ccc(C(=O)[O-])o2)cc1,-1.946526527,0.423586017,-2.378367555,0.594454994,1.44723909,10
Anion_3289,Cc1ccc(SCc2ccc(C(=O)[O-])o2)cc1,-1.593061136,0.367413381,-1.527708513,0.866882699,1.885728457,10
Anion_3290,CC1=CC(C)=[N+]=C(SCc2ccc(C(=O)[O-])o2)[N-]1,-2.228913588,0.002139171,-0.03718775,-0.07972817,0.113428009,10
Anion_3291,O=C([O-])c1ccc(C[S+]=C2[N+]#[N+]C=[NH+]2)o1,-0.680533062,-2.832120614,2.161672063,-1.526791199,-0.474351,3
Anion_3292,COc1ccccc1OCc1ccc(C(=O)[O-])o1,-0.695217894,-1.063837459,-0.880872128,-0.518167157,0.771022727,2
Anion_3293,Cc1ccc([N+]2=[N+]=[N+]=C(C(=O)[O-])[C-]2C2CC2)cc1,-3.177917789,1.446423472,0.222840704,-0.900630194,0.697823221,10
Anion_3294,O=C([O-])c1ccc(-c2cc(Cl)ccc2Cl)s1,-3.792940802,0.120355162,1.165846987,-0.679149687,0.813786821,0
Anion_3295,COC1=CC2=[N+]=CN(CC(=O)[O-])C(=O)C2=C[C-]1OC,-1.650406654,3.352579781,4.235657182,-1.759773621,-0.185230647,18
Anion_3296,COC1=CC2=[N+]=CN(CCC(=O)[O-])C(=O)C2=C[C-]1OC,-1.359704847,1.811013944,-1.589699232,3.294276755,1.068776675,6
Anion_3297,O=C([O-])C1=CN=C[N+]1=c1cccc[n-]1,-0.733632729,-2.028437171,0.669372653,-1.095171397,-1.482169763,3
Anion_3298,CC1=CC=[N+]=C[C-]1CC(=O)[O-],1.191799205,-0.656868668,-0.83683849,0.222417541,-0.992748985,9
Anion_3299,N#Cc1ccc(CC(=O)[O-])cn1,-1.740306248,-0.346966364,1.270903139,0.025235245,-2.402756969,4
Anion_3300,O=C([O-])c1cnc(C2CC2)s1,-1.300357428,-2.207018306,-1.554705073,-0.130137519,-0.225451698,2
Anion_3301,O=C([O-])C1=[S+2]=CN=C1C1CC1,-0.208860716,-2.990700987,0.422510871,-0.465113727,-0.722668599,17
Anion_3302,CC1=[N+]=C(Cc2ccccn2)[S+]=C1C(=O)[O-],-2.601874914,-0.50636583,-0.342308113,0.203577973,1.241409765,10
Anion_3303,O=C([O-])CCC1=[N+]=C(c2cnccn2)[N-]O1,-1.515674465,1.12616472,0.025235906,4.934711355,-1.584013672,13
Anion_3304,O=C([O-])COCCOCCN1C(=O)C=CC1=O,-0.574953927,-0.411505768,5.885715397,3.143625502,-2.732430584,12
Anion_3305,O=C([O-])Cc1c[s+]c(-c2ccccn2)[n-]1,-2.860164749,2.594133076,0.321069616,1.744900538,-0.588614757,4
Anion_3306,CCCC1=[N+]=[N+]=C(S)N1CC(=O)[O-],2.051192535,-1.968126322,1.992313686,0.394044016,2.26263812,7
Anion_3307,O=C([O-])Cc1cc(Br)ccn1,0.026149556,0.16010144,0.583255003,-0.260616757,-1.983562106,5
Anion_3308,O=C([O-])COc1ccc2oc3ccccc3c2c1,-1.544408304,1.369880768,-0.813387337,2.099807499,-0.903635313,13
Anion_3309,O=C([O-])C[n+]1c(C(F)(F)F)nc2cccc[c-]21,1.194271087,-0.981356021,3.647575007,0.315615267,-0.328463391,14
Anion_3310,CC1=C(C(=O)[O-])OC(CC2CC2)=N1,-0.39082214,-1.477385648,-0.800818593,-1.484677228,0.473090933,2
Anion_3311,CCC1=C(C(=O)[O-])C=[N+]=[N+]1c1ccccn1,-2.213241665,0.793487947,-0.534472218,0.292022078,0.123590743,10
Anion_3312,C=CC[N+]1=NC(C)=C(C(=O)[O-])[C-]1C,1.041902493,0.462249776,-0.266294314,-0.317818406,0.812860569,5
Anion_3313,CC1=C(C(=O)[O-])OC(C(C)C)=N1,-0.170942228,-1.249956402,-0.708699281,-1.51121147,0.582017568,2
Anion_3314,CC[N+]1=NC=C(C(=O)[O-])[C-]1C1CC1,1.60843293,0.307711333,-1.738622561,-0.992682709,0.099260647,20
Anion_3315,CC1=[N+]=[N+](C(C)C)C(C)=C1C(=O)[O-],2.215365615,0.163911166,-1.211414614,-0.622939008,1.115752998,20
Anion_3316,N#CC(=Cc1ccco1)C(=O)[O-],-1.64797952,-4.963386184,3.05814887,0.46900958,0.791234023,21
Anion_3317,O=C([O-])c1c[n+](Cc2ccccc2F)c2cccc[c-]12,-1.915245352,1.654578485,-1.435866747,-0.51578632,1.566194479,10
Anion_3318,CCc1[c-]c2[s+]c(C(=O)[O-])c(Cl)c-2cc1,-2.826399714,-1.409331494,2.088208286,-0.503771582,2.822647845,21
Anion_3319,O=C([O-])C=Cc1ccccc1Oc1ccc(Cl)cc1,-3.494157292,1.510004493,0.380976533,-1.539947245,-0.22265132,0
Anion_3320,COc1ccc(Oc2ccccc2C=CC(=O)[O-])cc1,-2.019325763,-0.533474262,-1.65127667,0.420093134,-0.318146503,2
Anion_3321,CC1=C(C(=O)[O-])C=[N+]=[N+]1C(C)C,2.194164531,0.021769865,-1.487724136,-0.405660029,0.778360324,20
Anion_3322,CC1=[N+]=[N+](C(C)(C)C)C(C)=C1C(=O)[O-],1.945126576,0.578541469,-0.866964941,-0.854509192,1.273550939,20
Anion_3323,C[N+](C)=C1C=CC(=C2N=C(C(=O)[O-])C=[S+]2)C=C1,-5.078101334,3.008410038,0.538723818,-2.934234315,-0.843316687,0
Anion_3324,O=C([O-])c1c[s+]c(-c2cc(Cl)cc(Cl)c2)[n-]1,-4.937615629,0.370435702,0.189560094,-0.424877853,-1.06082522,0
Anion_3325,O=C([O-])c1c[s+]c(-c2cccc(F)c2)[n-]1,-4.076970335,0.091634613,0.029282812,-0.717753053,-1.269777871,0
Anion_3326,O=C([O-])c1c[s+]c(-c2cccc(Br)c2)[n-]1,-4.710902784,0.698861687,-0.134938963,-0.364295995,-0.704429669,0
Anion_3327,O=C([O-])C1(C2=[N+]=CC=C[C-]2F)CC1,1.248674969,-0.355325918,2.683169197,-0.507866771,-0.84783173,14
Anion_3328,CCCC1=C(C(=O)[O-])[N+]#[N+][N+]1=c1[c-]cc(C(C)(C)C)cc1,-4.030937864,2.568517583,0.964580073,-0.903099508,1.874428562,0
Anion_3329,CC(C)(C)c1ccc(-c2ccc(C(=O)[O-])[nH]2)cc1,-3.372557695,3.567836211,2.057434651,-2.914801643,0.149117372,16
Anion_3330,O=C([O-])c1cc[n+](C2CCCCC2)[n-]1,0.311958,1.700586516,0.725976149,-2.9309589,0.718552912,5
Anion_3331,CCS(=O)(=O)N1CCC(CC(=O)[O-])CC1,1.054698276,4.672680805,0.252819471,-3.64898215,-1.463241144,16
Anion_3332,O=C([O-])C1=[N+]=C(c2ccccn2)N=[NH+]1,-4.290927768,-2.131435274,-0.571693491,-0.820825311,-0.091087705,15
Anion_3333,COC(=O)C1=CC(C(=O)[O-])=NN1Cc1ccccc1,-3.592927801,-0.294579045,-1.512441677,0.005335057,1.432698365,15
Anion_3334,CC[n+]1cc(CC(=O)[O-])c[n-]1,2.021398774,2.082448776,-0.088373209,-2.421595412,-1.645833986,5
Anion_3335,O=C([O-])Cc1cccc(F)c1Br,1.650347923,0.78359328,0.645342315,-0.351855596,-1.453362256,5
Anion_3336,O=C([O-])Cc1cccc(CN2CCOCC2)c1,0.955396709,1.372766463,0.061467328,-1.356854769,-1.237089547,5
Anion_3337,O=C([O-])C1([n+]2[c-]ccc2)CCCC1,5.146582276,-1.960234375,1.536119476,0.588798993,2.711414451,11
Anion_3338,O=C([O-])C1([n+]2[c-]ccc2)CCCCC1,4.933692608,-1.738422387,1.599156994,0.471402934,2.59107642,11
Anion_3339,CC(C)(C(=O)[O-])[n+]1[c-]ccc1,4.33215925,-1.773244062,0.128788088,0.057339089,1.461552523,11
Anion_3340,O=C([O-])c1c(Cl)nc2ccccn12,-0.533591962,-3.257450962,1.879556993,-0.026701251,0.244404076,21
Anion_3341,Cc1ccc2c(c1)c(C)c(C(=O)[O-])n2C,-0.530530781,-0.97321003,-0.778861323,0.447892346,1.910818741,2
Anion_3342,Cc1ccc[c-]2c(C)c(C(=O)[O-])[n+](C)c12,0.150573937,-1.065391517,0.470777514,-0.120224799,1.86336119,2
Anion_3343,CC(C)(C)N1C=C(C(=O)[O-])[N+]#[N+]1,-0.012799187,-0.648876921,0.255145101,-1.005362441,0.292902406,2
Anion_3344,O=C([O-])C[n+]1cccc(C(F)(F)F)c1[O-],0.137564006,0.465894306,3.831727899,-0.27969536,-1.024934699,18
Anion_3345,O=C([O-])C[n+]1cc(C(F)(F)F)cc(Cl)c1[O-],-0.1155158,-0.475561002,2.915670687,-0.351643517,-1.719883302,3
Anion_3346,O=C([O-])C1(CCCc2ccccc2)CCCCC1,1.302987833,2.72364141,1.519801727,1.005152626,2.008140095,6
Anion_3347,O=C([O-])C(F)(F)c1cccc(F)c1,0.089922652,-2.864513724,-0.627728887,0.425063251,0.554901865,17
Anion_3348,CC(C)C1=[S+2]=C(Cl)N=C1C(=O)[O-],-0.137371692,-2.619501586,2.175899673,0.571339337,1.217785679,21
Anion_3349,CC1=[S+2]=C2N=CC(=C([O-])[O-])C(=O)[N+]2=C1C,-1.565509974,-1.226353498,1.605459681,0.554074029,1.370959652,21
Anion_3350,CC1=[N+]=[N+](CC(=O)[O-])C2=[N+]=CC=C(c3[c-][n+](C)nc3)[C-]12,-1.729567508,3.846787767,5.627541772,-1.765433904,-1.466040012,18
Anion_3351,C[N+]1=[N+]=CC=C1C1=CC(C(=O)[O-])=NN1,-1.489621997,0.217328929,-1.280708909,-1.126790213,-0.376944115,2
Anion_3352,O=C([O-])CC1=C[NH+]=C2N=CN=[N+]2C1=O,-0.423075774,0.094127908,-1.164749457,1.966493141,-1.452375346,13
Anion_3353,CC1=C(C2=CC(=C([O-])[O-])[N-]O2)C=[N+]=[N+]1C,-3.35142006,0.275458066,-0.421141472,-2.471599409,0.149001718,0
Anion_3354,CC(=O)CCC1=CC=c2oc(=C([O-])[O-])c(C)c2[CH+]1,-3.038363852,-1.04374455,-1.134429443,0.442505576,2.753224583,15
Anion_3355,CC(=O)c1cnc2cc(C(=O)[O-])n[n+]-2[c-]1C,-4.84241134,-0.970457747,-0.604332842,0.858977018,0.392191335,15
Anion_3356,O=Cc1cccc(OC(F)(F)C(=O)[O-])c1,-1.446388045,-4.256235165,1.329915963,2.273140434,-0.000954409,21
Anion_3357,COC1=CC=C2C(=C[O-])C(=C([O-])[O-])[N+](C)=C2[CH+]1,-2.599251263,-1.240819174,2.096870968,-0.884301118,2.2477811,21
Anion_3358,COc1ccc(CN2C(C)=C(C=O)C(=C([O-])[O-])[C+]2C)cc1,-0.680514557,2.020836095,1.500288197,2.419327193,3.959277325,6
Anion_3359,COC1=CC(=C[O-])C=C(Cl)[C+]1OCC(=O)[O-],1.245055636,-1.113189683,8.038459224,2.507243727,0.810024256,12
Anion_3360,COC(=O)c1c(CC(=O)[O-])[nH+]c(C(C)=O)[c-]1C,-1.186506761,-1.324313389,1.14915945,0.218133903,0.074122941,3
Anion_3361,COc1ccc(C2=[N+]=[N+](CC(=O)[O-])C=C2C=O)cc1,-1.475184257,2.803359708,4.582161847,0.411586011,0.521929465,18
Anion_3362,COC1=CC(=C(C)[O-])C=C[C+]1OCCC(=O)[O-],-1.297899467,2.513366567,0.4359318,1.672214134,-1.837602259,4
Anion_3363,CC(=O)c1ccccc1OCc1ccc(C(=O)[O-])o1,-3.551469774,-0.206885934,-0.633011853,1.651610273,1.15773957,15
Anion_3364,COC1=CC(OC)=C2C(=C[O-])C(=C([O-])[O-])[NH+]=C2[CH+]1,-4.65307474,-1.453281275,-1.221337248,-1.210579856,2.155433718,15
Anion_3365,COC1=CC(=C(C)[O-])C=CC1=[S+]CC(=O)[O-],-1.397603983,-1.105808231,-0.182031181,2.678137819,-1.517617579,13
Anion_3366,CC1=C[C-](COc2ccc(C=O)cc2)OC1=C([O-])[O-],-3.333920648,0.049969978,-0.462715113,2.085138063,1.02120566,10
Anion_3367,CC(=O)c1c(C)n[n+](CCC(=O)[O-])[c-]1C,0.798378102,-0.060651259,-1.36457671,2.596057543,-1.082796555,9
Anion_3368,CC1=C(C=O)C(=C([O-])[O-])[C+](C)N1Cc1cccc(C)c1,0.154310779,1.537000634,2.730024461,1.773016287,3.519532586,7
Anion_3369,CCc1cccc2c(C(C)=O)c[n+](CC(=O)[O-])[c-]12,-0.150482826,-0.318490246,2.482284124,-0.053720081,0.921058188,3
Anion_3370,CC(=O)c1[c-]c2c(C)c(C(=O)[O-])[s+]c-2nc1,-4.303661519,-1.505820913,0.563102268,0.884741872,1.50164285,15
Anion_3371,CC1=C(C=O)C(C(=O)[O-])=C(C)N1Cc1ccccc1,0.033443084,1.493797302,2.410292984,1.694055354,3.341719223,7
Anion_3372,CC(=O)C1=CC(=C=[N-])C(=[S+]CC(=O)[O-])N=C1C,-2.481797349,0.576738589,0.812004131,1.981687064,-1.530154973,4
Anion_3373,COC1=CC(=C[O-])C(Br)=C[C+]1OCC(=O)[O-],-0.327532002,-0.644460262,4.342961073,2.201838068,-0.653514545,14
Anion_3374,CC(=O)c1ccc(N2CCC(C(=O)[O-])CC2)cc1,-1.064431149,1.879461285,-0.802224972,4.219945,1.802935812,6
Anion_3375,O=Cc1c(C(=O)[O-])[nH+]c2ccc(Br)c[c-]12,-3.990578855,-3.380451135,-1.328376058,0.23530267,1.35114752,15
Anion_3376,COC1=CC(=C[O-])C=C(Br)[C+]1OCC(=O)[O-],2.150206105,-1.048612776,9.540799173,3.225704427,1.984151753,12
Anion_3377,CCOC1=CC(=C[O-])C(Cl)=C[C+]1OCC(=O)[O-],0.450044537,-0.556639632,6.599241619,2.309233908,0.023585469,12
Anion_3378,CC(=O)c1cnc(SCC(=O)[O-])nc1C,-4.485478524,0.260310933,-0.438265189,1.834313184,1.636466852,10
Anion_3379,CCCC1=C(C(=O)[O-])NC(C)=C1C(C)=O,-0.655016139,-1.196004971,-0.82990051,-0.416155857,0.050094761,2
Anion_3380,COc1ccc(C(C)=O)cc1CSCC(=O)[O-],-0.981260492,-0.562709125,-0.86183616,2.09550094,-0.081030327,13
Anion_3381,COCCN(C)CC(=O)[O-],6.470291117,0.660967797,0.614122292,-0.574774004,2.115262717,11
Anion_3382,O=CC1=C[N+](CC(=O)[O-])=[N+]=C1c1ccccc1,-2.103547578,1.980842185,3.123106662,-0.32657179,-0.614940602,18
Anion_3383,O=Cc1ccc(OC(F)(F)C(=O)[O-])cc1,-1.788721272,-3.238340483,1.035341151,2.475353533,0.775590056,21
Anion_3384,COC1=CC2=[NH+]C(=C([O-])[O-])C(=C[O-])C2=C[C+]1OC,-4.614842003,-1.434980246,-1.240969383,-0.544232752,1.966032534,15
Anion_3385,C[N+](CC(=O)[O-])=C1N=CC(=C[O-])C=N1,-0.412808495,0.590387024,2.749397115,1.921336499,-1.395790175,4
Anion_3386,CC(=O)c1ccc(OCc2ccc(C(=O)[O-])o2)cc1,-3.465786798,-0.009794019,-1.470980144,1.803066895,0.424900063,15
Anion_3387,CC(=O)c1ccc(SCC(=O)[O-])c(F)c1,-1.964303372,-0.443310739,-0.148132681,2.032501599,-0.716621775,13
Anion_3388,CN(CC(=O)[O-])C1CCC1,6.375419241,1.506012588,0.867285732,-1.993350669,0.966380549,11
Anion_3389,COC1=CC(=C[O-])C(Cl)=C[C+]1OCC(=O)[O-],-0.195631411,-0.707263641,4.482921454,2.074223232,-0.731683786,14
Anion_3390,O=Cc1cccc(OCc2occc2C(=O)[O-])c1,-2.584673723,-1.758560225,0.156963066,1.148571158,-1.639454061,8
Anion_3391,O=Cc1cccc(OCc2ccc(C(=O)[O-])o2)c1,-3.486769965,-0.840968776,-0.269847628,0.511856912,-1.192465317,15
Anion_3392,COC1=CC(Cl)=CC(=C[O-])[C+]1OCC(=O)[O-],-1.767936261,-0.53017138,-0.101395022,1.527671392,-0.539849351,13
Anion_3393,Cc1ccc(C(=O)[O-])c(=O)n1C,0.67172498,-1.56625202,0.573263962,0.780265391,0.602466464,7
Anion_3394,Cc1ccccc1-c1ccccc1CC(=O)[O-],2.790029622,1.008532303,3.721590168,1.171386795,0.310305358,14
Anion_3395,Cc1cc(C)c2c(C)c(C(=O)[O-])[s+]c-2[n-]1,-2.642797764,-1.5002281,-0.155024529,0.127602105,2.079680642,15
Anion_3396,C[N+]1=[N+]=C(CC(=O)[O-])c2ccccc21,0.931525035,1.476552084,-0.138433143,0.057950506,-1.997675125,5
Anion_3397,Cc1cccc2c1ccn2CC(=O)[O-],0.067945606,1.245562153,1.42033174,-1.317196393,-0.296178741,5
Anion_3398,O=C([O-])Cc1coc2cc3c(cc12)CCC3,1.321234038,1.914576378,4.396873411,-1.363461333,-1.067278876,18
Anion_3399,COc1ccc2c(CC(=O)[O-])coc2c1C,-0.033801426,2.37117578,0.705407799,-1.891920417,-1.762022841,5
Anion_3400,CCC1(C(=O)[O-])CCOCC1,7.651031324,-0.837253084,0.95216689,-0.718717154,2.220366651,11
Anion_3401,O=C([O-])CCS(=O)(=O)C(F)(F)F,1.632575648,0.601114187,0.624241833,-1.941848179,-0.760268194,5
Anion_3402,O=C([O-])CCN1CCCS1(=O)=O,3.922591406,-0.557725444,-2.421999881,0.227880873,-0.315224996,20
Anion_3403,O=C([O-])c1cnc2[n+](c1[O-])C(=C1C=CC=C[CH-]1)C=[S+]2,-2.603650671,-0.472937977,3.002585635,-0.583760116,0.732885837,3
Anion_3404,O=C([O-])C1=CC=C2C=CC=[N+]=[N+]21,-1.539586918,-1.440850596,-0.77504386,-0.258571274,-1.85255847,2
Anion_3405,O=C([O-])C[N+]1=[N+]=C(C(F)F)C2=C1CCC2,2.978718529,1.009003983,4.102961108,-1.113630166,0.306384425,14
Anion_3406,CC1=C(C(=O)[O-])C[N+]2=[N+]=CN=C2N1C,2.511705416,-1.137731866,0.089038979,0.33485708,1.590123191,7
Anion_3407,O=C([O-])Cc1ccc(-c2ccc(Cl)c(Cl)c2)cc1,-3.217750805,4.382195474,0.751108843,-0.173210118,-0.391804932,16
Anion_3408,CC1(C)CCC(C)(C(=O)[O-])CC1,6.349469085,0.108491449,-0.356174665,0.111266119,2.41438168,11
Anion_3409,Cc1[c-][n+](Cc2ccc(C(=O)[O-])o2)nc1,-1.311596607,-0.263210977,-0.970899166,-2.484672784,-0.317177129,2
Anion_3410,Cc1onc(C(=O)[O-])c1C[n+]1cc(Cl)c[n-]1,-1.143400577,-2.664805349,1.584403051,-1.648016964,-0.192166585,3
Anion_3411,CC1=[N+]=[N+](C)C=C1C1=CC(=C([O-])[O-])[N-]O1,-3.056860773,-0.364631966,-1.292791543,-0.98753157,1.065380251,10
Anion_3412,CC(C)(C)N1C=C(C(=O)C(=O)[O-])C=N1,-2.214732247,-1.643507028,0.449689963,-1.282496443,-0.382536859,3
Anion_3413,CC1=C(C(=O)[O-])[CH+]C(=S(=O)([O-])N2CCCC2)O1,-0.750078457,-1.195751936,-1.014421077,-0.162313565,0.899759728,2
Anion_3414,C[N+]1=C2CCCCC2=CC(=C([O-])[O-])C1=O,-0.097119898,-0.980096053,0.599711086,0.93727507,2.268468877,7
Anion_3415,O=C([O-])CCC(=O)c1cc(F)c(F)c(F)c1,-0.992470726,0.333329546,0.181828492,2.98365543,-2.751575637,13
Anion_3416,CC1=[N+]=[n+]2c(C)cc(=C([O-])[O-])nc2C1=C1C=CC=C[CH-]1,-4.276719361,-0.743558911,0.6109936,-1.126059525,0.512354707,0
Anion_3417,O=C([O-])CCC1=CC(=C2C=CC(Br)=C[CH+]2)O[N-]1,-1.432711432,2.240875222,-1.371594429,4.496639193,-0.50241008,13
Anion_3418,O=C([O-])c1c[n+]2ccc(F)cc2[n-]1,-2.183467778,-1.336178925,-1.772229741,0.746617655,0.173451803,15
Anion_3419,O=C([O-])C1=[N+]=c2cc(Cl)cc[n+]2=N1,-3.528850891,-1.685530008,-0.936433953,0.174773532,0.614504965,15
Anion_3420,O=C([O-])C1=C[N+]2=[N+]=CC(Cl)=CC2=N1,-4.099057794,-1.847036606,-0.72901262,1.146163225,-0.376315462,15
Anion_3421,O=C([O-])c1c[n+]2ccc(C(F)(F)F)cc2[n-]1,-3.375651928,-0.650979168,-1.279721857,0.316446366,0.351128694,15
Anion_3422,O=C([O-])c1c[n+]2cc(F)c(Cl)cc2[n-]1,-3.37864169,-1.333664454,-1.537146248,0.902797331,0.658472215,15
Anion_3423,N#CC1CC(C(=O)[O-])C1,3.810051934,0.135274294,1.606959338,-1.276759872,-1.208604202,20
Anion_3424,CC(C)(C)OC(=O)N1CC[N+]2=C(C1)[N+]#[N+]C2=C([O-])[O-],-1.394057633,0.309156859,3.740354948,-2.45089137,2.41936106,18
Anion_3425,Cc1ccc(-c2ccc(CCC(=O)[O-])cc2)cc1,-0.938088034,3.921224803,-1.720300752,3.529779925,0.955462375,6
Anion_3426,CC(C)(C)c1ocnc1C(=O)[O-],1.091029273,-1.853760049,-0.501558279,-1.164515688,-0.308576977,17
Anion_3427,O=C([O-])C1=[N+]=C(C2=CC=[N+]=C[CH-]2)[N-]O1,-5.441093266,-3.818153954,0.441774466,-1.228964656,0.33006097,15
Anion_3428,CCCCSCC1=CC(=C([O-])[O-])O[C+]1C,-1.661509979,1.020481857,-0.483000829,-2.930754632,0.931259448,10
Anion_3429,O=C([O-])C1CCN(C(=O)OCC(F)(F)F)CC1,1.695867946,2.750073375,-1.334648462,-0.207994632,2.143333112,6
Anion_3430,O=C([O-])C1CC[N+](=c2nc3cccc[c-]3o2)CC1,-1.635072661,2.91955674,-1.587801327,1.791864767,3.763590013,6
Anion_3431,O=C([O-])Cc1ccccc1-c1ccc2c(c1)OCO2,-1.208366966,1.399787462,-0.344397445,-1.034773648,0.695635617,10
Anion_3432,CCC(=O)N1CCC(C(=O)[O-])CC1,2.426108424,1.417121562,-1.363076622,-0.181115606,1.482514855,1
Anion_3433,O=C([O-])c1cc2c(Cl)ccnc2[nH]1,-3.177998472,-3.315685736,-1.386744181,0.09488477,0.638194622,15
Anion_3434,O=C([O-])CC1=[N+]=CN=[NH+]1,2.281501957,-1.197068548,-0.583906483,-2.219302483,-2.768358883,20
Anion_3435,O=C([O-])CC[N+]1=CC=[NH+]C(=O)C1=O,1.159452838,-0.804113093,-1.201261327,2.760325777,-1.766992841,9
Anion_3436,O=C([O-])c1[c-]c2c[nH+]nc-2cc1,-0.865701578,-0.54277566,-1.477038498,0.219740194,-0.965553395,2
Anion_3437,CC1=[N+]=[N+](c2ccc(Cl)cc2)C2=[S+2]=C(C(=O)[O-])C=C12,-5.236268072,1.075978615,0.460110419,-2.66099413,1.752332172,0
Anion_3438,O=C([O-])c1cc2c(Br)ccc(F)c2[nH]1,-2.80198069,-2.838270219,-1.77424367,-0.464109539,1.254858049,15
Anion_3439,Cc1c(Cl)ccc2c1=[NH+]C(=C([O-])[O-])C=2,-2.481994144,-1.331271241,-0.483627673,-1.186635106,0.438491343,15
Anion_3440,O=C([O-])c1cc2c(F)cc(Br)cc2[nH]1,-3.501200208,-1.445057618,-1.067597722,-1.544239635,0.649508819,15
Anion_3441,CCCN1C=C(C(=O)[O-])C=N1,1.463801525,0.037786084,-2.459049867,-1.197499299,-0.351564535,20
Anion_3442,CC(C)(C)OC(=O)N1CC(C2CC(C(=O)[O-])C2)C1,-0.494982435,5.960099195,0.022638473,-1.10562975,2.006741139,16
Anion_3443,O=C([O-])C1(c2cccc(Cl)n2)CC1,0.723807879,-1.556890387,1.428970327,1.914915879,0.902982346,7
Anion_3444,COc1[c-][n+]2cc(C(=O)[O-])nc-2cc1,-3.018902027,0.620838055,-1.231757598,-0.617775572,0.199533218,10
Anion_3445,O=C([O-])C1=CC2=[N+]=C(C(F)(F)F)C=C[N+]2=N1,-4.524409971,-1.751906361,-0.024593889,1.530864843,0.408534398,15
Anion_3446,C[N+]1=NC=C(C(=O)[O-])C1=C=[N-],-0.886941616,-2.75026928,-0.967329001,-0.219966061,-1.290025041,8
Anion_3447,O=C([O-])COc1ccc2c(c1)OCCO2,-0.379664721,2.296710077,-0.221084082,-1.29614915,-1.017635293,5
Anion_3448,O=C([O-])CC1=CC=[N+]=[N+]=C1,0.207254246,-1.958592814,0.335689339,0.430244691,-2.472086477,3
Anion_3449,N#Cc1cccc2[nH+]cc(CC(=O)[O-])[c-]12,-0.961332007,1.110083008,0.021984883,1.449757914,-0.866451072,4
Anion_3450,O=C([O-])c1c[n+](C2CC2)c([O-])c2ccccc12,-1.598686248,-1.725981841,-0.827250723,-0.181484716,1.3390389,15
Anion_3451,O=C([O-])c1ccc([O-])[n+]2c1CCCCC2,0.133437545,-1.128096195,0.927763948,-0.408920156,0.668603917,3
Anion_3452,CC1=[N+]=C(C(=O)[O-])[C-](Br)O1,1.07252035,-2.98610303,-0.04690929,-0.591381664,0.993418635,17
Anion_3453,N#Cc1cccc(OCCCCC(=O)[O-])c1,-0.37048875,2.000445938,-1.130996644,4.328329285,-0.854908853,13
Anion_3454,O=C([O-])CN1CC[N+](=c2[c-]cc(Cl)cc2)CC1,4.380492401,2.251649567,10.41646229,1.628975132,2.610635261,12
Anion_3455,O=C([O-])Cc1ccc(-c2cc(F)cc(F)c2)cc1,-2.295912429,3.471800225,0.517792736,0.015955892,-0.591081524,16
Anion_3456,O=C([O-])c1cc2c(Br)ccnc2[nH]1,-3.414955337,-3.042606794,-1.086988425,-0.009785116,0.749038663,15
Anion_3457,CC1=[N+]=C(C(C)(C)C)[S+]=C1C(=O)[O-],-0.803225119,-1.263165776,0.227528795,-0.564547106,0.81864839,2
Anion_3458,O=C(c1[c-]c(C(=O)[O-])[nH+]c1)c1ccc(F)cc1,-3.80548835,0.533862947,1.074369277,-1.337941916,-1.36810631,0
Anion_3459,O=C([O-])CC[S+]=c1nccc[n-]1,-0.00696393,0.739210204,0.158628827,2.931288711,-0.168538098,13
Anion_3460,O=C([O-])C1(c2ccc3c(c2)OCCO3)CCCC1,2.686440615,0.646237765,2.018382769,2.147564027,3.224658315,7
Anion_3461,O=C([O-])CC1=[N+]=CC(C(F)(F)F)=C[C-]1Cl,0.207143131,1.128159616,4.375522584,0.044610005,-0.695850494,18
Anion_3462,CC1=C(C(=O)[O-])C=[N+]=[N+]1C1CCOCC1,1.107271193,1.135675759,-1.50244065,-0.444558988,1.435974646,9
Anion_3463,CC1=NOC(=C([O-])[O-])[C+]1C,-0.132637002,-3.609031036,-0.01885842,-0.968435981,0.017098191,17
Anion_3464,CC1=[NH+]C2=[N+]=CC=CC2=C1C(=O)[O-],0.495183621,-0.411269532,-0.207080334,-0.376067338,-0.697400582,5
Anion_3465,CC(=O)c1ccc(CC(=O)[O-])c(F)c1,-1.932041314,0.710386863,1.353181943,-0.169909364,-2.035157336,4
Anion_3466,O=C([O-])c1cc2c(Cl)nc(Cl)nc2[nH]1,-4.977836478,-3.435761431,-0.417426544,-0.324567834,0.384392379,15
Anion_3467,COc1cc(Br)c(Cl)cc1CC(=O)[O-],2.156939344,1.425245848,5.234557291,0.711847035,0.954818948,14
Anion_3468,O=C([O-])Cc1c[s+]c(-c2ccccc2Br)[n-]1,-1.927583474,2.645815694,-0.310254258,1.925122183,-0.371692974,6
Anion_3469,O=C([O-])CCOc1ccc(OC(F)(F)F)cc1,0.288075968,2.353595553,0.636675155,-0.028295775,-0.792503598,5
Anion_3470,O=C([O-])c1cc2cc(F)c(F)c(F)c2[nH]1,-2.618729614,-2.39408768,-1.471142022,-0.437514611,0.495131683,15
Anion_3471,O=C([O-])C[S+]=c1ccc(C(F)(F)F)c[n-]1,-1.140162101,0.067012004,-0.516836612,1.612209383,-0.059189494,13
Anion_3472,COC1=CC=CC(=C2C=C(C(=O)[O-])N=[NH+]2)[CH-]1,-2.887171865,1.783988846,-0.699599942,-1.390339957,-0.294928551,0
Anion_3473,C[N+]1=[N+]=C(c2cccc(Cl)c2)C=C1C(=O)[O-],-3.050793683,-0.612848582,-0.722141813,-0.181298108,1.887706284,15
Anion_3474,COc1ccc(C2=CC(=C([O-])[O-])[NH+]=N2)cc1OC,-4.272819972,1.037106622,-1.321745372,-1.498942413,1.690701881,10
Anion_3475,O=C([O-])COc1ccccc1OCC(F)(F)F,4.200940383,0.295806372,7.54231159,0.781489144,2.16314719,12
Anion_3476,OC(CCCCCCC/C=C\CCCCCCCC)=O,-1.006793679,5.690324403,-1.760424299,0.215726961,3.1533474,19
Anion_3477,O=C([O-])c1cnc(-c2ccccc2)o1,-3.476348529,-0.49333531,-0.083159058,-1.496307887,-0.630590561,0
Anion_3478,O=C([O-])c1cc2cccc(Cl)c2s1,-3.021678931,-2.615004208,-1.313195237,-0.228627007,0.956169972,15
Anion_3479,O=C([O-])C1=[N+]=C(C(F)(F)F)C=[S+]1,-2.353708633,-4.462408393,1.05099909,-0.76677183,-0.083258011,8
Anion_3480,O=C([O-])c1cn[n+](-c2ccc(Cl)cc2)[c-]1C(F)(F)F,-2.623329897,1.150210558,1.585479817,-0.264927091,1.127877584,10
Anion_3481,O=C([O-])C=Cc1cc2ccccc2o1,-3.738742258,-0.180043208,-1.60502525,0.904465316,0.830859213,15
Anion_3482,O=C([O-])CS(=O)(=O)Cc1ccc(F)cc1,1.029377271,-1.186638879,2.743130582,1.349975972,0.683753963,7
Anion_3483,O=C([O-])C1=[N+]=[NH+]C=C1Cl,2.95373478,-4.028173416,-0.442424323,-0.657941891,0.945800046,17
Anion_3484,CC1=Nc2ccc(C)c[n+]2C1=C([O-])[O-],-0.397083877,-1.129124016,0.879840941,-0.895803245,-0.550737073,3
Anion_3485,Cc1ccc(C2(C(=O)[O-])CCCC2)cc1,3.636085136,-0.524375892,1.765971846,2.407461155,2.721514236,7
Anion_3486,Cc1c(CC(=O)[O-])[s+]c2ccc(Cl)c[c-]12,-0.009118434,2.91609688,4.554930531,-1.95846041,-1.145205988,18
Anion_3487,O=C([O-])CCc1c[n+](Cc2ccccc2)c2cccc[c-]12,0.260553759,1.975869459,-2.388710324,2.414704778,1.054161039,6
Anion_3488,O=C([O-])c1[c-]c2ccn[n+]-2cc1,-1.177134206,-1.68228582,-1.26204368,-0.303027284,-0.676998478,2
Anion_3489,O=C([O-])C1=CC(=C2C=CC=C[CH+]2)C(C(F)(F)F)=[S+]1,-4.073939538,-1.151088242,0.321648722,-1.455084033,1.183220404,15
Anion_3490,O=C([O-])c1ccc(C(=O)OCc2ccccc2)[nH]1,-3.01238054,0.59484802,2.113556725,-3.302720612,-1.128665368,0
Anion_3491,O=C([O-])Cc1cc(Br)ccc1Br,0.244603783,-0.07758844,0.072680702,-0.750416319,-0.850275676,5
Anion_3492,CC(C)(C)OC(=O)N1CCC(=CC(=O)[O-])CC1,-1.305517453,3.17410974,-0.16954415,-3.416891683,-0.051696972,16
Anion_3493,O=C([O-])C1=CC=C[N+](=c2[c-]cccc2)C1=O,-1.893580378,0.117945945,1.750362405,-0.188723902,0.646563754,3
Anion_3494,O=C([O-])c1cc2cc(F)c(F)cc2[nH]1,-2.422800282,-2.131342107,-1.529139625,-0.362334914,0.365956523,15
Anion_3495,O=C([O-])CCCc1ccccc1F,1.572950202,1.293441551,-1.208855813,0.697481529,-0.820607509,9
Anion_3496,O=C([O-])C1=CC2=CC=[N+]=CC2=[S+]1,-2.871831467,-3.672732503,-1.076828127,0.051591317,0.238071334,8
Anion_3497,Cc1cc[n+](CC(=O)[O-])[n-]1,2.269858503,0.431153209,0.475435266,-2.119876237,-0.890209069,5
Anion_3498,O=C([O-])C1=[N+]=CC(Br)=[S+]1,-3.101995469,-4.48514905,-0.522072797,-1.138114129,-0.567600643,8
Anion_3499,CCOC(=O)C1=CN=[N+](C)C1=C([O-])[O-],1.000934207,-4.225097597,3.487486545,0.199668559,1.958836858,21
Anion_3500,O=C([O-])Cc1ccc(-[n+]2c[n+]#[n+][n-]2)cc1,-2.022723278,1.201027488,0.969778833,0.334704467,-2.094654085,4
Anion_3501,O=C([O-])c1cnc2cc(Br)ccn12,-2.653456164,-0.490749084,-0.031446735,-1.777506001,-1.894992756,0
Anion_3502,O=C([O-])C[N+]1=[N+]=[N+]=C(C2=CC=[N+]=C[CH-]2)[N-]1,-2.211973081,0.655526646,3.60605813,-1.091434287,-1.701198707,18
Anion_3503,O=C([O-])C=CC1=[N+]=CC=[S+]1,-2.623549912,-1.79608449,-0.666751398,0.63926366,-1.21298795,8
Anion_3504,O=C([O-])C1=[N+]=[NH+]C=C1I,1.074106722,-4.387016732,0.442353841,0.804554089,0.077720875,17
Anion_3505,CC1=CC=[S+2]=C1C=CC(=O)[O-],-1.958210084,-0.512576808,-1.197426115,0.255230551,-1.129049792,2
Anion_3506,O=C([O-])C(=O)C=Cc1cccs1,-5.022161976,-0.617636265,1.181219195,-1.313672816,-2.526154485,0
Anion_3507,O=C([O-])C12CCN(CC1)CC2,5.891005578,-0.507478603,-0.799806689,-0.582574784,1.661693381,11
Anion_3508,O=C([O-])C(c1cccs1)c1cccs1,2.56459956,-1.732989245,3.445536457,1.175453339,0.969959695,14
Anion_3509,O=C([O-])c1cc2ccc(OCc3ccccc3)cc2[nH]1,-3.400312972,0.94027407,0.047847545,-2.575939339,0.633125664,0
Anion_3510,O=C([O-])c1[c+]o[n-]c1,1.670178846,-3.933970559,-1.87644911,-0.226046024,-1.626121564,17
Anion_3511,Cc1ccc(CC(=O)[O-])s1,1.203238375,1.1553699,-0.228691691,-0.439142168,-1.473457198,5
Anion_3512,O=C([O-])CCC1CCOCC1,5.25080594,1.813238255,-2.625645365,-1.443750195,0.197855238,1
Anion_3513,CCc1noc(C)c1C(=O)[O-],2.131303692,-2.595916096,0.300888865,-0.75558011,-0.073790485,17
Anion_3514,C[S+]=C1C=C[S+]=C1C(=O)[O-],0.18574801,-3.390739292,0.502274677,-0.12959882,-0.284824068,17
Anion_3515,Cc1noc(C)c1CC(=O)[O-],3.650827385,-0.600584873,2.178335102,0.995131723,-0.02923119,7
Anion_3516,O=C([O-])CCCCCc1cccs1,1.670304268,1.365892191,-0.6376402,1.196518296,-1.645785831,9
Anion_3517,O=C([O-])c1[nH+]c2ccccc2[c-]1Br,-1.854398399,-2.812779994,-0.695737446,-0.367260863,0.50811547,8
Anion_3518,Cc1ccc2cc(C(=O)[O-])oc2c1,-2.49374322,-1.381082821,-1.35831585,-1.013757439,0.795244142,15
Anion_3519,CC1=N[N+](C)=C(C(=O)[O-])[C-]1Cl,2.186849142,-4.203675263,1.858312535,-0.395250858,2.50253111,21
Anion_3520,CS(=O)(=O)c1ccc(C(=O)[O-])s1,-2.663635838,-2.999116315,0.226778855,-0.267706161,-0.121070437,8
Anion_3521,O=C([O-])CCc1ccc2ccccc2n1,-0.810595064,1.56753575,-0.582050303,3.61764122,-1.394554694,13
Anion_3522,CCc1oc2ccccc2c1C(=O)[O-],-0.278008055,-1.230455045,-0.951019463,-1.039531706,0.159173176,2
Anion_3523,O=C([O-])CC1=[N+]=c2ccccc2=[S+]1,-0.512494612,1.600722394,1.138877886,-1.564379369,-2.271070783,5
Anion_3524,O=C([O-])c1cc2ccc3ccccc3c2[nH]1,-3.506754632,-0.361603305,-0.669659224,-1.33487174,-0.234413713,0
Anion_3525,O=C([O-])c1cc2c(ccc3ccccc32)o1,-4.011249895,-0.949072523,-1.023184918,-0.461582779,1.10373274,15
Anion_3526,O=C([O-])CC[n+]1cnc2cccc[c-]21,0.803816381,0.170434701,-1.380176759,2.162249893,-0.378363031,9
Anion_3527,Cc1[c-]c2c(CCC(=O)[O-])c[nH+]c-2cc1,0.389819584,2.422038246,-1.735665495,1.637374851,0.274795042,6
Anion_3528,O=C([O-])CCc1ccc(-c2ccccc2)o1,-0.986410895,3.294999149,-1.198649891,2.56649433,0.278046201,6
Anion_3529,Cc1c[n+](CCC(=O)[O-])c2cccc[c-]12,1.249790304,0.355573093,-1.640304107,2.154092095,0.005912746,9
Anion_3530,O=C([O-])c1oc2ccccc2c1-c1ccccc1,-2.382172339,-2.372936955,0.69085715,-0.932668549,1.823209311,15
Anion_3531,Cc1ccc(-c2noc(CCC(=O)[O-])n2)cc1,-0.827820058,2.102239063,-1.372186318,3.999849129,0.611221988,6
Anion_3532,O=C([O-])CCCCCCN1C(=O)c2ccccc2C1=O,-0.316520545,0.037937428,0.151380742,3.975080404,-3.357274416,13
Anion_3533,COc1ccc(-c2noc(CCC(=O)[O-])n2)cc1,-0.829742221,2.173829889,-1.582419455,4.02168889,0.984724974,6
Anion_3534,C[n+]1c(C(=O)[O-])cc(Br)[c-]1Br,-0.379556349,-2.180514366,-1.049906146,-0.254916281,1.289790181,2
Anion_3535,O=C([O-])c1c[nH+]c2cc(F)cc[c-]12,-0.013820439,0.506838606,-1.201203602,-1.415566341,-1.308309307,5
Anion_3536,O=C([O-])c1cc(Cl)c[nH]1,1.033163153,-2.340370847,-2.394346687,-1.38223583,-0.350536026,17
Anion_3537,O=C([O-])C1=CC2=CC=[N+]=CC2=[NH+]1,-1.900893017,-3.619047545,-1.345049532,-0.052832023,-0.054783534,8
Anion_3538,COc1[c-]c2[s+]c(C(=O)[O-])nc-2cc1,-4.693687272,-2.365130835,-0.810970002,-1.384227334,1.404080946,15
Anion_3539,O=C([O-])Cc1c[n+]2ccccc2[n-]1,-0.047967144,2.152710674,0.318260297,0.387921379,-2.249958104,5
Anion_3540,O=C([O-])C[n+]1cc(I)c([O-])[nH+]c1[O-],-0.248946753,-0.651256707,2.764755694,-0.562338837,-1.983840002,3
Anion_3541,O=C([O-])C[S+]=C1[N+]#[N+]C(=[SH+])S1,-0.347028718,-1.6397825,-0.251562961,1.52596597,-1.232590011,2
Anion_3542,COc1ccc(C2=CC(=C([O-])[O-])[N-]O2)cc1,-5.005739707,1.348208383,-0.430072883,-1.495058945,0.99292461,0
Anion_3543,O=C([O-])c1coc2ccc(Br)cc2c1=O,-2.914495533,-1.523582761,1.855221791,1.015368234,0.940479083,21
Anion_3544,O=C([O-])C[N+]1=[N+]=C[N+]#[N+]1,1.252021418,-2.217283296,2.349355649,-1.055817346,-2.684317563,3
Anion_3545,O=C([O-])Cc1ccc(-c2ccc(F)cc2)cc1,-1.970015889,4.034671781,0.767183583,-0.839951452,-0.572734188,16
Anion_3546,CC1=C(C(=O)[O-])SCCO1,3.383469524,-2.293335833,-0.151393239,-0.630248397,1.729923187,17
Anion_3547,Cc1c(C(=O)[O-])oc2ccc(Cl)cc12,-2.370289655,-2.284666241,-0.726082538,0.246054362,1.50712571,15
Anion_3548,O=C([O-])c1c[s+]c2ccc(Cl)c[c-]12,-0.988249617,-1.20424938,0.416240305,-1.220163065,-0.845903159,3
Anion_3549,COCCOCCC(=O)[O-],4.911321371,1.509827449,-1.549600217,-2.900416263,-0.932523067,1
Anion_3550,CCCN(CCC)CC(=O)[O-],6.794662912,0.784425582,1.061759125,-0.430131981,1.777622675,11
Anion_3551,CCCCCCCCOCC(=O)[O-],-0.255958434,6.958086831,-0.353508408,-5.105524812,0.943159032,16
Anion_3552,O=C([O-])COCC(F)(F)F,4.38104414,0.34080058,-1.583691472,-3.510567217,-0.770345689,1
Anion_3553,COC(=O)C(C)(C)CC(=O)[O-],1.948547637,0.38091924,-2.487920753,-0.25857253,-1.074358125,20
Anion_3554,CC(C)OC(=O)C=CC(=O)[O-],-2.709558518,-0.731683684,0.883129996,-0.913980687,-1.041704344,3
Anion_3555,CC(C)(C)c1ccccc1OCC(=O)[O-],1.324883438,0.974174546,2.476979609,-1.071488671,-0.507711112,14
Anion_3556,CC(C)(Oc1cccc2ccccc12)C(=O)[O-],-0.152725862,1.242974461,2.786927339,0.847838822,0.003382078,18
Anion_3557,CC1(C)CCC(C(=O)[O-])CC1,4.850290888,1.162498376,-2.617864869,-0.469827366,1.860964116,1
Anion_3558,CN(CC(=O)[O-])Cc1ccccc1,1.408745975,3.048757378,2.534706195,-1.631459842,-1.146992893,18
Anion_3559,CC(C)(Cc1ccc(Cl)cc1)C(=O)[O-],2.693636973,0.087225043,0.793319836,3.266694511,1.23201191,7
Anion_3560,Cc1ccccc1OC(C)(C)C(=O)[O-],2.501150938,0.118490475,1.449336393,0.501823671,0.751342179,7
Anion_3561,N#Cc1ccccc1CCC(=O)[O-],0.790547505,-0.464359033,-0.835138982,2.863444006,-1.568150219,13
Anion_3562,COc1ccc(CC(C)(C)C(=O)[O-])cc1,2.704358683,0.671993194,0.21698701,3.340784997,1.64262531,7
Anion_3563,COc1ccc(CCC(=O)[O-])cc1Cl,1.177670615,1.463849121,-1.501670742,2.343785604,-0.144656501,9
Anion_3564,CCCCCCC1CCC(C(=O)[O-])CC1,0.545494064,6.577526741,-1.733246358,-2.043812104,4.239954705,19
Anion_3565,C#CCSCC(=O)[O-],3.227511067,-0.890831421,-1.587873322,-0.056120359,-0.718906154,20
Anion_3566,O=C([O-])CCCCCCS,3.954031302,0.443231075,-2.434504235,1.45722027,-0.704274409,9
Anion_3567,CCCC[N+](CCCC(=O)[O-])=[N+]=O,1.32943025,0.155061309,-1.935092623,2.819365793,-0.761269349,9
Anion_3568,CCOC(=O)C1(C(=O)[O-])CCCC1,3.940654926,-1.403043369,1.790243085,1.202755468,2.645110629,7
Anion_3569,Cc1ccc(OCC(=O)[O-])c(Cl)c1,0.70335444,0.581682457,-1.075237204,0.56720084,-0.352468691,9
Anion_3570,O=C([O-])COC1CCCC1,4.02361216,1.508948406,-1.911002606,-2.785314726,-0.56790747,1
Anion_3571,CC(C)(C(=O)[O-])c1ccc(-c2ccccc2)cc1,0.303668186,1.422980561,0.246792887,3.910737667,2.542369015,6
Anion_3572,O=C([O-])COc1ccc(Br)cc1Cl,0.046194777,0.549506379,-0.879690356,0.821101492,-0.293253021,9
Anion_3573,O=C([O-])CSCCCc1ccccc1,-0.280585796,1.76753388,-1.343555416,1.027196022,1.105039125,6
Anion_3574,O=C([O-])COc1cccc(I)c1,-1.1786581,1.481399028,0.653125845,-1.237851314,-2.227155236,5
Anion_3575,CC(C)(C)c1ccc(SCC(=O)[O-])cc1,-0.300843316,1.530400522,-1.244519065,0.744916674,1.162943611,6
Anion_3576,CCc1cccc(OCC(=O)[O-])c1,0.939466324,0.456050994,-1.078619639,0.266138027,-0.914042056,9
Anion_3577,COc1ccccc1OC(C)(C)C(=O)[O-],2.44611917,-1.117330434,1.557601148,0.413411146,1.435651722,7
Anion_3578,CC(=Cc1ccccc1Cl)C(=O)[O-],-0.588407278,-0.387019565,0.0574221,-0.024633123,0.062831352,2
Anion_3579,COc1cccc(OC)c1CC(=O)[O-],4.159452985,0.732518724,4.408893784,0.038028133,0.124424345,14
Anion_3580,O=C([O-])CCS(=O)(=O)Cc1ccccc1,0.752945109,0.293297971,0.581726073,-0.660314642,-2.732588091,5
Anion_3581,COc1ccc(Br)cc1C=CC(=O)[O-],-2.270056898,-0.897157353,-1.101501094,0.845044921,1.325173703,15
Anion_3582,CN(C(=O)C(=O)[O-])c1ccccc1,-1.295076416,-1.838946253,1.562383092,-1.613488006,0.200898677,3
Anion_3583,C[N+](CCC(=O)[O-])=c1[c-]cccc1,2.236687325,1.785741256,-0.394159235,1.489447347,0.331788021,9
Anion_3584,CCCc1ccc(C(=O)CCC(=O)[O-])cc1,-1.075603325,1.621628992,-1.04912766,3.785662231,-0.933022094,13
Anion_3585,COc1ccc(CCC(=O)[O-])cc1F,1.648057796,1.49172568,-1.877251312,2.254717337,-0.371317486,9
Anion_3586,CCCCc1ccc(C(=O)CCC(=O)[O-])cc1,-1.984401818,2.87824003,0.425626519,1.467894147,-1.557189838,4
Anion_3587,O=C([O-])c1cn[nH+][n-]1,1.48357552,-3.635814844,-2.01316415,-0.610422618,-1.193314961,17
Anion_3588,O=C1CCC(C(=O)[O-])(c2ccccc2)CC1,3.739769968,-1.493254379,3.112480603,2.284357072,2.077446963,7
Anion_3589,C=CC(C)=CCC(=O)[O-],1.193533675,0.731752833,-0.414116604,-0.091737721,-1.359208517,5
Anion_3590,CC1=CC=[N+]=C(c2cc(CCCC(=O)[O-])ccn2)[CH-]1,-0.219907576,0.638707248,0.121774808,1.251959343,-2.285266468,4
Anion_3591,O=C([O-])C[n+]1c([O-])c(=O)[nH+]c2cccc[c-]21,0.362931671,-0.208719059,2.227186485,1.106836359,-1.014790164,3
Anion_3592,O=C([O-])CCc1[c-]o[c+]c1,3.664284876,0.331590178,-1.241751114,0.579845149,-1.521208769,20
Anion_3593,CC(C)(C)OC(=O)N1CC=C(C(=O)[O-])CC1,-0.653081579,1.073415639,-1.849549448,-0.428993644,2.813976169,10
Anion_3594,CSSCC(=O)[O-],2.791035798,-1.775195528,-0.702035555,0.111302342,-2.315376166,20
Anion_3595,O=C([O-])c1cc2cc(F)ccc2o1,-2.353280224,-2.742315332,-1.600679467,-0.046041338,0.862543757,15
Anion_3596,O=C([O-])Cc1c[nH+]c2cccc(F)[c-]12,0.655050406,1.748923613,-0.856212402,0.205143218,-0.652333931,5
Anion_3597,O=C([O-])CCC1=C[N+](=c2[c-]cccc2)N=C1c1ccccc1,-1.432268439,1.958765247,-1.430757109,1.604514587,0.918615803,6
Anion_3598,O=C([O-])c1cc(Cl)cs1,-1.008272383,-3.070161573,-1.108483523,-0.921010293,-0.90217423,8
Anion_3599,O=C([O-])COC1CC(=O)Oc2ccccc21,0.121086046,0.376771015,-0.672236669,0.774796917,-0.521386591,9
Anion_3600,O=C([O-])C1(c2cccc(C(F)(F)F)c2)CC1,0.822621482,-0.89521186,1.119939845,1.382300497,2.098749276,7
Anion_3601,O=C([O-])CCC(=O)c1ccc(F)cc1F,0.51117142,0.579262491,0.182088703,0.614162748,-2.385834678,5
Anion_3602,COc1[c-]c2[nH+]c(C(=O)[O-])cc-2c(OC)c1,-3.077339556,-0.087183547,-2.132638821,-1.403782566,2.364887632,10
Anion_3603,Cc1ocnc1C(=O)[O-],1.75264603,-2.476947841,-1.071140633,-0.764944546,-1.044331865,17
Anion_3604,O=C([O-])Cc1ccc2occc2c1,0.453512218,1.249635118,-0.294206738,0.703256343,-0.764817954,5
Anion_3605,O=C([O-])C[N+]1=[N+]=[N+]=[N+]=C1C1=CC=[S+2]=C1,-0.089246228,-1.541497694,1.904923494,1.040764798,-0.814304266,3
Anion_3606,O=C([O-])CCc1ccc(OC(F)(F)F)cc1,0.415434389,2.768934331,-1.206547305,1.444326559,-0.334260653,6
Anion_3607,O=C([O-])C=CCOCc1ccccc1,-1.422431187,0.241250978,-1.845445705,-0.667525135,0.037402006,2
Anion_3608,O=C([O-])CC1CCN(C(=O)OCc2ccccc2)CC1,-2.099466896,6.709861451,1.238976568,-2.619792181,-1.357672242,16
Anion_3609,COC1=[N+]=[N+](C)C=C1C(=O)[O-],3.071752129,-0.836181802,-1.052603403,-0.889843622,0.300913652,20
Anion_3610,O=C([O-])C=Cc1ccc(F)cc1Cl,-2.132345554,-0.617209595,-0.774545679,0.485508653,0.087687782,15
Anion_3611,O=C([O-])COc1ccc(OC(F)(F)F)cc1,-0.367877027,1.442391165,-0.97742107,0.406879914,-0.668317953,5
Anion_3612,O=C([O-])C1CC[N+](=c2[c-]cc(C(F)(F)F)cc2)CC1,0.269696712,2.075222624,-1.481726455,2.92963055,2.209717251,6
Anion_3613,O=C([O-])c1cc2cc(C(F)(F)F)ccc2[nH]1,-2.885064296,-2.102273228,-2.076869446,0.118433742,1.541462191,15
Anion_3614,O=C([O-])C1CC[N+](=c2nccc[n-]2)CC1,-1.228370966,1.700322822,-0.895801003,2.508045312,2.062317653,6
Anion_3615,O=C([O-])c1cc2ccc(F)cc2s1,-2.445941537,-2.520736604,-1.715077937,0.135876979,0.983425007,15
Anion_3616,O=C([O-])c1cccn1Cc1ccccc1,-0.212312117,-0.35286675,-0.785298086,-1.131010961,-0.935257712,2
Anion_3617,O=C([O-])c1ccc(-c2cc(C(F)(F)F)ccc2Cl)o1,-3.803749594,0.14511911,1.122472912,-1.470092374,0.002929704,0
Anion_3618,OC(CCC1=CC=CC(B2OC(C)(C)C(C)(C)O2)=C1)=O,-1.592886878,2.047386547,-1.810664605,2.073704238,2.689658108,6
Anion_3619,O=C([O-])C1=CC(C2CC2)=[N+]=[NH+]1,-0.127794053,-2.556496386,-2.384863571,-0.818513387,0.341615504,2
Anion_3620,O=C([O-])c1cc2c(F)c(Cl)ccc2[nH]1,-2.680763174,-2.592295313,-1.896414221,0.00661992,1.076744422,15
Anion_3621,CCN1C=C(C(=O)[O-])C=N1,1.745182033,-0.063567675,-1.915827196,-1.0743686,-0.192546596,20
Anion_3622,O=C([O-])Cc1ccc(C(F)(F)F)c(F)c1,-0.259181584,1.009130889,0.111954584,-0.777235592,-1.323909769,5
Anion_3623,O=C([O-])c1ccc(-c2ccc(F)cc2)s1,-3.637006363,0.561345475,0.16243067,-0.988229707,0.209427445,0
Anion_3624,Cc1cc(F)ccc1CC(=O)[O-],1.451212768,0.362777347,-0.868024961,-0.525449891,-0.863135725,5
Anion_3625,CN1CC(C(=O)[O-])C1,5.755804321,-0.130095367,-3.131456751,-0.989079183,0.653443852,1
Anion_3626,CC1=[N+]=C(C(=O)[O-])[C-](C(F)(F)F)O1,0.668573671,-2.877006157,2.955772435,-0.194244574,1.889127366,21
Anion_3627,CC(C)(C(=O)[O-])c1ccc(F)cc1,2.773643736,-0.567163658,0.474417488,2.073427094,0.940239414,7
Anion_3628,COc1ccc(CN2C=C(C(=O)[O-])[N+]#[N+]2)cc1,-2.901590384,1.647416921,-0.395095297,-0.9442194,1.077653498,10
Anion_3629,Cc1[c-]c2[nH+]c(C(=O)[O-])cc-2c(C)c1,-2.34862228,-1.190515968,-1.866941675,-0.978256731,1.153654536,15
Anion_3630,CC(C)C1=[N+]=C(C(=O)[O-])C=[S+]1,-0.096853934,-1.214174521,1.001759438,-0.704185118,-0.384687199,3
Anion_3631,O=C([O-])C=Cc1ccc(Br)o1,-2.39969296,-1.115909894,-2.099732525,0.706678403,0.624603694,15
Anion_3632,Cc1ccc2c(c1)C(C(=O)[O-])=[N+]=[NH+]2,-0.851765337,-0.610582656,0.125642847,-1.35405145,-0.978809456,3
Anion_3633,O=C([O-])C1=[N+]=[N+](Cc2ccccc2)c2ccccc21,-2.789554903,0.174876238,-1.053525156,-0.601467412,1.70014816,10
Anion_3634,Cc1cocc1C(=O)[O-],3.103047085,-1.749414224,0.038574523,-0.789980464,-0.337957376,20
Anion_3635,O=C([O-])C1=C[N-]O[N-]1,-0.77511786,-6.09325034,-0.491197469,-0.104517466,-1.899197445,8
Anion_3636,O=C([O-])c1c[c+]o[c-]1Br,1.610405983,-2.388140355,-0.893204863,-1.139802988,-0.668387468,17
Anion_3637,CC1=CC(=C([O-])[O-])[S+2]#[N+]1,-1.378295357,-3.973339022,-0.755532712,-0.965430079,-1.21842913,8
Anion_3638,Cc1cc(C)c(C(=O)[O-])o1,1.490395511,-1.506095117,-0.775152197,-1.207468281,0.416490196,17
Anion_3639,O=C([O-])C[S+]=C1C=CC=[S+]1,1.57502494,-0.838087007,-0.779737004,1.484282012,-1.427858657,9
Anion_3640,C[N+]1=[N+]=[N+]=C(C(=O)[O-])[N-]1,-0.764903797,-3.4942274,-1.015431963,-0.983589916,-0.946366442,8
Anion_3641,CCC1=[S+2]=C(C(=O)[O-])C=C1Br,-1.771518835,-2.183044992,-0.779795111,-0.570138831,1.356856913,15
Anion_3642,O=C([O-])COc1ccccn1,0.422271338,-0.253360012,-0.070167891,-0.26857339,-2.387985021,5
Anion_3643,N#CC1(C(=O)[O-])CCOCC1,4.192943972,-3.731630293,1.367246785,-0.486057721,2.172674768,11
Anion_3644,CC1=[S+2]=c2ccccc2=C1C(=O)[O-],0.98291818,-1.465931012,1.316308795,-0.138733775,0.51016181,3
Anion_3645,Cc1ccc2c(c1)NC=C2C(=O)[O-],-0.065526916,1.227626691,-1.291268609,-1.755807055,-1.223507753,5
Anion_3646,O=C([O-])CCCCC(=O)c1cccs1,0.344892212,-0.413336525,-0.882838624,4.107614845,-2.332388147,13
Anion_3647,O=C([O-])C1=[N+]=C[S+]=C1c1ccccc1,-1.421246847,-1.994809056,0.768327811,-0.842023529,-0.900875019,3
Anion_3648,O=C([O-])c1cc2cccc(F)c2[nH]1,-1.76240502,-2.395934473,-1.675314233,-0.648718007,0.313040662,2
Anion_3649,CN1C=C(C(=O)[O-])c2ccccc2C1=O,-1.042310975,-2.020053156,-0.564685056,-0.210383356,0.55077275,2
Anion_3650,O=C([O-])CCC(=O)c1ccc(Br)s1,-1.084083309,-0.181796846,-0.750475882,4.890936792,-2.236449943,13
Anion_3651,O=C([O-])CCCC1=[N+]=c2ccccc2=[S+]1,-0.520800884,2.189270729,-0.96615788,2.30416644,0.023621956,6
Anion_3652,CC1=C(C(=O)[O-])OC(c2ccccc2)=N1,-3.206857697,-0.416463085,0.646398418,-1.520831768,0.052473725,0
Anion_3653,O=C([O-])CCCc1c[nH+]c2ccc(F)c[c-]12,0.264917004,2.59476299,-1.061325421,1.267546046,-0.324069962,6
Anion_3654,Cc1onc(-c2ccc(Cl)cc2)c1C(=O)[O-],-0.334155951,-1.624574152,2.020862899,-1.361857678,-0.377555481,3
Anion_3655,O=C([O-])CCc1cc2c(cc1Br)OCO2,1.716042494,0.600231387,-1.766270183,2.046917556,-0.332690744,9
Anion_3656,O=C([O-])C1=CN=[N+](c2ccccc2)C1=C1C=CC=C[CH-]1,-0.640877281,1.035355949,2.960668843,0.329355186,1.626666179,18
Anion_3657,O=C([O-])C1=[N+]=C(c2ccccc2)[N+](=c2[c-]cccc2)[N-]1,-4.066887339,-0.15469166,-1.235345715,0.381976504,3.479480734,10
Anion_3658,O=C([O-])C1=CC(=C2C=C[CH+]O2)O[N-]1,-3.521880076,-1.136556497,-0.300603097,-1.110805524,-0.151990474,15
Anion_3659,Cc1c(C(=O)[O-])[nH+]c2ccc(Cl)c[c-]12,-1.797085433,-1.949507685,-1.095964562,0.293782366,1.02009446,15
Anion_3660,O=C([O-])Cc1cnc2ccccc2c1,-1.850179527,0.758091676,0.266998932,1.468653936,-1.223677516,4
Anion_3661,O=C([O-])c1c[n+]2c([n-]1)=[S+2]=CC=2,-0.658901582,-1.393725386,-2.244338333,0.308099039,0.027790588,2
Anion_3662,CC(C)(C)C1=CC(=C([O-])[O-])[NH+]=N1,0.105466852,-1.850860003,-0.728333927,-1.081490613,0.975446826,2
Anion_3663,CC1=CC=[N+]2C(=O)C(C(=O)[O-])=CN=C2[CH-]1,-2.05287224,-1.536898682,1.246235399,1.383510882,1.672575571,21
Anion_3664,CCc1onc(-c2ccccc2)c1C(=O)[O-],0.891453291,-1.972974756,2.932846167,-0.038936701,1.423762799,21
Anion_3665,O=C([O-])c1cc(Cl)no1,-1.878468765,-4.924870798,-0.6409128,-1.397232781,-0.538957208,8
Anion_3666,CC(C)C1=CC(=C([O-])[O-])O[N-]1,-0.913366307,-2.748320448,0.682297724,-1.441372741,0.543333387,8
Anion_3667,O=C([O-])c1cc2cccnc2s1,-2.667190776,-3.072715543,-1.332629736,0.489648786,0.367765782,15
Anion_3668,O=C([O-])C[n+]1c([O-])oc2ccc(Cl)cc21,1.020699452,-0.324305965,1.598378506,0.393928862,-0.599350435,3
Anion_3669,O=C([O-])C[S+]=C1[N+]#[N+]N=[N+]1c1ccccc1,-1.385433777,-0.564124713,1.752321484,-0.31860082,-2.409618398,3
Anion_3670,Cc1[c-]c2c(CC(=O)[O-])c[s+]c-2cc1,0.582545421,-0.466192128,-1.64507406,1.48242422,-0.184800054,9
Anion_3671,O=C([O-])CCc1cc2ccccc2o1,0.951090562,1.011937103,-1.942206843,2.932540623,0.14699589,9
Anion_3672,O=C([O-])C1=CC(=C2C=CC=C[CH+]2)C=[S+]1,-2.956218809,0.333126067,-0.557463991,-1.628658936,-0.390241004,0
Anion_3673,O=C([O-])c1cc2cc(F)ccc2s1,-2.830488796,-2.324728528,-1.347092597,-0.208798507,0.738884307,15
Anion_3674,Cc1[c-]c2[s+]c(C(=O)[O-])c(Cl)c-2cc1,-2.122783338,-2.556583813,1.296095062,0.027486252,2.439103713,21
Anion_3675,O=C([O-])C1=[S+2]=c2cc(F)ccc2=C1Cl,-1.894707011,-3.433165196,1.523034942,0.348838241,2.360197014,21
Anion_3676,O=C([O-])c1oc(=O)c2ccccc2c1-c1ccccc1,-1.761254786,-4.582402382,2.104541089,1.327462542,2.538687461,21
Anion_3677,CC1=CC=C(C)[N+]1=c1[c-]cc(CC(=O)[O-])cc1,-0.63210046,2.862988659,0.214083559,-1.01256815,-0.490725703,16
Anion_3678,COC(C)(C)CC(=O)[O-],5.609532556,0.461091328,-2.211247497,-1.51202804,0.069403361,1
Anion_3679,CCC(=O)CCCCCC(=O)[O-],3.224185799,-0.773553417,-1.701913995,1.810860088,-1.849515327,9
Anion_3680,CC=C(CC)C(=O)[O-],3.913660075,-2.128727172,-0.135986913,-0.831722421,0.895337265,11
Anion_3681,CCC(C)=C(C)C(=O)[O-],3.845513075,-1.477235411,-0.321933206,-0.075697806,1.3615773,11
Anion_3682,CCCC(=CC(=O)[O-])CCC,1.546325238,-0.122788665,-1.50096149,-1.135990969,1.256599519,20
Anion_3683,CC(C)CC(CC(C)C)C(=O)[O-],7.409024647,0.058591953,1.092149846,0.382838786,2.932599274,11
Anion_3684,CCC(C)(C)C(=O)C(=O)[O-],1.503109305,-4.008490236,-0.441562272,-1.290602315,0.727612831,17
Anion_3685,CCOC(=O)C(C)(C)CC(=O)[O-],1.823781679,1.414887334,-0.718119581,-0.607932167,-0.335500478,5
Anion_3686,CC(=CC(=O)[O-])C(C)(C)C,2.572454142,-0.635205657,-0.96882846,-0.665900473,0.739126422,20
Anion_3687,COc1ccc(OC(C)(C)C(=O)[O-])cc1,1.405092991,0.996665059,1.01606701,1.023351494,1.262884038,7
Anion_3688,O=C([O-])CCc1cccc(Cl)c1Cl,1.27816164,0.40748643,-1.601979998,2.372911376,-0.62357927,9
Anion_3689,CC(=O)c1cc(Br)ccc1OCC(=O)[O-],-0.388061434,0.074047684,4.751090111,1.446101748,-0.263406784,14
Anion_3690,O=C([O-])Cc1ccc(Cl)c(C(F)(F)F)c1,-0.369579167,0.318185029,-0.102421776,0.378256974,-0.418425085,5
Anion_3691,O=C([O-])CCCC1CCCC1,3.699566175,3.485368243,-1.864929456,-1.969408982,0.198335996,1
Anion_3692,CC1=C(C(=O)[O-])CCC(C)(C)C1,3.418900275,-0.596769069,-0.34840281,0.29085231,2.094993393,7
Anion_3693,O=C([O-])C1(C2CCCCC2)CCCCC1,7.013598505,0.19759593,1.032034318,0.596527962,3.576626215,11
Anion_3694,C[S+]=C1C=CC(=C([O-])CCC(=O)[O-])C=C1,-0.369861711,0.485356907,-0.844382891,3.614347094,-1.724890717,13
Anion_3695,COc1ccc(C=C(C(=O)[O-])c2ccccc2)cc1,1.067641871,-2.453799474,2.910555426,2.796719247,3.117434747,7
Anion_3696,CC=C(C)C=CC(=O)[O-],-0.335521465,-0.205650025,-1.504954259,-0.826075964,-1.437749079,2
Anion_3697,O=C([O-])Cc1ccc(Cl)cc1Br,-0.058042745,0.385671393,0.133270114,-0.921076459,-0.731612144,5
Anion_3698,N#Cc1cccc(CCC(=O)[O-])c1,0.207567829,0.316900303,-1.038485338,3.311453902,-1.189272565,13
Anion_3699,C=CCc1ccccc1OCC(=O)[O-],1.842245219,0.263268839,2.277910449,-0.48263418,-0.266378606,14
Anion_3700,O=C([O-])CCOc1cccc(Br)c1,-0.037346517,2.647125354,0.918035385,-0.594096103,-1.110070373,5
Anion_3701,CC1(CC(=O)[O-])CCCC1,5.224179334,1.849831906,-0.712342953,-2.191151328,-0.612370119,1
Anion_3702,O=C([O-])CCC(=O)C1CCCC1,2.407636963,0.114479556,-1.294803578,1.651775578,-1.365983284,9
Anion_3703,COc1cc(CC(=O)[O-])ccc1C,1.330366099,1.544647742,-0.488223041,-0.991580395,-1.014477541,5
Anion_3704,[O-]C([C@@H]1CC[C@@H]([C@H]2CC[C@H](CCCCC)CC2)CC1)=O,-1.801115758,8.874436203,-2.052157201,-2.029815506,6.183951378,19
Anion_3705,CCOc1ccc(CC(=O)[O-])cc1OC,0.196472259,3.867086505,-0.254646535,-1.43696029,-0.635947537,16
Anion_3706,COC1(C(=O)[O-])CCCC1,6.446347086,-1.87295825,1.340861111,-0.258540372,2.412441391,11
Anion_3707,CCCCCCOc1ccc(CC(=O)[O-])cc1,-2.626003588,6.982676379,-0.621982436,-0.234470619,1.598691654,19
Anion_3708,O=C([O-])C(=O)Cc1ccc(Br)cc1,-2.421705999,-3.222652727,-1.10170691,0.57267458,0.447047867,8
Anion_3709,COc1ccc(Cl)cc1C(=O)CCC(=O)[O-],-0.419191253,0.914706559,0.773120702,0.922811186,-2.896238993,4
Anion_3710,O=C([O-])CC[S+]=c1cccc[c-]1F,1.878642261,-0.018776031,-1.517174358,2.091677753,-1.077287699,9
Anion_3711,O=C([O-])C[N+](Cc1ccccc1)=c1[c-]cccc1,0.176007163,2.149101531,1.335611474,-0.530843907,-0.234781514,5
Anion_3712,COC(=O)C(=Cc1ccc(OC)cc1)CC(=O)[O-],2.118776996,1.104606642,3.696808953,4.227629902,1.306816951,7
Anion_3713,COc1ccc(C=CC(=O)C(=O)[O-])cc1OC,-6.161416681,1.859715561,2.420977832,-3.132920346,-1.533759467,0
Anion_3714,CCOC1=CC=CC(=CC=C([O-])[O-])[CH+]1,-2.944163494,0.253564011,-1.044131002,-0.184363937,1.506465216,10
Anion_3715,CCOc1ccc(C=CC(=O)[O-])cc1OC,-4.122120563,2.108429624,-2.043043089,-0.376261623,2.212969048,10
Anion_3716,CC(C)(C)C1CCC(CC(=O)[O-])CC1,2.50283945,4.865393978,-1.208984998,-3.288291427,-0.178979698,1
Anion_3717,C=CCOc1ccc(CC(=O)[O-])cc1,-0.590474454,4.406957485,0.16894967,-1.487324509,-0.761599526,16
Anion_3718,O=C([O-])C(=O)Cc1ccccc1Cl,-1.621273323,-4.281648662,-0.825805253,0.128832311,-0.086526155,8
Anion_3719,O=C([O-])Cc1ccc2c(c1)CCC2,0.925661668,1.706672912,-0.810161124,-0.013993322,-0.223385463,5
Anion_3720,COc1ccccc1C(=O)CCC(=O)[O-],-0.149309276,0.997702656,0.251494921,1.373363172,-2.510915289,4
Anion_3721,O=C([O-])COc1ccc(F)c(Cl)c1,-0.303009868,0.670688013,0.142494059,-0.853991546,-1.962809586,5
Anion_3722,O=C([O-])C1(c2ccc(Cl)cc2)CCCCC1,3.203666033,-0.61286759,2.402351571,2.831003626,2.553766244,7
Anion_3723,O=C([O-])C[S+]=c1[c-]c(C(F)(F)F)ccc1,-0.052353082,-0.42551527,-1.601984274,2.144689485,0.863506276,9
Anion_3724,O=C([O-])c1ccc(-c2ccc(Cl)cc2)[nH]1,-3.4966454,1.80101895,0.102616539,-2.67625538,-1.411723007,0
Anion_3725,O=C1C=C(C(=O)[O-])CC1,-0.171068802,-3.796869591,-0.008875367,-0.087845646,-1.042870816,8
Anion_3726,CCCCCCc1ccc(C(=O)[O-])s1,-2.135168016,0.642344805,-1.356032926,0.052293881,1.651612397,10
Anion_3727,CN1CC2=C(C(=O)[O-])N=C[N+]2=C2C=CC(F)=C[C-]2C1=O,-3.125773074,1.131730715,0.907255802,0.111554476,-0.713653192,0
Anion_3728,O=C([O-])C1=[S+2]=C(Cl)N=C1Cl,-2.567852998,-4.694742933,0.126965321,-0.371048789,-0.663223875,8
Anion_3729,CC1=[S+2]=CN=C1C(=O)[O-],0.346467916,-2.92856757,-1.815111414,0.089767737,-1.350589572,17
Anion_3730,O=C([O-])C1=[N+]=[NH+]C2=[N+]=CC=C[C-]21,-1.693432172,-1.94518433,-0.50271251,-0.710720019,-1.890270992,8
Anion_3731,CN(C)C(=O)CC(=O)[O-],4.043568192,-0.880412974,-2.228568399,-0.33821595,-0.229149842,20
Anion_3732,O=C([O-])C12CC(F)(C1)C2,6.052246655,-1.416897322,-1.608289708,-1.341246843,1.404769007,11
Anion_3733,COc1cccc2c1=[S+]C(=C([O-])[O-])C=2,-3.155285375,-1.15197902,-1.288634941,-0.98306616,1.220683411,15
Anion_3734,CC(=CC(=O)[O-])C(F)(F)F,0.980692396,-3.037689211,-1.147766638,-1.096912022,-0.678759313,17
Anion_3735,C[N+]1=[N+]=CC(Cl)=C1C(=O)[O-],2.54024,-5.01788397,1.842877669,-0.878956433,1.563607791,17
Anion_3736,O=C([O-])CCC(=O)OCCc1ccccc1,1.049084674,1.557754138,-1.016236752,0.295890811,-0.067907853,9
Anion_3737,O=C([O-])CN1C(=O)C(=Cc2ccccc2)[S+]=C1[S-],-3.636039339,2.795274991,7.750532211,-0.15752654,-1.942794177,18
Anion_3738,O=C([O-])C1=C[N+](=c2[c-]cccc2)N=C1c1ccc(F)cc1,-2.420155324,-0.093329133,0.098065573,-0.78109595,2.554644946,10
Anion_3739,C[N+]1=NC=C(C(=O)[O-])[C-]1C(F)(F)F,1.442300331,-1.576742589,-0.012016575,-0.333796015,-0.019449978,17
Anion_3740,O=C([O-])C1=CC(C(F)(F)F)=[N+]=[N+]1c1ccccc1,-1.474957822,-3.15272509,0.415746956,-1.198684708,1.282345894,8
Anion_3741,O=C([O-])c1cc2c([nH]1)=CC(Cl)=[S+2]=2,-1.995778422,-1.351091224,-1.519270349,-0.686156367,-0.093798446,2
Anion_3742,COc1ccc(CC(=O)[O-])cn1,-0.009687216,1.469800763,0.492229434,-1.013739155,-1.668930215,5
Anion_3743,CCC1=CC(=C([O-])[O-])[NH+]=N1,0.150320346,-2.227580233,-1.467089546,-1.634370306,-0.244301975,17
Anion_3744,O=C([O-])C1=[N+]=[S+2]=C2C=C(Br)C=C[C-]12,-4.067003834,-1.445544925,0.632648414,-2.202818943,-1.122157706,0
Anion_3745,O=C([O-])Cc1cc(Br)ccc1Cl,0.354417889,-0.018430665,0.348711492,-0.894553411,-0.971220645,5
Anion_3746,O=C([O-])C(=O)N1CCCC1,0.826693671,-2.268199281,-0.826069178,-2.648129448,-0.83979663,17
Anion_3747,CCOC(=O)N1CCC(C(=O)[O-])CC1,2.245107791,2.47175514,-1.227219102,-1.017156864,1.676197302,1
Anion_3748,COc1cccc2[nH+]cc(C(=O)[O-])[c-]12,1.673940509,0.11283922,0.493936359,-0.112256906,-0.145733279,5
Anion_3749,O=C([O-])Cc1cc(Br)cs1,0.526781174,1.28343276,0.826364735,-2.01640194,-2.411867401,5
Anion_3750,CC(C)c1c[s+]c(C(=O)[O-])[n-]1,-2.446760438,-2.765052379,-0.742351185,-1.509159716,-0.479714895,8
Anion_3751,CC(C)(C)OC(=O)N1CCC(F)(C(=O)[O-])CC1,0.994843479,2.020310811,0.164745287,-2.076544648,2.068765563,5
Anion_3752,O=C([O-])c1cc2ccc(C(F)(F)F)cc2s1,-3.832937954,-1.876309367,-1.288535951,-0.05045454,1.333219103,15
Anion_3753,O=C([O-])C(F)(F)c1ccc(Br)cc1,-0.594107931,-2.067840071,-0.917514265,1.044360433,1.134085599,2
Anion_3754,CC(C)[N+]1=[N+]=CC=C1C(=O)[O-],2.197860618,-2.775478982,2.163383924,-1.001110738,1.036484679,21
Anion_3755,[O-]C(C1=CC=C(B2OC(C)(C)C(C)(C)O2)S1)=O,-3.515876543,0.865162183,0.429370048,-0.520376499,1.701554884,10
Anion_3756,CC(C)(C)OC(=O)N1CCc2[nH+]nc(C(=O)[O-])[c-]2C1,0.538605089,0.962351893,0.738620076,-2.102724507,1.043850177,5
Anion_3757,CC1=[N+]=C(C(=O)[O-])C(=C2C=CC=C[C-]2F)S1,-1.615692739,-2.174734155,-0.081400216,-0.173955633,0.090699647,8
Anion_3758,O=C([O-])c1c[s+]c(-c2ccccn2)[n-]1,-4.016060742,0.000820455,0.23728618,-0.77169402,-1.690564641,0
Anion_3759,O=C([O-])Cc1ccc(Br)cc1Cl,-0.26058002,0.766040745,0.455612362,-1.262420695,-0.804245569,5
Anion_3760,O=C([O-])c1c[n+]2cc(C(F)(F)F)cc(Cl)c2[n-]1,-4.218820492,-1.100811728,-1.194685016,0.214523341,0.885439773,15
Anion_3761,O=C([O-])C1=[N+]=c2cc(Br)ccc2=[NH+]1,-3.755693256,-3.129656262,-1.667139059,-0.202414781,1.221453782,15
Anion_3762,O=C([O-])c1[c-][n+]2ccnc-2nc1,-1.976069852,-2.561356824,-0.725279155,0.110902665,-1.46850751,8
Anion_3763,C[n+]1cc(CC(=O)[O-])c[n-]1,2.763840653,1.01554576,-0.687882191,-1.603723547,-1.735836855,20
Anion_3764,O=C([O-])C1=CN=C2C=CC(Cl)=[N+]=[N+]12,-2.729115094,-2.183535861,0.88758877,-0.338616772,-2.035626883,8
Anion_3765,N#CC(=Cc1ccc2c(c1)OCO2)C(=O)[O-],-4.830895419,-0.774210636,1.033551444,-1.190682042,0.181140621,0
Anion_3766,COc1ccc(C(=O)[O-])o1,1.145016708,-0.856819929,-0.990999848,-1.927821075,-0.371412001,2
Anion_3767,CCCc1ccc(C(=O)[O-])s1,-1.286119957,-0.164127038,-0.301105677,-1.413388393,0.317546658,2
Anion_3768,O=CN1CCC(C(=O)[O-])CC1,3.915925858,-0.456290315,-1.377625119,0.22663821,0.502744444,20
Anion_3769,CC1=N[N+](C)=C(C(=O)[O-])[C-]1C,1.512677303,-2.52501549,-1.18979204,-1.112812892,0.608169164,17
Anion_3770,CC1=CC=c2oc(=C([O-])[O-])c(C)c2[CH+]1,-1.722853184,-1.837358144,-0.7427739,0.326384145,1.845878041,15
Anion_3771,O=Cc1c(C(=O)[O-])[nH+]c2cccc[c-]12,-3.064971368,-3.705920058,-1.125272312,-0.412845756,0.562502141,8
Anion_3772,O=C([O-])C1Oc2ccccc2O1,1.033189904,-0.956296174,0.287805806,-1.799502127,-1.336989285,3
Anion_3773,O=C([O-])C1=C[N-]OC1=C1C=CC=C[CH+]1,-1.257283342,-1.441128289,0.797893097,-1.532337813,-1.709792904,3
Anion_3774,O=C([O-])c1cc2c(F)cccc2[nH]1,-1.858235077,-2.607448858,-1.855771348,-0.56914064,0.614987616,15
Anion_3775,O=C([O-])CCC1=[N+]=C2C=CC=C[C-]2O1,-1.247398798,3.020504207,-0.725203916,0.839082921,0.474335555,6
Anion_3776,CC1=CC(C)=[N+]=C(SCC(=O)[O-])[N-]1,-2.799251435,0.672510704,-0.65980759,0.011661871,1.396762318,10
Anion_3777,CC1=C(C(=O)C(=O)[O-])c2ccccc2N1,-0.512753592,-2.360688185,-0.950095937,1.018256623,1.619119943,2
Anion_3778,O=C([O-])CCCN1C(=O)CCC1=O,3.101348926,0.314819335,-0.398884926,0.612748422,-2.716872379,20
Anion_3779,Cc1[c-]c2c(CC(=O)[O-])c(C)[nH+]c-2cc1,3.164546852,1.807137589,5.079865031,0.363820346,1.274193762,14
Anion_3780,COc1ccc2oc(C)c(C(=O)[O-])c2c1,0.285358847,-0.538022338,0.792841386,-1.328517592,-0.028799433,3
Anion_3781,O=C([O-])CC[N+]1=[N+]=[N+]=C2C=CC=C[C-]21,-0.137200216,0.506318419,2.772503994,0.427929654,-2.777501723,4
Anion_3782,C[n+]1cc(CCCC(=O)[O-])c2cccc[c-]21,0.483433203,2.761453273,-1.041386171,0.72794907,-0.439710357,6
Anion_3783,CC1=[N+]=[N+](c2ccccc2)C(C)=C1CC(=O)[O-],0.618844245,3.938767572,4.368842803,-1.32446728,-0.196983559,18
Anion_3784,CN1C(c2ccccc2)=C(C(=O)[O-])c2ccccc21,0.742068436,-0.259955333,1.296141197,0.666795939,2.159220503,7
Anion_3785,CC1=CC(=O)C(C(=O)[O-])=NN1c1ccc(Cl)cc1,-2.499303721,-2.234867079,2.265096304,1.927037798,4.46513643,21
Anion_3786,COc1ccc2c(c1)OC(=O)C(CC(=O)[O-])C2C,-1.228847304,4.069225163,0.949404209,-2.092017053,-1.696080267,16
Anion_3787,O=C([O-])CC[n+]1c2c(c3cccc[c-]31)CCCC2,0.142216009,1.867199929,-0.260306661,0.35695005,0.512742999,6
Anion_3788,O=C([O-])CCC1CCN(C(=O)c2ccccc2)CC1,-1.216532977,3.071911285,-1.346390812,2.43070046,1.052386882,6
Anion_3789,O=Cc1[c-]c(C(=O)[O-])[nH+]c1,-0.76642345,-2.872035289,-1.577801202,0.633073511,-1.295499612,8
Anion_3790,CN1C(=O)C(=C([O-])[O-])C=C2C=CC=C[C+]21,-1.532719416,-2.150022209,1.362093235,1.356511157,1.542245679,21
Anion_3791,O=C([O-])CCC1CCN(C(=O)OCc2ccccc2)CC1,-2.272255756,4.553028885,-1.881553857,1.618291417,3.217390599,6
Anion_3792,O=C([O-])C#Cc1cccnc1,-3.630406809,-3.661272153,-0.862142546,-0.60609768,1.472807184,15
Anion_3793,CC(=O)c1[c-]c(C(=O)[O-])[nH+]c1,-1.052673641,-1.817716917,-1.3594156,-0.329020215,-1.10182678,2
Anion_3794,CC1=C(C(=O)[O-])NC2=C1C(=O)CCC2,-1.014662358,-1.331451076,-1.269674268,0.076985068,0.255910524,2
Anion_3795,Cc1nonc1CC(=O)[O-],1.256387925,-1.63709367,0.147862864,0.668918094,-2.908309494,3
Anion_3796,O=C([O-])C[S+]=C1N=CN=C2[NH+]=CN=C21,-3.126943534,0.892266987,0.290171329,-0.797481706,0.118813593,0
Anion_3797,O=C([O-])CCC1=[N+]=C(c2ccc(Cl)cc2)[N-]O1,-1.055916895,1.975117979,-1.085190349,4.283629516,-0.058483709,13
Anion_3798,O=C([O-])CC1=[N+]=[NH+]c2ccc(Cl)cc21,0.696425652,0.904696739,-0.220141724,0.921848838,-1.814959459,5
Anion_3799,O=C([O-])CC1=COC(=C2C=CC=C[CH+]2)[N-]1,-2.018281731,3.376646393,0.455656912,0.359859476,-1.018099668,16
Anion_3800,CCC1=CC(=C([O-])[O-])O[N-]1,-1.314846512,-3.324336739,-1.605517368,-0.822030617,0.447913738,8
Anion_3801,O=C([O-])CC1=[S+2]=C(c2ccccc2)N=C1c1ccccc1,-3.636348392,1.141417748,0.455899237,-0.344056951,1.108626731,10
Anion_3802,O=C([O-])C1=[N+]=C[S+]=C1Br,0.832144534,-5.177239087,1.000611869,0.466592317,0.500550026,21
Anion_3803,O=C([O-])CCCN1C(=O)C[S+]=C1[S-],0.328526953,-0.089370129,0.586509514,2.117138756,-4.382419235,4
Anion_3804,O=C([O-])CN1C(=O)COc2ccccc21,1.923483984,0.154629098,2.209467902,0.64395458,-0.418818482,14
Anion_3805,O=CC1=CC=[S+2]=C1C(=O)[O-],-1.798773834,-4.315518999,-0.450474261,-0.060785688,-1.402209375,8
Anion_3806,O=C([O-])c1c[s+]c2[c-]1CCCC2,0.462540575,-0.445049828,-0.74630106,-1.271527951,-0.505381704,2
Anion_3807,O=C([O-])c1ccc(-c2ccc(Br)s2)s1,-4.985891238,0.221306672,-0.54387287,0.115132104,0.293410045,0
Anion_3808,O=C([O-])c1cc2c(s1)-c1ccccc1OC2,-3.895905759,-0.542688589,-0.997128504,-0.376530726,0.742645762,15
Anion_3809,O=Cc1cccn1CC(=O)[O-],1.370118195,-1.323224449,2.391886204,0.553265648,-2.095956612,3
Anion_3810,CC1=CC=[N+]2C(C(=O)[O-])=CN=C2[CH-]1,-1.454356099,-0.331464873,-0.558828123,-1.614229413,-1.82201773,3
Anion_3811,CC(C)C=C(C#N)C(=O)[O-],-0.745754988,-3.55520371,0.98007123,-0.571375069,-0.081575996,8
Anion_3812,CC(C)CSCC(=O)[O-],4.415716877,-0.724880868,-2.314702783,-0.651289871,0.586310894,20
Anion_3813,CC(C)OCCC(=O)[O-],5.983592373,0.629543299,-2.569150048,-1.103435832,-0.105163289,1
Anion_3814,CC(C)(C#N)CC(=O)[O-],4.465963409,-1.048239162,0.371917516,-0.384409792,-0.06090387,11
Anion_3815,CCOC(=O)CC(C)(C)CC(=O)[O-],1.66622443,1.539167528,-2.189653875,1.419149011,0.097639125,9
Anion_3816,O=C([O-])CC[S+]=c1[c-]cc(C(F)(F)F)cc1,1.094168259,0.518833665,-1.449994026,2.874091342,-0.681647818,9
Anion_3817,O=C([O-])C(F)(F)C(F)(F)C(F)F,2.24135838,-4.286931548,-0.275296202,-2.681993735,0.259827248,17
Anion_3818,O=C([O-])Cc1ccc(-c2ccc(Cl)cc2)cc1,-2.827955179,4.493611367,0.695712493,-0.781775741,-0.605595056,16
Anion_3819,CC12CC3(C)CC(C)(C1)CC(CC(=O)[O-])(C2)C3,3.573116506,1.516220646,-3.301844015,-0.44492735,1.752540497,1
Anion_3820,CC(C)(C(=O)[O-])S(=O)(=O)c1ccc(Cl)cc1,0.267163297,-2.274857997,1.594303416,2.514769203,1.278649208,21
Anion_3821,O=C([O-])CCCC(=O)C1CCCC1,1.836593317,0.292919249,-1.656826593,1.625957435,-0.486223429,9
Anion_3822,O=C([O-])C(F)(F)c1ccc(Cl)cc1,-0.294407973,-2.336277451,-0.863515539,0.941227042,0.890818131,2
Anion_3823,Cc1ccc(OCC(=O)[O-])c(Br)c1,0.645156976,0.648764675,-1.069832471,0.610075841,-0.159937571,9
Anion_3824,O=C([O-])CCCCC(=O)c1ccc(-c2ccccc2)cc1,-0.985284599,1.537230055,-0.938925203,3.81784337,-1.401739999,13
Anion_3825,O=C([O-])CCc1c(F)c(F)c(F)c(F)c1F,1.499574867,0.57510733,-1.176771077,1.94011583,-0.852096747,9
Anion_3826,CC(C)CC1CCC(C(=O)[O-])CC1,3.049523233,3.334790028,-2.185665535,-0.92723683,2.864816974,1
Anion_3827,COc1ccc(CCC(=O)[O-])cc1C,1.60315783,1.986313619,-1.766672185,1.786644211,0.110316665,9
Anion_3828,COc1ccc(C(=O)CCCCCCC(=O)[O-])cc1,0.630067684,0.586425674,0.247285045,2.668991754,-2.266515383,13
Anion_3829,CCOC(=O)C1(C(=O)[O-])CCCCC1,4.010145597,-0.94714601,2.054960549,1.328333986,2.301691219,7
Anion_3830,O=C([O-])CCCCCCCC(=O)OCc1ccccc1,1.138675289,1.927726551,-1.195458909,1.502517008,-0.973582607,9
Anion_3831,CC12CC(C(=O)[O-])(C1)C2,5.955928634,-0.258094882,-1.741792366,-1.306043977,1.657595766,11
Anion_3832,CC(C)=C(F)C(=O)[O-],2.594190151,-3.15252223,-0.613660406,-1.592819298,-0.185616416,17
Anion_3833,O=C([O-])C1(C2CC2)CC1,6.121499462,-0.422282391,-0.460333104,-1.842272567,0.899337651,11
Anion_3834,CC(C)(C)C1CCC(=CC(=O)[O-])CC1,0.377422254,1.744953054,-1.697353358,-1.11390544,0.826353767,5
Anion_3835,CCCCCc1ccc(CC(=O)[O-])cc1,-1.879100607,5.807497104,0.446763357,-2.010320327,0.400793533,16
Anion_3836,O=C([O-])CCOc1ccc(-c2ccccc2)cc1,-3.482846583,7.237918355,1.968638709,-3.417640147,-1.498313804,16
Anion_3837,O=C([O-])Cc1ccc(C2CCCCC2)cc1,-0.657449532,4.018875089,-0.566564218,-0.787874216,0.165197495,16
Anion_3838,O=C([O-])COc1ccc2ccccc2c1Br,-1.297962223,0.898070326,-0.519628793,2.263264861,-0.447032765,13
Anion_3839,O=C([O-])CS(=O)(=O)c1ccc(F)cc1,0.445294893,-2.162940496,0.037487357,0.999941309,-0.923789068,17
Anion_3840,O=C([O-])CCCOc1cccc2ccccc12,-1.694995112,4.038046314,1.783270444,-1.819003813,-3.028556566,16
Anion_3841,CS(=O)(=O)c1cccc(CC(=O)[O-])c1,0.18873825,0.133541891,0.930993082,-0.541155004,-2.091503349,5
Anion_3842,O=C([O-])CCCN(Cc1ccccc1)Cc1ccccc1,-0.867525697,4.425204912,-0.299022417,-0.056793169,-0.585152917,16
Anion_3843,COC12CCC(C(=O)[O-])(CC1)CC2,4.483791496,1.464534909,-0.580263149,-0.702148094,2.422529099,1
Anion_3844,O=C([O-])CCCCC(=O)c1ccc(Cl)cc1,0.000229699,0.067559542,-1.013530908,3.897112137,-2.04358328,13
Anion_3845,O=C([O-])CCC(=O)c1cccc(F)c1,-0.311195687,-0.150866822,-0.570927871,3.984586083,-2.076110289,13
Anion_3846,Cc1ccccc1C(=O)CCCC(=O)[O-],-0.780788985,1.979488556,0.926849643,0.330087977,-3.337105143,4
Anion_3847,O=C([O-])C[N+](=c1[c-]cccc1)S(=O)(=O)c1ccccc1,2.249679955,-0.569009566,4.624731498,2.59994983,0.544170445,14
Anion_3848,COc1ccc(CC(=O)[O-])c2ccccc12,-0.700637437,1.728037822,-0.259665402,0.681068465,-0.557772185,5
Anion_3849,COc1ccc(C=CC(=O)[O-])cc1Cl,-3.256298496,0.983289688,-1.793959458,0.324910638,0.947227072,10
Anion_3850,N#Cc1ccccc1SCC(=O)[O-],-0.264744892,-1.279413302,-0.245611305,2.247322976,-1.540235152,13
Anion_3851,O=C([O-])C(=O)Cc1ccc(-c2ccccc2)cc1,-3.800355276,-1.488194247,-1.323381782,1.625829787,1.781277581,15
Anion_3852,COc1ccc(CCCC(=O)[O-])c(OC)c1,0.520526954,2.744980296,-1.456789186,0.135121143,0.844211321,6
Anion_3853,COc1cc(OC)c(CC(=O)[O-])c(OC)c1,2.864943587,2.894916024,5.249066365,-1.391771266,0.182211465,14
Anion_3854,COc1ccc(C(=O)CCC(=O)[O-])c(OC)c1OC,-1.232594063,2.23534512,-0.360869368,2.039175787,-1.251739358,4
Anion_3855,O=C([O-])C1CCN(C(=O)C(F)(F)F)CC1,1.365801058,0.437218152,-0.760830166,0.934143276,0.414174544,9
Anion_3856,O=C([O-])c1cc2cnccc2s1,-2.405838337,-3.482931562,-1.399086787,0.093913737,0.458092493,8
Anion_3857,C=CCC1(C(=O)[O-])CC1,3.909687901,-0.584219096,0.390440329,-0.723379707,-0.532362508,20
Anion_3858,O=C([O-])c1cc2cnccc2o1,-2.278686855,-3.386225545,-1.202236053,-0.474503402,0.284456628,8
Anion_3859,CC(C)(C(=O)[O-])c1ccccc1Br,2.787408112,-0.735764117,0.526712961,2.061681654,1.078891564,7
Anion_3860,N#CC1=CC=c2oc(=C([O-])[O-])cc2[CH+]1,-3.680577791,-2.743801119,-1.253417917,0.119960365,1.218574127,15
Anion_3861,O=C([O-])CCC(=O)c1ccc(F)c(F)c1,-0.477641542,-0.339258694,-0.876480771,4.032363024,-2.244207804,13
Anion_3862,O=C([O-])c1ccc[n+]2c1=[N+]=CC=2,-0.490705394,-2.176299366,-0.038529713,0.034895528,-0.406605176,2
Anion_3863,O=C([O-])CCCOc1cccc(F)c1,0.747948516,2.500448115,0.962136953,-2.63624587,-3.061997284,5
Anion_3864,CN(C(=O)OC(C)(C)C)C1(C(=O)[O-])CC1,3.958362342,0.168599909,0.476225303,-0.488276999,1.470446983,11
Anion_3865,O=C([O-])C1CC(c2ccccc2)C1,1.041893121,3.166356641,2.086710974,-0.854901141,-0.99686398,18
Anion_3866,O=C([O-])CCC(F)(F)C(F)(F)F,4.534521353,1.888041569,-0.604584543,-2.854622824,0.024059943,1
Anion_3867,O=C([O-])CCN1C(=O)c2ccccc2S1(=O)=O,-1.931134177,1.74712755,1.130728642,3.640927144,0.423860903,13
Anion_3868,C[n+]1cc(Cl)c(C(=O)[O-])[n-]1,2.369478428,-3.36329847,-0.440108908,-0.544483297,1.693355862,17
Anion_3869,CCN1C=C(C(=O)[O-])C(=O)c2cc(F)ccc21,-3.11515506,-0.64523155,-1.074411858,0.667176663,0.599689182,15
Anion_3870,O=C([O-])CC1CCN(Cc2ccccc2)CC1,-1.574667767,6.300626972,0.436956095,-1.693925454,-0.701865285,16
Anion_3871,O=C([O-])CCc1cc(C(F)(F)F)cc(C(F)(F)F)c1,0.145025824,1.093613305,-1.052749637,2.130025655,-0.457782188,9
Anion_3872,CC1=C(C(=O)[O-])C=[N+]=[N+]1c1ccc(Cl)cc1,-2.200607735,2.230594811,0.51008697,-0.49410406,0.379852826,10
Anion_3873,O=C([O-])Cc1ccc(F)c(F)c1F,0.805783625,0.078013879,-0.298801718,-0.560168676,-0.959555789,5
Anion_3874,CC1=C(C(=O)[O-])[N+]#[N+][N+]1=c1[c-]c(Cl)ccc1,-3.234870776,-0.030662303,0.055106653,0.62033485,1.327638381,10
Anion_3875,O=C([O-])C=C1CC1,2.839709639,-1.571885832,-0.602132677,-1.110188284,-1.921161474,20
Anion_3876,O=C([O-])c1[nH+]c2ccccc2[c-]1I,-1.994131995,-3.010642643,-0.219005185,-0.430396541,0.947314247,8
Anion_3877,CN1C=C(C(=O)[O-])c2cc(Br)ccc21,-0.087589449,0.294692462,-0.180034699,-0.659491697,0.355928088,2
Anion_3878,C=CCC1(C(=O)[O-])CCC1,4.613925911,-0.760845003,0.201795735,0.925132595,0.118286314,11
Anion_3879,COc1ccc(C2=[N+]=[N+](c3ccccc3)C=C2C(=O)[O-])cc1,-2.505651554,0.243747245,0.001521512,-1.148467619,2.331365465,10
Anion_3880,O=C([O-])COC1CCN(C(=O)OCc2ccccc2)CC1,-1.665349197,4.158131175,-0.0224517,-0.615900127,-0.556457845,16
Anion_3881,Cc1ccc(S(=O)(=O)[n+]2[c-]c(C(=O)[O-])cc2)cc1,-2.753299323,1.150319261,-0.418411983,0.908690994,0.209546466,10
Anion_3882,C[N+]1=[N+]=C(Cl)C=C1C(=O)[O-],0.328779941,-3.475118042,-0.709776068,-1.521931688,0.61787018,17
Anion_3883,O=C([O-])c1[c-][n+](Cc2cccc(C(F)(F)F)c2)nc1,-3.036006302,3.136238947,-0.342106975,-0.535284732,0.46788594,10
Anion_3884,O=C([O-])c1cc2c([nH]1)=C(Cl)C=[S+2]=2,-1.628986488,-1.831723799,-1.233918402,-1.023327055,-0.357367583,2
Anion_3885,O=C([O-])c1cc2c(F)cc(F)cc2[nH]1,-2.431517377,-2.205201569,-1.529864014,-0.963740969,0.566560084,15
Anion_3886,COC1CC(C(=O)[O-])C1,5.467292046,1.309571809,-1.653140004,-1.01874833,1.04813185,1
Anion_3887,CC(C)(C)C1=CC(=C([O-])[O-])[N-]O1,-0.546075781,-1.477540792,0.445203481,-1.28525881,0.740356534,3
Anion_3888,CC(C)N1CCC(C(=O)[O-])CC1,4.889381531,0.955230267,-2.260617716,-0.449355471,1.87024505,1
Anion_3889,O=C([O-])c1cc2[n+]([n-]1)CCC2,1.162032436,-0.838932556,-3.034588006,-0.771809154,0.867888578,2
Anion_3890,O=C([O-])C1=CC2=[N+]=C(Cl)C=CC2=[NH+]1,-3.324560608,-3.064719622,-1.303655456,0.292161856,0.618742796,15
Anion_3891,O=C([O-])C1=CC2=[N+]=CC=C(Cl)C2=[S+]1,-3.768781028,-3.195701237,-0.932249009,0.082594801,0.793654078,15
Anion_3892,CCOC(=O)C1CCC(CC(=O)[O-])CC1,0.093897634,4.967101054,0.024289771,-1.82005726,-1.249212898,16
Anion_3893,O=C([O-])c1cc2cc(C(F)(F)F)ccc2s1,-3.770251064,-1.423351415,-0.924054772,-0.913805449,0.892863153,15
Anion_3894,O=C([O-])Cc1ccc(C(F)(F)F)cc1Cl,-0.67825687,0.699215932,0.270077703,-0.978362693,-0.826196824,5
Anion_3895,COC1=CC=C2C(=[S+3]#[N+]C2=C([O-])[O-])[CH-]1,-3.510218611,-0.430074006,0.932150615,-2.677142855,-0.570817278,0
Anion_3896,COc1ccc2c(c1)NN=C2C(=O)[O-],-2.242938843,0.916815005,-0.587573354,-2.211479923,-0.863534536,0
Anion_3897,O=C([O-])C1=C[N+](=c2[c-]cccc2)C=N1,-1.869032512,1.664766868,-0.278818232,-0.552100866,-0.27503273,10
Anion_3898,CC(C)(C)N1C=C(C(=O)[O-])C=N1,1.793100195,0.580597415,-0.607377925,-1.130191584,0.561541678,20
Anion_3899,O=C([O-])c1ccc[n+](Cc2ccc(F)c(F)c2)c1[O-],-2.250861007,1.315190166,3.09434853,-2.120245935,0.36212898,18
Anion_3900,O=C([O-])C1CC[N+](=c2[c-]cc(F)cc2)CC1,0.92678151,1.595511766,-1.244847513,2.622775732,1.436112158,6
Anion_3901,N#Cc1ccc(N2CCC(C(=O)[O-])CC2)cc1,-0.352765328,1.675139423,-0.961434478,3.847517835,1.393995267,6
Anion_3902,O=C([O-])CCOCCOCCOCCOCCS,3.971544083,-1.77826818,-0.324900994,-0.585792315,1.338771,11
Anion_3903,COc1cc(Br)ccc1CC(=O)[O-],0.236957568,0.678638483,-0.32376858,-0.836591623,-0.323005571,5
Anion_3904,O=C([O-])C1=CC(=C2C=CC(F)=C[CH+]2)[NH+]=N1,-2.792164428,1.799568434,-0.844549564,-1.305525702,-0.223608584,10
Anion_3905,C[N+]1=CC(=CC=C([O-])[O-])C=N1,-0.98936181,0.718597118,-1.62214606,-1.059810558,-0.70681499,2
Anion_3906,CC1=CN=C2C(C(=O)[O-])=CN=[N+]2[CH-]1,-2.142046082,0.332547468,-0.30005675,-0.250661801,-2.425341121,4
Anion_3907,COc1cc(F)ccc1CC(=O)[O-],1.261588003,-0.023632428,-0.647364234,-0.501639621,-0.556359328,5
Anion_3908,O=C([O-])C1=C[N+](=c2[c-]cc(Cl)cc2)[N+]#[N+]1,-4.708370843,1.053190147,0.120282801,-1.42064165,-0.753459707,0
Anion_3909,O=C([O-])Cc1cc[nH+][n-]1,3.41028762,0.546742652,-1.104756911,-0.78285547,-1.763231642,20
Anion_3910,Cc1cc(CCCC(=O)[O-])c(C)s1,1.341439208,1.469562908,-1.342885679,0.964386048,-0.471965009,9
Anion_3911,COc1[c-]c2[n+](C)c(C(=O)[O-])cc-2cc1,-1.859242283,0.21859165,-0.725119325,-1.318219952,1.297890378,10
Anion_3912,O=C([O-])C(=O)c1cccnc1,-1.792635499,-4.553704001,0.77650481,0.597065068,-1.001205232,8
Anion_3913,O=C([O-])Cc1cncs1,1.220809223,-0.457291206,0.136542289,-0.056449858,-2.530010476,5
Anion_3914,O=C([O-])CCC1=[N+]=CC=[S+]1,2.254351348,-0.393638338,-0.959403493,2.165817349,-1.833449468,9
Anion_3915,O=C([O-])CC[n+]1cnc[n-]1,2.912882662,-0.685460825,-1.227650833,0.622227564,-1.694891134,20
Anion_3916,CC(=O)c1ccc(C(=O)[O-])[nH]1,-1.765257513,-1.92086279,-0.685763514,-0.852369688,-1.619673271,8
Anion_3917,C[N+]1=CC=CC1=C([O-])C(=O)[O-],-0.259790868,-3.46477339,-0.146437561,0.058193434,-0.103362392,8
Anion_3918,O=C([O-])C[N+]1=[N+]=CC=CC1=O,1.106178209,-0.508642935,3.828544762,0.492888843,-2.305065347,14
Anion_3919,Cc1oc2c(c1C(=O)[O-])CCCC2,1.653669425,0.062601225,-1.005297445,-1.695342292,0.305235245,20
Anion_3920,O=C([O-])C1=C[NH+]=C2C=CC=[N+]=C12,-0.41221329,-0.138033286,-1.412012241,-0.307441465,-1.830295569,2
Anion_3921,O=C([O-])Cc1cccc2cccnc12,-0.740399028,1.358791549,0.332553762,1.697659702,-2.10430994,4
Anion_3922,CC1=CC=CC2=CC(=C([O-])[O-])O[C+]12,-1.872561608,-2.060219206,-0.782314884,-0.674627785,1.014372283,15
Anion_3923,CN1C=C(C(=O)[O-])N(C)C1=O,3.011424354,-1.68002011,-0.509388567,-1.023973516,1.681854077,20
Anion_3924,CC1=[NH+]C(=C([O-])[O-])C(C)=C1C=O,-0.443551902,-2.346797329,-0.987978759,0.531959869,-0.723204159,2
Anion_3925,Cc1cc(C)c2cc(C(=O)[O-])oc2c1,-2.727945427,-1.466635313,-1.757829669,-0.824090694,1.702344096,15
Anion_3926,Cc1c(C(=O)[O-])oc2ccc(Br)cc12,-2.696830305,-2.018734412,-0.827947028,0.285643634,1.881362156,15
Anion_3927,C[n+]1c(CC(=O)[O-])cc2cccc[c-]21,0.728139952,2.000616006,1.066852148,-2.331525233,-2.326279419,5
Anion_3928,COc1c(C(=O)[O-])oc2ccccc12,-0.010430295,-2.449588111,0.939219579,0.328164059,1.767838347,21
Anion_3929,O=C([O-])C1=[N+]=[N+]=[NH+]C1=C1C=CC=C[CH-]1,-1.268274582,-1.678666126,0.675846064,-1.766509305,-1.050993624,3
Anion_3930,O=C([O-])CCCCCCCCCc1cccs1,1.938285061,1.189350476,-1.135357117,1.738068774,-1.111323919,9
Anion_3931,O=C([O-])COC1=[N+]=c2ccccc2=[S+]1,-0.380458501,0.280903457,-0.186005434,0.411703857,-0.977537123,5
Anion_3932,COc1[c-]c2c(C)c(C(=O)[O-])[nH+]c-2cc1,-1.951797152,-1.028277717,-1.362867866,-0.213248619,1.736593663,15
Anion_3933,O=C([O-])C1=[S+2]=CC=C1C(=O)c1ccccc1,-1.991511696,-3.779932913,0.802758503,0.90077724,-0.712347918,8
Anion_3934,Cc1c(C(=O)[O-])oc2ccccc2c1=O,-2.373126998,-3.551387326,2.186687337,-0.220312548,1.490607583,21
Anion_3935,Cc1cc(=[S+]CC(=O)[O-])nc2cccc[c-]12,-2.031299835,0.281588652,-0.600320488,2.968858576,0.155441459,13
Anion_3936,O=C([O-])c1cc2cc(Cl)cc(Cl)c2[nH]1,-3.174999445,-2.341080359,-1.448134342,-0.25619886,0.852839986,15
Anion_3937,Cc1[nH+]c2ccc(Br)cc2[c-]1CC(=O)[O-],2.145897695,1.588533433,3.488277159,0.076845561,0.212287432,14
Anion_3938,O=C([O-])CCC(=O)[N+]1=C2[CH-]C=CC=C2CC1,1.213214912,1.520729932,-1.631959013,2.480736274,-0.453008135,9
Anion_3939,O=C([O-])C[S+]=C1[N+]#[N+]C(=C2C=CC=C[CH-]2)O1,-0.818171774,-1.201769672,-0.366086665,2.444002329,-0.102743891,13
Anion_3940,O=C([O-])CCCc1[c-][nH+]cc1,3.576635656,1.52731343,-1.759222957,-0.633074622,-0.245618985,1
Anion_3941,CC1=[NH+]C(=C[O-])C(C)=C1CC(=O)[O-],1.607466842,1.327317732,3.447344916,0.770315794,-1.106380033,14
Anion_3942,O=C([O-])CCc1c[nH+]c2ccc(Br)c[c-]12,-0.269003566,2.612540137,-1.477806158,1.620370104,0.032725459,6
Anion_3943,O=C([O-])CCC(=O)c1ccccn1,-0.382209653,-0.492246507,-0.276456882,3.688401256,-2.692547471,13
Anion_3944,O=C([O-])C1=CC=CC2=[N+]=[S+3]#[N+][C-]12,-3.496720505,-3.230847783,0.175345097,1.989860942,-2.79932824,8
Anion_3945,O=C([O-])C1=[N+]=[NH+]c2ccc(I)cc21,-1.306053713,-0.65314714,2.040559136,-1.37049102,-0.46939152,3
Anion_3946,O=C([O-])c1c[n+]2c([n-]1)[s+]c1cccc[c-]12,-2.884867266,0.583643134,-1.455810263,-0.2709822,0.397179773,10
Anion_3947,O=C([O-])C[S+]=c1ncnc2cccc[c-]12,-4.402294796,0.778970851,1.205828677,-0.305371955,-0.864326478,0
Anion_3948,O=C([O-])CC[n+]1c([O-])oc2ccccc21,1.730109834,-0.816130835,-1.521835006,2.354326529,-0.917219279,9
Anion_3949,CC1(CCCC(=O)[O-])[N+]#[N+]1,1.218529652,-0.894855342,-0.714438276,3.369131696,-2.560281172,13
Anion_3950,O=C([O-])c1ccc[n+]2c([O-])c3cc4ccccc4cc3nc12,-4.263073921,-0.469123554,3.773385768,1.418515153,0.790617051,0
Anion_3951,Cc1cc(CC(=O)[O-])no1,1.670344273,0.425413488,-0.062810483,-0.458677144,-1.931165964,5
Anion_3952,CCC1=NC=C(C(=O)[O-])S1,-1.164587427,-2.128103017,-1.199789368,-0.63481723,-0.805973902,2
Anion_3953,CC1=[N+]=c2cccc[n+]2=C1CC(=O)[O-],1.684960449,0.363149909,1.966219481,0.055234016,-1.849820011,5
Anion_3954,Cc1onc(-c2cccc(Cl)c2)c1C(=O)[O-],-0.495890237,-0.892832213,3.733843854,-1.70182501,0.107134149,3
Anion_3955,CC1=[S+2]=NC(C)=C1C(=O)[O-],1.767729966,-3.115900417,0.676990606,0.442819361,-0.252080692,17
Anion_3956,CC1=[N+]=[NH+]C(C)=C1CC(=O)[O-],4.132802705,0.56732776,0.039775874,-0.207792532,-0.251562574,20
Anion_3957,O=C([O-])C1=[N+]=c2ccc(Cl)cc2=[S+]1,-4.695859791,-3.944427013,-0.945741545,-0.257963432,1.177223717,15
Anion_3958,O=C([O-])C1=CN=C2[S+]=CC=[N+]12,-0.370105415,-1.951730046,-0.987643845,-1.424649011,-1.960381164,2
Anion_3959,O=C([O-])C=CC(=O)N1CCOCC1,0.816481179,-2.95040535,-0.68731788,-0.842673791,-1.141460539,17
Anion_3960,O=C([O-])CCC1=[N+]=CC(=C2C=CC=C[CH-]2)O1,-2.880441161,5.422175281,0.797053011,-0.858907406,-0.643927049,16
Anion_3961,O=C([O-])Cc1c[n+]2c([n-]1)=[S+2]=CC=2,0.608769969,2.232585757,0.246732469,-0.318327308,-1.967778358,5
Anion_3962,Cc1c(C(=O)[O-])oc2c1C(=O)CCC2,-1.340634658,-1.704412114,-0.671271478,0.2517194,1.052583857,2
Anion_3963,COCc1ccc(C(=O)[O-])s1,-0.843831696,-1.715071794,-1.034301161,-0.710799039,-0.322691583,2
Anion_3964,O=C([O-])c1cc2c(s1)CCC2,-0.474968692,-1.844178393,-2.125554809,-0.308797092,0.404832772,2
Anion_3965,Cc1c(C(=O)[O-])[s+]c2ccc(Cl)c[c-]12,-2.696349692,-1.7268727,-0.281492313,-0.181048046,1.334676448,15
Anion_3966,O=C([O-])c1occc1-c1ccccc1,-0.612048659,-1.632704106,0.336932874,-1.887643392,-0.187185484,3
Anion_3967,Cc1oc(=O)c2ccccc2c1C(=O)[O-],-0.138245514,-2.874936237,1.983817166,1.067128832,0.659090746,21
Anion_3968,O=C1c2ccccc2C(=O)N1C1(C(=O)[O-])CCCC1,-1.158651633,-0.565012456,4.561018626,2.2130766,0.727932462,21
Anion_3969,O=C([O-])Cc1ccc(Br)s1,0.029272941,1.147478108,0.253501069,-0.60497775,-1.682538736,5
Anion_3970,CSCCCCC(=O)[O-],4.479434007,0.562769077,-2.281082354,0.712415289,-0.64383796,20
Anion_3971,CC(C)CCOCC(=O)[O-],3.232228962,2.456158859,-1.425209406,-3.198434665,-0.166418114,1
Anion_3972,CC(=O)SCCCC(=O)[O-],1.803997924,0.551570703,0.364872148,-0.839968467,-3.241427245,5
Anion_3973,CCC(=O)CCCCCCC(=O)[O-],1.938718752,0.829877402,-0.602156821,0.232757201,-2.29711888,5
Anion_3974,CCN(CC)C(=O)CCCCC(=O)[O-],3.37308416,0.688979338,-2.867240584,1.386049255,0.496126441,9
Anion_3975,CCOC(=S)SC(C)(C)C(=O)[O-],-0.300973125,-2.078580457,2.154743678,2.542507693,1.230600493,21
Anion_3976,CCCCC#CC#CCCCCCCCCC(=O)[O-],-1.112160806,4.31760691,-3.333701831,4.982070298,2.903011885,6
Anion_3977,CC(C)SCCC(=O)[O-],4.47791366,-0.449484615,-2.307144856,0.379829839,-0.065107146,20
Anion_3978,O=C([O-])CCC(=O)C(F)(F)F,0.774764825,1.054446609,1.447754927,0.924256594,-2.530597265,5
Anion_3979,O=C([O-])CCc1c(Cl)cccc1Cl,1.973711128,1.393947705,1.756245161,2.006963852,0.562930843,7
Anion_3980,O=C([O-])CCC[S+]=c1[c-]cc(Cl)cc1,1.359705484,1.815195751,2.210856324,-0.410054832,-1.600070648,5
Anion_3981,O=C([O-])CCOc1cccc2ccccc12,-2.126905788,3.335302828,-0.104472685,0.733783175,0.248945282,6
Anion_3982,COc1cc(OC)c(C(=O)CCC(=O)[O-])cc1OC,-0.77409392,0.787740531,-1.32326221,3.424088452,-0.696327625,13
Anion_3983,CCCC1(C(=O)[O-])CCC1,6.514447668,-0.032326337,-0.954800423,-0.272278165,1.567404939,11
Anion_3984,C=C(CC(=O)OCCCC)C(=O)[O-],1.381496799,-1.575008098,-1.165309756,-0.732733206,-0.25840598,17
Anion_3985,N#Cc1ccccc1OCC(=O)[O-],-0.539229891,-0.597953556,0.391703891,0.132790243,-2.723027793,3
Anion_3986,O=C([O-])CC1=C(c2ccccc2)CCC1=O,1.447332178,1.031365215,3.254554519,2.645612498,-0.113962731,14
Anion_3987,COc1ccc(CCC(=O)[O-])cc1OCc1ccccc1,1.382645512,1.04967471,-1.578417589,2.32997456,-0.550770014,9
Anion_3988,O=C([O-])C(C1CC1)C1CC1,7.708585369,-0.083397584,0.550787535,-0.031286945,1.530022545,11
Anion_3989,Cc1[c-]c2[s+]c(C(=O)[O-])cc-2cc1,-2.588717601,-1.72981187,-1.80981794,0.025080254,1.291126865,15
Anion_3990,CC(C)(C(=O)[O-])c1cccc2ccccc12,1.343505345,-0.349648248,2.141659248,2.413467003,0.679550976,7
Anion_3991,C=C(CC(=O)OCc1ccccc1)C(=O)[O-],-0.064080548,-1.307494428,-1.967122166,-0.255828222,-0.670280393,2
Anion_3992,CCCc1ccc(CCCC(=O)[O-])cc1,-0.476866667,4.402666475,-0.197555613,-1.334136645,-0.430179176,16
Anion_3993,CS(=O)(=O)OCC(=O)[O-],3.041418793,-1.219104512,-0.87757415,-2.006724609,-1.647473661,20
Anion_3994,CC(=CC(=O)[O-])CCc1ccccc1,-0.661195147,1.245681612,-0.930156067,1.02522845,2.452508304,6
Anion_3995,Cc1cc(Br)ccc1OCC(=O)[O-],0.110813275,0.904443155,-0.629450068,-0.196018789,-0.961964702,5
Anion_3996,CC(C)c1cccc(OCC(=O)[O-])c1,0.883311955,0.59817586,-1.121469007,0.33728044,-0.777897821,9
Anion_3997,Cc1ccc(C)c(OCCC(=O)[O-])c1,-0.125263167,3.472262288,-0.526880423,-1.364371268,-0.450965868,16
Anion_3998,CC(C)(Oc1ccc2ccccc2c1)C(=O)[O-],-0.009421394,0.685367295,1.747766575,2.261194541,0.463467035,7
Anion_3999,N#Cc1cccc(OCC(=O)[O-])c1,-1.431063545,0.662853211,1.112407343,-0.709031848,-2.926083122,4
Anion_4000,O=C([O-])CC(Cc1ccccc1)Cc1ccccc1,-0.663747579,2.088458468,-2.227478898,-0.270313684,0.848600884,6
Anion_4001,O=C([O-])Cc1ccc(F)c(Cl)c1,0.722504172,0.112468835,-0.583634927,0.453194887,-0.880246769,9
Anion_4002,O=Cc1cccc(CCC(=O)[O-])c1,0.443632688,-0.186029494,-0.320514493,3.709824452,-2.59517423,13
Anion_4003,O=C([O-])C1=C(c2ccccc2)CCC1,0.889477319,-1.39946328,1.532148505,-0.772050752,0.26137666,3
Anion_4004,COc1ccccc1CC(=O)C(=O)[O-],-1.340488829,-4.108864545,-0.592253701,-0.194850289,1.048936392,8
Anion_4005,CC(C)Oc1ccc(CCC(=O)[O-])cc1,0.985259951,2.726909904,-1.701008313,2.163580986,0.196712669,6
Anion_4006,O=C([O-])CCC(=O)c1cccc(Br)c1,-1.133970004,0.592944725,-0.791984028,4.223037551,-1.580145865,13
Anion_4007,O=C([O-])COc1ccc(S(=O)(=O)Cl)cc1,-3.843648701,-0.172717781,1.496367082,2.488290753,-3.396827628,4
Anion_4008,CC(C)c1ccc(C(=O)CCCC(=O)[O-])cc1,-0.932460666,2.301481494,1.438390734,0.821171085,-2.408521227,4
Anion_4009,CC1=CC=C(OCC(=O)[O-])C(=C[O-])[CH+]1,-0.880534772,-0.069404271,0.325445624,1.500883654,-1.78670338,4
Anion_4010,O=Cc1c(OCC(=O)[O-])ccc2ccccc12,-1.920165951,0.34420391,0.842803337,1.591993458,-1.887817641,4
Anion_4011,O=C([O-])C=Cc1cccc(I)c1,-3.444182663,0.91861184,-0.633698365,-1.144158515,-0.445429845,0
Anion_4012,COc1ccc(C=CC(=O)[O-])cc1F,-2.911353593,0.763973322,-2.021548702,0.55983867,0.978741589,10
Anion_4013,COc1ccc(C=CC(=O)CCC(=O)[O-])cc1,-1.148787449,1.459381445,-0.789366051,4.195675784,-1.595925113,13
Anion_4014,CC(=C([O-])[O-])[C+]1CCCC1,2.963966369,-0.400368276,0.270078495,-1.435464928,0.01177486,20
Anion_4015,O=C([O-])C1(Cc2ccccc2)CCC1,3.566460763,-0.22522055,0.975366683,2.566735194,0.832545355,7
Anion_4016,O=Cc1ccc(OCCC(=O)[O-])cc1,-0.811014677,1.544374099,2.24829854,1.09802799,-2.096092442,4
Anion_4017,O=Cc1ccccc1OCCC(=O)[O-],-2.242624491,2.354766365,0.712094274,1.234292029,-1.325222638,4
Anion_4018,CCOc1ccc(OCC(=O)[O-])cc1,-0.191664939,1.887279702,-1.209668161,0.712755518,-0.160202507,6
Anion_4019,CCOc1ccc(SCC(=O)[O-])cc1,0.522548743,1.666572885,-1.498299858,1.80049158,0.553960508,6
Anion_4020,O=C([O-])COc1cc(F)cc(F)c1,0.681262271,0.18638387,-0.346133507,-1.023179877,-1.67501657,5
Anion_4021,COc1cc(C)ccc1OCC(=O)[O-],1.961120084,0.482822894,1.349107891,0.308100188,0.089929268,7
Anion_4022,COc1cc(CC(=O)[O-])c(OC)cc1Br,0.030433214,0.663731581,-0.463662043,-0.85100168,-0.281596005,5
Anion_4023,O=C([O-])c1ccc(C(F)(F)F)s1,-1.618743957,-3.195894471,-0.209706011,-0.20714919,-0.156144061,8
Anion_4024,CCC1=CC=[S+2]=C1C(=O)[O-],0.866766701,-2.584913945,-0.632343602,-0.29629379,-0.548172089,17
Anion_4025,C[n+]1cc(Br)c(C(=O)[O-])[n-]1,2.360892325,-3.251006121,-0.336098327,-0.350712958,1.616212551,17
Anion_4026,CC1=[N+]=C(C(=O)[O-])C(C)=[S+]1,-0.109117925,-1.984939147,-1.684050174,-0.539024051,-1.084500817,2
Anion_4027,CC1=[N+]=[N+]=C(SCC(=O)[O-])S1,0.331894907,-1.27209444,-0.431938313,1.383418879,-0.678046483,9
Anion_4028,O=C([O-])c1c(-c2ccccc2)n[n+]2cccc[c-]12,-0.530747847,-0.987783341,1.592716594,0.373772333,1.005056004,21
Anion_4029,Cc1ccccc1-c1noc(CCC(=O)[O-])n1,0.006555677,1.506951501,-1.028692842,3.56093876,-0.643734899,13
Anion_4030,O=C([O-])C12CCC(F)(CC1)CC2,5.514973923,-0.093693749,-0.77177969,-0.336278622,1.968448527,11
Anion_4031,N#Cc1ccc(OCCC(=O)[O-])cc1,-0.270392423,1.459415051,1.369898621,0.538394702,-1.782022177,4
Anion_4032,O=C([O-])C1=C[N+]2=CC=[N+]=CC2=N1,-2.355635878,-2.517615903,-1.316172684,0.814533743,-0.463730574,8
Anion_4033,O=C([O-])Cc1coc2ccc3ccccc3c12,-0.233199967,-0.34438153,-1.088068955,2.204832309,0.021350698,13
Anion_4034,CC(F)(F)CCC(=O)[O-],6.027755225,0.404330708,-2.277775518,-2.146016404,-0.575707441,1
Anion_4035,O=C([O-])CCCN1CCCC1,3.882762083,3.071126253,-1.572342987,-2.659148428,-0.186937291,1
Anion_4036,CC(=CC(=O)[O-])c1cccs1,-1.189186449,-1.533764531,-1.065280229,0.823402013,0.37252197,2
Anion_4037,O=C([O-])CCN1Cc2ccccc2C1=O,0.657924279,1.150777805,-1.147880393,2.607490265,-1.232097436,13
Anion_4038,O=C([O-])CS(=O)(=O)Cc1ccc(Br)cc1,0.160234204,-0.711680423,2.72414098,1.985783495,1.019036586,7
Anion_4039,O=C([O-])c1c[s+]c[c-]1Cl,1.181835388,-3.310904559,0.166647558,0.307875121,-0.100127532,17
Anion_4040,O=C([O-])C1=[S+3]#[N+]N=C1c1ccccc1,-3.528844616,-4.541400929,1.805637967,-0.919006676,-1.558159697,8
Anion_4041,O=CC1=CC=CC(=CC=C([O-])[O-])[CH+]1,-3.782307597,-1.140904915,-1.207183792,1.604902807,-0.216108641,15
Anion_4042,CC(C)(C)CCC(=O)C(=O)[O-],-0.346781836,-2.775074013,-0.732809119,-0.679537373,0.432587821,17
Anion_4043,CC1=[N+]=c2ccc(Br)c[n+]2=C1C(=O)[O-],-1.314295355,-1.405127147,0.549064905,-0.970252142,-0.882783032,3
Anion_4044,O=C([O-])Cc1cccc(Cl)n1,0.556564582,0.879781262,0.329254598,-0.004126413,-2.223032749,5
Anion_4045,C[N+]1=[N+]=C(C(=O)[O-])C=C1C(F)(F)F,-0.020774893,-1.473584699,-1.375297727,-0.845835492,0.750974103,2
Anion_4046,O=C([O-])Cc1ccc(C(F)(F)F)cc1C(F)(F)F,0.175216429,1.65000018,1.693525077,-0.227557069,-0.558788634,5
Anion_4047,COc1ccccc1[N+]1=[N+]=[N+]=C(C(=O)[O-])[C-]1C,-1.896974198,0.288429601,0.858439914,-1.003375444,0.204859572,10
Anion_4048,CC(C)(C)Oc1ccc(CCC(=O)[O-])cc1,1.158852561,1.957124893,-2.315400659,2.831816674,0.99246208,6
Anion_4049,O=C([O-])CN1Cc2ccccc2C1,2.782971132,1.956021606,5.065025765,-1.826177124,-1.000806608,14
Anion_4050,O=C([O-])CN1CCN(Cc2ccccc2)CC1,-2.131225271,5.31912459,-0.131125241,-1.573600305,-0.223943424,16
Anion_4051,CC(C)(C)OC(=O)N1CCC2(CCC(C(=O)[O-])CC2)CC1,0.219913578,5.374424211,-1.555677613,0.218474068,3.433142618,6
Anion_4052,CC1=CC(=C([O-])[O-])C(Br)=[S+]1,0.617361584,-2.373878802,0.392978496,-0.447104284,0.456911535,17
Anion_4053,C#CCOc1ccccc1CCCCCC(=O)[O-],2.210556902,0.469388528,-1.885862949,2.02939458,-0.513007589,9
Anion_4054,O=C([O-])C=Cc1ccc(F)c(Cl)c1,-2.656090321,0.077906489,-0.327716083,-0.220062828,-0.091936951,10
Anion_4055,C[n+]1c(C(=O)[O-])c(Br)c2cccc[c-]21,0.686366671,-3.85900542,2.659904435,0.42517243,3.138315532,21
Anion_4056,O=C([O-])CCc1ccc2c(c1)CCO2,2.1384105,1.238427832,-1.552864061,2.008096991,-0.804907164,9
Anion_4057,O=C([O-])c1[c-]c(-c2ccccc2)[s+]c1,-2.478840787,0.881723764,0.414943462,-1.11894576,-0.274551378,0
Anion_4058,O=C([O-])C=Cc1ccc(Br)cc1F,-3.224551532,-0.006521499,-1.579479897,0.810459364,0.230770434,10
Anion_4059,C=CCC1(C(=O)[O-])CCN(C(=O)OC(C)(C)C)CC1,2.677944208,2.224413484,3.205768302,0.761856681,3.34354636,7
Anion_4060,O=C([O-])C=Cc1cc(C(F)(F)F)cc(C(F)(F)F)c1,-3.741574507,0.065961723,-0.378476294,0.511984701,1.438155147,10
Anion_4061,O=C([O-])C1(c2ccc(Br)c(F)c2)CC1,0.854841214,-0.699340259,1.172562091,1.390225826,1.877164211,7
Anion_4062,O=C([O-])CCCCc1cccc(Br)c1,-0.032150064,3.731698066,1.162697305,-2.552933421,-2.693312292,16
Anion_4063,CCOC1=CC=CC2=CC(=C([O-])[O-])O[C+]21,-2.039507322,-1.820350951,-0.285998787,-1.18372386,1.173404388,15
Anion_4064,CCC1(C(=O)[O-])CC1,6.274412586,-0.714626648,-1.119077637,-2.027404231,0.534467595,11
Anion_4065,O=C([O-])C1=[N+]=[NH+]C2=[N+]=CC(Br)=C[C-]21,-2.471296607,-1.634570813,1.396666201,-0.958926707,-1.567161551,3
Anion_4066,O=C([O-])c1cc2cc(Cl)c(Cl)cc2[nH]1,-3.473480288,-1.931227122,-1.395444636,-0.337748202,0.94631796,15
Anion_4067,CC1=CC=C(C)[N+]1=C1C=CC(=[S+]CC(=O)[O-])C=C1,-1.199136258,2.528780687,-0.621831715,1.303769172,0.203777615,6
Anion_4068,O=C([O-])C1(c2ccc(Cl)cc2Cl)CC1,1.023702401,0.655881148,3.429080783,-1.119208067,0.223207954,14
Anion_4069,O=C([O-])C1(c2ccc(C(F)(F)F)cc2)CC1,1.338373691,-0.931303931,0.815827634,2.17632778,2.410999617,7
Anion_4070,O=C([O-])c1c[c+](Cc2ccccc2)o[n-]1,-2.015353991,0.204770854,1.594511598,-3.247763587,0.096445071,0
Anion_4071,O=C([O-])c1cc2ccc(Cl)nc2[nH]1,-3.550308183,-2.004415325,-0.663403419,-0.838276143,-0.18383079,15
Anion_4072,O=C([O-])c1cc2[n+]([n-]1)CCCC2,0.9634246,-0.302334194,-2.273376791,-0.327771563,1.804483286,2
Anion_4073,CN1C=C(C(=O)[O-])c2cc(F)ccc21,-0.156742631,0.020391018,-1.932298497,-0.54559146,-0.249437257,2
Anion_4074,O=C([O-])Cc1cc(F)ccc1Cl,0.932516644,-0.247317938,-0.109842014,-0.628453849,-1.094668325,5
Anion_4075,CCOC1CCC(C(=O)[O-])CC1,3.537201649,2.756647016,-2.740676841,-1.053945116,3.072816486,1
Anion_4076,C#CCC1(C(=O)[O-])CCCCC1,5.04596224,-0.976652097,0.480518253,0.691470576,2.102058444,11
Anion_4077,CCOc1cccc2c1OC(=O)C(C(=O)[O-])C2,0.471831017,-0.712235947,1.318283097,-0.400436312,0.185241706,3
Anion_4078,O=C([O-])CCc1cccc(OC(F)(F)F)c1,0.842447638,1.356030825,-1.82189763,2.115645822,0.609805787,9
Anion_4079,O=C([O-])Cc1ccc(-[n+]2[c-][n+]#[n+]c2)cc1,-0.831888554,1.758881661,0.423302658,-0.564341335,-1.255244769,5
Anion_4080,O=Cc1c[n+](CCC(=O)[O-])c2cccc[c-]12,0.04472844,-0.364699062,-1.195224841,2.904223225,-0.912775825,13
Anion_4081,COc1ccc(F)c(CC(=O)[O-])c1,1.503027779,0.328009203,0.642645897,-0.674171178,-0.763789908,5
Anion_4082,COc1ccc(CC(=O)[O-])c(Cl)c1,0.095108785,1.665198976,0.448056474,-1.584968053,-0.72482597,5
Anion_4083,O=C([O-])c1c[s+]c(C(F)(F)F)[n-]1,-1.537256204,-2.728499987,0.807892826,-0.008402975,-1.109880534,8
Anion_4084,O=C([O-])COc1ccccc1C(F)(F)F,0.448801209,0.382882475,1.25376667,-0.838718478,-1.817070167,5
Anion_4085,COCCOCCOCCC(=O)[O-],5.873897955,-0.997387939,-2.752787517,-0.933348273,-0.502000949,20
Anion_4086,O=C([O-])C[N+]1=[N+]=C(C(F)(F)F)C2=C1CCCC2,2.806758091,1.006641181,4.23229287,-1.165416827,0.559026949,14
Anion_4087,O=C([O-])C1CC[N+](=c2ccc(C(F)(F)F)c[n-]2)CC1,-2.166455911,3.061807016,-1.167785418,2.287488308,3.072961968,6
Anion_4088,CCOC(=O)C1=[N+]=C(C(=O)[O-])C=[S+]1,-3.443575103,-1.43685841,2.487658964,-0.722880215,-1.825496302,3
Anion_4089,CC(C)(C)OC(=O)N1CCC(N2C=C(C(=O)[O-])C=N2)CC1,-2.125704606,3.673214229,-1.86644615,-0.356309393,4.829589721,19
Anion_4090,CC1=C(C(=O)[O-])[N+]#[N+][N+]1=c1[c-]cc(F)cc1,-2.688709685,0.841331764,1.015474685,-0.699758671,0.344345674,0
Anion_4091,Cc1ccc(CC(=O)[O-])nc1,0.840191698,1.765935346,0.141742209,-0.471501655,-2.013837518,5
Anion_4092,O=C([O-])c1cc2cnc(Cl)nc2n1C1CCCC1,-2.740099732,-2.753704612,1.726431417,-0.238745377,1.13118162,21
Anion_4093,C[N+]1=[N+]=C(C(=O)[O-])C=C1Br,-0.531788156,-1.624590261,-2.034195381,-0.770758476,0.29018693,2
Anion_4094,Cc1ccc(N2C=C(C(=O)[O-])[N+]#[N+]2)cc1,-4.155060956,1.186708956,-0.268047096,-1.435664589,-0.421970278,0
Anion_4095,CCC1=[S+2]=C(Cl)N=C1C(=O)[O-],-0.889978937,-2.742813351,0.485629916,-0.197765353,-0.013077641,8
Anion_4096,O=C([O-])C1=C[S+]=C2C1=NC=[N+]=C2Cl,-3.161364638,-2.701548429,-0.517226997,0.680681318,-1.697578835,8
Anion_4097,O=C([O-])c1cnc2cc(F)ccn12,-1.496270718,-1.207942775,-0.527649085,-1.205226644,-2.001880159,3
Anion_4098,O=C([O-])CCCC(=O)c1ccc(C(F)(F)F)cc1,-1.403050978,1.427102428,0.992597391,1.678717598,-3.167882832,4
Anion_4099,O=C([O-])C1=CN=C2C=CC=[N+]=[N+]12,-2.017594481,-2.067669656,-0.331666078,-0.204366844,-2.192391956,8
Anion_4100,O=C([O-])C(=O)c1ccc(F)cc1F,-1.828461755,-4.151539467,0.391282545,-0.285258975,0.885662553,8
Anion_4101,CC1=CC(=C2N=C(C(=O)[O-])[CH+]O2)C=C[N-]1,-3.860932162,-0.151211291,-0.052120215,-0.304863021,-1.258394252,0
Anion_4102,CC1=C(C(=O)[O-])CCCO1,4.26739616,-0.98263724,-1.156106297,-0.371387838,0.931434328,20
Anion_4103,CC1=NC=C(C(=O)[O-])N1,1.365371317,-1.911603518,-2.060817162,-1.720924098,-1.16656301,17
Anion_4104,CC(=O)C1=CC(C(=O)[O-])=NN1,-2.068841938,-1.474443463,-0.575902323,0.053167152,-1.619113595,8
Anion_4105,C[N+]1=CC(=CC=C([O-])[O-])c2ccccc21,-2.21349309,0.816165502,-2.50886433,0.446374212,1.445424585,10
Anion_4106,CCC1=CC(=C([O-])[O-])C=[S+]1,0.051221384,-0.532682446,-0.869790481,-1.040744966,-0.444457044,2
Anion_4107,CC1=CC(=C([O-])[O-])[S+]=C1C,-0.263458502,-2.117435432,-2.108438008,-0.326487996,0.290987214,2
Anion_4108,CC1=C(C(=O)[O-])[N+]#[N+]N1,1.351031601,-2.810620605,-0.704873318,-0.822216405,-0.909685543,17
Anion_4109,CC1=[N+]=C[S+]=C1CC(=O)[O-],1.545564465,-1.229753221,-0.862815952,0.61607543,-1.356009235,9
Anion_4110,COc1[c-]c(C(=O)[O-])[s+]c1,-0.873750777,-1.594848802,-1.443520222,-1.076742795,-0.457387149,2
Anion_4111,CC[N+]1=[N+]=C(C(=O)[O-])C=C1C,0.785506145,-0.31205343,-2.348433848,-1.240411711,1.036054421,2
Anion_4112,C[N+]1=C(C(=O)[O-])C=[N+]=N1,0.938077713,-4.427366845,-0.632772291,-1.011453626,-1.11999891,17
Anion_4113,CC1=C(Br)C(C(=O)[O-])=NN1C,2.134272826,-2.651650081,-0.278884126,-0.400702716,2.249135978,17
Anion_4114,O=C([O-])CCC(=O)c1ccc[nH]1,0.267684786,-2.714416722,-0.318115525,1.096746759,-2.660903843,17
Anion_4115,O=C([O-])CC[n+]1ccccc1[O-],1.549266398,-0.665984874,-0.872033091,2.308071524,-1.824674353,9
Anion_4116,CC1=[N+]=C(C)C(CC(=O)[O-])=[S+]1,0.943578678,-0.001511514,-0.531594068,-0.112886262,-1.127223503,5
Anion_4117,O=C([O-])c1[c-][n+]2c[n+]#[n+]c-2cc1,-1.498752298,-2.925069128,-0.975072306,0.138938123,-1.244534512,8
Anion_4118,O=C([O-])CCN1CCCCC1=O,3.527512156,0.371558252,-2.25304848,0.825978232,-0.505427215,20
Anion_4119,O=C([O-])CCc1cc(Br)no1,1.518057827,-0.489484057,-1.541562236,2.354507191,-0.932454114,9
Anion_4120,O=C([O-])C1=[S+2]=CC(Br)=C1Br,-0.877205018,-3.742175889,1.485848045,-0.613688169,0.656997057,21
Anion_4121,CC(=O)c1ccc(CC(=O)[O-])s1,-1.682297553,1.180379751,1.249476653,0.31118121,-2.787893178,4
Anion_4122,O=C([O-])c1noc2c1CCCC2,0.05458034,-1.528504263,1.33173274,-1.733127679,0.351483614,3
Anion_4123,O=C([O-])CCc1cc2ccccc2s1,0.554675181,1.069056106,-1.772141937,2.83585222,0.209265856,9
Anion_4124,Cc1[c-]c2[s+]c(C(=O)[O-])nc-2cc1,-4.086530905,-3.495874384,-1.265663776,-0.329105993,1.515595496,15
Anion_4125,O=C([O-])c1cc2ccc(Cl)cc2o1,-3.192065792,-1.816429851,-0.992489366,-1.012884005,0.686753408,15
Anion_4126,Cc1c[n+](CC(=O)[O-])c2cccc[c-]12,0.740978474,0.593528784,1.128031008,-0.599280412,-0.332731669,5
Anion_4127,CC[N+]1=[N+]=C(C(=O)[O-])c2ccccc21,-1.216563734,-1.2607878,-1.043138559,0.103412526,1.033277571,2
Anion_4128,O=C([O-])CCc1c[nH+]c2nccc[c-]12,0.48831902,1.209671139,-1.657980076,2.904564289,-0.404546863,9
Anion_4129,C[N+]1=[N+]=C2CCCCC2=C1C(=O)[O-],0.995989526,-1.38144891,-0.059879718,-1.721730652,1.028133085,17
Anion_4130,O=C([O-])CC[N+]1=[N+]=Cc2ccccc21,0.75023807,1.352454522,2.113109089,0.016524333,-2.017162978,5
Anion_4131,Cc1ccc2c(=O)cc(C(=O)[O-])oc2c1,-4.572539257,-2.318428304,-0.17682131,-1.673629849,0.233917963,15
Anion_4132,COC1=CC=c2oc(=C([O-])[O-])c(C)c2[CH+]1,-2.592053022,-1.118322474,-0.765529834,-0.466137251,1.871452802,15
Anion_4133,O=C([O-])c1ccc(Oc2ccccc2)o1,-1.846321694,0.504674838,0.374402296,-3.043484465,-0.559652711,0
Anion_4134,COc1ccc2c(c1)C(C(=O)[O-])=C(C)N2C,1.037535851,0.529501016,-0.521950698,-0.38242589,0.439148238,5
Anion_4135,O=C([O-])c1ccc(CSCc2ccccc2)o1,0.243116848,-0.262131162,4.481787013,-2.066310824,1.20268582,18
Anion_4136,CC1=CC(=O)C(C(=O)[O-])=NN1c1ccccc1,-1.747018599,-2.71923705,2.411388532,1.395314447,3.89393634,21
Anion_4137,CC1=CC(=C([O-])[O-])[N+](Cc2ccccc2)=N1,-1.01706497,-2.197317587,-0.991117125,-1.169966558,0.378844307,2
Anion_4138,COc1[c-]c2c(CCCC(=O)[O-])c[nH+]c-2cc1,0.975169318,1.742425271,-0.83527977,0.295301293,-0.813461191,5
Anion_4139,O=C([O-])CN1C(=O)c2cccc3cccc1c23,-1.851632722,1.161933449,2.814611205,0.270192185,-2.852730177,4
Anion_4140,O=C([O-])CCC(=O)c1ccc2c(c1)OCO2,-0.55926989,0.818412819,-1.073401618,3.780212351,-1.323668887,13
Anion_4141,O=C([O-])CC[n+]1c(-c2ccccc2)cc2cccc[c-]21,-0.077697432,0.558810729,-1.458918333,2.332612767,-0.201146264,9
Anion_4142,O=C([O-])CCC(=O)c1ccc2c(c1)OCCO2,-1.150779253,1.831271728,-0.789687115,3.420145186,-0.899075531,13
Anion_4143,COc1[c-]c2[nH+]cc(CC(=O)[O-])c-2cc1,-0.565809712,3.754501244,-0.442236027,-0.497610947,0.130362599,16
Anion_4144,O=C([O-])Cc1[c-]c2[nH+]ccc-2cc1,0.736121008,1.815465861,0.194298402,-0.761614717,-1.257519393,5
Anion_4145,O=C([O-])CCc1cnc2ccccc2c1,-0.950383187,1.697154914,-0.476304416,3.300277711,-1.646697732,13
Anion_4146,O=C([O-])c1[c-][n+]2c(c1)CCCC2,1.892338824,0.708916023,-2.929576318,-0.326883526,1.63808822,1
Anion_4147,O=C(c1[c-]c(C(=O)[O-])[nH+]c1)c1ccccc1,-3.624665243,0.348691328,0.911978045,-1.016124192,-1.378977089,0
Anion_4148,Cc1cccc2c(CC(=O)[O-])c[nH+][c-]12,0.223239756,2.578807452,-0.591632823,-0.461145512,-0.463458544,5
Anion_4149,O=C([O-])c1c[n+]2c3c(cccc3c1[O-])CCC2,-2.703812953,-0.353804336,-1.382114137,0.735982121,0.699903437,15
Anion_4150,O=C([O-])CC[n+]1ccc[n-]1,3.441480871,-0.319783859,-1.337557578,0.509534539,-1.317632617,20
Anion_4151,C[n+]1c([O-])[n+](CC(=O)[O-])c2cccc[c-]21,1.419010214,0.698071964,0.979444197,-0.817818141,-1.169284931,5
Anion_4152,O=C([O-])Cc1cncnc1,0.465286354,-1.324899271,0.35273132,0.410070022,-2.296035029,3
Anion_4153,O=C([O-])C1=CC(=C2C=CC(Cl)=C[CH+]2)[NH+]=N1,-3.279203943,2.320047458,0.476351124,-1.318322992,0.011514977,0
Anion_4154,Cc1ccc[n+]2c1=NC=C(C(=O)[O-])C=2[O-],-1.74785433,-2.489869438,1.15794018,1.464820976,1.682196363,21
Anion_4155,O=C([O-])CC1=CC=[N+]=[S+]1,1.371438206,-1.196788407,0.078394945,0.203407032,-2.740431091,5
Anion_4156,Cc1noc(C(C)C)c1C(=O)[O-],2.357162872,-2.033679405,2.319521056,-0.552275833,1.090579394,7
Anion_4157,O=C([O-])c1conc1-c1ccccc1,-0.391540219,-1.747658326,0.566948961,-1.583102978,-1.427610418,3
Anion_4158,O=C([O-])C1=[N+]=[N+](Cc2ccc(F)cc2)c2ccccc21,-2.879790368,0.174850058,-1.205671244,-0.270154445,1.919892433,10
Anion_4159,CCCC1=CC(=C([O-])[O-])O[N-]1,-2.218772267,-2.362787989,-1.68701125,-0.762831958,1.28360489,15
Anion_4160,C[n+]1c([O-])c2c(ncn2CCCC(=O)[O-])[n+](C)c1[O-],-1.228980156,3.122872898,0.459009492,-0.614043036,-2.289311405,16
Anion_4161,CC1=[N+]=CC(CCC(=O)[O-])=[S+]1,1.378260359,0.465379957,-1.625170535,2.70404759,-0.496522272,9
Anion_4162,O=C([O-])CCN1C(=O)COc2ccccc21,1.049413068,-0.078347086,-1.524626632,2.225557046,-1.353372789,9
Anion_4163,O=C([O-])C(=Cc1cccs1)c1cccs1,0.778077752,-4.027933509,3.731463046,2.477563382,1.769973233,21
Anion_4164,O=C([O-])C1=C[S+]=CC1=C1C=CC=C[CH-]1,-0.243105071,-1.524335793,0.328266722,-1.090357702,-0.579146109,3
Anion_4165,COC(=O)C1=C[S+]=CC1=C([O-])[O-],0.710493592,-2.942174757,0.686619363,0.431036316,-0.610435071,17
Anion_4166,O=C([O-])CN1C(=O)Cc2ccccc2C1=O,0.418912088,1.846832123,5.442539613,-0.239604382,-1.290280757,18
Anion_4167,O=C([O-])Cc1ccc(-[n+]2[c-]ccc2)cc1,-0.881348315,2.900201244,0.06064168,-0.815028802,-0.566703537,16
Anion_4168,Cc1cc(OCCCC(=O)[O-])ccc1Cl,1.549720079,2.025684465,2.440439668,-1.081460236,-1.665527376,18
Anion_4169,CCCCCCCCCCSCCC(=O)[O-],0.145296118,5.41259629,-1.716567769,-1.037886652,1.760618782,16
Anion_4170,CCCCCC(=O)CCCCCC(=O)[O-],2.499391761,-0.389283834,-1.574291609,1.476679811,-1.232664405,9
Anion_4171,CCCCCCCCCCCCC(C)(C)C(=O)[O-],0.045403955,7.765692622,-1.712924601,1.864413455,6.966952399,19
Anion_4172,CC(C)(Oc1ccc(-c2ccccc2)cc1)C(=O)[O-],-0.152271752,1.065091898,0.357037482,3.781381212,3.129808986,6
Anion_4173,O=C([O-])Cc1ccc(C2CC2)cc1,0.580327808,2.401072749,-0.363808141,-0.642858271,-0.62103967,5
Anion_4174,CN(CC(=O)[O-])C(=O)CN(C)C(=O)OC(C)(C)C,3.217010059,-0.124024165,-0.405167615,-0.010936887,0.432708318,20
Anion_4175,O=C([O-])CSCc1ccc(F)cc1,0.791613378,-0.074138093,-1.020402592,0.414845439,-0.175951856,9
Anion_4176,O=C([O-])Cc1ccc(-c2cccc(F)c2)cc1,-1.992818202,3.446587346,0.296921835,0.027939188,-0.498792282,16
Anion_4177,N#CC1(C(=O)[O-])CCC1,4.079710742,-3.687630504,0.811607802,-0.686502801,1.467611879,17
Anion_4178,Cc1cccc(CCC(=O)[O-])c1C,2.087934722,1.128297202,-1.882436662,1.514608668,0.044451377,9
Anion_4179,COc1ccc(SCCCC(=O)[O-])cc1,2.476631182,2.07263357,4.104494534,0.346676182,-0.036107959,14
Anion_4180,O=C([O-])CCCC(=O)c1ccc(-c2ccccc2)cc1,-1.168367003,3.017233541,3.83360114,1.278969722,-1.671389465,18
Anion_4181,CC(C)(Oc1ccc(C(F)(F)F)cc1)C(=O)[O-],0.741025139,1.051020901,1.608761263,0.486427474,0.944648175,7
Anion_4182,O=C([O-])CC1(c2ccccc2)CCCC1,2.527899274,1.295616972,-0.663477574,0.951914061,-0.856564043,9
Anion_4183,Cc1cccc(OC(C)(C)C(=O)[O-])c1,2.643776839,-1.036194748,0.8194834,1.640293707,1.444721733,7
Anion_4184,CCCOc1ccc(CCC(=O)[O-])cc1,0.279480782,3.63209407,-1.642755757,2.070669941,0.622451409,6
Anion_4185,C=C1CCC(C(=O)[O-])CC1,4.031192625,-0.283501454,-1.312433377,0.894184445,0.460012804,20
Anion_4186,CC(C)(CCCc1ccccc1)C(=O)[O-],1.342231855,2.784533585,1.177124191,1.211564222,1.157344659,6
Anion_4187,COc1ccc(C2(C(=O)[O-])CCC2)cc1,2.435918227,0.679847518,0.612664624,2.210803476,2.138234273,7
Anion_4188,Cc1ccc(C(=O)CCCC(=O)[O-])cc1C,-0.225926546,1.495777553,1.177725129,1.054600966,-2.703579271,4
Anion_4189,CC(=CC(=O)[O-])C(=O)c1ccc(Br)cc1,-2.19029113,-1.682257412,3.020443961,2.54203569,2.483582798,21
Anion_4190,O=C([O-])Cc1ccc(SC(F)(F)F)cc1,-0.40226563,2.387002065,-0.433228574,-0.158671654,-0.22805356,5
Anion_4191,CCCCCCOc1ccc(CCC(=O)[O-])cc1,-2.036247601,6.526667749,-1.629921319,2.031477701,2.216202178,19
Anion_4192,O=C([O-])Cc1ccc([S+]=c2[c-]cccc2)cc1,-0.70233647,2.222798964,-0.07265382,-0.068986136,-0.500189106,5
Anion_4193,COc1ccc(C2(C(=O)[O-])CCCCC2)cc1,3.235766078,0.444543696,2.279225482,2.829515495,3.086455616,7
Anion_4194,COc1ccc(C(=O)CCCCCC(=O)[O-])cc1,1.060488206,-0.26409702,-1.140506241,3.618918578,-2.037359498,13
Anion_4195,COc1ccc(C(=O)CCCC(=O)[O-])c(OC)c1OC,-0.971638397,2.192012136,-1.149794665,2.929512851,-0.215021491,6
Anion_4196,CC1=CC=C(C)C(=C([O-])CCCC(=O)[O-])[CH+]1,-0.652476718,1.912974065,0.889708059,0.625629727,-3.077323995,4
Anion_4197,O=C([O-])c1c[c+]o[c-]1Cl,1.648167584,-2.496108178,-1.345949779,-1.116834869,-0.808348903,17
Anion_4198,O=Cc1cc(Cl)ccc1OCC(=O)[O-],-1.310259898,-0.43472382,0.521771017,1.673978216,-1.998029115,4
Anion_4199,COc1ccc(C=CC(=O)[O-])cc1Br,-3.426109939,1.214995443,-1.734000704,0.183225761,1.003917402,10
Anion_4200,COC1=CC=CC(=CC=C([O-])C(=O)[O-])[CH+]1,-4.791281504,-0.642286639,1.808632485,-1.49763802,-1.682600814,0
Anion_4201,Cc1cc(Br)ccc1CC(=O)[O-],0.464200537,1.091374815,-0.603204071,-0.839570465,-0.55409518,5
Anion_4202,CCOc1ccccc1CC(=O)[O-],1.582045962,-0.455104584,-1.096700795,-0.390572876,0.048545272,20
Anion_4203,O=C([O-])Cc1ccc2cc(Br)ccc2c1,-2.412456831,2.451136592,0.598773993,0.758594202,-0.644730163,4
Anion_4204,O=C([O-])CCOc1ccccc1Br,1.065571719,1.316059853,0.733493898,0.043726554,-1.323190518,5
Anion_4205,CS(=O)(=O)c1ccc(CCC(=O)[O-])cc1,0.787028469,0.865074057,-1.331714729,3.147258555,-1.089510757,13
Anion_4206,O=C([O-])CCC1(c2ccccc2)CCCCC1,0.814358397,1.771111364,-1.25284835,0.158010589,0.002301796,5
Anion_4207,O=C([O-])CCCc1ccc(Oc2ccccc2)cc1,-0.826691785,4.137998779,0.381629128,-1.318751167,-0.968255597,16
Anion_4208,O=C([O-])COc1ccc(Cl)cc1F,0.707823384,0.437069777,-0.822419943,0.706270844,-0.727462331,9
Anion_4209,Cc1ccc(C2=CC(C(=O)[O-])=NN2)cc1,-3.089710732,2.486730364,-0.71440224,-1.726383201,-0.107361229,0
Anion_4210,O=C([O-])CN1CCCCC1=O,3.739302736,1.015354345,0.859811579,-2.095830211,-0.88307242,20
Anion_4211,O=C([O-])C1(c2ccc(Cl)c(Cl)c2)CC1,0.86085852,-1.166606877,1.378797568,1.484369061,2.080757811,7
Anion_4212,C=CCCC(=O)C(=O)[O-],-0.339725673,-3.344691964,-0.541927946,-0.725267032,0.045759049,17
Anion_4213,CCCC1=C(C(=O)[O-])C=[N+]=[N+]1c1ccccc1,-0.748791541,1.25560203,0.200583052,-0.09102599,0.378811879,5
Anion_4214,CC1=CC=CC(=C2N=C(CCC(=O)[O-])O[N-]2)[CH+]1,-0.837862384,2.253558736,-1.140540735,4.048986537,0.160177011,6
Anion_4215,O=C([O-])CCC(=O)c1cccc(C(F)(F)F)c1,-1.376876434,0.823130622,-0.668092247,3.860369644,-1.655735418,13
Anion_4216,O=C([O-])c1c(-c2ccccc2)nc2ccccn12,-0.1605957,-2.309969668,3.696757764,0.654431662,2.353856727,21
Anion_4217,O=C([O-])CN1C(=O)C[S+]=C2C=CC=C[C-]21,1.579614442,0.369002445,2.65779525,0.627381443,-0.762828721,14
Anion_4218,O=C([O-])C[n+]1cc(Cl)c([O-])c(Cl)c1,-0.834523973,-1.248983083,0.579395564,-0.159613827,-1.820281906,3
Anion_4219,O=C([O-])Cc1ccc(-c2ccccn2)cc1,-2.294447239,3.255722113,0.742758434,0.017210341,-0.938221572,16
Anion_4220,O=C([O-])Cc1c[nH+]c2cccc(Br)[c-]12,0.071755823,1.586350403,-1.236926956,0.415631324,-0.622589112,5
Anion_4221,O=CC1=[S+2]=CC=C1C(=O)[O-],-1.985908382,-4.077755554,-0.452812074,0.606841159,-2.001385832,8
Anion_4222,C=CCOCCCC(=O)[O-],2.930060384,0.801914012,-0.566005011,-0.597622157,-2.261544516,20
Anion_4223,O=C([O-])c1cc(Cl)c(Br)s1,-2.584833943,-3.860118162,-1.346466573,-0.437225595,0.598331673,8
Anion_4224,C[N+]1=[N+]=[N+]=[N+]=C1SCC(=O)[O-],1.125334996,-2.610504252,-0.33579844,1.755172841,-2.071169831,17
Anion_4225,O=C([O-])c1c[n+]2c([n-]1)=[S+2]=C(Br)C=2,-2.197056279,-0.67864861,-2.153015784,0.853812038,0.722521688,15
Anion_4226,CC(C)N1C=C(C(=O)[O-])c2ccccc21,0.229074167,0.180719542,-1.092253806,0.151507396,1.671676503,2
Anion_4227,CC1=CC(=C([O-])[O-])[C+](C(F)(F)F)O1,2.005093119,-1.974919397,3.31239417,0.010728467,2.532606327,7
Anion_4228,O=C([O-])C1=[N+]=[NH+]c2cc(Cl)ccc21,-2.268439561,-0.405476966,-0.284564318,-1.851608634,-1.477635134,3
Anion_4229,CC(C)(C)OC(=O)N(CC(=O)[O-])CC1CCCCC1,4.008285205,2.018144987,1.860100577,-0.072424339,2.560197071,7
Anion_4230,O=C([O-])c1c[n-]o[c+]1C1CC1,1.494528748,-1.986606491,0.885000174,-0.907699796,-0.539403908,17
Anion_4231,Cc1cccc2[nH+]cc(CC(=O)[O-])[c-]12,0.810739114,1.706339279,-0.810167697,0.183346161,-0.090882828,5
Anion_4232,O=Cc1ccccc1C=CC(=O)[O-],-3.174162479,-1.210306495,0.212192478,1.135181022,-1.047785764,15
Anion_4233,CC1=C(C(=O)[O-])C=[N+]=[N+]1c1ccc(F)cc1,-1.438894357,1.760430916,-0.102623485,-0.503971273,0.256611352,10
Anion_4234,O=C([O-])C1(C(F)(F)F)CCCCC1,6.493568395,-2.03353939,0.923695304,-0.765998675,2.94955623,11
Anion_4235,Cc1cccc(C)c1CCC(=O)[O-],2.471414029,0.542356036,-1.722808203,1.736936294,0.007907908,9
Anion_4236,O=C([O-])c1ccc2ncc[n+]-2[n-]1,-2.650707651,-3.108317419,-0.598427301,-0.017535482,-0.871916344,8
Anion_4237,COc1ccccc1C(=O)CCCC(=O)[O-],-0.078928862,1.286425373,-1.251028242,4.005644805,-0.861607415,13
Anion_4238,Cc1ccc(C2=[N+]=[N+](c3ccccc3)C=C2C(=O)[O-])cc1,-2.158802264,0.046571777,0.790798456,-0.379710804,2.833585191,10
Anion_4239,O=C([O-])CCc1cccc(F)c1F,2.170839225,0.297357672,-1.459776486,1.917768067,-1.071200775,9
Anion_4240,O=C([O-])C[S+]=C1C=[N+](Cc2ccccc2)c2ccccc21,0.626317996,0.112269196,-1.711667036,2.028591778,0.610203062,9
Anion_4241,O=C([O-])c1cc2ccccc2n1Cc1ccc(Cl)cc1,-0.668214775,-1.076362643,4.343197001,-0.348772791,2.761737643,21
Anion_4242,C=CC[N+]1=CC=CC1=C([O-])[O-],1.467637841,-0.081160891,1.403992279,-1.295372071,0.071828504,5
Anion_4243,CCC1(C(=O)[O-])CCN(C(=O)OC(C)(C)C)CC1,3.327531052,2.759885011,2.480481015,-0.228582974,3.502799192,7
Anion_4244,O=C([O-])C=Cc1ccc(Cl)cc1F,-2.896195311,-0.305604804,-1.373975089,0.700409089,-0.009783847,15
Anion_4245,CCN1C=C(C(=O)[O-])c2ccccc21,0.060987931,0.144905212,-1.799774652,0.011221121,0.891128938,2
Anion_4246,O=C([O-])c1c[n+]2cc(Br)ccc2[n-]1,-3.304850303,-0.423838403,-1.228981123,0.074066687,0.189363484,15
Anion_4247,C[N+]1=[N+]=C(c2ccc(C(=O)[O-])s2)C=C1C(F)(F)F,-4.51645516,0.900322907,-1.118253456,-0.519608808,1.393075887,10
Anion_4248,COc1[c-]c2nc(C(=O)[O-])[nH+]c-2cc1,-3.518624107,-2.073859297,-1.4795652,-1.062266424,1.000731605,15
Anion_4249,CC(C)CC1=CC(=C([O-])[O-])[N-]O1,-1.690098076,-0.930942641,-1.379784509,-1.330510237,0.375073759,2
Anion_4250,O=C([O-])C1=CC2=CC(Cl)=[N+]=CC2=[NH+]1,-3.049305175,-3.415648579,-1.552608422,0.372015616,0.656516907,15
Anion_4251,O=C([O-])c1cc2c([nH]1)=C(Br)C=[S+2]=2,-1.819086648,-1.628738397,-1.293044634,-1.112296432,-0.313621516,2
Anion_4252,N#Cc1ccc(N2CCC(C(=O)[O-])CC2)nc1,-0.634825872,1.368805138,-0.920965149,4.143504925,1.358377866,6
Anion_4253,O=C([O-])C1=[S+2]=CC=C1C(F)(F)F,0.571089208,-3.60064487,3.617622233,0.316670277,0.901099468,21
Anion_4254,CC1=C(C(=O)[O-])C=[N+]=[N+]1C(C)(C)C,1.737091132,0.372206849,-1.266696,-0.62253366,1.219992889,20
Anion_4255,COc1cccc2c(C(=O)[O-])c[nH+][c-]12,0.002235454,1.135474832,-2.264323593,-0.333112864,-0.005277231,2
Anion_4256,O=C([O-])C1=C[N+](=c2[c-]cc(F)cc2)C=N1,-2.346431316,2.161227806,-0.006929873,-0.981001743,-0.292018557,10
Anion_4257,O=C([O-])CCOc1cccc(F)c1,1.226315002,1.793606097,1.301490682,-0.609609272,-1.230867483,5
Anion_4258,O=C([O-])Cc1cc(F)ccc1C(F)(F)F,2.318674687,0.360872783,1.844220246,0.313855047,-0.45090807,14
Anion_4259,CC1=C(Cl)C(C(F)(F)F)=[N+]=[N+]1CC(=O)[O-],2.19233907,0.428991962,3.894812831,-1.29509026,0.04219962,14
Anion_4260,COC1=CC=CC(=C2C=C(C(=O)[O-])[N-]O2)[CH+]1,-4.786646085,-0.863472632,-1.457030192,0.155302437,2.463203227,15
Anion_4261,CC(C)(Oc1ccccc1F)C(=O)[O-],2.933414186,-0.498004232,1.234735333,1.503028934,1.060988906,7
Anion_4262,C[N+]1=NC=C(C(=O)[O-])[C-]1C(F)F,1.871994118,-1.721435498,0.946163557,-0.177766571,0.231519761,17
Anion_4263,COc1ccc(CC(=O)[O-])c(F)c1,0.496865837,1.983470852,0.332948662,-1.771636846,-0.97938325,5
Anion_4264,O=C([O-])CCOCCN1C(=O)C=CC1=O,-3.317409836,1.460503534,2.388268603,3.4950514,-4.845779159,4
Anion_4265,CCN1C=C(C(=O)[O-])C(C)=N1,1.663983209,-0.038928713,-1.543622344,-1.300583691,0.449240677,20
Anion_4266,O=C([O-])CCCc1cccc(Br)c1,0.617667618,2.202234997,-1.372383628,1.403815785,-0.137747236,6
Anion_4267,CC(C)(CC(=O)[O-])C(F)(F)F,5.085592391,-0.415951267,-3.393592098,-1.595737227,0.776899694,1
Anion_4268,O=C([O-])CC1=CC=[N+]=C(Cl)[CH-]1,0.220436549,-0.918079949,-0.481116983,0.807503568,-1.081752311,2
Anion_4269,CC1=C(C(=O)[O-])C=NN1,3.229833677,-1.527757327,-1.346503674,-0.950042248,-0.591600003,20
Anion_4270,O=C([O-])C1(c2ccc(Cl)nc2)CC1,0.74423464,-1.223448948,1.994634341,1.852308874,1.054051531,7
Anion_4271,O=C([O-])C1=CN=[N+]2C=C(Br)C=[N+]=C12,-3.366361287,0.224892967,0.286569967,-0.316830829,-2.54253701,4
Anion_4272,C[N+]1=CC(Br)=CC1=C([O-])[O-],1.189566811,-1.304881909,-1.013690178,-1.557479861,0.551294726,17
Anion_4273,O=C([O-])COC(F)F,5.461091883,-0.834364189,-2.067511928,-3.168045511,-0.820262083,20
Anion_4274,O=C([O-])C=Cc1c(-[n+]2c[n+]#[n+][n-]2)ccc(Cl)c1F,-3.191209877,-1.923152538,0.83091156,1.895995207,0.600314795,15
Anion_4275,COc1[c-]c2cc[n+](CC(=O)[O-])c-2cc1,-0.795715988,2.396264803,1.643203303,-1.719804821,-0.075603062,16
Anion_4276,COc1cc(CC(=O)[O-])ccc1F,1.182967981,0.834318526,-0.357812739,-0.98900247,-1.428818459,5
Anion_4277,C=C(C(=O)[O-])c1ccccc1F,0.412397081,-1.642808101,1.441923878,-1.501545849,-0.449467972,3
Anion_4278,N#Cc1ccc(C(F)(F)C(=O)[O-])cc1,-1.795807104,-2.974267612,-0.210495901,2.077668529,0.443009585,8
Anion_4279,O=C([O-])C1=[S+2]=c2cc(C(F)(F)F)ccc2=C1Cl,-3.371780961,-2.858967789,1.509400873,0.404972947,2.70423782,21
Anion_4280,CC(=O)c1ccc(C(F)(F)C(=O)[O-])cc1,-2.470084113,-2.049828897,0.4827342,1.901357719,0.222436353,15
Anion_4281,O=C([O-])Cc1cnccn1,0.127183631,-1.057399004,0.584885009,1.11720188,-2.457793862,3
Anion_4282,O=C([O-])c1cc[n+]2nccc-2[n-]1,-2.78817123,-3.016521003,-0.624777973,0.128429563,-1.031492809,8
Anion_4283,O=C([O-])C1=CC2=C(Br)C=[N+]=CC2=[S+]1,-3.912720704,-3.341330113,-0.465392333,-0.418826623,0.198478098,15
Anion_4284,O=C([O-])C1(F)CCC1,5.999651986,-0.852549255,-1.025893017,-2.073338882,0.008192626,11
Anion_4285,O=C([O-])c1[nH+]nc[c-]1Br,0.447081014,-4.238685195,-0.88283299,-1.52828187,-0.95131673,17
Anion_4286,N#CC(=Cc1cccs1)C(=O)[O-],-4.232920116,-2.940811829,-0.253850465,0.018577459,-0.783848471,8
Anion_4287,O=C([O-])C=Cc1cn[n+](-c2ccccc2)[n-]1,-4.785005952,0.596334336,-1.633382397,1.235789587,1.323771275,10
Anion_4288,O=C([O-])CCC(=O)c1c[s+]c2cccc[c-]12,-1.096197881,0.73219056,-0.882594079,4.062089709,-1.53890285,13
Anion_4289,CC1=CC(C(=O)[O-])=CN1,2.765845292,0.116495905,-2.827905785,-1.512098058,-0.531152575,20
Anion_4290,CC1=COC(=C([O-])[O-])[CH+]1,0.906641342,-1.98549193,-2.138698286,-1.188249265,-0.303817247,17
Anion_4291,CC1=CC(C(=O)[O-])=C(C)N1C,2.716766738,0.341608025,-2.635001479,-0.812010553,0.76805543,20
Anion_4292,CC(C)c1ccc(C(=O)[O-])s1,-0.153525194,-1.080928327,0.298673506,-0.930903516,0.427574529,2
Anion_4293,CC1=[N+]=C(C(=O)[O-])[S+]=C1C,-1.702876568,-3.795535974,-1.616693388,-0.489075412,0.300081883,8
Anion_4294,CC1=[N+]=CC=C[C-]1CC(=O)[O-],1.176438765,-0.538476104,-0.368760997,-0.047381246,-1.15761209,5
Anion_4295,CCc1onc(C)c1C(=O)[O-],1.373144773,-2.428052707,-0.571083596,-1.05422139,-0.252740531,17
Anion_4296,C[N+]1=CC=[N+]=C1SCC(=O)[O-],2.754676133,-1.05476759,-1.419941094,0.871300135,-0.618003024,20
Anion_4297,O=C([O-])c1cc2ccccc2c(=O)s1,-4.358101544,-2.915310427,-0.31896806,-0.709586422,0.163187112,15
Anion_4298,O=C([O-])c1onc2c1CCCC2,-0.623080357,-2.394318319,1.133100596,-1.539704726,0.460630721,3
Anion_4299,COC1=C[C-](CCC(=O)[O-])O[N-]1,1.945668616,0.363616187,-1.948362606,2.281526354,-0.226317743,9
Anion_4300,Cc1ccc(C(=O)CCC(=O)[O-])s1,-0.062023801,-0.13920853,-0.798959972,4.313675109,-2.058154471,13
Anion_4301,Cc1ccc(C)c2c1=CC(=C([O-])[O-])[NH+]=2,-1.719726153,-1.856338971,-1.310229811,-0.610675682,1.378429814,15
Anion_4302,COc1c(C(=O)[O-])[nH+]c2cccc[c-]12,-0.524893368,-1.419641691,-0.949561665,-0.252358931,0.32551344,2
Anion_4303,O=C([O-])C1(c2ccccc2)CCOCC1,3.919877409,-1.176197832,2.232212656,2.001134631,1.845735521,7
Anion_4304,C[N+]1=[N+]=C(C(=O)[O-])c2ccccc2C1=O,-1.160799156,-3.272033048,1.492826228,0.25312068,1.126261363,21
Anion_4305,Cc1cc2ccccc2n1CCC(=O)[O-],1.137459628,1.421574967,1.174917734,-0.032101991,-0.495013592,5
Anion_4306,CC1=CC(C(=O)[O-])=C(C)N1c1ccccc1,-0.95516935,2.161977932,-0.751450554,-0.465945905,0.792756774,10
Anion_4307,O=C([O-])C1=Cc2ccc3c(c2=[NH+]1)=[N+]=CC=C3,-4.197849162,-0.580813958,-0.329127465,-0.881838301,-0.430924575,0
Anion_4308,CC1=[N+]=c2ccccc2=[N+]1CCC(=O)[O-],0.72798972,1.011860575,0.659399163,-0.08855453,-1.064769188,5
Anion_4309,CCOC(=O)c1c(CCC(=O)[O-])c[nH+][c-]1C,1.475053205,1.300040116,-1.47503311,1.586651928,0.066053956,9
Anion_4310,O=C([O-])CC1=CC(=O)[N+](=c2[c-]cccc2)N1,0.326509884,0.17344061,4.626213109,-1.940128596,-1.487527136,18
Anion_4311,CCCOc1ccc2c(c1)OC(=O)C(C(=O)[O-])C2,-1.068287856,1.54733653,0.591173747,0.747457412,2.061539941,6
Anion_4312,CCOC1=C(C(=O)[O-])[N-]C(=C2C=CC=C[CH-]2)O1,-1.539790305,-0.128268866,1.866143726,0.192798204,1.713525828,10
Anion_4313,CCN1CCC(C(=O)[O-])CC1,5.011597126,0.787598233,-2.448753164,-0.518298826,1.79996104,1
Anion_4314,CC1=CC=[N+](C)C1=C([O-])[O-],3.982701406,-1.765451631,-0.398068635,-0.214171894,0.952108062,20
Anion_4315,O=C([O-])C[n+]1ccc2ccccc2c1[O-],-0.623956348,1.740641037,2.798721301,-1.739072425,-1.835143749,18
Anion_4316,O=C([O-])c1ccc(Br)[nH]1,0.161231395,-1.634762224,-1.617005081,-1.673718474,-1.175478745,2
Anion_4317,O=C([O-])CCC(=O)C1=CC=[N+]=C[CH-]1,-0.662955442,-0.814824496,-0.200604677,4.168441174,-2.942755849,13
Anion_4318,O=C([O-])CCCC(=O)c1ccccn1,-0.785695998,0.845264453,1.496326424,1.042777538,-4.106570733,4
Anion_4319,O=C([O-])CCCC(=O)c1cccnc1,-0.514723891,0.624614862,1.297809651,1.138400084,-4.018792248,4
Anion_4320,O=C([O-])c1cn[n+]2ccnc[c-]12,-1.505366574,-1.451426224,-0.475221478,0.053038757,-2.329352425,3
Anion_4321,O=C([O-])CCC1=[N+]=[N+]=C(c2ccccc2)O1,0.280648393,0.840785138,-0.915577165,4.178474264,-0.937422402,13
Anion_4322,O=C([O-])C[n+]1c(-c2ccccc2)nc2cccc[c-]21,1.657283787,0.034325499,5.015072989,1.890862134,0.89749538,14
Anion_4323,O=C([O-])CC1=CC(=C2C=CC=C[CH+]2)O[N-]1,-1.66191773,2.238627166,0.936157778,0.017652645,-2.121879831,4
Anion_4324,CC1=[N+]=[N+](c2ccccc2)C2=[S+2]=C(C(=O)[O-])C=C12,-4.337989932,0.158620672,-0.879136835,-2.090949311,1.644611955,0
Anion_4325,C[N+]1=NC=C(C(=O)[O-])[C-]1Br,1.440675963,-1.414053308,-0.95655901,-0.551199092,-0.441046876,17
Anion_4326,CC1=CC(=C([O-])CCC(=O)[O-])C=C[C+]1Cl,-0.970204696,0.622073007,-0.608331889,3.593875412,-1.942352589,13
Anion_4327,COc1ccccc1-c1noc(C)c1C(=O)[O-],1.927762066,-1.839957029,4.851120378,-0.328012944,1.50125528,14
Anion_4328,COc1ccc(-c2noc(C)c2C(=O)[O-])cc1,0.462567413,-1.377002161,2.055063511,-0.914961985,0.784077381,3
Anion_4329,Cc1cccc2c(CC(=O)[O-])[n-]o[c+]12,-0.111569874,-0.833892474,-1.741294999,2.703638077,-0.603202365,13
Anion_4330,CC(C)(C)[N+]1=[N+]=[N+]=C(CC(=O)[O-])[N-]1,-0.067578928,1.637985556,0.383661539,-0.009140436,-1.755592376,5
Anion_4331,CC1=C(C(=O)[O-])[N-][N+](c2ccc(C)cc2)=N1,-3.587484138,0.824785854,0.389018445,-1.891342453,0.541420843,0
Anion_4332,O=C([O-])C[n+]1cnc2ccc(Br)cc2c1[O-],-1.432942021,2.166488864,4.830595675,-0.885338926,-0.537426861,18
Anion_4333,O=C([O-])CC1=[N+]=CC=C[N-]1,0.7431311,-0.00519771,0.629672505,0.462018615,-2.486864428,5
Anion_4334,O=C([O-])C1=CC(=C2C=CC=C[CH+]2)[N+]#[S+2]1,-4.282001002,-1.312472003,-0.064535084,-1.352564033,-0.244318901,0
Anion_4335,O=C([O-])c1cn[n+](-c2ccc(Cl)cc2)[n-]1,-4.3330969,0.571587277,0.292120736,-1.656471555,-0.331347516,0
Anion_4336,C[n+]1c(CCC(=O)[O-])nc2cccc[c-]21,0.983486699,0.714590943,-1.755183867,2.525988411,-0.425831212,9
Anion_4337,CC1=[N+]=[N+](Cc2ccccc2)C(C)=C1CC(=O)[O-],1.486936265,3.281421974,3.468858035,-1.219795927,-0.635936837,18
Anion_4338,O=C([O-])c1ccc2c(c1)C(=C1C=CC=C[CH+]1)O[N-]2,-4.607282832,0.913698142,1.640458926,-0.777223352,-1.633453773,0
Anion_4339,O=C([O-])C(=O)c1ccc(Br)s1,-3.90222245,-3.274019037,1.293837758,0.189590326,-0.879965013,8
Anion_4340,O=C([O-])CCC1=[N+]=CC(=C2C=CC(Cl)=C[CH-]2)O1,-4.0336717,6.499084782,1.437749408,-1.540178193,-0.772153556,16
Anion_4341,COc1ccc(C2=CC(=C([O-])[O-])[N-]O2)cc1OC,-5.956080771,1.260929126,-0.89074462,-1.401599516,2.771295902,0
Anion_4342,COc1ccc(C2=[N+]=C(C(=O)[O-])C=[S+]2)cc1,-4.787304448,2.132230999,0.697733531,-2.759797935,-1.285096605,0
Anion_4343,COc1ccc(C[N+]2=[N+]=[N+]=C(C(=O)[O-])[N-]2)cc1,-4.083389998,0.215478001,-0.747860517,-1.226011483,0.989672464,0
Anion_4344,COc1cccc2c1=CC(C(=O)[O-])=[S+2]=2,-2.948197594,-1.203280734,-1.227181057,-0.928372682,0.879869164,15
Anion_4345,O=C([O-])CCc1cccc2c1OCO2,2.17962911,0.569797047,-1.735249056,1.457248475,0.015833872,9
Anion_4346,CC1CC(=O)Oc2ccc(OCC(=O)[O-])cc21,-0.239859979,0.907294499,-0.837135968,0.566766381,-1.1514868,5
Anion_4347,N#CC1=CC=[S+2]=C1C(=O)[O-],-2.182899125,-4.846856977,-0.607115143,-0.385762859,-1.174849883,8
Anion_4348,O=C([O-])c1ccc(CS(=O)(=O)c2ccccc2)o1,-2.356945872,-1.210422867,-0.296284811,-1.410932971,-1.159856181,3
Anion_4349,COC1=CC=CC(=c2ccc(=C([O-])[O-])o2)[CH+]1,-2.546938589,0.236122036,0.876632353,-1.813368995,-0.292650985,0
Anion_4350,COc1ccc2c(c1)C=C(C(=O)[O-])CO2,-2.431272946,0.240765286,0.060918014,-1.311325789,0.471134076,10
Anion_4351,COc1cc2c(cn1)=[NH+]C(=C([O-])[O-])C=2,-3.130333077,-2.17431937,-1.78278401,0.4453936,1.010822607,15
Anion_4352,Cc1ccc(CCC(=O)[O-])s1,1.892657504,0.866602685,-1.938442163,2.366874624,-0.291609374,9
Anion_4353,CC(C)(C(=O)[O-])c1cccs1,3.049873595,-1.42011189,0.776587816,1.599304489,0.754983494,7
Anion_4354,CC(=O)CCC(C)(C)C(=O)[O-],3.125355102,0.122315484,1.026196904,1.600105541,-0.019453814,7
Anion_4355,C=C(C)CCCCCC(=O)[O-],1.490473102,3.935724535,-1.039552216,-0.47794559,-0.318626268,16
Anion_4356,COC(=O)CCCCCCCCCCCCC(=O)[O-],1.647258314,2.552444831,-1.934515426,1.627308196,0.258702285,9
Anion_4357,CC1(C)C=C(C(=O)[O-])C1,2.282663157,-2.418740416,-0.90915766,-0.182104116,0.492733619,17
Anion_4358,N#CC1CC2(C1)CC(C(=O)[O-])C2,2.379159747,2.348629039,-0.534142278,-0.274698481,0.126111785,5
Anion_4359,O=C([O-])CCC[S+]=c1[c-]cc(F)cc1,1.254302782,1.806481712,1.651129667,-0.97536841,-2.171131523,5
Anion_4360,Cc1ccc(OCCC(=O)[O-])c(C)c1,-0.675165085,4.317558554,0.10695345,-1.832581119,-0.321954814,16
Anion_4361,O=C([O-])C1(c2ccc(Cl)cc2Cl)CCCC1,1.987660149,-1.082907653,2.415712684,2.218080005,2.539326864,7
Anion_4362,O=C([O-])CCOc1cccc(Cl)c1Cl,-0.099085053,1.953234485,0.75034963,-0.138391976,-1.480382102,5
Anion_4363,C=C(CN(CC)CC)C(=O)[O-],1.799962236,-1.466106831,-1.572992778,-0.35324555,-0.248766761,20
Anion_4364,O=C([O-])COC(F)(F)F,4.689236032,-0.664760771,-1.885334318,-3.126765232,-0.22353759,20
Anion_4365,O=C([O-])CC(C(F)(F)F)C(F)(F)F,5.580633024,0.072443041,-0.253002267,-2.582955774,0.750298256,11
Anion_4366,O=C([O-])C[S+]=c1[c-]c(Cl)cc(Cl)c1,-0.646531579,0.881542182,0.914856764,-1.350490299,-1.492145995,5
Anion_4367,COc1ccccc1OCCCC(=O)[O-],0.299269708,3.711613961,0.533390171,-2.562097212,-2.056613398,16
Anion_4368,O=C([O-])COc1ccc(C(=O)c2ccc(Cl)cc2)cc1,-3.496699983,1.828653079,-0.118178083,3.094704802,-0.794211479,4
Anion_4369,O=C([O-])CSCc1ccc(Cl)c(Cl)c1,-0.41760154,0.449311831,-0.843346236,0.844373562,0.055359871,2
Anion_4370,CC(C)(C(=O)[O-])C1CC1,6.987306997,-0.190269181,-0.579921529,-0.96728516,1.307257225,11
Anion_4371,Cc1[c-]c(=[S+]CC(=O)[O-])c(C)cc1,1.120612205,-0.539161329,-1.389218148,0.509894052,0.922430021,9
Anion_4372,CC(C)(C)c1ccc(CSCC(=O)[O-])cc1,-0.430509804,1.982565319,-1.007109953,0.108119789,0.951638243,6
Anion_4373,CCCCCCCCC#CC#CCCCC(=O)[O-],-1.409214678,6.455402069,3.132713309,-2.431853108,-0.421343776,16
Anion_4374,O=C([O-])COC1=CC=CC(=C2C=CC=C[CH+]2)[CH-]1,-0.917381463,1.134281033,-0.926636031,1.512309864,-0.86010692,13
Anion_4375,Cc1ccc(COCC(=O)[O-])cc1,0.390156194,2.402285359,0.863015197,-3.154449911,-2.54317345,5
Anion_4376,O=C([O-])CCS(=O)(=O)c1ccc(Cl)cc1,0.826462892,-0.871614641,-0.892782609,2.587196583,-1.324946109,13
Anion_4377,Cc1ccc(CSCC(=O)[O-])cc1,0.686553891,0.511351008,-1.323310547,0.478968836,0.34919885,9
Anion_4378,Cc1cccc(C)c1OCCC(=O)[O-],1.582985099,2.018321362,-0.605538825,0.205458181,-0.890098613,5
Anion_4379,CC(C)(C(=O)[O-])c1ccc2ccccc2c1,0.394120549,0.596930256,1.533212867,3.095633817,1.029310269,7
Anion_4380,COc1cc(CC(=O)[O-])ccc1Cl,0.616451045,1.008477773,-0.161094712,-0.972716494,-1.426155842,5
Anion_4381,CCCCOc1ccc(CCC(=O)[O-])cc1,-0.317237772,4.474720486,-1.544675306,2.257023623,1.274536231,6
Anion_4382,COC(=O)c1ccccc1CCC(=O)[O-],0.641565526,0.367384702,-0.61946349,2.411652244,-0.990698637,9
Anion_4383,O=C([O-])CCCc1ccccc1Cl,1.204117429,1.141405561,-1.467516552,1.167502664,-0.263096888,9
Anion_4384,CCC(=O)c1ccc(OCC(=O)[O-])cc1,-1.955617514,1.250480463,-0.299973736,1.686893294,-1.114178435,4
Anion_4385,COCC(=O)CC(=O)[O-],2.354050771,-0.840208812,-0.033094559,-1.498200231,-2.839242259,20
Anion_4386,C[S+]=c1[c-]c(CC(=O)[O-])ccc1,1.489880689,0.510773115,0.012828843,-0.762858014,-1.320044642,5
Anion_4387,COc1cc(OC)c(CCC(=O)[O-])c(OC)c1,1.406789738,2.597535964,-2.041324621,1.60253269,0.263206106,6
Anion_4388,CC(=CC(=O)[O-])C1CC1,2.238384153,-0.711020319,-1.871696187,-0.84095193,-0.137181583,20
Anion_4389,Cc1cc(C)c(C(=O)CCC(=O)[O-])cc1C,-0.185831211,0.8729124,-0.573616465,2.543663721,-1.798453205,13
Anion_4390,COC1=CC=C(OC)C(=C([O-])CCCC(=O)[O-])[CH+]1,-0.004916104,0.42185928,-1.179441312,3.19039888,-1.598410219,13
Anion_4391,CC1=CC=CC(=C([O-])CCCC(=O)[O-])[CH+]1,-0.426916829,1.306478821,1.180384131,0.657550202,-3.414748843,4
Anion_4392,Cc1ccc(C(=O)CCC(=O)[O-])cc1Cl,-0.881358632,0.631949443,-0.719945055,3.72799013,-1.728577418,13
Anion_4393,CCCCCOc1ccc(CC(=O)[O-])cc1,-1.807955931,5.99952288,-0.527744287,-0.362432498,0.949363697,16
Anion_4394,COc1ccc(C(=O)CC(C)(C)C(=O)[O-])cc1,0.740038381,-0.132607485,1.354199303,4.151081898,0.025533037,13
Anion_4395,N#Cc1ccc(CC(=O)C(=O)[O-])cc1,-3.023693163,-3.963002854,-0.730959698,1.618093428,0.005460182,8
Anion_4396,COc1ccc2c(c1)CCC=C2CC(=O)[O-],-0.488642267,1.436628062,-1.185572819,-0.444932387,0.117342747,5
Anion_4397,COc1c(C)cc(C(=O)CCC(=O)[O-])cc1C,-0.309002429,0.776895552,-0.855597095,3.819600262,-1.237509746,13
Anion_4398,O=C([O-])CSCc1ccc(Br)cc1,-0.096671818,0.746283372,-0.72620741,0.145127647,-0.007761716,5
Anion_4399,CCOc1ccc(C(=O)CCCC(=O)[O-])cc1,-0.836544986,2.282069779,0.859068561,0.766234423,-2.425595026,4
Anion_4400,CCC(C)=CCC(=O)[O-],3.291800834,1.097938077,-1.25937323,-1.114481021,-0.464769394,20
Anion_4401,O=C([O-])CCCC(=O)c1cccc2ccccc12,-2.598162647,3.223377265,1.779176334,0.409668611,-3.416944024,4
Anion_4402,CCC1(C(=O)[O-])CCCC1,7.165368836,-0.686894456,0.537787698,-0.481942881,1.784417301,11
Anion_4403,COC1=CC=C(OCC(=O)[O-])C(=C[O-])[CH+]1,-1.466026991,0.567037979,0.416793332,1.306292884,-1.668263732,4
Anion_4404,O=C([O-])C=CC1CCCC1,1.657201819,0.609869264,-0.488828683,-0.872006385,-0.391259168,5
Anion_4405,O=C([O-])C=Cc1c(F)cccc1Cl,-1.503116171,-0.833042092,0.111014391,0.612382801,0.088788711,2
Anion_4406,CN(CCC(=O)[O-])Cc1ccccc1,1.582041019,1.722146689,-1.876497348,2.256000179,-0.223022451,9
Anion_4407,CC[N+](CC)=C1C=CC(=CC=C([O-])[O-])C=C1,-3.8538286,2.742261775,-2.344226977,-0.114093685,2.499032085,10
Anion_4408,CC1(C(=O)[O-])CC(=O)C1,2.882959368,-1.23037732,1.091125919,0.178655248,-1.2484285,20
Anion_4409,Cc1cccc(CC(=O)[O-])c1C,1.805041993,0.646873944,-1.009158812,0.049465578,0.009281632,9
Anion_4410,Cc1cc(CC(=O)[O-])ccc1Br,0.521331231,1.459992918,-0.250187542,-0.925556609,-1.196044769,5
Anion_4411,COC(=O)CC1(CC(=O)[O-])CCCC1,4.560054205,1.166325244,2.428144552,1.178882053,0.148543629,14
Anion_4412,CCOc1ccccc1CCC(=O)[O-],1.606918833,1.613065243,-1.631917176,0.882749241,0.005360333,9
Anion_4413,CC(C)(C)c1cccc(OCC(=O)[O-])c1,0.643223615,0.774595431,-1.117313202,0.445496293,-0.688305331,9
Anion_4414,CCOc1ccccc1OCC(=O)[O-],2.861806733,0.139905892,3.985588243,-0.177871821,0.251513376,14
Anion_4415,COc1ccc(Br)cc1CCC(=O)[O-],1.761454872,0.603854317,-1.725834862,1.508253179,-0.075948682,9
Anion_4416,O=C([O-])CCC(=O)c1ccc(Cl)cc1Cl,-0.51235787,0.454560844,-0.044265255,2.390331683,-2.201717346,13
Anion_4417,CCOc1cc(CC(=O)[O-])ccc1OC,0.939912626,2.831433104,-0.639025409,-0.919229906,-0.855693876,5
Anion_4418,COc1ccc(C(C)=O)cc1CC(=O)[O-],-0.784284437,-0.606575527,0.484479206,0.334387439,-1.622031128,3
Anion_4419,O=C([O-])CCc1ccc(S(=O)(=O)Cl)cc1,-2.576778863,0.334227766,0.540804889,5.400159452,-3.251808376,13
Anion_4420,COc1cc(OC)cc(OCCC(=O)[O-])c1,0.552635306,3.119722992,0.717668603,-1.71810521,-0.629544413,16
Anion_4421,COC1=CC(=C([O-])CCCC(=O)[O-])C=C(OC)[C+]1OC,-1.496975408,2.849144929,2.351975046,0.959517431,-1.987636719,4
Anion_4422,O=C([O-])C1CC(C(F)(F)F)C1,5.594868404,0.969986544,0.370985089,-2.383614666,0.263454778,11
Anion_4423,O=C([O-])C=CC1=CC=CC(=C2C=CC=C[CH+]2)[CH-]1,-4.76330156,2.950233993,0.117682453,-2.469646423,-0.600474151,0
Anion_4424,CC(C)(C)C12CC(C(=O)[O-])(C1)C2,4.066793618,0.656362561,-1.522094218,-0.833961233,2.605909016,1
Anion_4425,O=C([O-])C(=O)Cc1cccc(C(F)(F)F)c1,-2.832987323,-3.228631507,-1.154208203,0.115932005,0.694112254,15
Anion_4426,CCCCc1ccc(C(=O)[O-])s1,-1.156221845,-0.388250168,-0.692171638,-0.720684463,0.643450529,2
Anion_4427,CC(C)c1oncc1C(=O)[O-],2.109791441,-2.009478333,2.084773423,-0.674586481,0.142650893,14
Anion_4428,CCc1c(C(=O)[O-])oc2ccccc12,-1.479993935,-2.35616605,-0.770996382,-0.206829964,1.034439146,15
Anion_4429,O=C([O-])c1[c-][n+](-c2ccccn2)nc1,-2.749055166,0.763144494,-0.871966239,-0.145916511,-0.445116175,10
Anion_4430,CC1=[S+2]=C(c2ccccc2)N=C1C(=O)[O-],-3.249446813,0.287224789,0.611930478,-1.318335819,-0.995654029,0
Anion_4431,COC(=O)C1=CC(C(=O)[O-])=NN1C,-2.460959714,-0.46520009,-0.790329534,-0.930103138,-0.511306176,2
Anion_4432,O=C([O-])COCCOCCOCc1ccccc1,3.005813812,1.433646745,5.75045671,-0.122419311,0.905497322,14
Anion_4433,Cc1ccc(C2=[N+]=[N+]=C(SCC(=O)[O-])N2)cc1,-1.964180656,-0.999699318,0.605271319,0.492580686,-1.528765902,3
Anion_4434,CC(C)(C)OC(=O)[N+]1=CC=CC1=C([O-])[O-],1.310844428,-2.167242095,1.017068631,0.467615771,0.23396284,17
Anion_4435,O=C([O-])CCCCc1cccnc1,0.901863663,1.81769577,0.607148763,-1.017089461,-3.307343852,5
Anion_4436,O=C([O-])C1=Cc2ccccc2Oc2ccccc21,-2.518262836,-1.429757937,-0.153149754,-0.359389033,1.356938046,15
Anion_4437,O=C([O-])c1cn[n+]2nccc[c-]12,-1.686690273,-1.426662898,-0.197759551,0.103728846,-2.838816361,3
Anion_4438,O=C([O-])C[N+]1=[N+]=Cc2ccccc2C1=O,0.151058281,1.565051803,5.095094343,-0.920326231,-1.950441389,18
Anion_4439,O=C([O-])C1(c2ccc(Br)cc2)CCCC1,2.859336001,-0.654688382,1.921933069,2.712529768,2.954682561,7
Anion_4440,CC(=O)c1[c-]c(C(=O)[O-])[s+]c1,-2.028748265,-2.33356355,0.387589751,-0.449016746,-1.359971046,8
Anion_4441,Cc1cc2ccccc2n1CC(=O)[O-],2.319501013,0.374048205,2.918245241,-0.057873994,-0.654588163,14
Anion_4442,O=C([O-])c1c[n+](Cc2ccc(Cl)cc2)c2cccc[c-]12,-2.485779964,2.072657,-1.57315505,0.272665773,2.088108408,10
Anion_4443,CC(=CC(=O)[O-])C(F)(F)F,1.659534494,-2.790605731,-0.824538838,-1.213794972,-1.108660276,17
Anion_4444,C[N+](C)=c1[c-]c(OCC(=O)[O-])ccc1,1.124451705,0.803688725,-1.23867183,0.179623273,-0.520962241,9
Anion_4445,O=C([O-])CSC(F)F,3.733062463,-1.556930852,-1.034736066,-1.775889576,-1.373468831,20
Anion_4446,CCOc1ccc2c(c1)OC(=O)C(C(=O)[O-])C2,-0.472668744,0.807634626,0.846140687,0.294203477,1.385180424,10
Anion_4447,Cc1cccc2[nH+]cc(CCC(=O)[O-])[c-]12,0.869746469,1.981121065,-1.799229704,1.855581312,0.27107034,9
Anion_4448,Cc1cccc2[n+]1=CC(C(=O)[O-])=[N+]=2,-1.861699986,-0.944651443,-1.76560927,0.227347181,0.213171467,2
Anion_4449,CC(C)(CC(F)(F)F)C(=O)[O-],6.666557739,-0.496809925,-0.162173896,-1.1345339,1.68851637,11
Anion_4450,CC(C)N(CC(=O)[O-])C(=O)OC(C)(C)C,5.308579398,0.819289497,2.050179932,0.030340321,1.324470052,11
Anion_4451,O=C([O-])c1conc1-c1ccc(Cl)cc1,-1.052880092,-1.429030537,1.199332763,-1.990298526,-1.449390099,3
Anion_4452,O=C([O-])c1cc2cccc(C(F)(F)F)c2[nH]1,-2.039521496,-1.762014047,1.074894624,-0.581453017,0.984748997,15
Anion_4453,COc1ccccc1-c1ccccc1CC(=O)[O-],2.335993264,0.705797991,3.113917011,1.408998761,0.706040902,14
Anion_4454,O=C([O-])c1cc2ccc[n+]-2c[n-]1,-1.552728385,-1.204750437,-1.43502884,0.310731157,-0.83260372,2
Anion_4455,O=C([O-])CCC[n+]1cnc[n-]1,2.445473987,0.158061023,-1.437692644,-0.028490973,-1.25338587,20
Anion_4456,Cc1[c-]c2[nH+]cc(CC(=O)[O-])c-2cc1,0.178272396,2.59145227,-0.906977736,0.325318428,0.019243836,6
Anion_4457,O=C([O-])CCc1ccc(Oc2ccccc2)cc1,0.591916529,2.39097192,-2.084699517,3.616888817,0.516617662,6
Anion_4458,O=C([O-])Cc1cc(F)cc(Cl)c1,0.818321111,0.190107663,-0.19629711,-0.41005428,-1.432719716,5
Anion_4459,CC(C)CN(CC(=O)[O-])C(=O)OC(C)(C)C,4.183430083,1.207988909,0.202103765,-0.33418624,0.9904498,11
Anion_4460,CC1=C(C(=O)[O-])C=[N+]=[N+]1c1ccc(C(F)(F)F)cc1,-2.94437276,2.527736728,-0.087912203,-0.049342536,0.491267277,10
Anion_4461,CC1=NC=C(C(=O)[O-])O1,0.455638246,-2.683888291,-1.535617867,-1.398074905,-0.905988415,17
Anion_4462,Cc1[c-]c(=[n+]2[n+]#[n+]c(=C([O-])[O-])[c-]2C)ccc1,-2.665954361,0.987889316,1.339675312,-0.764099622,0.535547612,0
Anion_4463,O=C([O-])COCC1CC1,4.491195627,1.410376514,-1.735420644,-3.29930565,-0.462580013,1
Anion_4464,O=C([O-])C12CC(C(F)(F)F)(C1)C2,4.901669627,-0.31342501,-1.518242393,-1.538171779,2.452297108,11
Anion_4465,C=C1CC(C)(C(=O)[O-])C1,4.576887321,-0.701990572,0.047055193,1.172325062,0.877029404,11
Anion_4466,N#Cc1[c-]c2cc(C(=O)[O-])[s+]c-2cc1,-3.94529699,-1.716371336,-0.57664077,-0.888802473,0.533149299,15
Anion_4467,O=C([O-])C12CC3(F)CC(F)(CC(F)(C3)C1)C2,4.66586832,-0.330887932,-0.537625305,-1.079194861,2.595256612,11
Anion_4468,COc1ccc(COCCC(=O)[O-])cc1,1.152284364,2.159857656,-0.125949201,-0.420462046,-1.86712082,5
Anion_4469,C[N+]1=CC=[N+]=C1CC(=O)[O-],3.53224072,0.407787659,-1.19586975,-1.530699584,-1.60427873,20
Anion_4470,O=C([O-])CCc1ccc(F)cc1Br,1.462090911,0.34786594,-1.339948832,2.206603088,-0.641853907,9
Anion_4471,O=C([O-])C=Cc1ccc2c(c1)CCO2,-2.232110057,0.400222968,-2.357389895,0.613801982,1.053447555,10
Anion_4472,CC(C)(C)OC(=O)[n+]1cc(CCC(=O)[O-])c2cccc[c-]21,-0.330621655,1.5473708,-1.575246587,1.976876245,0.404905524,6
Anion_4473,O=C([O-])c1c[s+]c2ccc(Br)c[c-]12,-0.919324864,-1.025927021,1.172149518,-1.250044172,-0.558230902,3
Anion_4474,O=C([O-])C1=CC(=C2C=CC=C[N-]2)N=[NH+]1,-3.679287689,-1.226088772,-1.147968358,-0.313711647,0.421236662,15
Anion_4475,O=C([O-])CCC(=O)c1ccc(C(F)(F)F)cc1,-1.453413664,0.818017346,-0.198101491,3.584655794,-1.982669008,13
Anion_4476,CS(=O)(=O)c1[c-]c2cc(C(=O)[O-])[nH+]c-2cc1,-3.655592821,-1.977028811,-1.909832726,0.362537232,1.704300488,15
Anion_4477,O=C([O-])c1cc2cccc(F)c2s1,-2.622408394,-2.801925841,-1.549635579,-0.064295667,0.991911409,15
Anion_4478,CN(C)S(=O)(=O)c1ccc(CC(=O)[O-])cc1,-0.617519854,1.159707212,0.259812957,-0.132852891,-1.300359942,5
Anion_4479,C[N+](C)=c1cccc[c-]1CC(=O)[O-],1.578746449,0.042085097,-1.336127251,0.049226211,0.564365019,9
Anion_4480,CC[N+]1=[N+]=C(C(F)(F)F)C=C1C(=O)[O-],-0.374563042,-3.164653952,-0.919775865,-1.30524634,0.584277688,17
Anion_4481,Cc1coc2c(C)c3oc(=O)c(CC(=O)[O-])c(C)c3cc12,-2.636286219,2.800653908,-0.557879666,2.412871227,0.341075625,6
Anion_4482,CCOc1ccc([N+]2=[N+]=[N+]=C(C(=O)[O-])[C-]2C)cc1,-4.493863435,3.370748215,0.50728731,-1.320335603,1.619653326,0
Anion_4483,CN1C=C(C(=O)[O-])C(Cl)=CC1=O,-0.681501199,-3.249019707,0.078230959,0.374634866,-0.138797725,8
Anion_4484,O=C([O-])Cc1cc(C(F)(F)F)ccc1C(F)(F)F,1.104476472,0.396073611,1.621297356,1.154580455,-0.470337463,14
Anion_4485,CC(C)(Oc1cccc(F)c1)C(=O)[O-],2.081541069,-0.954957744,1.046599523,1.333194087,1.333631558,7
Anion_4486,CC(C)Oc1ccc(C=CC(=O)[O-])cc1,-3.130841695,1.528127072,-2.101304407,1.189999549,2.526880293,10
Anion_4487,CN(CCC(=O)[O-])C(=O)OCc1ccccc1,0.805666999,1.211571534,-0.443264923,-0.577610187,-1.007420594,5
Anion_4488,Cc1cccc(CC(=O)[O-])c1Br,1.478461204,1.723272676,0.353001393,-0.800089707,-1.383241851,5
Anion_4489,O=C([O-])C1=CC(Cc2ccccc2)=[N+]=[NH+]1,-2.206382417,-0.339257709,-0.539383274,-1.534371696,0.398811964,10
Anion_4490,O=C([O-])c1cc(C2CC2)[nH+][n-]1,1.202428667,0.180424284,-0.771976287,-1.946982797,0.29822911,5
Anion_4491,O=Cc1c(C(=O)[O-])[nH+]c2ccc(Cl)c[c-]12,-3.737503891,-3.663605855,-1.272415638,0.180391102,1.133747749,15
Anion_4492,O=C([O-])C1=[N+]=[NH+]C2=C1COCC2,1.46418742,-0.181818221,0.115253987,-1.93216359,0.35967538,5
Anion_4493,O=C([O-])c1cc(Cl)[nH+][n-]1,0.694921487,-1.783180477,-1.921622671,-1.650621687,-0.506970416,17
Anion_4494,O=C([O-])c1cc(C(F)(F)F)[nH+][n-]1,0.110194762,-1.466808082,-1.320088256,-1.072633407,-0.107333319,2
Anion_4495,O=C([O-])c1[nH+]c2ccc(Cl)cc2[c-]1Br,-2.706813305,-2.89660683,-1.000166229,0.265242449,0.893800305,15
Anion_4496,CC1=CC(C(=O)[O-])=CN(C)C1=O,-0.56828018,-2.443466241,-2.068746631,-0.256949749,0.069441618,2
Anion_4497,O=C([O-])C1=[N+]=[NH+]c2ccc(OC(F)(F)F)cc21,-1.581487388,0.362339259,2.617981902,-1.819511023,-0.217780321,3
Anion_4498,O=C([O-])C1(c2cccs2)CC1,2.553656717,-1.893540701,1.492284899,1.402795938,1.38103699,7
Anion_4499,CC(C)(C)C(=O)N1CCC(C(=O)[O-])CC1,1.969738302,1.755526199,-1.088919618,-0.086572559,1.554009068,1
Anion_4500,CC1=[N+]=C(C(=O)[O-])C(=C2C=CC=C[C-]2Cl)S1,-1.235482415,-2.173558814,0.378516324,0.02892555,0.53797557,8
Anion_4501,CC(C)(C(=O)[O-])c1cccc(C(F)(F)F)c1,1.346678889,0.366160656,1.345336821,1.231743019,0.66370259,7
Anion_4502,O=C([O-])CC1=CC=[N+]=C[N-]1,1.288712147,-0.458951715,0.368448202,0.116437325,-2.998197194,5
Anion_4503,CCCN(CCC)C(=O)CCC(=O)[O-],2.857139478,0.792943937,-1.743450564,-0.13676564,-0.038300114,20
Anion_4504,CC(C)(CF)C(=O)[O-],7.059931234,-0.97014806,-0.47162483,-1.80412626,1.02857561,11
Anion_4505,CC(C)(C(=O)[O-])C(F)F,6.55721088,-1.734308618,-0.114029796,-1.447963628,1.36874531,11
Anion_4506,CC(C)(C)OC(=O)N1CCN(CCC(=O)[O-])CC1,3.368396404,1.049289639,-2.090744439,0.90267702,0.301718538,9
Anion_4507,O=C([O-])Cc1cc(F)cc(C(F)(F)F)c1,0.10865978,0.610751984,0.3143672,-0.515869084,-1.558380587,5
Anion_4508,O=C([O-])c1c[n+]2cc(F)ccc2[n-]1,-2.28082742,-1.28297402,-1.62045725,0.625088255,0.023802743,15
Anion_4509,O=C([O-])c1cc2c(Cl)c(Cl)ccc2[nH]1,-3.188102399,-2.748004637,-1.756314205,0.07739091,1.199764157,15
Anion_4510,O=C([O-])c1cc2ccc(Br)cc2o1,-3.546341067,-1.434131922,-0.901931277,-1.207608856,0.805835704,15
Anion_4511,Cc1ccc(CC(=O)[O-])cc1F,1.2913833,1.193311509,-0.193155566,-0.606536248,-0.906075218,5
Anion_4512,COc1cc(CCC(=O)[O-])ccc1F,2.257699984,0.645803145,-1.442734679,1.630619502,-1.209384178,9
Anion_4513,O=C([O-])C1=[N+]=[S+2]=C2C=CC(Br)=C[C-]12,-2.780945795,-2.433366514,1.879267093,-1.327874368,-0.565467956,3
Anion_4514,C=CC12CCC(C(=O)[O-])(CC1)CO2,2.519710074,0.557701828,0.368248207,0.545375327,1.512394795,7
Anion_4515,O=C([O-])c1cc2ccc(Br)c[n+]2[n-]1,-3.474811646,-0.679425378,-1.072472933,-0.178536292,0.47468538,15
Anion_4516,CC1=[N+]=c2ccc(Cl)c[n+]2=C1C(=O)[O-],-1.059014646,-1.601153577,0.63709263,-0.792780028,-0.875760964,3
Anion_4517,CC(C)(C)OC(=O)N1CC(C)(C(=O)[O-])C1,2.468760634,1.40570102,0.172221611,0.476875146,2.989446527,7
Anion_4518,O=C([O-])c1c[n+]2c([n-]1)CCCC2,1.325955337,0.265769583,-2.763648008,-0.18217447,1.329657716,9
Anion_4519,Cc1ccc(C=CC(=O)[O-])cc1F,-2.53292283,0.297218443,-1.601900953,0.177201078,0.056565643,10
Anion_4520,O=C([O-])c1ccc(C(=O)C(F)(F)F)s1,-5.021819843,-3.606685512,0.114658525,0.963758722,-0.95724467,8
Anion_4521,O=C([O-])C1=CC=[N+]=[N+](c2ccc(F)cc2)C1=O,-4.760246082,-0.788125672,1.679833365,-1.045683812,-0.314575877,0
Anion_4522,COc1cc(=C([O-])[O-])[n+](=C2N=CC=C[C+]2Cl)[n-]1,0.429876865,-2.329474625,7.574003774,0.861440358,3.708094004,12
Anion_4523,CC1=C(C(=O)[O-])C=[N+]=[N+]1c1ccccn1,-2.14563776,0.881307511,-0.347382259,0.260335907,0.277775959,10
Anion_4524,CC(C)(Cc1ccc(C(F)(F)F)cc1)C(=O)[O-],2.127015843,0.358362353,0.929861301,3.329865926,1.323438894,7
Anion_4525,O=C([O-])C[n+]1ccc(C(F)(F)F)[n-]1,1.238527559,0.533493101,1.537382199,-1.75390307,-0.483459206,5
Anion_4526,O=C([O-])C(=O)C=Cc1ccc(F)cc1,-5.120481313,-0.116221984,2.030989046,-1.94542897,-1.669781577,0
Anion_4527,CC1=C(C(=O)[O-])[N+]#[N+][N+]1=c1cccc[c-]1F,-2.601336529,0.336297887,0.342635884,-0.288589296,0.074356091,10
Anion_4528,Cc1ccccc1N1C=C(C(=O)[O-])[N+]#[N+]1,-2.686104393,0.206376559,1.094288634,-0.866153109,0.518601287,0
Anion_4529,C[N+]1=[N+]=CN=C1C(=O)[O-],0.673045366,-4.311582286,-0.558319543,-1.478725304,-0.619870051,17
Anion_4530,C[n+]1cnc(C(=O)[O-])[n-]1,1.123828657,-1.776277634,-2.141794367,-1.356495913,-0.335602395,17
Anion_4531,CC(C)(C)OC(=O)N1C=C(C(=O)[O-])c2ccccc21,-1.938806686,0.328288062,1.170973571,-0.77133035,2.060642529,10
Anion_4532,[O-]C(CCC1=CC=C(B2OC(C)(C)C(C)(C)O2)C=C1)=O,-1.238500174,4.218287552,-1.606593248,2.718701143,1.117197196,6
Anion_4533,CCOC(=O)C1=CC(=C([O-])[O-])O[N-]1,-4.447639536,-2.739709809,0.229734672,-0.065431928,0.926409123,15
Anion_4534,O=C([O-])CN1C(=O)CCc2ccccc21,1.392056402,0.239693465,-0.051572021,0.23921785,-0.959983749,5
Anion_4535,CC(C)(Oc1ccc(F)cc1F)C(=O)[O-],2.3888801,-0.345635323,1.189695317,1.835860947,1.162083147,7
Anion_4536,O=C([O-])c1cn[n+]2[c-]1CCC2,2.5275644,-0.046183849,-1.244389374,-1.725031202,-0.400496183,20
Anion_4537,O=C([O-])C1=[N+]=c2cc(F)ccc2=[NH+]1,-2.865879278,-3.532536925,-1.582793762,-0.162221198,0.4460193,8
Anion_4538,CC(C)[n+]1ccc(C(=O)[O-])[n-]1,1.735279619,-0.160956408,0.010264105,-1.466972514,0.699932061,20
Anion_4539,O=C([O-])C1(c2ccc(Br)cc2)CCOCC1,2.850276802,-0.620264603,2.547230545,2.814897474,2.724625558,7
Anion_4540,O=C([O-])c1cc2cc(F)ccc2oc1=O,-4.031385293,-1.859569909,0.521603514,0.034264392,-1.002025646,15
Anion_4541,CC1=[N+]=[N+]=C(c2ccc(CC(=O)[O-])cc2)[N+]#[N+]1,-7.215090223,2.548391557,3.325962061,3.165857023,-3.452668914,4
Anion_4542,O=C([O-])C[n+]1ccc2cc(Br)cc[c-]21,0.233406432,0.961123147,1.341605737,-0.862447212,-1.474567911,5
Anion_4543,CC(C)(C)C1=NC=C(C(=O)[O-])S1,-1.063382736,-1.594266003,0.273762121,-0.386870308,0.509892889,2
Anion_4544,O=C([O-])C1=C[N+](=c2[c-]cc(Br)cc2)[N+]#[N+]1,-5.108640937,1.475494157,0.207243129,-1.578435895,-0.615381084,0
Anion_4545,O=C([O-])c1cnc2ccc(F)cn12,-1.378214573,-1.758071349,-0.590281361,-0.917752283,-1.964625236,3
Anion_4546,Cc1ccc2[n+](c1)C(=C([O-])[O-])C=N2,-0.892746851,-1.006922765,0.017947942,-1.182423888,-1.609497445,3
Anion_4547,O=C([O-])c1cn[n+]2cc(Br)cc[c-]12,-2.205064018,0.602395398,-0.290415637,-1.172626684,-2.127404159,0
Anion_4548,COc1ccc(C(F)(F)C(=O)[O-])cc1,-0.290333809,-0.875302284,-0.848467601,0.39447686,1.260024714,2
Anion_4549,CC1(C(=O)[O-])CCC(F)(F)CC1,6.742270677,-0.621904413,-0.462934514,-0.631184006,2.31565787,11
Anion_4550,O=C([O-])c1coc(C2CC2)n1,0.527177054,-0.789409504,-0.340085938,-1.396991467,-0.451622902,2
Anion_4551,O=C([O-])c1[c-][n+]2ncnc-2cc1,-1.468972629,-2.322082703,-1.088582901,-0.354502875,-0.83988918,8
Anion_4552,C[N+]1=[N+]=C(C(F)F)C=C1C(=O)[O-],0.251345975,-2.991338097,-0.966894913,-1.389261949,0.807156117,17
Anion_4553,O=C([O-])c1[c-][n+](C(F)F)nc1,1.237785568,-1.288601189,-1.114757917,-1.082111456,-0.441402412,17
Anion_4554,O=C([O-])C[N+]1=c2ccccc2=C2[N+]#[N+]C(=[SH+])N=C21,-1.369888086,-0.403731052,3.734181108,2.506507576,-1.167370538,4
Anion_4555,CC(=O)c1c[n+](CC(=O)[O-])c2cccc[c-]12,-0.55832968,-0.116936671,1.587723535,-0.486299935,-0.628098463,3
Anion_4556,O=C([O-])CC1(C(F)(F)F)CC1,6.793039507,0.829908831,0.902713421,-1.983771269,0.432676987,11
Anion_4557,CC1=[N+]=CC=CC1=CC=C([O-])[O-],-2.110658148,-0.926334365,-0.353893609,0.183252616,-0.561880142,2
Anion_4558,Cc1[nH+]nc(C(=O)[O-])[c-]1Cl,1.988550507,-2.942565373,-0.682000619,-0.705846262,2.17146689,17
Anion_4559,O=C([O-])C1=CC(=C2C=CC=[N+]=C2)[NH+]=N1,-2.82526716,0.814544767,-0.591304005,-0.717612103,-0.88532656,0
Anion_4560,O=C([O-])C1=CC(=C2C=C[CH+]O2)[NH+]=N1,-2.057205867,0.634064677,-1.16417344,-0.690755455,-0.317366736,10
Anion_4561,N#CC(=Cc1c[nH+]c2cccc[c-]12)C(=O)[O-],-1.723078305,-3.144909668,2.000570708,1.628272497,2.288062018,21
Anion_4562,CC1=C[S+]=C(C)C1=C([O-])[O-],2.840548261,-2.161907156,0.463249344,0.556067577,0.440856998,7
Anion_4563,CC1=[S+2]=CC(=C([O-])[O-])[C-]1C,1.083777635,-1.312912359,-1.234038662,-0.542303025,-0.599317037,17
Anion_4564,O=C([O-])Cc1c[c+]o[n-]1,2.364268398,-0.90060332,-0.128743183,-0.056364951,-2.504680532,20
Anion_4565,O=CC1=C[CH-]OC1=C([O-])[O-],-1.819133981,-4.79854639,-0.614849563,-0.52824494,-1.337977241,8
Anion_4566,O=C([O-])c1occc1Cl,1.643219938,-4.267092472,-0.245265531,-0.910970888,0.854389446,17
Anion_4567,CC(C)(C(=O)[O-])C1CCOCC1,5.877867969,0.990047743,-0.032885546,-1.530898242,1.766425606,11
Anion_4568,CC(C)Cc1ccc(C(=O)[O-])s1,-1.693475794,-0.12302601,-1.182105477,-1.621314669,-0.03565508,2
Anion_4569,Cc1cc(CCC(=O)[O-])c(C)s1,2.370593471,0.488163976,-1.379715739,1.451003037,-0.98482827,9
Anion_4570,CC1=[N+]=C[N+](C)=C1C(=O)[O-],2.754351743,-2.48322973,-1.038650274,-1.088464151,0.261279207,17
Anion_4571,O=C([O-])CCc1cnccn1,0.828155433,-0.148810884,-0.326467686,2.711313431,-2.688476091,13
Anion_4572,CC(=O)C1=CC(=C([O-])[O-])[CH+]O1,-1.65964021,-1.846191257,-0.964091043,0.484981109,-1.265424105,8
Anion_4573,O=C([O-])CSCc1cccs1,0.938721178,-0.560650365,-0.685638277,0.662211212,-0.610048735,9
Anion_4574,O=C([O-])C1=C[NH+]=C2C=[N+]=CC=C12,0.214896144,-0.886961223,-1.37112432,-0.530332692,-1.58141964,2
Anion_4575,COC(=O)C1=[S+2]=CC=C1C(=O)[O-],0.059760738,-3.411167296,1.046342788,0.602294382,-0.518543273,8
Anion_4576,Cc1cccc2[nH+]cc(C(=O)[O-])[c-]12,1.500434322,0.294445442,-0.285485011,-0.309750434,-0.392113819,5
Anion_4577,CC1=CC(=C([O-])CCC(=O)[O-])C(C)=[S+]1,0.559162255,-0.229068594,-0.870612142,3.566062132,-2.000475242,13
Anion_4578,CC1=[NH+]C(=C2C=CC=C[CH-]2)C=C1C(=O)[O-],-1.161239366,2.204870386,-0.575161929,-0.799660279,0.338798806,10
Anion_4579,O=C([O-])c1cc2cc(I)ccc2[nH]1,-3.111377055,-1.814025188,-2.095118227,0.204108645,1.611051605,15
Anion_4580,O=C([O-])CC1=[N+]=C2C=CC=C[C-]2O1,-0.162737035,1.239597952,0.726835783,-1.198436506,-1.919671348,5
Anion_4581,Cc1c(C(=O)[O-])[nH+]c2ccc(Br)c[c-]12,-2.112524776,-1.682794015,-1.20159281,0.337326644,1.39209694,15
Anion_4582,COC(=O)c1c(C)[nH+]c(C(=O)[O-])[c-]1C,-0.945200867,-0.532694708,-0.76055621,-1.044855666,0.459118128,2
Anion_4583,O=C([O-])CC1=[S+2]=CN=C1c1ccccc1,-0.747031162,-0.88108188,-0.547179646,0.0609372,0.383599489,2
Anion_4584,CC1=[N+]=c2ccccc2=[N+]1CC(=O)[O-],2.076326195,-0.116479523,3.390404343,-0.218139101,-0.677401242,14
Anion_4585,CCOC(=O)C1=CC(=C([O-])[O-])[NH+]=C1C,-2.175390139,0.056795781,-1.123794787,-2.060023905,-0.06734205,10
Anion_4586,O=C([O-])C[n+]1ccc(-c2ccccc2)[n-]1,-1.247307009,2.621655959,1.935716308,-1.186849908,-0.182256352,16
Anion_4587,C[n+]1c(C(=O)[O-])cc2ccccc2c1[O-],-0.968321548,-2.502428715,1.523224218,0.092310849,1.893672677,21
Anion_4588,O=C([O-])CCc1ccc(-c2ccccc2)[nH]1,0.293341165,0.238199747,0.541307829,0.222820112,-1.874436509,5
Anion_4589,CCOC(=O)c1ccc(C(=O)[O-])s1,-4.174799617,-1.019142422,1.128411588,-1.609916872,-0.745401649,0
Anion_4590,O=C([O-])c1cn[n+](-c2ccc(Br)cc2)[n-]1,-4.715348019,0.97710308,0.131253431,-1.796713753,-0.226307581,0
Anion_4591,CCC[n+]1c(C(=O)[O-])cc2cccc[c-]21,-0.712647626,-2.16779078,-1.334778534,0.336846985,1.068224992,2
Anion_4592,O=C([O-])c1cc2c(Cl)ccc(Cl)c2[nH]1,-3.151017766,-2.928459558,-1.448642766,-0.547032378,0.990315572,15
Anion_4593,Cc1ccc([N+]2=NC=C(C(=O)[O-])[C-]2C)cc1,-1.694645603,2.398211808,-0.235178065,-0.516845965,0.70452379,10
Anion_4594,O=C([O-])CC[n+]1cnc2ccccc2c1[O-],-0.235729606,0.679250775,-0.916764614,3.151400564,-0.994368022,13
Anion_4595,O=C([O-])CC[n+]1c([O-])[s+]c2cccc[c-]21,1.424064131,-0.734803689,-1.645295207,2.365773081,-0.997467201,9
Anion_4596,O=C([O-])C[N+]1=[N+]=[N+]=c2ccccc2=C1[O-],-1.467500063,1.004753882,5.759205447,-0.31174774,-2.454933904,18
Anion_4597,O=C([O-])C1=[N+]=[N+](c2ccccc2)c2ccccc21,-3.193344834,-0.301189881,-0.482664518,-1.095392208,1.428828119,10
Anion_4598,O=C([O-])CCC1=[N+]=[N+]=[N+]=[N+]1c1ccccc1,-0.182694554,-0.17819769,0.017539801,1.651882975,-2.141696778,13
Anion_4599,O=C([O-])C[n+]1c2c(c3cccc[c-]31)CCCC2,2.374939642,0.99334053,3.955681395,-0.060289475,-0.066487588,14
Anion_4600,COc1ccc(-c2ccc(CCC(=O)[O-])o2)cc1,-2.043315382,5.069841509,-1.270194686,2.149746758,1.246680863,6
Anion_4601,CC1=CC(=O)C(C(=O)[O-])=NN1c1cccc(Cl)c1,-2.780069026,-2.051025376,2.955192494,0.784841338,3.869707166,21
Anion_4602,COc1ccc2c(=C3C=CC=C[CH-]3)c(=C([O-])[O-])oc2c1,-3.185704551,-1.083780848,0.854358917,-1.720957124,2.84698092,15
Anion_4603,O=C([O-])c1cc(=O)[n+](Cc2ccccc2)c([O-])[nH]1,-4.004018751,-2.763245878,-0.768832788,-0.445016037,2.078533488,15
Anion_4604,COc1ccc2cc(C(=O)[O-])[s+]c([O-])c2c1OC,-5.068386318,-1.477558842,-0.027900408,0.150602161,1.847727474,15
Anion_4605,COc1ccc(C2=CC(C(=O)[O-])=NN2c2ccccc2)cc1,-4.819300285,2.348442545,-0.634437527,-1.293386666,3.630167668,10
Anion_4606,O=C([O-])C1CCN(S(=O)(=O)c2ccccc2)CC1,1.197116761,-0.450698769,-0.644457059,2.768987116,-0.203497882,9
Anion_4607,COC(=O)C1=CC(C(=O)[O-])=CN1,-1.005840624,0.517651628,-1.050127737,-1.044275778,-1.089195946,2
Anion_4608,O=C([O-])c1c(Cl)[nH+]c2cccc[c-]12,0.778638108,-0.923951429,0.504467015,-0.426442792,0.297425936,3
Anion_4609,O=C([O-])c1c[nH+]c2cccc(Cl)[c-]12,1.011691635,-0.191382575,0.308102435,0.065741025,-0.501631396,5
Anion_4610,O=C([O-])Cc1c[nH+]c2c(Br)ccc[c-]12,0.104096432,2.217926141,0.129062515,-0.742137046,-1.639280195,5
Anion_4611,O=C([O-])c1[c-]c(=O)[n+](Cc2ccccc2)cc1,-3.177638058,-0.317751116,-0.961775516,-0.228539288,1.997707306,10
Anion_4612,O=C([O-])C1=Cc2cc(=C3C=CC=C[CH+]3)ccc2=[NH+]1,-4.522322544,0.199734336,-1.831589576,0.050958013,2.611696403,10
Anion_4613,O=C([O-])c1c[nH+]c2cccc(F)[c-]12,0.251512939,0.013470676,-1.785042733,-0.741856985,-1.375839902,2
Anion_4614,COc1ccc2[nH+]c(C(=O)[O-])cc-2[c-]1OC,-2.844099789,-0.52164306,-2.299985736,-0.345785192,2.049036657,15
Anion_4615,CC1=[N+]=C(C(=O)[O-])[N-]O1,-0.857848697,-3.62346809,-0.903479167,-1.432171038,-0.988708951,8
Anion_4616,CSC1=[S+3]#[N+]C(=[S+]C)C1=C([O-])[O-],1.204010459,-5.602795902,3.416822481,0.93196657,1.436404232,21
Anion_4617,CC1=[N+]=[N+](C)C2=[S+2]=C(C(=O)[O-])C=C12,-1.591721543,-1.738688743,-2.168964528,-0.717878732,1.505235744,2
Anion_4618,O=C([O-])CN1C(=O)C=[N+]=C2C=CC=C[C-]21,-0.312514795,-0.924910192,2.264768889,1.960789429,-1.897106873,4
Anion_4619,O=C([O-])CC1=[N+]=C(c2ccccc2)[N-]O1,-2.459529285,2.224873935,2.482801075,-2.543831206,-2.411048309,18
Anion_4620,O=C([O-])c1[c-]c2nc(-c3ccccc3)c[n+]-2cc1,-4.588146898,2.47374777,-0.528518897,-1.077746096,0.728687881,0
Anion_4621,O=C([O-])CC1=C[S+]=C2N=C(c3ccccc3)C=[N+]12,-0.96901498,-0.59380485,-1.743234532,1.849910201,0.515709582,2
Anion_4622,C[N+]1=[N+]=C(c2ccccc2)C2=CC(=C([O-])[O-])[S+]=C21,-4.034441704,0.388332268,0.325999551,-1.957710313,1.487646965,0
Anion_4623,CC(C)(C)C1=CC(=C([O-])[O-])[N+](Cc2ccccc2)=N1,-0.944501512,-2.209474054,-0.561524611,-0.202178665,2.23394938,2
Anion_4624,O=C([O-])c1cc2c(s1)-c1ccccc1CC2,-3.510929341,-0.137084457,-0.45530397,-0.378963339,1.149560493,10
Anion_4625,CC(C)(C)c1cc(=C([O-])[O-])[n+](=C2C=CC=C[CH+]2)[n-]1,-0.737168472,-1.94040806,1.031078594,-0.751073382,2.529016076,21
Anion_4626,O=C([O-])C[N+]1=[N+]=CC=N1,2.608975688,-1.043238106,1.566214692,-1.533252392,-2.319630384,20
Anion_4627,O=C([O-])C[N+]1=[N+]=C(c2ccccc2)C=C1c1ccccc1,0.803910936,2.207435966,5.18539412,0.191713686,1.139025556,18
Anion_4628,CC1=CC=CC2=NC=C(C(=O)[O-])C(=O)N12,-1.806089218,-1.70696436,1.679721805,0.786812054,0.315818417,21
Anion_4629,COc1ccc([N+]2=[N+]=C(C(=O)[O-])c3ccccc3C2=O)cc1,-3.268853662,-0.751246801,3.420716934,-1.109236964,2.23491166,21
Anion_4630,CC1=[N+]=[N+](C)C(C)=C1CC(=O)[O-],3.572768424,1.791418668,1.490888092,-0.888074052,0.065293184,14
Anion_4631,CC1=CC=CC(=C2N=C(C(=O)[O-])C=[S+]2)[CH-]1,-3.540444976,0.448606118,1.075124129,-1.251158119,-1.06104793,0
Anion_4632,O=C([O-])CC[n+]1cc(Br)c([O-])[nH+]c1[O-],0.502106115,-0.806580131,-0.798206118,2.572112219,-1.897608509,13
Anion_4633,CC1=[N+]=[N+](c2cccc(Cl)c2)N=C1C(=O)[O-],-3.520039846,-0.330693611,-0.136086745,-0.231166194,0.978763626,10
Anion_4634,C=C(C)[n+]1c([O-])[n+](CCCC(=O)[O-])c2cccc[c-]21,0.101788157,1.858196868,-2.172177709,1.775138739,0.669749421,6
Anion_4635,O=C([O-])C[n+]1c([O-])[nH+]c([O-])c2ccccc21,0.354412328,-0.130184574,2.398883177,0.89324329,-1.406645643,3
Anion_4636,O=C([O-])CCC1=[N+]=CC(=C2C=CC(Br)=C[CH-]2)O1,-0.028373029,1.85205291,-1.40392585,4.239013392,-0.297110224,13
Anion_4637,CC1=[N+]=CC(CC(=O)[O-])=[S+]1,0.583366233,0.702520771,0.063702765,-0.176010228,-1.844626814,5
Anion_4638,O=C([O-])c1ccc[n+]2c1=[N+]=[N+]=[N+]=2,-2.269207559,-3.937709519,0.180309116,0.610188484,-1.140918757,8
Anion_4639,O=C([O-])C[n+]1c([S-])[s+]c2cccc[c-]21,0.524819202,-0.913862086,2.821198167,0.928334614,-0.959467112,14
Anion_4640,COc1ccc(C2=[N+]=C(C(=O)[O-])[C-](C)O2)cc1,-3.750294729,2.643459994,1.038533511,-2.170444663,0.364859542,0
Anion_4641,O=C([O-])C[n+]1c(-c2ccccc2)cc2cccc[c-]21,1.956861839,0.481526594,4.459514648,1.820721897,0.843614969,14
Anion_4642,O=C([O-])C[n+]1c([O-])oc2cc(Cl)ccc21,0.450473931,0.172977037,1.400992428,-0.416144174,-0.963369067,5
Anion_4643,O=C([O-])CCN1C(=O)C[S+]=C2C=CC=C[C-]21,0.3967088,0.14407729,-1.546920451,2.338326148,-1.779126161,13
Anion_4644,O=C([O-])CCCN1C(=O)c2ccccc2S1(=O)=O,-2.093882528,1.999552464,-0.112441413,2.906901719,-1.033279501,13
Anion_4645,O=C([O-])C1CSC1,3.595228073,-2.281280934,-1.432444462,0.052985987,-0.744603017,20
Anion_4646,COc1ccc(C(=O)SCC(=O)[O-])cc1,-0.360764614,-0.087091833,-0.448125956,1.948628831,-1.055501727,13
Anion_4647,Cc1ccc(-c2ccc(CCC(=O)[O-])o2)cc1,-1.475299932,4.083046108,-1.41845057,2.742673109,0.924284623,6
Anion_4648,O=C([O-])c1cc(Br)c(Cl)s1,-2.354932577,-3.588947251,-1.090489764,-0.412153952,0.552456914,8
Anion_4649,O=C([O-])C=C1OC(=O)c2ccccc21,-3.04409556,-1.742871128,0.053198221,0.6545144,-0.243695147,15
Anion_4650,COc1[c-]c2[s+]c(C(=O)[O-])c(C)c-2cc1,-2.516092418,-0.000574353,0.184512982,-1.038186539,1.45631864,10
Anion_4651,O=C([O-])CSCc1ccccn1,0.732200392,-0.884550083,-1.147249625,1.707481874,-0.389638145,9
Anion_4652,O=Cc1cccn1CCC(=O)[O-],1.310448323,-1.019634452,-0.700956129,2.766710887,-1.884754355,13
Anion_4653,O=C([O-])C=Cc1coc2ccc(Cl)cc2c1=O,-5.312871761,1.999370152,0.422526408,0.513484835,0.274029809,0
Anion_4654,CS(=O)(=O)C1=CC=[S+2]=C1C(=O)[O-],-0.401232694,-4.220882568,1.718742451,-0.02174729,0.568359531,21
Anion_4655,CC(C)OC(C)(C)C(=O)[O-],6.054494248,-0.171357862,0.430597026,-2.00925007,1.352093202,11
Anion_4656,COC(=O)N(C)CC(=O)[O-],5.553909612,0.309887891,2.240092604,-0.51350072,0.542743915,11
Anion_4657,O=C([O-])CC(F)(F)C(F)(F)F,5.404280359,-0.841947272,-1.973721319,-2.176686056,-0.209686296,11
Anion_4658,COC(=O)CSCC(=O)[O-],2.2676375,-1.203765649,-1.329550977,0.729048137,-0.625356474,20
Anion_4659,CN(C)C(=O)CCCCC(=O)[O-],3.907865065,0.408992159,-2.637229362,1.170581759,-0.219118341,20
Anion_4660,N#CC1CCC(C(=O)[O-])CC1,4.039373744,-0.50075122,-1.61495837,0.681979993,0.378188694,20
Anion_4661,CC(C)(Oc1ccc(C(C)(C)c2ccccc2)cc1)C(=O)[O-],-0.524031188,1.901051938,0.179415385,2.764002786,4.109423105,6
Anion_4662,CC=C(C#N)C(=O)[O-],-0.613788685,-4.642972354,-1.167531618,-0.596672166,-1.460020271,8
Anion_4663,CC(C)CSCCC(=O)[O-],4.588409405,-0.193417381,-2.289783381,0.163342738,-0.544070645,20
Anion_4664,CCOc1cccc(CCC(=O)[O-])c1,2.565731524,0.645149164,-1.511146534,1.653327955,-1.080241291,9
Anion_4665,O=C([O-])C12CCC(C(F)(F)F)(CC1)CC2,4.518864828,0.999784573,-0.83116856,-0.523912434,2.631485636,11
Anion_4666,O=C([O-])CCSC(c1ccccc1)c1ccccc1,0.348920213,1.294981146,-1.170963835,1.04654987,-0.825550712,9
Anion_4667,O=C([O-])CCCSCc1ccccc1,1.885698111,0.245856968,-2.066940575,2.370758714,-0.126324177,9
Anion_4668,O=C([O-])CSC12CC3CC(CC(C3)C1)C2,3.33544179,0.235472134,-2.476817259,-0.026112597,1.640074152,1
Anion_4669,O=C([O-])CCOc1ccc(Cl)c(Cl)c1,0.045900463,2.097570214,1.741039925,-0.334280492,-1.337932166,5
Anion_4670,O=C([O-])Cc1cc(C(F)(F)F)ccc1Cl,0.538942845,0.304944133,2.845640588,-0.694496768,-0.367017305,14
Anion_4671,O=C([O-])CCSC(F)(F)F,2.691083375,0.843270311,-0.797587972,-0.536533377,-1.065887926,20
Anion_4672,O=C([O-])C1([S+]=c2[c-]cccc2)CC1,0.629279912,-0.483949002,0.152474396,-1.104384769,-0.644919235,5
Anion_4673,COc1ccc(C(=O)C(=O)[O-])cc1Cl,-2.829018135,-2.511417737,0.347020482,0.414217363,0.71335662,15
Anion_4674,COc1cc(CCC(=O)[O-])ccc1C,2.417065834,1.219970463,-1.483681344,1.689466902,-0.616889176,9
Anion_4675,O=C([O-])CCCC(=O)c1ccc(Cl)c(Cl)c1,-1.905720805,1.858448131,1.580901328,0.934717304,-3.5894186,4
Anion_4676,CCOC1=CC(=C[O-])C=C[C+]1OCC(=O)[O-],0.477201787,0.021947529,5.44374698,2.334719281,0.283498626,12
Anion_4677,CC(C)(C)C1CC(C(=O)[O-])C1,4.962435479,2.282088759,0.624801955,-2.110785137,0.205826562,1
Anion_4678,CC1CCC(C)(C(=O)[O-])CC1,6.579952044,0.134337634,-0.482408705,-0.034970255,2.554555727,11
Anion_4679,CCCCC1CC(C(=O)[O-])C1,3.80891908,2.612242409,-2.403556538,-0.116877258,3.331809008,1
Anion_4680,CC(C)(C(=O)[O-])c1ccc(C(F)(F)F)cc1,1.745334762,-0.321290914,0.40966462,2.532241367,1.632070123,7
Anion_4681,Cc1cc(OC(C)(C)C(=O)[O-])ccc1Cl,1.76317826,-0.669676002,0.638292032,2.238496087,1.961428714,7
Anion_4682,Cc1ccc(OCCC(=O)[O-])cc1C,-0.3589389,4.648326607,0.692197422,-2.296219252,-1.230176668,16
Anion_4683,O=C([O-])CS(=O)(=O)c1cccc(Br)c1,-0.45111461,-1.41030303,1.043655396,1.499503517,-0.361947859,3
Anion_4684,Cc1ccc(C(C)C)c(OC(C)(C)C(=O)[O-])c1,1.865791742,0.945751964,1.567260873,0.167885312,0.931932134,7
Anion_4685,Cc1ccc(C2(C(=O)[O-])CCC2)cc1,3.20173896,-0.227386916,0.664257726,2.17300896,1.971480408,7
Anion_4686,O=C([O-])C=C(c1ccccc1)C(F)(F)F,-1.545253667,-2.49863732,-1.202349864,0.132783529,1.551704869,15
Anion_4687,CC(=CC(=O)[O-])c1ccc(F)cc1,-1.191903318,-0.860067367,-2.43987239,0.396919001,1.022020157,2
Anion_4688,CC(C)COc1ccc(CCC(=O)[O-])cc1,0.161771115,3.722090639,-1.807334352,2.37483671,0.911118571,6
Anion_4689,CCCOc1ccc(C(=O)CCC(=O)[O-])cc1,-1.542839585,2.394047562,-0.839607469,3.093785898,-0.728653486,13
Anion_4690,CC(C)Oc1ccccc1C=CC(=O)[O-],-1.771472334,-0.397413216,-1.481131704,-0.25457492,-0.520229306,2
Anion_4691,COc1ccc(C(C)(C)C(=O)[O-])cc1OC,1.69061588,1.418389249,0.408386727,1.076957224,2.204795775,7
Anion_4692,COC1(C(=O)[O-])CCCCC1,6.566709913,-1.240852085,1.1227277,-0.460695031,2.366374192,11
Anion_4693,O=C([O-])c1ccc(S(=O)(=O)Cl)s1,-5.493868207,-4.743117409,1.723508006,1.525961266,-1.567569708,8
Anion_4694,O=C1CCC(Cc2ccccc2)(C(=O)[O-])CC1,3.315063066,-0.755662786,2.461875702,2.156867549,1.24443084,7
Anion_4695,O=C([O-])CCC(=O)c1ccc(F)c(Cl)c1,-0.823700819,0.037308843,-0.809347413,4.326700261,-1.844632136,13
Anion_4696,CCOc1ccc(CCCC(=O)[O-])cc1,-0.060061033,3.847090396,-0.423228901,-0.893964579,-0.524252229,16
Anion_4697,COc1ccc(C(=O)CCC(=O)CCC(=O)[O-])cc1,0.550578508,-1.02857946,-0.808379937,3.285628926,-2.093057218,13
Anion_4698,Cc1c(Cl)cccc1OCC(=O)[O-],0.119138484,0.914781067,0.094775372,-1.329645014,-1.84321323,5
Anion_4699,O=C([O-])CCCCC(=O)c1ccc(F)cc1,0.384509731,-0.007177009,-1.203009152,3.723463508,-1.87066554,13
Anion_4700,Cc1ccc(C=C(C#N)C(=O)[O-])cc1,-4.074686635,-1.719571724,0.065288474,0.104629247,0.461486282,15
Anion_4701,CC(C)(C(=O)[O-])C1CCCC1,6.346320323,-0.160123993,-0.738177633,-0.08968552,1.949596217,11
Anion_4702,O=C([O-])C=Cc1cc(Cl)ccc1Cl,-2.293031804,-1.335509889,-0.666217402,1.104459578,1.131045948,15
Anion_4703,COc1ccccc1C(C)=CC(=O)[O-],0.495681884,-1.007518635,0.730938036,0.928540371,2.340460587,7
Anion_4704,CC1(CCC(=O)[O-])CC1,5.700088801,1.21555423,-2.382389167,-1.428635352,0.036693275,1
Anion_4705,O=C([O-])COCc1ccccc1Cl,1.054939497,0.181502305,-1.219486898,1.156557419,-0.844106212,9
Anion_4706,Cc1cc(OCCC(=O)[O-])ccc1Cl,0.929255839,1.734939225,0.781903016,-0.433780487,-1.230477651,5
Anion_4707,CCCCCc1ccc(OCC(=O)[O-])cc1,-1.221692107,3.206722516,-1.102146584,0.549181721,0.699169363,6
Anion_4708,O=C([O-])COc1ccc2cc(Br)ccc2c1,-2.212780512,1.595832599,-0.482723434,2.090802418,-0.900496351,4
Anion_4709,Cc1cc(OCC(=O)[O-])c(C(C)C)cc1Cl,1.134783804,1.080336173,2.884997531,-0.329904741,0.347640107,14
Anion_4710,O=C([O-])COc1ccc(Cl)cc1Br,0.244418559,0.274215762,-0.927264561,0.858169166,-0.341471748,9
Anion_4711,CC1=CC(=C([O-])CCC(=O)[O-])C=C[C+]1F,-0.630423365,0.639619125,-0.7679203,3.420196163,-1.80258507,13
Anion_4712,COc1ccc(CCCC(=O)[O-])cc1F,0.708653974,2.541069068,-0.884553981,-0.060109542,-0.625704672,5
Anion_4713,CCCCCCc1ccc(C(=O)CCC(=O)[O-])cc1,-3.52464254,4.891763794,1.302568671,-0.126318338,-1.480089256,16
Anion_4714,CCOc1ccc(CCC(=O)[O-])cc1OCC,1.577161295,1.843724893,-2.164281764,2.645216005,0.32558332,9
Anion_4715,CC(C)(C)c1ccc(OCC(=O)[O-])c(C(C)(C)C)c1,0.3994879,2.281157079,1.872543571,-0.003816939,0.863560916,18
Anion_4716,CC(C)(C(=O)[O-])C(=O)OCc1ccccc1,1.825133223,-0.33267615,1.777919326,0.579002273,0.672780819,7
Anion_4717,O=C([O-])CCC(=O)CC(=O)c1ccccc1,-0.161338397,-0.907418038,-0.941561955,3.670724653,-1.901528412,13
Anion_4718,CC(C)(Oc1ccc(C#N)cc1)C(=O)[O-],0.154639913,0.215607199,1.972548169,1.622972872,0.311307158,7
Anion_4719,O=C([O-])c1coc2ccc(F)cc2c1=O,-1.944166726,-2.29968225,1.78548874,1.433889672,0.800159246,21
Anion_4720,O=C([O-])C1=CN=[N+](c2ccccc2)C1=[N+]1C=CC=C1,0.126642608,0.700916862,4.815945725,0.821546301,2.816296163,14
Anion_4721,CC(C)(C)c1oncc1C(=O)[O-],2.789404401,-1.594873601,5.140535087,-0.270109106,1.388832389,14
Anion_4722,COCc1oncc1C(=O)[O-],1.014627962,-3.391892517,-0.669044941,-0.564571072,-1.428765272,17
Anion_4723,Cc1ccc(-c2ccc(C(=O)[O-])[nH]2)cc1,-2.906376008,2.002028594,-0.250234609,-2.749470273,-1.173828309,0
Anion_4724,CN(C(=O)OC(C)(C)C)c1ccc(C(=O)[O-])s1,-1.744587753,-0.602611746,-0.337157429,0.926366332,2.790489239,10
Anion_4725,CCCCCc1ccc(C=CC(=O)[O-])cc1,-4.891871613,2.928446478,-2.767839269,1.329206373,3.421181027,10
Anion_4726,O=C([O-])C(F)(F)c1ccc(C(F)(F)F)cc1,-0.78838584,-2.238886314,-0.629453168,1.301365087,1.110637436,2
Anion_4727,O=C([O-])CCCc1ccc(C(F)(F)F)cc1,0.010710872,2.704964412,-0.675420024,0.302723536,-0.777640223,5
Anion_4728,O=C([O-])c1cc(=O)c2ccc(F)cc2o1,-4.433352281,-3.153407389,-0.212361724,-1.261393105,0.121488187,15
Anion_4729,O=C([O-])Cc1noc2ccc(Cl)cc12,-0.694804854,-1.430413755,-0.866394452,1.969572363,-1.697137055,13
Anion_4730,O=C([O-])C1=C[NH+]=[N+]=C1c1ccc(Cl)cc1,-0.155623531,-0.263734058,1.110598342,-1.415848245,-0.750095429,3
Anion_4731,O=C([O-])C1=CCSC1,1.893706146,-3.125903529,-1.397838343,-0.519826583,-0.183018065,17
Anion_4732,COc1ccccc1C1(C(=O)[O-])CC1,2.499848588,-1.248564403,1.670104526,0.678226541,1.843812203,7
Anion_4733,CC1(C)CC(=O)c2c(C(=O)[O-])[c+]o[c-]2C1,-0.990433373,0.102993945,0.868321797,-0.389502998,-0.419745634,3
Anion_4734,COc1cc(CCC(=O)[O-])ccn1,0.796138972,1.491122509,-1.379003526,2.260451595,-0.600984155,9
Anion_4735,COc1ccc([N+]2=NC=C(C(=O)[O-])[C-]2C(F)(F)F)cc1,-2.518042208,2.488613633,2.017091122,-1.346802953,1.49496441,0
Anion_4736,O=C([O-])Cc1ccc(-[n+]2ccc[n-]2)cc1,-1.187854186,2.752301899,0.230766039,-0.552596525,-0.775538264,16
Anion_4737,O=C([O-])CC[N+]1=[S+2]=c2ccccc2=C1[O-],0.257418829,0.474752534,-1.225445776,3.258954187,-0.403768341,13
Anion_4738,Cc1ccccc1-c1ccc(C(=O)[O-])o1,-2.94031237,0.218356269,-0.510533437,-1.547364101,-0.271342994,0
Anion_4739,O=C([O-])C1=C(Cl)N=C2[S+]=CC=[N+]21,-1.10472799,-2.633975791,-1.053422767,-1.429513004,-1.367823972,8
Anion_4740,COC(=O)c1ccc(OCCC(=O)[O-])cc1,-0.800794921,2.187783297,1.212600485,1.00938529,-1.21626353,4
Anion_4741,O=C([O-])C[S+]=c1[c-]cc(C(F)(F)F)cc1,-0.342467205,0.85979412,-0.668845802,1.260813391,-0.707940231,9
Anion_4742,CN(C)C(=O)CCCC(=O)[O-],3.714244042,0.297564568,-2.209399616,0.0231442,-0.141957015,20
Anion_4743,CCCCCCCCc1ccc(C(=O)[O-])s1,-3.352543294,1.833736356,-2.520511686,0.812835681,2.614228697,10
Anion_4744,O=C([O-])C[n+]1c(Cc2ccccc2)nc2cccc[c-]21,1.013904454,0.043796068,2.569965153,1.096144036,1.949016535,7
Anion_4745,CC1=[N+]=c2nccc[n+]2=C1C(=O)[O-],-1.329718404,-2.257596158,0.416245937,-0.413091272,-1.71926502,3
Anion_4746,C=CCOc1cccc(CC(=O)[O-])c1,1.542866589,1.443918373,-1.061298839,0.622333516,-0.681328816,9
Anion_4747,CC1=C(C(=O)[O-])[CH+]C(=C2C=CC(Cl)=C[CH-]2)O1,-2.938341906,1.950079268,0.520187022,-1.124264455,0.533241358,0
Anion_4748,CCCCCC1CCC(CC(=O)[O-])CC1,0.366035564,8.074789626,-0.349519025,-4.847237198,0.814109134,16
Anion_4749,O=C([O-])c1conc1-c1ccc(F)cc1,-0.567986671,-1.58645777,0.897472158,-1.900881452,-1.328349972,3
Anion_4750,N#Cc1ccc(SCC(=O)[O-])cc1,-0.913868748,-0.067522982,-0.423166376,2.613847303,-1.33682317,13
Anion_4751,O=C([O-])CO[N+]1=[N+]=[N+]=C2C=CC=C[C-]21,-0.600964216,-0.970803907,0.265664977,1.549138358,-2.33447014,4
Anion_4752,CN1C=C(C(=O)[O-])c2cccnc21,-0.315518744,-0.603870823,-1.77323499,-0.010904215,-0.507761647,2
Anion_4753,O=C([O-])CCCCCCC1=CC=[S+2]=C1,1.823818617,0.736142848,-1.627507558,1.84141991,-0.519734136,9
Anion_4754,O=C([O-])CCCCCCN1C(=O)C=CC1=O,-1.506967834,-1.447828634,-0.637163803,4.414289423,-3.728246053,13
Anion_4755,N#Cc1ccc2c(c1)C(C(=O)[O-])=CN2,-0.865918327,0.029270286,0.080948701,-1.160199842,-1.364077239,3
Anion_4756,O=C([O-])C1=C[NH+]=CC1=C1C=CC=C[CH-]1,1.213586379,0.165523684,0.080229497,-1.105180804,-0.517254304,5
Anion_4757,CC1=[N+]=C(c2cccc(C(F)(F)F)c2)[S+]=C1C(=O)[O-],-4.731748819,-0.405415227,0.256533398,0.76238885,1.919723447,15
Anion_4758,O=C([O-])c1[c-][n+](-c2ccc(Cl)cc2)nc1,-3.166104657,1.984712324,-0.526243812,-1.302645675,-0.506962508,0
Anion_4759,CC1=[n+]2[n-]c(C)cc2=NC=C1C(=O)[O-],-1.640214318,-1.137188772,0.746027849,0.264331674,0.429340836,3
Anion_4760,O=C([O-])C1=C[N+](=c2[c-]cc(F)cc2)[N+]#[N+]1,-3.92423398,0.572404706,-0.264185694,-1.222245392,-0.657132525,0
Anion_4761,COc1ccc([N+]2=NC=C(C(=O)[O-])[C-]2C)cc1,-2.373312787,3.509354543,0.086120324,-1.64365712,0.451942802,16
Anion_4762,CN1C=C(C=O)C=C1C(=O)[O-],-0.139397048,-2.181595708,-0.35676046,0.384869161,-0.41190673,2
Anion_4763,O=C([O-])C[n+]1ccc2cc(OCc3ccccc3)cc[c-]21,-3.499602483,6.196000845,3.275408108,-1.714492337,2.304071234,16
Anion_4764,CCC(CC)OCC(=O)[O-],4.077220301,0.99255584,-1.950226453,-2.208778998,0.00926716,1
Anion_4765,O=C([O-])Cc1c[n+](Cc2ccc(F)cc2)c2cccc[c-]12,-0.076997544,3.831942946,3.628023269,-0.874753003,0.35834551,18
Anion_4766,O=C([O-])c1ccc(N2CCOCC2)s1,-0.937157306,1.471768816,-1.002920715,-0.893444676,0.899888223,10
Anion_4767,CC(C)C(=O)N1CCC(C(=O)[O-])CC1,2.223472353,1.449662703,-1.234068656,-0.122787527,1.411404692,1
Anion_4768,O=C([O-])C=Cc1ccc(F)c(Br)c1,-3.18671391,0.407396271,-1.010824421,-0.513874086,-0.278967218,10
Anion_4769,O=C([O-])CN1CCC(Cc2ccccc2)CC1,0.80888013,4.496164248,3.877867384,-2.025705571,-0.869220913,18
Anion_4770,O=C([O-])CCC1CCN(Cc2ccccc2)CC1,-0.878924714,5.226309414,-1.269634257,1.513863873,0.742395183,6
Anion_4771,O=C([O-])c1ccc2[n+](c1)C=[N+]=C2,-0.947083188,-2.131547894,-1.535040245,0.239278348,-0.682730099,2
Anion_4772,O=C([O-])C1=Cc2cc(Br)ccc2OC1,-2.711530302,-0.236753061,0.483615974,-1.000472849,0.63718277,10
Anion_4773,COC1=CC=CC(=C([O-])CCCC(=O)[O-])[CH+]1,-0.208083162,0.929857648,2.046645559,0.834679236,-3.412621531,4
Anion_4774,O=C([O-])CCCCc1ccc(Cl)cc1,0.088649828,2.698105654,-1.474384728,1.679212918,0.757262815,6
Anion_4775,O=C([O-])C1(Cc2ccccc2)CCCC1,3.644914467,-0.422580146,1.911845567,2.268083546,1.141167118,7
Anion_4776,O=C([O-])CCc1cc(F)ccc1F,2.112971042,0.190428921,-1.280525635,1.729796628,-1.375661209,9
Anion_4777,CC(C)(C)OC(=O)N1CCN(CC(=O)[O-])C(=O)C1,1.151057212,4.661833631,5.384204604,-4.293184727,0.373379171,18
Anion_4778,O=C([O-])Cc1cc(F)cc(F)c1F,0.870233531,-0.179688888,-0.132832622,-0.420676319,-1.105246544,5
Anion_4779,O=C([O-])C=Cc1ccccc1OCc1ccccc1,-2.618179052,-0.219752635,-0.959116032,-0.973846066,-0.737257486,10
Anion_4780,O=C([O-])c1cc2cc(Cl)cc(F)c2[nH]1,-2.680445502,-2.440954309,-1.771106527,-0.196239079,1.00812935,15
Anion_4781,COc1ccc([N+]2=[N+]=C(C(F)(F)F)C=C2C(=O)[O-])cc1,-1.523819692,-2.841931933,0.097689969,-1.472256638,1.353178643,8
Anion_4782,O=C([O-])c1coc(Cl)n1,-0.158481606,-2.729495017,-1.386456077,-1.103385024,-1.242989525,17
Anion_4783,COc1ccc(CCC(=O)[O-])c(F)c1,1.649201646,1.442230576,-1.818755996,2.393495858,-0.274782383,9
Anion_4784,COc1ccc(C2=CC(=C([O-])[O-])O[N-]2)cc1,-5.406905787,0.72875165,0.111087495,-2.917984531,0.959359499,0
Anion_4785,Cc1coc2cc3oc(=O)c(CCC(=O)[O-])c(C)c3cc12,-2.669190986,3.9711826,0.88468992,3.274011103,1.76803828,6
Anion_4786,O=C([O-])c1cc2cc(C(F)(F)F)cnc2[nH]1,-3.656785319,-2.642454219,-1.703726999,0.606182894,1.332772142,15
Anion_4787,O=C([O-])C1=[N+]=CN=[NH+]1,0.426889175,-5.325786492,-1.71907786,-1.080200716,-1.346802931,17
Anion_4788,CC(C)COc1cccc(CC(=O)[O-])c1,1.119626112,2.374612499,2.763001914,-1.884159642,-0.355822781,18
Anion_4789,O=C([O-])C1=C[NH+]=[N+]=C1c1cccc(F)c1,-0.008179532,-0.130140284,1.367882589,-1.386705961,-0.601629042,3
Anion_4790,O=C([O-])C=CC1=CCCC2(C1)OCCO2,-1.755078247,0.203860058,-2.013742569,0.167724932,1.673517694,10
Anion_4791,O=C([O-])C1(c2ccc(F)cc2)CCCCC1,3.614530983,-0.784678758,2.329652585,2.617252463,2.190270084,7
Anion_4792,O=C([O-])CCc1coc2ccc(Br)cc2c1=O,-1.856863546,2.128764854,-0.965095911,4.437350893,-0.446817311,13
Anion_4793,C#Cc1ccccc1CC(=O)[O-],1.667031986,0.431490703,0.617856322,1.06292312,-1.264730343,9
Anion_4794,COC(=O)CSCCC(=O)[O-],3.573240825,-1.100011752,-1.338239288,0.827982344,-2.14639654,20
Anion_4795,O=C([O-])C1=[S+3]#[N+]N=C1C1CC1,-2.439464021,-5.045131675,1.638104077,-0.173276493,-1.68733678,8
Anion_4796,O=C([O-])C=Cc1ccc(Br)nc1,-3.543596258,-0.314148258,-1.278122464,0.897735233,-0.118361388,15
Anion_4797,O=C([O-])c1[nH+]c2ccc(F)cc2[c-]1Cl,-2.466678477,-2.993296025,-1.587257785,-0.057166715,0.287596646,15
Anion_4798,O=C([O-])C=Cc1cccc(Cl)c1F,-2.910893231,-0.052947734,-0.056864316,-0.443060656,-0.313573218,0
Anion_4799,O=C([O-])C1=C[NH+]=[N+]=C1C(F)(F)F,3.435959249,-1.728459197,3.241689469,-0.160840398,1.538913068,14
Anion_4800,O=C([O-])C1(c2ccc(F)c(F)c2)CC1,1.70702483,-1.150105139,1.160219563,1.119824981,1.437607431,7
Anion_4801,O=Cc1ccc(N2CCC(C(=O)[O-])CC2)cc1,-0.857199758,1.546228414,-0.336943726,4.186406292,0.837088871,13
Anion_4802,O=C([O-])C1(c2ccc(Cl)cc2)CCOCC1,3.067242374,-0.872786989,2.481515525,2.740442571,2.474626895,7
Anion_4803,O=C([O-])C1=CC2=CC(Br)=[N+]=CC2=[NH+]1,-3.338212306,-3.10807415,-1.675249597,0.438598661,1.019427349,15
Anion_4804,O=C([O-])c1cc2cnc(Cl)cc2[nH]1,-3.217736507,-2.223920763,-0.635469182,-1.407101975,-0.348183192,15
Anion_4805,Cc1cc2c(s1)=CC(=C([O-])[O-])[NH+]=2,-1.291992203,-0.74944509,-1.8405465,-0.888025801,0.064399055,2
Anion_4806,O=C([O-])C1=CC2=[N+]=CC(Cl)=C[N+]2=N1,-4.175123396,-1.739334754,-0.478500259,0.723414583,-0.322727048,15
Anion_4807,CC1=[N+]=C(C2=CC=[N+]=C[CH-]2)[S+]=C1C(=O)[O-],-4.246632162,-1.462233405,0.822784743,0.35156194,-0.12020693,15
Anion_4808,CCCOC1CCC(C(=O)[O-])CC1,2.845418288,3.003688787,-3.028028265,-0.761239634,4.039898478,1
Anion_4809,O=C([O-])C1(Cc2ccccc2)CCCCC1,3.858863759,-0.257051451,2.235160051,2.197956462,1.185365389,7
Anion_4810,CCN(CC(=O)[O-])C(=O)OCc1ccccc1,2.759789219,0.338151327,1.184928328,1.567798043,0.013633783,7
Anion_4811,Cc1ccc(S(=O)(=O)N2CC(C(=O)[O-])C2)cc1,-2.034760815,2.595997619,-0.056015113,0.328791933,0.393663813,10
Anion_4812,CN1CCC(C)(C(=O)[O-])CC1,6.624416316,-0.274571246,-0.441658044,-0.204916323,2.493549687,11
Anion_4813,O=C([O-])c1ccc(C(F)F)s1,-1.244802371,-2.785509168,-0.594702082,-0.281197458,-0.243553052,8
Anion_4814,O=C([O-])C1(c2ccccn2)CC1,1.874920394,-1.63763466,1.279971509,1.742570172,0.495649222,7
Anion_4815,CCN1CCC(CC(=O)[O-])CC1,3.061036661,4.480849242,-0.990642402,-3.895373474,-0.359880803,1
Anion_4816,O=C([O-])c1c[c+](Cl)o[n-]1,-1.221221754,-3.76564269,-0.816816191,-1.426113038,-0.863767918,8
Anion_4817,O=C([O-])CCC(F)=C(F)F,3.070910002,1.003084858,-1.305418769,-0.760682934,-1.212650292,20
Anion_4818,CC(F)(F)C(C)(C)C(=O)[O-],6.618158002,-1.64453693,-0.631286561,-1.333756651,1.287307939,11
Anion_4819,O=C([O-])CC1=[S+2]=CC=C1Br,2.630936051,0.135220037,2.611288223,0.10016769,-0.994181746,14
Anion_4820,O=C([O-])C=Cc1cccc(F)c1F,-2.546036393,-0.584681045,-1.135859027,-0.190433083,-0.569247631,15
Anion_4821,Cc1c(C(=O)[O-])oc2ccc(F)cc12,-1.837401505,-2.444871502,-0.627075629,0.126501272,0.980863122,15
Anion_4822,Cc1c(Br)ccc2c1=CC(=C([O-])[O-])[NH+]=2,-2.670668172,-1.957211308,-2.188571321,0.044176081,1.578288178,15
Anion_4823,Cc1cc[n+]2c(c1)C(=C([O-])[O-])C=N2,-0.358367681,0.285294802,0.084344712,-0.656920646,-1.766098875,5
Anion_4824,O=C([O-])CCCc1cccc(C(F)(F)F)c1,0.116386911,2.407092108,-1.189074574,1.434733892,-0.262337738,6
Anion_4825,O=C([O-])c1c[nH+]c2ncnc(Cl)[c-]12,-0.670139086,-1.374286097,0.404387086,0.252058099,-1.531682303,3
Anion_4826,O=C([O-])CCC(=O)c1ccc(OCc2ccccc2)cc1,-2.377978497,3.440133526,-1.095987505,3.96970445,0.389207441,6
Anion_4827,O=C([O-])c1conc1C1CC1,1.26402196,-2.165651116,0.769347859,-1.178251635,-0.938501385,17
Anion_4828,O=C([O-])C1=CC(=C2C=CC=C[C+]2Cl)O[N-]1,-4.033995173,-0.607813544,0.53340628,-0.540200903,0.672977267,0
Anion_4829,CC1=[N+]=C(c2ccccc2Cl)[S+]=C1C(=O)[O-],-3.629469975,-0.393156287,0.675094272,-0.185589649,0.646739056,0
Anion_4830,O=C([O-])C1(c2cccc(F)c2)CCCC1,3.406526475,-1.256184637,2.310248673,1.805150356,2.098396986,7
Anion_4831,O=C([O-])CCC1=[N+]=CC=[NH+]1,2.96290752,-0.437584973,0.093795537,-2.257646361,-2.269569919,20
Anion_4832,CN(CC(=O)[O-])S(=O)(=O)c1ccc(F)cc1,2.586170139,-0.319269559,4.701682233,1.277564962,0.082217391,14
Anion_4833,O=C([O-])c1cn[n+](-c2ccc(F)cc2)[c-]1C(F)(F)F,-1.944407453,0.709451784,1.182264099,-0.404994185,0.918637941,10
Anion_4834,CC1=CC(C(=O)[O-])=NN1c1ccc(Cl)cc1,-3.31528574,1.782786564,0.179368762,-2.066294113,0.558431348,0
Anion_4835,CC(C)(C)c1ccc(N2CCC(C(=O)[O-])CC2)cc1,-1.738463074,3.955973786,-1.861052567,1.742455483,4.86928107,6
Anion_4836,O=C([O-])C=CC1CCOCC1,1.603205916,0.643009685,-0.203929299,-0.88493911,-0.19540496,5
Anion_4837,CCN1CCN(CC(=O)[O-])CC1,2.467512352,3.824890882,-1.383389924,-4.17824223,-0.241455945,1
Anion_4838,O=C([O-])C1(c2ccc(Br)cc2F)CC1,0.546890686,1.051373302,2.752301468,-1.792234814,-0.247162075,18
Anion_4839,O=C([O-])C(=O)C1CCOCC1,0.821979447,-3.915939382,-0.612956274,-1.301945654,0.961674824,17
Anion_4840,O=C([O-])c1cn[n+]2[c-]1CCCC2,2.011536544,0.517705167,-1.147276119,-1.613633594,-0.240836634,20
Anion_4841,CC1=[N+]=C(C(=O)[O-])C(Br)=[S+]1,0.923227562,-4.258158854,1.650515028,0.853527531,1.80906653,21
Anion_4842,O=C([O-])C(F)(F)c1ccccn1,0.217358384,-2.986377286,-0.344313342,1.422367085,-0.329721717,17
Anion_4843,O=C([O-])Cc1ccc(C(F)(F)F)cc1F,-0.35297488,0.980337235,0.34290562,-0.886156445,-1.090535575,5
Anion_4844,CCOC(=O)C1=CC(=C([O-])[O-])[N+](C)=N1,-2.591166895,-0.957116445,0.496638747,-2.178310637,0.285146866,0
Anion_4845,CC1=[N+]=[N+](C)C(F)=C1C(=O)[O-],3.264808929,-1.430090252,-0.231496233,-0.454215393,1.502273002,20
Anion_4846,CC1(C(=O)[O-])CCN(C(=O)c2ccccc2)CC1,0.081905564,2.218638566,2.409031787,0.807262036,0.809549938,18
Anion_4847,CCC1=CC(C(=O)[O-])=NN1C,0.475629345,0.11805687,-2.360946147,-1.797522499,0.555458239,2
Anion_4848,O=C([O-])Cc1ccc(C(F)(F)F)nc1,-0.972297061,0.554504019,0.363642271,-0.173464915,-1.507240124,5
Anion_4849,CCc1[c-]c2[nH+]c(C(=O)[O-])cc-2cc1,-2.558210095,-0.108088953,-0.197982755,-1.682779965,0.686613631,10
Anion_4850,O=C([O-])C(=O)c1c[nH+]c2cc(Br)cc[c-]12,-3.558612468,-0.691701268,-0.142767427,-0.307897775,0.577745306,15
Anion_4851,O=C([O-])c1c[nH+]c2c(Cl)ccc[c-]12,-0.142574372,-0.033990659,-1.743884128,-0.207356576,-0.713137918,2
Anion_4852,O=C([O-])Cc1cncc(Cl)n1,-1.138435848,-1.390388994,0.273905622,1.877366008,-1.632809643,13
Anion_4853,COC1CCC(C)(C(=O)[O-])CC1,5.897907674,0.864399174,-0.142613466,-0.340679644,2.672170194,11
Anion_4855,CC(C)(C)OC(=O)N1CCC(C#N)(C(=O)[O-])CC1,0.715315794,0.172962402,1.740983306,-1.095778321,4.377878102,7
Anion_4856,CC1=CC=[N+]=[N+]1CC(=O)[O-],3.592741037,-0.362954125,1.068220467,-1.563049172,-1.140758931,20
Anion_4857,O=C([O-])c1c[s+]c(-c2ccc3c(c2)CCO3)[n-]1,-3.955120738,1.478080205,1.382697965,-2.146672328,-0.90520942,0
Anion_4858,O=C([O-])C1CCN(CC(F)(F)F)CC1,4.397992369,1.128511429,-2.262637004,-0.292395144,2.205502848,1
Anion_4859,O=C([O-])C1=[N+]=CC(=C2C=CC=C[CH-]2)S1,-4.777418506,-1.443161604,-0.31202408,-0.959802969,0.164127295,15
Anion_4860,O=C([O-])C1=C[N+](=C2C=CC=[N+]=C2)[N+]#[N+]1,-3.945163033,-0.318773117,-0.225968141,-0.435273735,-0.932850524,0
Anion_4861,C[N+]1=C(C(=O)[O-])C=[N+]=C1Br,0.4207386,-2.085345908,-0.725653475,-1.61213864,-0.508961568,17
Anion_4862,O=C([O-])C=Cc1ccc(Cl)c(F)c1,-3.108418952,-0.097210751,-1.297483128,0.323463917,-0.126696179,10
Anion_4863,CC(=O)CCc1ccc(OCCC(=O)[O-])cc1,0.208013262,2.429069888,0.390864331,1.711655754,0.101666642,6
Anion_4864,O=C([O-])C1=[N+]=C[N+](Cc2ccccc2)=N1,-1.944847805,1.085495007,-0.47133413,-1.628436618,0.544443621,10
Anion_4865,Cc1ccc(C2=CC=[S+2]=C2C(=O)[O-])cc1,-1.047122427,-1.517391356,0.738630124,-1.415881072,-0.381005497,3
Anion_4866,CC[n+]1ccc(C(=O)[O-])[n-]1,1.127896765,-0.312546003,-1.335725322,-1.866222587,-0.147209419,2
Anion_4867,O=C([O-])CCC1=[N+]=C(c2ccc(F)cc2)[N-]O1,-0.473112083,1.771241022,-1.042865633,3.874692748,-0.393633637,13
Anion_4868,O=C([O-])Cc1cc(Br)cc(C(F)(F)F)c1,-0.279627268,0.607299844,0.229484538,0.092349291,-0.82581808,5
Anion_4869,C[S+]=C1C=CC(=C([O-])CCC(=O)[O-])C(Cl)=C1,-0.028597469,1.230280314,-0.264503106,1.190686495,-1.648690627,5
Anion_4870,COc1ccccc1CN(C)CC(=O)[O-],2.794565395,0.315156909,0.973782787,2.084325347,0.925715787,7
Anion_4871,COc1ccc(C)cc1C(=O)CCCC(=O)[O-],-0.972838463,2.476258867,-1.048818199,3.503941472,-0.497940633,13
Anion_4872,CN(CC(=O)[O-])S(=O)(=O)c1ccc(Cl)cc1,2.166312531,-0.09887004,6.092528276,1.446630586,0.380693521,12
Anion_4873,COc1ccc(F)cc1C(=O)CCC(=O)[O-],0.047980565,0.481187355,0.538903792,1.10796131,-2.965078616,4
Anion_4874,COC1=CC(=C([O-])CCCCCC(=O)[O-])[CH+]C(OC)=C1,-0.428796439,1.023591211,-0.103503333,3.712743041,-1.333536025,13
Anion_4875,CC1=C[C+](Br)C(C)=CC1=C([O-])CCC(=O)[O-],-0.840949714,0.702640833,-0.410780216,3.104916383,-1.829983695,13
Anion_4876,COc1cc(Cl)ccc1C(=O)CCC(=O)[O-],-0.57628698,0.792488349,0.006759566,2.397130194,-2.06527404,13
Anion_4877,Cc1cc(C)c(C=CC(=O)[O-])cc1C,-1.802320081,0.217616624,-1.231686992,0.602542988,1.362146121,10
Anion_4878,COCc1ccccc1CC(=O)[O-],3.223004877,0.596159222,3.729737846,-0.090666751,-0.062461219,14
Anion_4879,CCc1ccc(OC)c(CC(=O)[O-])c1,0.860858663,1.034159943,-0.264633779,-1.505668189,-0.479711603,5
Anion_4880,Cc1cc(C(C)(C)C)cc(C)c1CC(=O)[O-],1.165563124,2.651389444,1.718550431,-0.7971405,0.730707506,5
Anion_4881,Cc1ccc(OC(C)(C)C(=O)[O-])cc1C,1.855778734,-0.008068738,0.492571619,1.491519199,1.965891045,7
Anion_4882,O=C([O-])CCOc1ccccc1I,0.529394379,1.5223997,-0.054483756,0.942238387,-2.048644312,5
Anion_4883,COc1ccc(C=NOCC(=O)[O-])cc1,-3.673695124,4.166946925,-0.281201785,0.181856698,0.273236328,16
Anion_4884,CCCOc1ccc(OCC(=O)[O-])cc1,-0.974755768,2.878805266,-1.071350019,0.287838685,0.047376981,6
Anion_4885,COc1ccc(-c2ccccc2CC(=O)[O-])cc1,-0.512244926,0.708002915,-0.609565015,-0.704556669,0.675687708,2
Anion_4886,COc1ccc(C(C)(C)C)cc1CC(=O)[O-],0.573772221,1.208631932,-0.412400606,-1.673850352,-0.495253499,5
Anion_4887,O=C([O-])Cc1ccc(S(=O)(=O)F)cc1,-1.604399649,0.460175701,0.752458608,0.122606468,-1.813732453,4
Anion_4888,CC1=CC(=C([O-])CCCCC(=O)[O-])[CH+]C(C)=C1,0.122699744,0.632073831,-1.347179142,4.190366126,-1.154237432,13
Anion_4889,COc1ccccc1C(=O)CCCCC(=O)[O-],0.627191928,0.8128593,-0.821168724,3.507462078,-2.087811653,13
Anion_4890,Cc1c[c-](Br)c(C)cc1=[S+]CC(=O)[O-],-0.040542206,0.082812794,-1.416727646,0.70814334,0.992381991,2
Anion_4891,O=C([O-])CCOc1ccc(F)cc1F,1.132327341,1.069768291,0.615487389,-0.125967053,-1.571627141,5
Anion_4892,Cc1c(C)c(C)c(C(=O)CCC(=O)[O-])c(C)c1C,-0.620943522,3.898008953,1.161238452,-1.049848506,-1.867506614,16
Anion_4893,Cc1ccc(C2=C(CC(=O)[O-])C(=O)CC2)cc1,1.222853787,1.519264031,2.922550635,3.101543802,0.492141369,14
Anion_4894,CC(C)(CC(=O)c1ccc2ccccc2c1)C(=O)[O-],-0.194263565,-0.375906331,1.149098626,4.7995297,-0.592260917,13
Anion_4895,O=C([O-])CCCOc1c(Cl)cccc1Cl,0.342221896,2.537557091,-0.494025394,1.272053777,-1.344801256,5
Anion_4896,O=C([O-])COc1c(Cl)cc(Cl)cc1Br,1.741726109,-1.086175449,4.081368431,0.771285787,0.020431107,14
Anion_4897,COc1ccc(OC)c(OCCC(=O)[O-])c1,1.658069021,0.965567505,0.50752751,-0.048807158,-0.390993943,5
Anion_4898,CCOc1ccc(C(=O)CCCCC(=O)[O-])cc1,0.28777087,0.869484782,-1.234538438,3.233624273,-1.479721992,13
Anion_4899,CCCCCCOc1ccc(C(=O)CCC(=O)[O-])cc1,-3.612254283,5.002109978,-0.797260595,3.345093391,0.983949243,6
Anion_4900,O=C([O-])CCCCCCC(=O)c1cccc2ccccc12,-1.673999393,2.176043633,0.331929981,2.903563612,-2.22720605,4
Anion_4901,CCCOc1ccc(CC(=O)[O-])cc1OCCC,0.032068725,3.890135214,-0.200467462,-0.91720825,-0.110087096,16
Anion_4902,COc1ccc(C2CCC(CC(=O)[O-])CC2)cc1,-1.963057288,7.139309307,1.386125388,-3.486289967,-1.661163874,16
Anion_4903,O=C([O-])CCCC(=O)c1ccc(Oc2ccccc2)cc1,0.494169414,2.969661283,6.126178829,1.875917031,-0.154866752,12
Anion_4904,CC1=[N+]=c2ccccc2=[N+]1CCCC(=O)[O-],-0.372870536,3.478793733,0.300499298,-0.775986538,-1.677189857,16
Anion_4905,O=C([O-])C1CN(C2CCCCC2)C1,3.103637951,1.985306019,-3.33696864,-0.561049995,3.214400797,1
Anion_4906,Cc1ccc(CSC2(CC(=O)[O-])CCCCC2)cc1,-1.282342286,4.214400759,-1.025334904,0.028962875,0.706952563,16
Anion_4907,O=C([O-])C[N+]1=[N+]=C(c2ccccc2)c2ccccc2C1=O,-0.818030529,2.489014444,4.298848979,1.304600328,0.046485225,18
Anion_4908,CCC1=[N+]=C(C(=O)[O-])[CH-]O1,0.389676719,-0.72583049,-0.754050388,-1.837541288,-0.969373524,2
Anion_4909,CC1=C(C(=O)[O-])[N+]#[S+3]=N1,-0.715369734,-4.467843017,0.154282183,-0.242192817,-1.237413116,8
Anion_4910,CC(C)(C)C(=O)CCCCCC(=O)[O-],1.730305225,0.731294787,-1.09953206,1.336572586,-1.852083181,9
Anion_4911,CCC1=[N+]=C(C(=O)[O-])[C-](C)O1,0.58255384,-0.633227995,-0.76461221,-1.813031872,-0.280586669,2
Anion_4912,O=C([O-])C1=CC2=[N+]=CC=C[C-]2O1,-2.600063092,-3.277711351,-1.166535187,0.097096995,0.280908064,8
Anion_4913,O=C([O-])COC1=CC=[S+2]=C1Cl,1.294254497,-0.949360289,-0.707658722,0.916464631,-1.194740671,9
Anion_4914,CC(C)(C)Oc1ccc(CC(=O)[O-])cc1,0.155833282,2.908014347,-0.345982026,-1.014421317,-0.654138785,5
Anion_4915,Cc1[c-]c2c(C)c(C(=O)[O-])[nH+]c-2cc1,-1.247047603,-1.415949344,-1.044385438,0.135452955,1.271291515,2
Anion_4916,O=C([O-])c1c[s+]c2[c-]1CCCC2=O,-1.490467351,-1.849172267,0.221613071,0.16107439,-1.388520349,3
Anion_4917,CC(=O)c1[c-]c2[nH+]c(C(=O)[O-])cc-2cc1,-4.577432171,-1.105325189,-0.460237469,-0.617949504,-0.003436453,15
Anion_4918,O=C([O-])C[N+]1=[N+]=C[N+]2=[N+]=CC=C2C1=O,0.42500367,0.849940272,4.588326147,-0.875157691,-2.005664204,18
Anion_4919,O=C([O-])C1=[S+2]=c2ccccc2=C1[n+]1[c-]ccc1,-1.510470642,-2.810038693,3.173833162,0.662624902,2.688333081,21
Anion_4920,COc1ccc(OC2(C(=O)[O-])CCCCC2)cc1,2.170186731,-0.481706695,1.966991286,2.518252004,3.091994119,7
Anion_4921,O=C([O-])C1=[S+2]=c2ccc3ccccc3c2=C1Cl,-3.329625491,-2.194839056,2.221032103,0.268469051,2.363301021,21
Anion_4922,O=C([O-])C[N+]1=[N+]=[N+]=C(c2cccc(Cl)c2)[N-]1,-2.761034812,2.104544245,3.537172342,-2.461873927,-1.42726991,18
Anion_4923,CN(CC(=O)[O-])C(=O)c1ccc(F)cc1,1.830037016,-0.048128695,2.108001468,2.037350084,0.104856915,7
Anion_4924,O=C([O-])C1=C[N+](=c2[c-]cc(Cl)cc2)C(=O)c2ccccc21,-3.36610877,-0.085610328,1.298014679,-1.500399114,1.514196198,0
Anion_4925,CCOc1ccc(C2=NC(C)=C(C(=O)[O-])S2)cc1,-5.857903169,3.033568986,1.322528029,-2.248782187,0.87180755,0
Anion_4926,CC(C)c1cccc(CC(=O)[O-])c1,1.112693244,1.720604029,0.037899446,-1.433682328,-1.287736164,5
Anion_4927,N#Cc1ccc(C2(C(=O)[O-])CCCC2)cc1,1.493354438,-1.449408884,2.643924416,3.698734495,2.390494234,7
Anion_4928,C[N+]1=[N+]=[N+]=[N+]=C1SCCC(=O)[O-],0.788590925,-0.628890675,0.406415235,1.218566531,-3.001560216,5
Anion_4929,O=C([O-])Cc1noc2ccc(F)cc12,-0.39323751,-1.561405375,-1.086764026,2.189848762,-1.576100807,13
Anion_4930,Cc1ccc(F)cc1CCC(=O)[O-],2.148514814,0.598763062,-1.633665006,1.839275013,-0.599286263,9
Anion_4931,COC(=O)c1ccc(CC(=O)[O-])cn1,-2.591879989,1.308836612,1.32918913,-0.436017311,-2.037238261,4
Anion_4932,CC1=C(C(=O)[O-])SC(c2ccccc2C)=N1,-3.327114183,-0.234758913,0.454222415,-0.284613025,0.702546554,10
Anion_4933,CC(C)(C(=O)[O-])N1CCOCC1,6.143361859,0.470020488,1.416070135,-2.610105139,1.501944266,11
Anion_4934,CC1=C(C(=O)[O-])C([O-])=[n+]2ccccc2=N1,-0.904249408,-3.225104323,0.848627162,1.834790907,1.735291829,21
Anion_4935,CCCOc1ccc(C2(C(=O)[O-])CCCC2)cc1,1.898868619,1.584749494,1.427660984,3.196986398,4.070899234,7
Anion_4936,CS(=O)(=O)[N+](CC(=O)[O-])=c1[c-]cccc1,3.11217496,0.094800065,4.408371424,1.371398014,0.370803742,14
Anion_4937,Cc1c(CCCC(=O)[O-])c2ccccc2n1C,0.591668478,2.287563925,-1.462020452,1.517092039,0.994637957,6
Anion_4938,O=C([O-])C1(c2ccccc2F)CCCCC1,4.025383954,-0.971659999,2.472115517,2.514425442,2.253238144,7
Anion_4939,O=C([O-])C[S+]=C1N=CN=[NH+]1,0.132852454,-3.194126661,0.184783371,-2.220347343,-2.716582724,17
Anion_4940,O=C([O-])C(F)(F)Cc1ccccc1,1.780978369,-2.22969544,-0.04830497,1.480913565,0.51765113,7
Anion_4941,CCC1=CC(C(=O)[O-])=CN(C)C1=O,-0.717521937,-1.851355664,-0.847279707,-0.674113617,0.434596028,2
Anion_4942,O=CC1(C(=O)[O-])CC1,2.895624059,-2.475549934,0.358223779,0.506493435,-1.502561626,17
Anion_4943,CC1=C(C(=O)[O-])C2=[N+]=CC=C[N+]2=N1,-1.162485748,-0.817444838,0.035397394,0.426310128,-1.476128567,3
Anion_4944,COc1ccc(-c2ocnc2C(=O)[O-])cc1,-1.376417821,-0.729067999,0.487000419,-2.030582552,-0.938081168,3
Anion_4945,COc1cc2c(C(=O)[O-])c(C)[n+](C)c-2c[c-]1Br,-0.56899108,1.361735161,-0.382758245,-1.08884556,0.299603124,5
Anion_4946,O=C([O-])C1(c2cccc(Cl)c2)CCCC1,2.815437398,-0.855383966,2.636771179,1.485005722,2.037878852,7
Anion_4947,O=C([O-])C1(c2cccnc2)CCCCC1,3.179393812,-1.676666589,2.412896449,2.765845581,1.33237463,7
Anion_4948,CC(C)C1=CC(=C([O-])[O-])C=[S+]1,0.499042437,-0.387958159,0.122935746,-0.673255923,0.250409851,2
Anion_4949,C#CC1=CN=[N+](C)C1=C([O-])[O-],0.636611788,-4.265746365,0.824933237,-1.238556237,0.431240651,17
Anion_4950,CC(C)(C)c1[c-]c2cc(C(=O)[O-])[s+]c-2cc1,-3.474508046,0.023541016,0.014249693,-0.931525332,1.82757691,10
Anion_4952,O=C([O-])Cc1cn[n+]2cccc[c-]12,0.521809953,0.884793045,0.712952899,-0.497426534,-2.704519338,5
Anion_4953,O=C([O-])CCOCCOCCOCc1ccccc1,3.574756344,-0.705983448,1.196583378,3.007293085,0.492952288,7
Anion_4954,COC(=O)CC(=O)C(=O)[O-],-1.324490295,-3.659476776,0.248387167,-1.417540265,-0.292249312,8
Anion_4955,Cc1ccc(CCC(=O)[O-])cn1,1.28577539,1.002941682,-0.911413983,2.119730288,-1.414835309,9
Anion_4956,N#CC(=Cc1ccc[nH]1)C(=O)[O-],-2.311440594,-4.875682408,2.526777382,-0.808368313,-0.737012517,8
Anion_4957,O=C([O-])C1(Cc2cccs2)CCCCC1,2.1579673,0.069808512,1.239932507,2.162540548,2.206660953,7
Anion_4958,CC1=[N+]=CC=[N+]1CCCC(=O)[O-],2.760035729,0.412306115,-2.368143924,0.45749399,0.296961634,20
Anion_4959,CC(C)C(=O)N(C)CC(=O)[O-],4.405394883,-0.458793121,1.518095236,-0.400438436,0.268035944,11
Anion_4960,O=C([O-])CCC[n+]1ccc[n-]1,2.806521031,0.500923873,-1.721692136,-0.086950216,-0.824654172,20
Anion_4961,O=C([O-])C1=CCCSC1,2.097308789,-2.278464657,-1.579130936,-0.414791637,0.338336829,17
Anion_4962,CON(CCC(=O)[O-])C(=O)OC(C)(C)C,3.387964911,0.126921347,-1.829698597,-0.733914911,-0.17895507,20
Anion_4963,O=C([O-])CC1=C[S+]=C2N=CC=[N+]12,1.41507708,-1.686442153,-1.384264812,0.624392992,-1.144211049,17
Anion_4964,O=C([O-])CCCCN1CCOCC1,3.838705709,3.271134678,-0.845895432,-4.173525517,-0.806628696,1
Anion_4965,N#Cc1c(C(=O)[O-])[nH+]c2cccc[c-]12,-3.510679651,-3.909777583,-1.137044224,-0.685615963,0.532861337,8
Anion_4966,O=C([O-])C1=[N+]=[NH+]c2c(Cl)cccc21,-1.74596685,-1.416020443,-1.099361217,-0.299437033,-0.845752086,2
Anion_4967,O=C([O-])CN1C(=O)C(=O)N(Cc2ccccc2Cl)C1=O,-1.802857955,-0.660826326,7.839470538,2.395059355,-1.149024381,12
Anion_4968,O=C([O-])c1c[s+]c(N2CCCCC2)[n-]1,-1.431375611,1.376648566,0.240911944,-2.15759622,0.138198356,10
Anion_4969,COC1=C(C(=O)[O-])C=[S+2]=C1Br,-0.229240153,-2.117247078,0.379243668,-0.754733209,-0.198955053,3
Anion_4970,C[N+]1=NC(c2ccccc2)=C(C(=O)[O-])[C-]1Cl,1.546391998,-2.793090566,2.723898813,1.537881792,2.701020312,21
Anion_4971,COC1=CC(C)=[S+2]=C1C(=O)[O-],0.04374878,-2.17544883,-1.290894628,-0.624792205,-0.115558786,2
Anion_4972,COC1=NC(C(F)(F)F)=C(C(=O)[O-])S1,-0.431515148,-3.004105432,4.144144028,0.693806837,2.558578803,21
Anion_4973,C[N+]1=[N+]=C(C(=O)[O-])C(Br)=C1C(F)(F)F,0.237370526,-3.370569586,0.339480431,-0.145454688,2.614126384,21
Anion_4974,CC1=C(C(=O)[O-])[N+]#[N+][N+]1=c1[c-]cc(C(F)(F)F)cc1,-4.094036406,1.584323284,1.303526338,-0.209102115,0.686059506,0
Anion_4975,O=C([O-])Cc1cc(F)cc(Br)c1,0.612776954,0.378547942,-0.1161373,-0.538337325,-1.379407161,5
Anion_4976,Cc1cc(CC(=O)[O-])[n+](C)[n-]1,2.493834505,1.233601218,-0.469159021,-2.450280008,-1.601725335,5
Anion_4977,O=C([O-])c1cnc(-c2ccc(Cl)cc2)s1,-5.379777439,-0.016771213,-0.076585913,-0.597663257,0.025592703,0
Anion_4978,CC1=[N+]=[N+](c2ccc(Cl)cc2)C(C)=C1C(=O)[O-],-2.324423209,2.221614224,0.074350206,-0.760371501,0.585747547,10
Anion_4979,O=C([O-])c1c(-c2ccccc2)nc2ccc(Cl)cn12,-0.888799071,-2.853432093,3.4754383,0.728235104,2.581759418,21
Anion_4980,CCCCc1ccc(C(=O)CCCC(=O)[O-])cc1,0.256491441,2.929665863,6.419923319,0.651507095,-0.90853449,18
Anion_4981,C[N+]1=C[N+]#[N+]C1=[S+]CC(=O)[O-],2.550713864,-1.849746671,-0.971950712,0.921563045,-1.105316943,20
Anion_4982,O=C([O-])C12CCCN1CCC2,5.971558974,-0.351690495,-0.932222888,-1.025682184,1.787112698,11
Anion_4983,COC1(C(=O)[O-])CCCCCC1,6.261576496,-0.606899133,1.190782119,-0.276748268,2.799913163,11
Anion_4984,CC1=C(C=O)C(C(=O)[O-])=C(C)N1C,1.097847839,-0.916586998,-0.457871629,1.018192132,0.693931819,9
Anion_4985,O=C([O-])C[S+]=C1[N+]#[N+]C(=C2C=CC(F)=C[CH-]2)O1,-0.780487362,-1.165889577,-0.054237283,2.08641963,-0.229827212,13
Anion_4986,COc1ccc(COC2=CC(=C([O-])[O-])O[N-]2)cc1,-6.550683544,2.172179758,-0.169156915,-3.558242241,2.637481532,0
Anion_4987,CN(C(=O)OC(C)(C)C)c1ccc(CC(=O)[O-])cc1,-1.331905859,3.363441697,-0.985893123,-0.073182355,1.646561461,6
Anion_4988,C[N+]1=C([NH-])N(CCCC(=O)[O-])C(=O)C1,1.865810606,0.189083596,4.170018746,-1.44525007,-0.785227684,14
Anion_4989,O=C([O-])C1=CC(=C2C=CC(Cl)=C(Cl)[CH+]2)N=[NH+]1,-4.901632818,-0.60606697,-1.341527653,-0.331171139,1.869153347,15
Anion_4990,O=C([O-])C[S+]=c1[c-]c(Cl)nc(Cl)c1,-0.877353078,-0.88021764,-0.629058995,1.901230635,-0.178425427,13
Anion_4991,CC1=CC=CC(=C2C=CC(CC(=O)[O-])=C[CH+]2)[CH-]1,-2.117183582,4.038626255,-0.020485868,-0.003342886,-0.084700951,16
Anion_4992,O=C([O-])CCC(=O)N1CCCCCC1,2.431618881,1.53564229,-1.734120222,0.016235336,-0.260236451,9
Anion_4993,O=C([O-])CCc1c(-c2ccccc2)[nH+]c2ccc(F)c[c-]12,-0.559184701,1.542342887,-0.860143275,1.504890837,-0.666130515,6
Anion_4994,CCc1ccc(OCCC(=O)[O-])cc1,-1.22544212,5.437787997,1.039692037,-2.896920789,-1.398851972,16
Anion_4995,COc1ccc(CSC2(CC(=O)[O-])CCCCC2)cc1,-1.662726465,4.310321313,-1.433779329,0.601523901,1.566484723,6
Anion_4996,Cc1[c-][n+]2cc(C(=O)[O-])ccc2c1,-1.444568795,0.21964255,-1.366280383,-0.924707327,-0.380596517,2
Anion_4997,CN1CC(=O)N(CC(=O)[O-])C1=O,3.016851614,0.061863902,3.326837654,-1.043755024,-0.806383499,14
Anion_4998,O=C([O-])CCCc1cc(F)ccc1F,1.19378885,1.107911357,-1.201317947,1.048155597,-0.83990527,9
Anion_4999,O=C([O-])C[n+]1cc(C(F)(F)F)ccc1[O-],0.584746823,-0.223951662,2.439989597,-0.430787707,-1.623964813,3
Anion_5000,O=C([O-])C1=[N+]=C(Br)[S+]=C1Cl,-0.554705671,-5.314985479,1.86576309,1.033567844,1.656666715,21
Anion_5001,O=C([O-])C=Cc1cccc(C(F)(F)F)c1F,-3.258706462,0.524368781,0.34455828,-0.62484972,-0.127002373,0
Anion_5002,COc1ccc(CC2(C(=O)[O-])CCCCC2)cc1,3.300591088,0.44305237,1.854734099,2.991187992,2.059667388,7
Anion_5003,C[N+]1=[N+]=C(C(F)(F)F)C(Br)=C1C(=O)[O-],0.504508419,-4.512590734,1.999825598,-0.708477415,2.545014352,21
Anion_5004,C[S+]=C1N=CC(=C([O-])[O-])N1Cc1ccccc1,-1.347643449,-1.499988657,-1.140245599,-1.445978324,-0.955811361,2
Anion_5005,CC1=[S+2]=CC(=C([O-])[O-])C1=C1C=CC=C[CH-]1,1.736146882,-1.056761134,4.823667799,-0.134929163,1.572747052,14
Anion_5006,O=C([O-])Cc1cccc2c1OC(F)(F)O2,1.770098814,0.976293447,0.278976899,-0.004989155,-0.447527769,5
Anion_5007,O=C([O-])C1=CCN(Cc2ccccc2)CC1,-1.272373839,1.741269965,-0.498398245,-1.210652351,0.506165657,10
Anion_5008,CC1c2ccc(F)cc2OC(=O)C1C(=O)[O-],0.522314588,-1.499715052,0.737267779,0.593328985,1.160029534,7
Anion_5009,O=C([O-])CC1=CCOCC1,3.342306188,-0.554838167,-2.416347368,0.273313738,-0.221768984,20
Anion_5010,COc1ccc2c(c1)C(=C([O-])[O-])C=[S+]2,0.118279367,-0.871138687,1.781905546,-0.908979433,-0.098344412,3
Anion_5011,O=C([O-])c1c[s+]c(Cc2ccccc2Cl)[n-]1,-2.79841504,0.627303616,0.124003283,-1.615901787,-0.434687728,0
Anion_5012,COc1ccc2c(c1)C(C=O)=CN2CC(=O)[O-],-1.838659252,1.482451397,2.032587772,-1.224082794,-0.366712858,18
Anion_5013,CCOC1=CC(C(=O)[O-])=NN1,0.060626723,0.901440315,-1.532190629,-3.178418359,-0.275937347,5
Anion_5014,O=C([O-])c1[c-]c(-c2ccc(Cl)cc2)[s+]c1,-3.923374468,1.836982616,0.139381777,-2.033262274,-0.740550531,0
Anion_5015,O=C([O-])CCCC(=O)[N+]1=C2[CH-]C=CC=C2CC1,0.370419466,2.015605372,-1.125559333,0.665693284,-0.393088022,9
Anion_5016,O=C([O-])C1=[N+]=COC1=C1C=CC(Cl)=C[CH-]1,-2.10193724,-1.288493364,0.553214987,-1.784005098,-1.348120612,3
Anion_5017,O=C([O-])C1=Cc2c(ccc3ccccc23)OC1,-3.418988992,0.113433239,0.546275265,-0.680631891,-0.107512206,0
Anion_5018,CC(=O)N(C)CCC(=O)[O-],4.190017349,0.047599768,-2.237264183,0.819697086,-0.49718492,20
Anion_5019,O=C([O-])C(=O)Cc1cccc(F)c1,-1.416594787,-4.203004863,-0.898763705,0.519118281,0.013278056,8
Anion_5020,Cc1ccc(CCC(=O)[O-])c(F)c1,1.894490726,1.142608717,-1.678101247,1.761646534,-0.664984857,9
Anion_5021,O=C([O-])c1ccc(-c2ccc(OC(F)(F)F)cc2)s1,-5.279984985,2.41577376,0.861714691,-1.96522375,0.531936454,0
Anion_5022,O=C([O-])Cc1c[n+](Cc2cccc(Cl)c2)c2cccc[c-]12,-0.600162918,4.638236302,4.564815226,-1.383813991,0.398302191,18
Anion_5023,O=C([O-])C=Cc1ccc(C(F)(F)F)nc1,-3.979354322,-0.511785422,-1.172004834,1.167612711,-0.014577236,15
Anion_5024,CC(=O)CCc1ccc(OCC(=O)[O-])cc1,-0.296671809,1.091117378,-0.329933484,0.127955636,-1.316863745,5
Anion_5025,O=C([O-])c1cc2c(C(F)(F)F)cccc2s1,-2.838814776,-1.945741917,0.758911193,-0.120327128,1.433956368,15
Anion_5026,O=C([O-])CCN1CC[N+](=c2[c-]cc(Cl)cc2)CC1,1.559852332,0.774783472,-1.72201527,1.740339009,-0.763953097,9
Anion_5027,O=C([O-])Cc1ccc(Br)nc1,-0.500077893,0.575936459,0.455630788,-0.456011732,-1.635738139,5
Anion_5028,O=C([O-])CC1=CC=CC(=C2C=CC(F)=C[CH+]2)[CH-]1,-1.07169875,2.498264508,1.056767253,-1.805730658,-1.971055947,16
Anion_5029,O=Cc1ccc(-c2ccc(CC(=O)[O-])cc2)cc1,-4.416723329,4.039560639,1.586374576,0.880223218,-1.421967383,4
Anion_5030,C[N+]1=C(C=O)C(=[S+]CC(=O)[O-])c2ccccc21,-1.415139158,-0.814762426,-0.434729673,2.813185598,-0.565835784,13
Anion_5031,C[N+]1=CC(Br)=CC(=C([O-])[O-])C1=O,-0.912851361,-2.980378638,1.043097396,0.521310414,1.372594655,21
Anion_5032,CC1=CC(C)=[N+]=C([N+]2=[N+]=C(C(=O)[O-])C=C2C)[N-]1,-3.913041989,0.995830884,0.057885013,-0.689280014,1.021015003,0
Anion_5033,COc1ccccc1[N+]1=C(C)[N+]#[N+]C1=[S+]CC(=O)[O-],0.441884381,-0.590788608,-0.5062713,1.150348145,-0.739629675,9
Anion_5034,O=C([O-])Cc1cccc2[nH+]nc[c-]12,0.533762633,0.203447121,-0.045575408,0.095810102,-1.573061792,5
Anion_5035,COc1ccc(C2=[N+]=[NH+]C=C2C(=O)[O-])cc1,0.483799191,0.124267232,0.356009928,-2.157410262,-0.676154496,5
Anion_5036,O=C([O-])Cc1ccc(OCc2ccc(Cl)cc2)cc1,-3.766644756,7.26225869,0.903804021,-1.423425391,0.095831797,16
Anion_5037,O=C([O-])c1cc2c([nH]1)=[S+2]=C(Br)C=2,-1.928897533,-1.274141991,-2.088441332,-0.060633794,0.574322614,2
Anion_5038,O=C([O-])c1cc(=O)c2ccc(Br)cc2o1,-5.417128263,-2.328230202,0.26476649,-1.764916329,0.151521213,15
Anion_5039,Cc1ccc2c(c1)C(=O)C(C(=O)[O-])=CN2C,-2.975396778,0.200019724,-0.840456967,0.122255461,0.037792472,10
Anion_5040,COC(=O)CCC12CCC(C(=O)[O-])(CC1)CC2,-0.229913226,4.638598009,1.164578882,-0.305934543,2.391007206,16
Anion_5041,Cc1c(OCC(=O)[O-])ccc2c1OC(=O)C1CCCC21,-1.604030663,2.637604582,-0.137931763,-0.070324849,-0.377938708,16
Anion_5042,Cc1cc(OCC(=O)[O-])c2c(c1)OC(=O)C1CCCC21,2.957753012,0.937827777,8.747030455,0.978677612,2.344508749,12
Anion_5043,Cc1cc(OCC(=O)[O-])c2c(c1)OC(=O)C1CCCCC21,3.527550593,0.871551261,9.59924965,1.393950942,2.909378891,12
Anion_5044,O=C([O-])c1ccc(-c2cccc(Cl)c2)s1,-4.145901186,-0.308882815,-1.14626873,0.234464066,0.943761692,15
Anion_5045,COC1=[N+]=CC=C[C-]1CCC(=O)[O-],1.561735403,0.235003731,-1.400972823,2.00539165,-0.603810221,9
Anion_5046,O=C([O-])Cc1ccc(Br)cc1Br,-0.353725,0.715592799,0.262229304,-1.141551866,-0.659844943,5
Anion_5047,C[N+]1=[N+]=C(C(=O)[O-])c2cc(Br)cnc21,-2.504474708,-1.671174747,0.982527363,-0.190583411,-0.329422347,3
Anion_5048,C#CC1(C(=O)[O-])CC1,3.806123352,-1.772818358,-0.295902422,-2.002935558,-0.055544629,20
Anion_5049,O=C([O-])CCCOCCc1ccccc1,1.037170505,1.4742809,-0.619917643,-0.486620062,-0.839949489,5
Anion_5050,O=C([O-])COc1ccc2c(c1)C(=O)CC1(CCCCC1)O2,-3.657702603,3.204961625,0.829504496,0.393007296,-1.471825275,4
Anion_5051,O=C([O-])CCc1ccc(Br)s1,0.937059596,1.447567933,-0.819547492,1.934916065,-1.026692969,9
Anion_5052,COc1ccc(C(=O)CC(C)(C)C(=O)[O-])cc1OC,0.205067357,0.006089593,0.860389239,4.525169138,0.409502195,13
Anion_5053,O=C([O-])C=Cc1cc(F)cc(C(F)(F)F)c1,-3.611672676,0.264906553,-0.153812778,-0.394951159,0.119408373,0
Anion_5054,O=C([O-])C1=CC(=C2C=CC(Cl)=C[CH+]2)C=[S+]1,-4.074905168,1.346787412,0.064925839,-2.391197547,-0.464196551,0
Anion_5055,O=C([O-])C1(C2CCCCC2)CC1,5.313525413,1.008326413,1.846281183,-3.083638929,1.295388013,11
Anion_5056,O=C([O-])C1=[N+]=[NH+]C2=C1CCCCC2,1.320757135,0.481524106,-1.394507403,-2.004390001,0.32230643,20
Anion_5057,COC1=CC(C(=O)[O-])=NN1,0.904845598,-0.235277572,-1.906678479,-2.481484585,-0.440863653,2
Anion_5058,O=C([O-])C1=[N+]=[NH+]C=C1F,3.385594486,-3.691652687,-0.610918885,-0.649606052,0.886415722,17
Anion_5059,O=C([O-])c1[nH+]c2ccc(Br)cc2[c-]1Cl,-3.251568937,-2.551425196,-1.75855441,0.205002526,1.033620299,15
Anion_5060,O=C([O-])C1(c2cccs2)CCOCC1,3.853929496,-1.791360199,2.482829256,2.123506614,1.792870436,7
Anion_5061,O=C([O-])CC[n+]1ccc2cc(Cl)cc[c-]21,0.239255236,0.682816952,-1.848769239,2.921116823,0.430751136,9
Anion_5062,CC(C)C1=[N+]=[N+](c2ccccc2)C=C1C(=O)[O-],-0.558499037,1.068803876,2.682203246,0.007021659,2.484071224,18
Anion_5063,O=C([O-])C(=O)c1c[nH+]c2cc(F)cc[c-]12,-2.61944453,-1.535063214,-0.143184385,-0.23030321,0.144547046,15
Anion_5064,Cc1ccc(F)c(CC(=O)[O-])c1,1.397994215,0.437624139,-0.205254379,-0.824276524,-1.103020732,5
Anion_5065,O=C([O-])C1(c2cccs2)CCC1,3.056690787,-1.498711616,0.982832432,1.613863894,0.841785891,7
Anion_5066,O=C([O-])c1ccc([O-])[n+](C2CC2)c1,-0.913547157,-1.193119112,-0.330453893,-0.870769658,-0.207119625,2
Anion_5067,O=C([O-])c1ccc([O-])[n+](Cc2ccccc2)n1,-3.695129153,-1.697731953,0.474601098,-1.001616492,-0.110154071,15
Anion_5068,O=C([O-])C1=CC2=C(F)C=[N+]=CC2=[S+]1,-3.279113904,-3.590930174,-0.814868404,-0.108765855,0.231701271,8
Anion_5069,Cc1cccc(COCC(=O)[O-])c1,1.913960776,1.915885732,4.200439562,-2.034447893,-1.220341583,18
Anion_5070,O=C([O-])C1=CC2=[NH+]C=CC2=[S+]1,-0.528893657,-1.833246237,-2.200975429,-0.334453409,0.577816595,2
Anion_5071,O=C([O-])c1[c-][n+]2cc(-c3ccc(F)cc3)nc-2cc1,-5.00506428,2.533821862,-0.452502907,-1.209153846,0.662872549,0
Anion_5072,O=C([O-])C1=CC2=CC=[N+]=C(Cl)C2=[NH+]1,-2.830028042,-3.506871107,-0.959666585,-0.439527528,-0.121202001,8
Anion_5073,O=C([O-])c1c[s+]c(-c2ccc3c(c2)OCO3)[n-]1,-4.637088609,1.601492594,0.15934621,-1.666288986,-0.939058445,0
Anion_5074,CCOc1ccc(CC(=O)[O-])nc1,-0.561035303,3.496863806,0.577919598,-1.099859601,-1.499358347,16
Anion_5075,O=C([O-])C1=CC(=C2C=CC=C(F)[CH+]2)N=[NH+]1,-3.546186033,-1.306737614,-1.576251408,-0.285945673,1.302850631,15
Anion_5076,O=C([O-])CC1=CC=CC(=C2C=CC(C(F)(F)F)=C[CH+]2)[CH-]1,-1.599152419,2.9805831,2.346864806,-1.757986275,-1.794277432,18
Anion_5077,O=C([O-])Cc1ccccc1-c1cccnc1,-0.461902589,-0.713949593,-0.728064613,0.534343127,0.233196841,2
Anion_5078,O=C([O-])C1(S(=O)(=O)c2ccc(Cl)cc2)CCC1,0.385432981,-2.633085027,1.65729888,2.489687279,1.072015648,21
Anion_5079,COc1ccccc1C1=CC(C(=O)[O-])=NN1,-2.485316758,1.249181313,-0.450503354,-0.726471526,0.356696468,10
Anion_5080,CC1=C(C(=O)[O-])C=[N+]=[N+]1Cc1ccccc1,-1.015864747,1.927901894,-0.572758875,-0.631901078,0.17788325,10
Anion_5081,CC1=[N+]=[N+](c2ccc(F)cc2)C(C)=C1C(=O)[O-],-1.614177522,1.753951809,-0.339033326,-0.652064875,0.602724213,10
Anion_5082,CC1=[N+]=C(N(C)C)[S+]=C1C(=O)[O-],0.098342856,-0.336652767,-0.714423575,-0.73169124,0.776691704,2
Anion_5083,CC1=[N+]=C(CC(=O)[O-])[N-]O1,1.226399712,0.347764419,0.026824851,-0.598900072,-2.335201015,5
Anion_5084,CC1=CC(=O)C(C(=O)[O-])=NN1c1ccccc1F,-1.915328831,-2.847332106,2.364189802,1.261379461,4.141675753,21
Anion_5085,O=C([O-])C1=CC(=C2C=CC=C[CH+]2)C=[NH+]1,-1.908234771,0.584634535,-1.678606302,-0.652849932,0.069105459,10
Anion_5086,O=C([O-])c1ccc(C[S+]=c2[c-]cccc2)o1,-1.502311406,0.11052406,-1.550505673,0.472948361,1.409620173,10
Anion_5087,O=C([O-])Cc1ccc2c(c1)C(=O)c1ccccc1OC2,-4.210942645,3.988942606,1.106388745,1.711784547,-1.273856055,4
Anion_5088,O=C([O-])COCc1cccnc1,0.47184686,0.91801397,1.011824936,-1.770160358,-3.246042285,5
Anion_5089,O=C([O-])C1=[N+]=c2cc(F)ccc2=[S+]1,-4.346504943,-4.109142298,-0.793814029,-0.584409796,0.972849005,15
Anion_5090,CC(C)(C)OC(=O)N(CC(=O)[O-])C(C)(C)C,5.398692112,0.96199308,3.04030723,0.21492118,1.42766276,14
Anion_5091,COc1ccccc1C1=[N+]=C(C(=O)[O-])C=[S+]1,-3.479348304,0.35726396,0.378317299,-0.589911226,-0.625816352,0
Anion_5092,CCOC1=CC(=C2C=CC=C[CH-]2)[S+]=C1C(=O)[O-],-3.451824116,-0.087029905,-0.065174609,-0.68898035,1.027853264,10
Anion_5093,Cc1ccc(-c2c[s+]c(C(=O)[O-])[n-]2)cc1,-4.98438288,-0.385797179,0.379080868,-2.876226749,-0.219677697,0
Anion_5094,O=C([O-])C1=C[N+](=c2[c-]c(Cl)ccc2)C=N1,-2.474436717,1.558889524,-0.488778754,0.478636708,0.461357042,10
Anion_5095,O=C([O-])COC1=[N+]=CC(Br)=C[N-]1,-1.433140174,0.518089125,0.535888729,1.393109453,-2.05757334,4
Anion_5096,N#CC1=CC=CC(=C2C=C(C(=O)[O-])O[N-]2)[CH+]1,-5.53232862,-2.213051653,-0.915254134,0.294362524,2.079589726,15
Anion_5097,COC1=CC(C(=O)[O-])=NN1C,0.558003217,-0.314671415,-2.42329433,-1.789170161,0.607193225,2
Anion_5098,CN1C=C(C(=O)[O-])C(Cl)=N1,1.523667856,-1.525777704,-1.61793577,-1.285275531,-0.144119143,17
Anion_5099,CC1=NC=C(C(=O)[O-])N1C,1.989828592,-1.563256326,-1.474304327,-1.20566801,-0.426090942,20
Anion_5100,COC1=NC(C)=C(C(=O)[O-])S1,-0.200287247,-1.739395068,-0.643240585,-0.10852683,0.509218797,2
Anion_5101,Cc1cc(C)cc(OC(C)(C)C(=O)[O-])c1,1.921292498,0.000929235,1.040502676,0.803240554,1.520684661,7
Anion_5102,O=C([O-])C1(c2cccc(C(F)(F)F)c2)CCC1,1.55304637,-0.086837227,1.717361922,1.051961373,1.116181059,7
Anion_5103,O=C([O-])C1(c2ccccc2Br)CCC1,2.366431634,-1.516791701,1.770670213,1.208480061,1.669638563,7
Anion_5104,O=C([O-])C1(c2ccccc2F)CCC1,3.110493764,-1.455071425,1.917196683,1.67690989,1.78566557,7
Anion_5105,COC(=O)COc1ccc(CC(=O)[O-])cc1,0.03189006,2.42376517,0.070427937,-0.646661359,-1.114972429,5
Anion_5106,CCC1=[N+]=C[S+]=C1C(=O)[O-],0.149763176,-3.442971171,-0.50891671,-0.403129739,-1.00990773,17
Anion_5107,CC1=[N+]=C(C(F)(F)F)[S+]=C1C(=O)[O-],-2.073681691,-3.577162076,0.315906124,-0.134416054,-0.1733364,8
Anion_5108,CC1=[N+]=C(Oc2ccccc2)[S+]=C1C(=O)[O-],-2.492291322,-0.664520203,-1.393172229,0.785461378,2.407115188,15
Anion_5109,C[n+]1cc[n+]2ncc(=C([O-])[O-])[c-]12,2.73127968,0.292356795,0.029370734,-1.085751572,-0.489003391,20
Anion_5110,COCC1=NC(C)=C(C(=O)[O-])S1,-1.114047635,-2.003610745,-0.192483162,-0.789065236,-0.1737608,2
Anion_5111,COCc1cccc(CC(=O)[O-])c1,1.524810784,0.749374397,-0.420676665,-0.877184318,-1.465307765,5
Anion_5112,O=C([O-])c1cn[n+](-c2ccccc2)[c-]1C1CC1,-1.139003936,1.15048791,-0.513323326,-0.014362651,0.345421018,10
Anion_5113,O=C([O-])C1CCC(OC(F)(F)F)CC1,4.60979779,1.405729783,-2.398720759,-0.771344636,2.101161877,1
Anion_5114,N#Cc1[c-]c(C(=O)[O-])[s+]c1,-2.044659697,-3.049101131,-0.399328039,-0.869988609,-1.400885019,8
Anion_5115,O=C([O-])C1(c2ccccc2F)CCCC1,3.370730019,-1.33615422,2.295200431,1.834627793,1.956723116,7
Anion_5116,COc1[c-]c2[n+](C)c(C(=O)[O-])cc-2c(OC)c1,-1.960578873,0.157392471,-1.035566601,-0.86076696,3.515634298,10
Anion_5117,CC[n+]1c(C(=O)[O-])cc2c(OC)cc(OC)c[c-]21,-1.335881096,0.036140099,0.480128732,-0.434131943,4.118723794,10
Anion_5118,O=C([O-])c1cc2cccc(Br)c2o1,-2.855963704,-2.459941105,-1.175280417,-0.662488824,0.717482659,15
Anion_5119,O=C([O-])Cc1cc(Cl)cc(OC(F)(F)F)c1,-0.336877315,1.313183896,0.493996035,-0.78603067,-0.910309643,5
Anion_5120,CC1=[N+]=[N+](C)C(C)=C1C(=O)C(=O)[O-],-0.067891637,-2.806716375,-0.105917634,-0.275629559,0.481191301,17
Anion_5121,O=C([O-])C1=CC(=C2C=CC3=C([CH+]2)OCO3)O[N-]1,-4.718805461,0.390130368,-0.593137087,-0.762642257,1.292587581,0
Anion_5122,O=C([O-])CCc1ccc(Cl)s1,1.148523463,1.058604116,-1.108898202,1.876891748,-1.410995358,9
Anion_5123,CC(C)c1ccc(OCc2ccc(C(=O)[O-])o2)cc1,-2.953790538,1.299510417,-2.001857432,0.486310554,3.315353175,10
Anion_5124,CCCc1ccc(OCc2ccc(C(=O)[O-])o2)cc1,-3.242649186,2.293639146,-1.191016438,-0.461159024,2.318014778,10
Anion_5125,O=C([O-])CC1=CC=C2N=CC=[N+]=C2[CH-]1,-2.659784879,0.145852902,1.199699709,2.518624685,-2.012478413,4
Anion_5126,O=C([O-])Cc1[c-]c2[nH+]cnc-2cc1,0.624903895,1.221614717,0.274617844,-0.503939811,-1.438801095,5
Anion_5127,O=C([O-])c1ccc(C#Cc2ccccc2F)o1,-5.829391558,1.890546013,0.984182539,-2.880271485,-0.465535573,0
Anion_5128,CC(C)(C)[n+]1cc(Br)c(C(=O)[O-])[n-]1,1.843051137,-2.228261507,0.996980575,0.006366316,3.780055413,7
Anion_5129,CC(C)(C(=O)[O-])c1ccccc1Cl,2.900598964,-0.904128119,0.34476466,2.063489283,0.859358895,7
Anion_5130,CC1=[N+]=C(c2cccc(Cl)c2)[S+]=C1C(=O)[O-],-4.293831961,-0.68603113,0.355473553,0.832045339,1.435987249,15
Anion_5131,O=C([O-])CCS(=O)(=O)c1ccc(F)cc1,1.423308634,-1.045990128,-0.96446863,2.074220118,-1.431158289,9
Anion_5132,COc1ccccc1[N+]1=NC=C(C(=O)[O-])[C-]1C(F)(F)F,-0.690529174,0.34120748,2.264243335,0.114021877,1.515775119,3
Anion_5133,Cc1[c-]c(=[N+]2N=CC(=C([O-])[O-])[C+]2C(F)(F)F)ccc1,-1.71355905,0.906214822,1.865844327,-0.309585305,1.38908953,10
Anion_5134,CCOC(=O)C1CCC(=CC(=O)[O-])CC1,-0.911796954,2.283279742,-1.330941081,-0.358183262,0.753402328,6
Anion_5135,O=C([O-])C1(c2ccc(Br)cc2)CCCCC1,3.059651458,-0.373519157,2.487737347,2.961904833,2.851901705,7
Anion_5136,CC(C)N1CCC(CC(=O)[O-])CC1,2.794093115,4.647952723,-0.966727914,-3.701214096,-0.299755761,1
Anion_5137,COC1=CC=CC(=C=[N-])[C+]1OCC(=O)[O-],0.965969501,-1.062038257,3.472334916,0.878669019,-1.190782439,14
Anion_5138,COc1ccccc1C1=CC(=C([O-])[O-])[NH+]=N1,-3.056902414,-1.002131132,-1.450645477,-0.724375609,0.700313318,15
Anion_5139,O=C([O-])C1=[NH+]C=[N+]=C1c1ccccc1,-0.474622801,-1.559002532,0.521682472,-1.898989881,-0.777997808,3
Anion_5140,O=C([O-])COC1=[N+]=CC=C[N-]1,-0.107870484,-0.082560343,0.273455879,0.542327079,-2.746808692,4
Anion_5141,O=C([O-])Cc1c[s+]c(-c2cnccn2)[n-]1,-3.346702065,2.287993851,0.959386414,2.414951251,-1.324922887,4
Anion_5142,O=C([O-])CCC1=[N+]=C(C2=CC=[N+]=C[CH-]2)[N-]O1,-0.93017337,1.193872672,-0.468785322,4.323479075,-1.112230623,13
Anion_5143,N#Cc1ccc(C(=O)[O-])[nH]1,-1.164929642,-2.864203362,-0.727066456,-1.51943071,-1.696151889,8
Anion_5144,Cc1c(C(=O)[O-])[n+](C)c2ccc(F)c[c-]12,-0.550676709,-1.662109024,-0.71780493,0.514790776,1.458155023,2
Anion_5145,CC(C)(C)c1ccc(C(=O)N2CCC(C(=O)[O-])CC2)cc1,-2.588726068,4.90052036,0.817686257,-0.2597334,1.067225236,16
Anion_5146,C[N+]1=C(C(=O)[O-])C=[N+]=C1Cl,1.100994094,-2.369077861,-0.626048483,-1.560072765,-0.429901303,17
Anion_5147,O=C([O-])C1(OCc2ccccc2)CC1,0.016504807,1.72681542,1.302651097,-2.167543556,-0.832089114,5
Anion_5148,CC(=O)N1CCN(CC(=O)[O-])CC1,3.293089607,2.445904817,3.271862445,-2.976127904,-0.989599911,18
Anion_5149,O=C([O-])CCc1cc(C(F)(F)F)ccc1Br,0.961181799,0.348766917,-0.898680504,1.724259891,-1.155747223,9
Anion_5150,C[N+]1=CC=[N+]=C1C=CC(=O)[O-],-1.121750155,-0.375429623,-0.675162011,-0.345605264,-0.701115211,2
Anion_5151,CSCCOCC(=O)[O-],2.863009173,1.085653224,-0.841649287,-2.33744554,-1.493969421,20
Anion_5152,O=C([O-])CCc1ccc(C(F)(F)F)nc1,0.154195053,1.166704491,-0.434094238,2.51482036,-1.457059974,13
Anion_5153,CCCCC1CCC(C2CCC(C(=O)[O-])CC2)CC1,-0.86844276,7.818367369,-2.045719278,-2.05403721,5.486296786,19
Anion_5154,O=C([O-])Cc1c(Cl)cc(C(F)(F)F)cc1Cl,1.211343321,1.489401808,5.263215956,-0.626468811,-0.138367773,18
Anion_5155,CC1=CC=[N+]=C(CC(=O)[O-])[CH-]1,1.758626953,0.811076935,-0.21425473,0.210648611,-1.891240199,5
Anion_5156,O=C([O-])C1=[N+]=C[S+]=C1C(F)(F)F,-1.039995601,-3.746919808,-0.036067056,0.035441505,-0.915805048,8
Anion_5157,O=C([O-])C1=[S+2]=C(Br)N=C1c1ccccc1,-2.817073384,-3.45085996,1.402120298,-0.329960429,1.134635478,21
Anion_5158,O=C([O-])c1cnc(-c2ccccc2F)s1,-4.495088686,-0.757998235,-0.589442109,-0.04471717,0.237769363,15
Anion_5159,O=C([O-])CCCCCC(=O)c1ccc(-c2ccccc2)cc1,-0.716303181,0.998229703,-1.012151425,4.40184329,-1.650703327,13
Anion_5160,COc1ccc(-[n+]2[c-]c(C(=O)[O-])nc2)cc1,-3.218746126,3.879329941,0.424331884,-2.215143166,-0.061416282,16
Anion_5161,O=C([O-])C1=C[N+](=c2[c-]cc(Br)cc2)C=N1,-3.615592547,3.061342489,0.243926017,-1.388207183,-0.366117114,0
Anion_5162,O=C([O-])C1=C[N+](=c2[c-]c(C(F)(F)F)ccc2)C=N1,-3.268789767,1.821477975,-0.586936182,0.441774019,0.878255232,10
Anion_5163,COc1cccc(Cl)c1CC(=O)[O-],3.373549115,0.547993539,3.523462462,0.154976105,-0.224268983,14
Anion_5164,COc1ccccc1[N+]1=NC=C(C(=O)[O-])[C-]1C,-0.896670822,1.298841881,-0.107053528,-0.368351959,0.086404063,5
Anion_5165,C=CC(=O)N(C)CC(=O)[O-],2.516167757,-0.944596097,2.611755708,0.922037712,-1.460832788,14
Anion_5166,O=C([O-])CCc1ccc(Br)c(F)c1,1.227036251,1.154393285,-1.250877117,2.328049959,-0.708188489,9
Anion_5167,O=C([O-])Cc1ccc2c(c1)OC(F)(F)O2,0.096398005,2.490431898,-0.233492385,-0.596554366,-1.073667636,5
Anion_5168,CC(C)(C)OC(=O)N1CCc2onc(C(=O)[O-])c2C1,-1.776099069,-0.925668158,0.344944676,-2.112304519,0.348509841,3
Anion_5169,Cc1cccc(C)c1N(CC(=O)[O-])S(C)(=O)=O,2.79504484,-0.109392228,4.538925239,1.928403271,2.139786658,14
Anion_5170,O=C([O-])C1(c2ccccc2)COC1,3.06867419,-1.688727,1.070034246,1.492454099,1.578897605,7