code_name,SMILES
Anion_0001,CC(=O)[O-]
Anion_0002,CCCCCCCC/C=C\CCCCCCCC(=O)O
Anion_0003,CCCCCCCCCCCCCCCC(=O)[O-]
Anion_0004,CCCCCCCCCCCCCCCCCC(=O)[O-]
Anion_0005,CCCCC/C=C\C/C=C\CCCCCCC(=O)O
Anion_0006,O=C([O-])Cc1c[nH+]c2cccc[c-]12
Anion_0007,C=CC(=O)[O-]
Anion_0008,CCC=CCC=CCC=CCCCCCCCC(=O)[O-]
Anion_0009,O=C([O-])Cc1cccc2ccccc12
Anion_0010,CCCCCCCCCCCC(=O)[O-]
Anion_0011,CCCCCCCCCCCCCC(=O)[O-]
Anion_0012,CCCCCCCC(=O)[O-]
Anion_0013,CCCCCC(=O)[O-]
Anion_0014,C=C(C)C(=O)[O-]
Anion_0015,O=C([O-])Cc1ccccc1
Anion_0016,CCC(=O)[O-]
Anion_0017,O=C([O-])COc1ccc(Cl)cc1Cl
Anion_0018,O=C([O-])CS
Anion_0019,CCCC(CCC)C(=O)[O-]
Anion_0020,CCCCC(=O)[O-]
Anion_0021,CC(C)C(=O)[O-]
Anion_0022,CC(=O)CCC(=O)[O-]
Anion_0023,O=C([O-])CCS
Anion_0024,CC(C)CC(=O)[O-]
Anion_0025,CCCCCCC=CCCCCCCCC(=O)[O-]
Anion_0026,N#CCC(=O)[O-]
Anion_0027,O=CC(=O)[O-]
Anion_0028,O=C([O-])CCc1ccccc1
Anion_0029,CC(C)(C)C(=O)[O-]
Anion_0030,CCCCCCCCC(=O)[O-]
Anion_0031,CCCCCCC(=O)[O-]
Anion_0032,O=C([O-])CCCc1c[nH+]c2cccc[c-]12
Anion_0033,CC=CC(=O)[O-]
Anion_0034,O=C([O-])C1CCCCC1
Anion_0035,CCCCCCCCCCCCCCC(=O)[O-]
Anion_0036,O=C([O-])c1ccco1
Anion_0037,CN(C)CC(=O)[O-]
Anion_0038,O=C([O-])CCCc1ccccc1
Anion_0039,CC=CC=CC(=O)[O-]
Anion_0040,C#CC(=O)[O-]
Anion_0041,O=C([O-])C(=O)c1ccccc1
Anion_0042,COc1ccc(CC(=O)[O-])cc1
Anion_0043,O=C([O-])c1cccs1
Anion_0044,CCCCCCC/C=C/CCCCCC(=O)[O-]
Anion_0045,CC(C)(Oc1ccc(Cl)cc1)C(=O)[O-]
Anion_0046,C=CCCCCCCCCC(=O)[O-]
Anion_0047,O=C([O-])COc1ccccc1
Anion_0048,CCCCCCCC/C=C/CCCCCCCC(=O)O
Anion_0049,O=C([O-])C#Cc1ccccc1
Anion_0050,O=C([O-])C(F)(F)C(F)(F)C(F)(F)F
Anion_0051,C=CCCC(=O)[O-]
Anion_0052,O=C([O-])C12CC3CC(CC(C3)C1)C2
Anion_0053,O=C([O-])CCCCCCCCCCS
Anion_0054,CCCCCCCCCCC(=O)[O-]
Anion_0055,O=C([O-])C1CC1
Anion_0056,O=C([O-])C(c1ccccc1)c1ccccc1
Anion_0057,COc1ccc(C=CC(=O)[O-])cc1
Anion_0058,O=C([O-])c1cc2ccccc2[nH]1
Anion_0059,CC(C)=CC(=O)[O-]
Anion_0060,O=C([O-])Cc1ccc(Cl)cc1
Anion_0061,C#CCCC(=O)[O-]
Anion_0062,O=C([O-])C(=O)Cc1ccccc1
Anion_0063,C=CCC(=O)[O-]
Anion_0064,CCC(=O)C(=O)[O-]
Anion_0065,COCC(=O)[O-]
Anion_0066,CC=C(C)C(=O)[O-]
Anion_0067,O=C([O-])Cc1ccc(F)cc1
Anion_0068,O=C([O-])C1CCCC1
Anion_0069,CCOC(=O)CC(=O)[O-]
Anion_0070,O=C([O-])Cc1ccc(Br)cc1
Anion_0071,CC(C)CCC(=O)[O-]
Anion_0072,CC(C)(C)OC(=O)N1CCC(C(=O)[O-])CC1
Anion_0073,COc1ccc(CC(=O)[O-])cc1OC
Anion_0074,O=C([O-])CCc1c[nH+]c2cccc[c-]12
Anion_0075,Cc1ccc(CC(=O)[O-])cc1
Anion_0076,O=C([O-])c1c[nH+]c2cccc[c-]12
Anion_0077,O=C([O-])CCC(=O)c1ccccc1
Anion_0078,O=C([O-])C=Cc1c[nH+]c[n-]1
Anion_0079,O=C([O-])C(F)(F)C(F)(F)C(F)(F)C(F)(F)F
Anion_0080,CCCCCCCCCCCCCCCCCCC(=O)[O-]
Anion_0081,O=C([O-])c1ccc[nH]1
Anion_0082,C#CCCCC(=O)[O-]
Anion_0083,O=C([O-])C1=CC=[S+2]=C1
Anion_0084,O=C([O-])Cc1ccc2ccccc2c1
Anion_0085,O=C([O-])CN1C(=O)c2ccccc2C1=O
Anion_0086,COC(=O)CCC(=O)[O-]
Anion_0087,O=C([O-])C=Cc1ccc(Cl)cc1
Anion_0088,O=C([O-])c1cc2ccccc2oc1=O
Anion_0089,CCC(CC)C(=O)[O-]
Anion_0090,COc1ccc(C=CC(=O)[O-])cc1OC
Anion_0091,C=CCCCC(=O)[O-]
Anion_0092,O=C([O-])C1CCC1
Anion_0093,O=C([O-])C1=[C-]O[C+]=C1
Anion_0094,COc1cccc(CC(=O)[O-])c1
Anion_0095,O=C([O-])CCCc1ccc2ccc3cccc4ccc1c2c34
Anion_0096,CC(=O)CCCC(=O)[O-]
Anion_0097,O=C([O-])Cc1cccs1
Anion_0098,O=C([O-])CCCCc1ccccc1
Anion_0099,O=C([O-])CC1CCCCC1
Anion_0100,Cc1ccc(C=CC(=O)[O-])cc1
Anion_0102,CC(C)(C)CC(=O)[O-]
Anion_0103,O=C([O-])c1cc2ccccc2o1
Anion_0104,O=C([O-])Cc1ccccc1Cl
Anion_0105,CC(C)CC(=O)C(=O)[O-]
Anion_0106,O=C([O-])Cc1cccc(Cl)c1
Anion_0107,O=C([O-])CC1=CC=[S+2]=C1
Anion_0108,COC(=O)C=CC(=O)[O-]
Anion_0109,O=C([O-])C(F)F
Anion_0110,O=C([O-])C(F)(F)C(F)(F)F
Anion_0111,N#[N+][N-]CC(=O)[O-]
Anion_0112,COc1ccccc1CC(=O)[O-]
Anion_0113,Cc1ccc(C(=O)c2ccc(CC(=O)[O-])n2C)cc1
Anion_0114,O=C([O-])C=Cc1ccco1
Anion_0115,C=C(C(=O)[O-])c1ccccc1
Anion_0116,CC(C)C(=O)C(=O)[O-]
Anion_0117,COc1ccc(CCC(=O)[O-])cc1
Anion_0118,O=C([O-])C(=O)Cc1c[nH+]c2cccc[c-]12
Anion_0119,O=C([O-])Cc1cccc(Br)c1
Anion_0120,O=C([O-])Cc1ccc(C(F)(F)F)cc1
Anion_0121,CCCC=CC(=O)[O-]
Anion_0122,CCOC(=O)C=CC(=O)[O-]
Anion_0123,O=C([O-])C=Cc1ccc(F)cc1
Anion_0124,O=C([O-])COc1ccc2ccccc2c1
Anion_0125,CCCCCCCCCCC/C=C\CCCCC(=O)[O-]
Anion_0126,COC(=O)CCCCC(=O)[O-]
Anion_0127,O=C([O-])Cc1ccccc1Br
Anion_0128,O=C([O-])c1cc2ccccc2s1
Anion_0129,CCC=CC(=O)[O-]
Anion_0130,CC(C)=CCCC(C)=CC(=O)[O-]
Anion_0131,O=C([O-])C1=CCCCC1
Anion_0132,O=C([O-])CCC1=[N+]=C(c2ccccc2)C(=C2C=CC=C[CH-]2)O1
Anion_0133,O=C([O-])CN1C(=O)C[S+]=C1[S-]
Anion_0134,CCCCCCCCCCCCCC=CC(=O)[O-]
Anion_0135,O=C([O-])CCCC(=O)c1ccccc1
Anion_0136,O=C([O-])CC12CC3CC(CC(C3)C1)C2
Anion_0137,O=C([O-])CF
Anion_0138,O=C([O-])Cc1ccc2c(c1)OCO2
Anion_0139,COC1=CC=CC(=CC=C([O-])[O-])[CH+]1
Anion_0140,COC1=CC(=CC=C([O-])[O-])C=C(OC)[C+]1OC
Anion_0141,O=C([O-])Cc1ccc(Cl)c(Cl)c1
Anion_0142,C=CCCCCC(=O)[O-]
Anion_0143,O=C([O-])c1ccc(Cl)s1
Anion_0144,Cc1c[n+](CC(=O)[O-])c([O-])[nH+]c1[O-]
Anion_0145,COc1cc(CC(=O)[O-])cc(OC)c1OC
Anion_0146,Cc1ccc(C(=O)[O-])s1
Anion_0147,CC=C(C)C(=O)[O-]
Anion_0148,O=C([O-])C=Cc1ccc2c(c1)OCO2
Anion_0149,CCCCCCCCCCCC(=O)N(C)CC(=O)[O-]
Anion_0150,O=C([O-])Cc1cccnc1
Anion_0151,CC(=Cc1ccccc1)C(=O)[O-]
Anion_0152,O=C([O-])CC(F)(F)F
Anion_0153,Cc1ccc2c(=O)c3cccc(CC(=O)[O-])c3oc2c1C
Anion_0154,O=C([O-])CC(c1ccccc1)c1ccccc1
Anion_0155,O=C([O-])CC1CC1
Anion_0156,CC(C)(C(=O)[O-])c1ccccc1
Anion_0157,CCOC(=O)CCC(=O)[O-]
Anion_0158,COc1ccccc1C=CC(=O)[O-]
Anion_0159,O=Cc1ccc(C(=O)[O-])o1
Anion_0160,O=C([O-])Cc1ccccc1F
Anion_0161,O=C([O-])Cc1cccc(F)c1
Anion_0162,O=C([O-])CCC1CCCCC1
Anion_0163,O=C([O-])CCCCCN1C(=O)C=CC1=O
Anion_0164,O=C([O-])C(c1ccccc1)(c1ccccc1)c1ccccc1
Anion_0165,CCCC(=O)C(=O)[O-]
Anion_0166,COc1ccc(C(=O)CCC(=O)[O-])cc1
Anion_0167,CCOCC(=O)[O-]
Anion_0168,C#CCCCCC(=O)[O-]
Anion_0169,COC(=O)CC(=O)[O-]
Anion_0170,O=C([O-])C1c2ccccc2-c2ccccc21
Anion_0171,C[n+]1c(C(=O)[O-])cc2cccc[c-]21
Anion_0172,COc1ccc(C(=O)C(=O)[O-])cc1
Anion_0173,C#CCCCCCCCCC(=O)[O-]
Anion_0174,CCC(C)(C)C(=O)[O-]
Anion_0175,COc1ccc(C#CC(=O)[O-])cc1
Anion_0177,C=CCCCCCCCC(=O)[O-]
Anion_0178,CC(=O)CCCCC(=O)[O-]
Anion_0179,COc1ccc(CCC(=O)[O-])cc1OC
Anion_0180,O=C([O-])C=Cc1ccccc1Cl
Anion_0181,Cc1ccc(C(=O)C(=O)[O-])cc1
Anion_0182,O=C([O-])C(=O)c1ccc(Cl)cc1
Anion_0183,O=C([O-])CC1CCCC1
Anion_0184,COC(=O)CCCC(=O)[O-]
Anion_0185,O=C([O-])C1=[N+]=[NH+]c2ccccc21
Anion_0186,CCC=CCC(=O)[O-]
Anion_0187,O=C([O-])c1cc[nH+][n-]1
Anion_0188,CSCC(=O)[O-]
Anion_0189,Cc1ccc(C(=O)CCC(=O)[O-])cc1
Anion_0190,O=C([O-])CC=Cc1ccccc1
Anion_0191,O=C([O-])c1cc2cc3c4c(c2oc1=O)CCCN4CCC3
Anion_0193,O=C([O-])C=Cc1cccnc1
Anion_0194,CC1(C(=O)[O-])CCCCC1
Anion_0195,O=C([O-])Cc1cc2ccccc2[nH]1
Anion_0196,O=C([O-])C1CCCCCC1
Anion_0197,O=C([O-])CCC(=O)c1ccc(Cl)cc1
Anion_0198,Cc1ccc(OCC(=O)[O-])cc1
Anion_0199,O=C([O-])CCC(=O)OCc1ccccc1
Anion_0200,CC(=O)OCC(=O)[O-]
Anion_0201,C=C(C(=O)[O-])C(F)(F)F
Anion_0202,COC(=O)CCCCCCC(=O)[O-]
Anion_0203,Cc1ccccc1OCC(=O)[O-]
Anion_0204,O=C([O-])Cc1cccc(C(F)(F)F)c1
Anion_0205,CC(C)(C)OC(=O)N1CC(C(=O)[O-])C1
Anion_0206,O=C([O-])C=Cc1cccs1
Anion_0207,COCCC(=O)[O-]
Anion_0208,COC(=O)CCCCCCCC(=O)[O-]
Anion_0209,CC(C)(C)C(=O)C(=O)[O-]
Anion_0210,O=C([O-])C=Cc1ccc(C(F)(F)F)cc1
Anion_0211,O=C([O-])C(=O)c1cccs1
Anion_0212,O=C([O-])c1cc2cc(Cl)ccc2[nH]1
Anion_0213,O=C([O-])Cc1ccccc1I
Anion_0214,O=C([O-])C=CC=Cc1ccccc1
Anion_0215,O=C([O-])COc1ccccc1Cl
Anion_0216,O=C([O-])C(F)(F)S(=O)(=O)F
Anion_0217,O=C([O-])C=Cc1cccc(Cl)c1
Anion_0218,O=C([O-])C=Cc1ccc(C[N+]2=CC=[N+]=C2)cc1
Anion_0219,O=C([O-])CCN1C(=O)C=CC1=O
Anion_0220,O=C([O-])CCc1ccc(Cl)cc1
Anion_0221,O=C([O-])Cc1ccc(Cl)cc1Cl
Anion_0222,O=C([O-])CCN1C(=O)c2ccccc2C1=O
Anion_0223,N#CCCC(=O)[O-]
Anion_0224,CC1=CC=[S+2]=C1C(=O)[O-]
Anion_0225,CCOC(=O)CCCCC(=O)[O-]
Anion_0226,CC1(C(=O)[O-])CC1
Anion_0227,COCCOCCOCC(=O)[O-]
Anion_0228,CCCCCCCC=CC(=O)[O-]
Anion_0229,O=C([O-])c1c[s+]c[n-]1
Anion_0230,COc1ccc(CCCC(=O)[O-])cc1
Anion_0231,O=C([O-])C1=CCCC1
Anion_0232,O=C([O-])CS(=O)(=O)c1ccccc1
Anion_0233,O=C([O-])COc1cccc2ccccc12
Anion_0234,O=C([O-])C(=O)c1ccc(Br)cc1
Anion_0235,O=C([O-])CCCCCc1ccccc1
Anion_0236,CC(C)(C)OC(=O)N1CCC(CC(=O)[O-])CC1
Anion_0237,Cn1cc(C(=O)[O-])c2ccccc21
Anion_0238,O=C([O-])Cc1ccc(S)cc1
Anion_0239,O=C([O-])c1c[nH+]c[n-]1
Anion_0240,O=C([O-])CCCCCS
Anion_0241,COc1cccc(CCC(=O)[O-])c1
Anion_0242,O=C1CC(C(=O)[O-])C1
Anion_0243,O=C([O-])Cc1ccccn1
Anion_0244,O=C([O-])C[S+]=C([S-])c1ccccc1
Anion_0245,CC=CCC(=O)[O-]
Anion_0246,O=C([O-])Cc1ccc(I)cc1
Anion_0247,O=C([O-])C=Cc1c[nH+]c2cccc[c-]12
Anion_0248,O=C([O-])C(=O)c1ccc(F)cc1
Anion_0249,O=C([O-])CC1=CC=[N+]=C[CH-]1
Anion_0250,Cc1ccccc1C=CC(=O)[O-]
Anion_0251,CCCCCC=CC(=O)[O-]
Anion_0252,Cc1ccc(CCC(=O)[O-])cc1
Anion_0253,CC(C)CCCCCCCCCCCCCCC(=O)[O-]
Anion_0254,CCC=C(C)C(=O)[O-]
Anion_0255,O=C([O-])C1CC=CC1
Anion_0256,CC(C(=O)[O-])(c1ccccc1)c1ccccc1
Anion_0257,CC1=CC(=C([O-])[O-])[N-]O1
Anion_0258,COc1ccc(OCC(=O)[O-])cc1
Anion_0259,O=C([O-])CCc1cccnc1
Anion_0260,O=C([O-])CCCN1C(=O)c2ccccc2C1=O
Anion_0261,N#[N+][N-]CCCCC(=O)[O-]
Anion_0262,O=C([O-])CCCC1CCCCC1
Anion_0263,CC(=CC(=O)[O-])c1ccccc1
Anion_0264,O=C([O-])Cc1c[nH+]c[n-]1
Anion_0265,O=C([O-])C1c2ccccc2Oc2ccccc21
Anion_0266,O=C1CCC(C(=O)[O-])CC1
Anion_0267,O=C([O-])CCOc1ccccc1
Anion_0268,COC(=O)CCCCCCCCC(=O)[O-]
Anion_0269,O=C([O-])COc1ccc(F)cc1
Anion_0270,O=C([O-])C1=[N+]=c2ccccc2=[NH+]1
Anion_0271,O=C([O-])CC1=CCCCC1
Anion_0272,C=CCC(C)(C)C(=O)[O-]
Anion_0273,O=C([O-])C=CC(=O)c1ccccc1
Anion_0274,O=C([O-])CCC(=O)c1ccc(F)cc1
Anion_0275,O=C([O-])CCC(=O)c1ccc(Br)cc1
Anion_0276,O=C([O-])CN1CCOCC1
Anion_0277,N#Cc1ccc(CC(=O)[O-])cc1
Anion_0278,O=C([O-])C(c1ccc(Cl)cc1)c1ccc(Cl)cc1
Anion_0279,CC1=CC=CC(=CC=C([O-])[O-])[CH+]1
Anion_0281,Cc1ccc(C(=O)[O-])o1
Anion_0282,O=C1CCC(C(=O)[O-])CO1
Anion_0283,O=C([O-])CCC(F)(F)F
Anion_0284,O=C([O-])CCC1CCCC1
Anion_0285,O=C([O-])C(=O)c1ccco1
Anion_0286,O=C([O-])C1CCN(C(=O)OCc2ccccc2)CC1
Anion_0287,COc1cc(CCC(=O)[O-])cc(OC)c1OC
Anion_0288,O=C([O-])C1=[N+]=CC=[S+]1
Anion_0289,O=C([O-])C(=O)CCc1ccccc1
Anion_0290,CC(C)CCCC(=O)[O-]
Anion_0291,CCCC#CC(=O)[O-]
Anion_0292,O=C([O-])Cc1c(Cl)cccc1Cl
Anion_0293,C=CC=CC(=O)[O-]
Anion_0295,O=C([O-])COc1ccc(Br)cc1
Anion_0296,O=C([O-])C#Cc1ccc(F)cc1
Anion_0297,O=C([O-])CC1=CC(=O)OC1=O
Anion_0299,O=Cc1ccc(OCC(=O)[O-])cc1
Anion_0300,O=C([O-])C1(c2ccccc2)CCCC1
Anion_0301,C=C(Cc1ccccc1)C(=O)[O-]
Anion_0302,O=C([O-])CCc1ccccc1Br
Anion_0303,O=C([O-])C1CCC(F)(F)CC1
Anion_0304,O=C([O-])CCCCC(=O)c1ccccc1
Anion_0305,O=C([O-])C=Cc1cccc(F)c1
Anion_0306,CCOC(=O)C(=O)[O-]
Anion_0307,O=C([O-])CC(=O)OCc1ccccc1
Anion_0308,C[n+]1c([O-])c2c(ncn2CC(=O)[O-])[n+](C)c1[O-]
Anion_0309,CN(CC(=O)[O-])C(=O)OCc1ccccc1
Anion_0310,O=C([O-])Cc1ccc2ccc3cccc4ccc1c2c34
Anion_0311,O=C([O-])c1cncs1
Anion_0312,O=C([O-])CCCS
Anion_0313,CC(C)=CCC(=O)[O-]
Anion_0314,CCC#CC(=O)[O-]
Anion_0315,O=C([O-])C(=O)CC(=O)c1ccccc1
Anion_0316,COCCOCC(=O)[O-]
Anion_0317,O=C([O-])CSCc1ccccc1
Anion_0318,Cc1c(C(=O)[O-])oc2ccccc12
Anion_0319,Cc1cccc(OCC(=O)[O-])c1
Anion_0320,O=C([O-])CCc1ccc2c(c1)OCO2
Anion_0321,CCOC(=O)C=CC(=O)[O-]
Anion_0322,CC(C)Cc1ccc(CC(=O)[O-])cc1
Anion_0323,CCC(=O)CCC(=O)[O-]
Anion_0324,Cn1cc(C(=O)[O-])cn1
Anion_0325,CN1CCC(C(=O)[O-])CC1
Anion_0326,O=C([O-])c1coc2ccccc2c1=O
Anion_0327,C#CCC(=O)[O-]
Anion_0328,C=CC(=O)OCCC(=O)[O-]
Anion_0329,O=C([O-])C=Cc1cccc2ccccc12
Anion_0330,O=C([O-])C=Cc1ccc(Cl)c(Cl)c1
Anion_0331,O=C([O-])C1(C(F)(F)F)CC1
Anion_0332,CC(C)(C)c1ccc(CC(=O)[O-])cc1
Anion_0334,COc1ccccc1CCC(=O)[O-]
Anion_0335,C[N+](C)=C1C=CC(=CC=C([O-])[O-])C=C1
Anion_0336,CC(=O)Oc1ccc(C=CC(=O)[O-])cc1
Anion_0337,O=C([O-])c1c[n+](C2CC2)c2cc(Cl)c(F)cc2c1[O-]
Anion_0339,O=C([O-])c1c[n+](C2CC2)c2c(F)c(F)c(F)cc2c1[O-]
Anion_0340,CC(C)C=CC(=O)[O-]
Anion_0341,CCCCC(=O)C(=O)[O-]
Anion_0342,COc1ccccc1OCC(=O)[O-]
Anion_0343,O=C([O-])C=Cc1ccccc1F
Anion_0344,O=C([O-])CCc1ccco1
Anion_0345,O=C([O-])CCCOc1ccccc1
Anion_0346,O=C([O-])C=C1CCCCC1
Anion_0347,O=C([O-])CCCOCc1ccccc1
Anion_0348,O=C([O-])Cc1ccco1
Anion_0349,O=C([O-])C=CC=Cc1ccc2c(c1)OCO2
Anion_0350,COc1ccc(OC)c(CC(=O)[O-])c1
Anion_0351,Cc1cc(C(=O)[O-])n[nH]1
Anion_0352,O=C([O-])C1=[S+2]=CC=C1Br
Anion_0353,C=CCCCCCC(=O)[O-]
Anion_0354,O=C([O-])C[N+]1=CC=[N+]=C1
Anion_0355,CCCC(C)(C)C(=O)[O-]
Anion_0356,O=C([O-])CCc1ccccc1Cl
Anion_0357,CN(C)CCC(=O)[O-]
Anion_0358,CS(=O)(=O)CC(=O)[O-]
Anion_0359,O=C([O-])C=CC1=CC=[N+]=C[CH-]1
Anion_0360,C[N+]1=[N+]=CC=C1C(=O)[O-]
Anion_0361,C=CC(C)(C)C(=O)[O-]
Anion_0362,CC(=O)CCCCCC(=O)[O-]
Anion_0363,O=C([O-])C#Cc1cccc2ccccc12
Anion_0364,O=C([O-])CCN1CCCCC1
Anion_0366,O=C([O-])C=Cc1c[nH+]c[n-]1
Anion_0367,O=C([O-])C1=[N+]=CC=[NH+]1
Anion_0368,CC(C)(CC(=O)[O-])c1ccccc1
Anion_0369,Cn1cc(C(=O)[O-])c(C(F)F)n1
Anion_0370,O=C([O-])c1c[s+]c2cccc[c-]12
Anion_0371,O=C([O-])C1=CC(=C2C=CC=C[CH+]2)O[N-]1
Anion_0372,CCCCC=CC(=O)[O-]
Anion_0373,C=C(CC(=O)OC)C(=O)[O-]
Anion_0374,COc1cc2c(c(OC)c1OC)=[NH+]C(=C([O-])[O-])C=2
Anion_0375,O=C([O-])c1ccno1
Anion_0376,O=C([O-])CCCc1cccs1
Anion_0377,O=C([O-])c1c[n+](C2CC2)c2cc(F)c(F)cc2c1[O-]
Anion_0378,O=C([O-])C(=O)c1c[nH+]c2cccc[c-]12
Anion_0379,Cc1ccccc1CCC(=O)[O-]
Anion_0380,N#Cc1ccc(C=CC(=O)[O-])cc1
Anion_0381,O=C([O-])Cc1ccc(F)c(F)c1
Anion_0382,O=Cc1ccc(C=CC(=O)[O-])cc1
Anion_0383,O=C([O-])c1cc(Br)cs1
Anion_0384,Cc1ccc(CCCC(=O)[O-])cc1
Anion_0385,CCSCC(=O)[O-]
Anion_0386,C=C(C)CC(=O)[O-]
Anion_0387,Cc1occc1C(=O)[O-]
Anion_0388,CC1=C[CH-]OC1=C([O-])[O-]
Anion_0389,CCCCCCCCCC=CC(=O)[O-]
Anion_0390,CC1(C)C(C(=O)[O-])C1(C)C
Anion_0391,C=C(C(=O)[O-])C1CC1
Anion_0392,CC(F)(F)C(=O)[O-]
Anion_0393,O=C([O-])C1(c2ccc(Cl)cc2)CC1
Anion_0394,O=C([O-])C#Cc1cccs1
Anion_0395,CC(C)(Cc1ccccc1)C(=O)[O-]
Anion_0396,N#CC1(C(=O)[O-])CC1
Anion_0397,O=C([O-])c1c[n+](C2CC2)c2nc(Cl)c(F)cc2c1[O-]
Anion_0398,O=C([O-])CCc1ccc(C(F)(F)F)cc1
Anion_0399,O=C([O-])c1cc2cc(Br)ccc2oc1=O
Anion_0400,CCCCCCC(=O)C(=O)[O-]
Anion_0401,CC1CCC(C(=O)[O-])CC1
Anion_0402,O=C([O-])C=Cc1ccccc1Br
Anion_0403,COc1ccc(C(=O)CCC(=O)[O-])cc1OC
Anion_0404,O=C([O-])c1cc2cc(Br)ccc2[nH]1
Anion_0405,O=C([O-])Cc1c[s+]c2cccc[c-]12
Anion_0406,O=C([O-])COc1ccc(Cl)c(Cl)c1
Anion_0408,O=C([O-])Cc1ccc(F)cc1F
Anion_0409,O=C([O-])Cc1cc(C(F)(F)F)cc(C(F)(F)F)c1
Anion_0410,O=C([O-])C[n+]1ccc2cccc[c-]21
Anion_0411,CC1=CC(=C([O-])[O-])[C+](C)O1
Anion_0412,C[N+]1=CC=[N+]=C1C(=O)[O-]
Anion_0413,CC1=[N+]=C[S+]=C1C(=O)[O-]
Anion_0414,CCOc1ccc(CC(=O)[O-])cc1
Anion_0415,O=C([O-])CCSSc1ccccn1
Anion_0416,C=C(C)CCC(=O)[O-]
Anion_0417,C=CCCCCCCC(=O)[O-]
Anion_0418,O=C([O-])Cc1cc(F)c(F)cc1F
Anion_0419,O=C([O-])C=Cc1ccccn1
Anion_0420,O=C([O-])CCCN1C(=O)C=CC1=O
Anion_0421,CCCCC#CC(=O)[O-]
Anion_0422,COc1ccc(C=CC(=O)[O-])c(OC)c1
Anion_0423,O=C([O-])C1=CC=[S+2]=C1Br
Anion_0424,O=Cc1ccc(C(=O)[O-])s1
Anion_0425,O=C([O-])Cc1ccc2c(c1)C(=O)c1ccccc1CO2
Anion_0426,CCCCC(C)(C)C(=O)[O-]
Anion_0427,COc1ccccc1C=CC(=O)[O-]
Anion_0428,O=C([O-])CCC(=O)c1ccc2ccccc2c1
Anion_0429,O=C([O-])C(=O)c1ccc(C(F)(F)F)cc1
Anion_0430,CC1=[NH+]C(=C[O-])C(C)=C1C(=O)[O-]
Anion_0431,CC(C)CCCCC(=O)[O-]
Anion_0432,O=C([O-])CCCCCN1C(=O)c2ccccc2C1=O
Anion_0433,O=C([O-])C(=O)C=Cc1ccccc1
Anion_0434,O=C([O-])C=Cc1ccc2ccccc2c1
Anion_0435,Cc1noc(C)c1C(=O)[O-]
Anion_0436,O=C([O-])C1(c2ccccc2)CCCCC1
Anion_0437,O=C([O-])COc1cccc(Cl)c1
Anion_0438,COC1=CC=CC(=CC=C([O-])[O-])[C+]1OC
Anion_0439,CC(C)(C)CCC(=O)[O-]
Anion_0440,O=C([O-])C=Cc1ccc(Cl)cc1Cl
Anion_0441,CC(C)c1ccc(CC(=O)[O-])cc1
Anion_0442,O=C([O-])C#Cc1ccc(C(F)(F)F)cc1
Anion_0443,CC1=[N+]=[N+]=[S+2]=C1C(=O)[O-]
Anion_0444,O=C([O-])C1=[S+2]=c2ccccc2=C1Cl
Anion_0445,CCC(C)(CC)C(=O)[O-]
Anion_0446,O=C([O-])C1=CCC1
Anion_0447,O=C([O-])C[n+]1cc(F)c([O-])[nH+]c1[O-]
Anion_0448,CC1(C(=O)[O-])CCCC1
Anion_0449,Cc1ccc(S(=O)(=O)CC(=O)[O-])cc1
Anion_0450,COc1ccc(CC(=O)[O-])c(OC)c1
Anion_0451,Cc1c(C(=O)[O-])[nH+]c2cccc[c-]12
Anion_0453,C=C(F)C(=O)[O-]
Anion_0454,CC(C)(Oc1ccccc1)C(=O)[O-]
Anion_0455,O=C([O-])CCc1ccc2ccccc2c1
Anion_0456,CC(C)(C)C1CCC(C(=O)[O-])CC1
Anion_0457,O=C([O-])C[n+]1ccc([O-])[nH+]c1[O-]
Anion_0458,CN1CCN(CC(=O)[O-])CC1
Anion_0459,COc1ccc(CCCC(=O)[O-])cc1OC
Anion_0460,O=C([O-])C1=[N+]=C[NH+]=N1
Anion_0461,O=C([O-])CN1CCCCC1
Anion_0462,CC1=C[C-](CC(=O)[O-])O[N-]1
Anion_0463,O=C([O-])C(Cc1ccccc1)Cc1ccccc1
Anion_0465,C[N+]1=[N+]=C(C(=O)[O-])c2ccccc21
Anion_0466,C=C1CC(C(=O)[O-])C1
Anion_0468,Cc1cccc(C)c1OCC(=O)[O-]
Anion_0469,CC1=CC(=C([O-])[O-])[N+](C)=N1
Anion_0470,Cc1nc(C)c(C(=O)[O-])s1
Anion_0471,O=C([O-])CCC1=[N+]=c2ccccc2=[NH+]1
Anion_0472,COC1=CC=CC2=CC(=C([O-])[O-])O[C+]21
Anion_0473,O=C([O-])Cc1c[nH+]c2cccc(Cl)[c-]12
Anion_0474,CCC=CCC=CCC=CCC=CCCCCC(=O)[O-]
Anion_0475,CCOCCC(=O)[O-]
Anion_0476,O=C([O-])CCCC(=O)OCc1ccccc1
Anion_0477,C[N+]1=CN=CC1=C([O-])[O-]
Anion_0478,O=C([O-])COc1c(Cl)cc(Cl)cc1Cl
Anion_0479,O=C([O-])C(=O)c1cccc(Cl)c1
Anion_0480,COC(=O)CCCCCC(=O)[O-]
Anion_0481,O=C([O-])COc1ccc(I)cc1
Anion_0482,O=C([O-])C(=O)c1ccccc1Cl
Anion_0483,O=C([O-])Cc1c(F)cccc1F
Anion_0485,C[n+]1ccc(C(=O)[O-])[n-]1
Anion_0486,COC(=O)C12C3C4C1C1C2C3C41C(=O)[O-]
Anion_0488,O=C([O-])c1c[s+]c[c-]1Br
Anion_0489,CC1=CC(=C([O-])[O-])O[N-]1
Anion_0490,COc1cccc2c1OC(=O)C(C(=O)[O-])C2
Anion_0492,CC(C)=C(C)C(=O)[O-]
Anion_0493,CCCCOCC(=O)[O-]
Anion_0494,COC(=O)CCCCCCCCCCC(=O)[O-]
Anion_0495,O=C([O-])Cc1c(F)c(F)c(F)c(F)c1F
Anion_0496,COC1=CC=C(OC)C(=CC=C([O-])[O-])[CH+]1
Anion_0497,COc1ccc(CC(=O)C(=O)[O-])cc1
Anion_0498,O=C([O-])C(=O)c1cccc(Br)c1
Anion_0499,Cc1cc(C)c(C(=O)C(=O)[O-])c(C)c1
Anion_0500,CC(C)(C)OC(=O)N1CCC(CCC(=O)[O-])CC1
Anion_0501,C=C(C)C(=O)OCCOC(=O)CCC(=O)[O-]
Anion_0502,CCn1cc(C(=O)[O-])c(=O)c2cc(F)c(Cl)cc21
Anion_0503,COc1cccc(OCC(=O)[O-])c1
Anion_0504,CN(CC(=O)[O-])C(=O)c1ccccc1
Anion_0505,CCOc1ccc(C=CC(=O)[O-])cc1
Anion_0506,O=C([O-])CC1=[N+]=[N+]=[N+]=[NH+]1
Anion_0507,CCOC(=O)CCCC(=O)[O-]
Anion_0508,O=C([O-])CC1=CCCC1
Anion_0509,O=C([O-])C#Cc1cccc(Cl)c1
Anion_0510,O=C([O-])Cc1ccc(Oc2ccccc2)cc1
Anion_0511,CC(C)(C)OC(=O)N1CCC(C)(C(=O)[O-])CC1
Anion_0513,O=C([O-])CC1CCOCC1
Anion_0514,O=C([O-])CCc1cccc2ccccc12
Anion_0515,O=C([O-])C=CC1=CC=[S+2]=C1
Anion_0516,CC1=[N+]=C(C(=O)[O-])C=[S+]1
Anion_0517,Cc1oncc1C(=O)[O-]
Anion_0518,Cc1cc(C)cc(CC(=O)[O-])c1
Anion_0519,COc1ccc(COCC(=O)[O-])cc1
Anion_0520,O=C([O-])c1cnc[nH]1
Anion_0521,CC1=CC(=C([O-])[O-])[NH+]=N1
Anion_0522,C=C(CC(=O)[O-])C(=O)OC
Anion_0523,Cc1ccc(C)c(CC(=O)[O-])c1
Anion_0524,O=C([O-])CCCC(=O)c1ccc(F)cc1
Anion_0525,O=C([O-])CCC1=CC=[N+]=C[CH-]1
Anion_0527,O=C([O-])CC[N+]1=c2ccccc2=[S+2]=C2C=CC=C[C-]21
Anion_0528,N#CCCCCC(=O)[O-]
Anion_0529,COC(C)(C)C(=O)[O-]
Anion_0530,C=CCOCC(=O)[O-]
Anion_0531,O=C([O-])C(F)(F)C(F)F
Anion_0532,O=C([O-])C#Cc1ccccc1Cl
Anion_0533,O=C([O-])C(C1CCCCC1)C1CCCCC1
Anion_0534,O=C([O-])CCc1cccc(C(F)(F)F)c1
Anion_0535,COC(=O)C1(C(=O)[O-])CC1
Anion_0536,O=C([O-])CCCCCCCS
Anion_0537,O=C([O-])CCc1c[nH+]c[n-]1
Anion_0538,CC(=O)c1ccc(C(=O)[O-])s1
Anion_0539,O=C([O-])C1CCN(C(=O)c2ccccc2)CC1
Anion_0540,O=C([O-])CN1C(=O)C=CC1=O
Anion_0541,O=C([O-])C12CCC(CC1)CC2
Anion_0542,O=C([O-])c1coc2ccccc12
Anion_0543,O=C([O-])c1ccc(-c2ccccc2)s1
Anion_0544,O=C([O-])Cc1ccc(Cl)nc1
Anion_0545,C=CC(C)(C)CC(=O)[O-]
Anion_0546,O=C([O-])CCCCC(=O)OCc1ccccc1
Anion_0547,O=C([O-])CCc1ccc(OCc2ccccc2)cc1
Anion_0548,O=C([O-])C1(c2ccc3c(c2)OC(F)(F)O3)CC1
Anion_0549,O=C([O-])c1cocn1
Anion_0550,Cc1c[nH+]c(C)[c-]1CCC(=O)[O-]
Anion_0551,O=C([O-])c1cc2cc(Cl)ccc2oc1=O
Anion_0552,CCC(CC)(CC)C(=O)[O-]
Anion_0553,CC(C)CCCCCCC(=O)[O-]
Anion_0554,O=C([O-])CCc1cccc(F)c1
Anion_0555,O=C([O-])CCc1ccc(I)cc1
Anion_0556,COC1=CC(=CC=C([O-])[O-])C=C(OC)[CH+]1
Anion_0557,C#CCCCCCC(=O)[O-]
Anion_0558,CCN(CC)CC(=O)[O-]
Anion_0559,O=C([O-])CCCc1ccc(Cl)cc1
Anion_0560,O=C([O-])CS(=O)(=O)c1ccc(Cl)cc1
Anion_0561,O=C([O-])CCc1cccc(Br)c1
Anion_0562,O=C([O-])C1=C[NH+]=[N+]=N1
Anion_0563,Cc1ncoc1C(=O)[O-]
Anion_0564,O=C([O-])C[S+]=C1N=c2ccccc2=[S+]1
Anion_0565,O=C([O-])Cc1noc2ccccc12
Anion_0566,CC(C)OCC(=O)[O-]
Anion_0567,CC(=O)c1ccc(OCC(=O)[O-])cc1
Anion_0568,O=C([O-])CC1c2ccccc2-c2ccccc21
Anion_0569,O=C([O-])C12CCC(CC1)C2
Anion_0570,COc1ccc(CC(=O)[O-])cc1Br
Anion_0571,O=C([O-])C=Cc1ccc(F)c(F)c1
Anion_0572,O=C([O-])CN1CCCC1=O
Anion_0573,O=C([O-])CCC(=O)c1cccnc1
Anion_0574,CC(=O)SCC(=O)[O-]
Anion_0575,O=C([O-])c1cnco1
Anion_0576,CC(C)(C(=O)[O-])C(F)(F)F
Anion_0577,CC1=C(CCC(=O)[O-])C(=O)OC1=O
Anion_0578,O=C([O-])C[N+]1=[N+]=[N+]=C2C=CC=C[C-]21
Anion_0579,CCC(=O)CCCC(=O)[O-]
Anion_0580,O=C([O-])C=CC(F)(F)F
Anion_0581,O=C([O-])CCc1ccccc1F
Anion_0583,O=C([O-])C=CC1=[C-]O[C+]=C1
Anion_0584,O=C([O-])C(=O)c1ccccc1F
Anion_0585,O=C([O-])CCc1ccccn1
Anion_0586,O=C([O-])c1cc(Br)c(Br)o1
Anion_0587,COc1ccc2c(c1)OC(=O)CC2CC(=O)[O-]
Anion_0589,N#CCCCC(=O)[O-]
Anion_0590,COC(=O)C1CCC(C(=O)[O-])CC1
Anion_0591,N#Cc1cccc(CC(=O)[O-])c1
Anion_0592,CCc1ccc(C(=O)CCC(=O)[O-])cc1
Anion_0593,COc1cc(Br)c(CC(=O)[O-])cc1OC
Anion_0594,COc1ccc(C2(C(=O)[O-])CC2)cc1
Anion_0595,Cn1cc(C(=O)[O-])c(C(F)(F)F)n1
Anion_0596,O=C([O-])C=Cc1cc(F)cc(F)c1
Anion_0597,CC(C)(F)C(=O)[O-]
Anion_0598,O=C([O-])C[S+]=C1N=c2ccccc2=[NH+]1
Anion_0599,Cn1cc(C(=O)[O-])ccc1=O
Anion_0600,O=C([O-])c1cc2ccccc2n1Cc1ccccc1
Anion_0601,O=C([O-])c1cc(Br)c(Br)[nH]1
Anion_0602,O=C([O-])C1=C[N+](Cc2ccccc2)=[N+]=N1
Anion_0603,CCCCCC=CCC(=O)[O-]
Anion_0604,O=C([O-])CCSCc1ccccc1
Anion_0605,O=C([O-])Cc1cccc(OCc2ccccc2)c1
Anion_0606,O=C([O-])CC=CCc1ccccc1
Anion_0607,COC(=O)C12CC(C(=O)[O-])(C1)C2
Anion_0608,CC1=[S+2]=CC=C1C(=O)[O-]
Anion_0610,C=CCC(CC=C)C(=O)[O-]
Anion_0611,CC(=O)SCCC(=O)[O-]
Anion_0612,CCOC(=S)SCC(=O)[O-]
Anion_0613,COC(=O)c1ccc(CC(=O)[O-])cc1
Anion_0614,COc1ccc(CC(=O)[O-])cc1OCc1ccccc1
Anion_0615,COc1ccc(SCC(=O)[O-])cc1
Anion_0616,CCOC(=O)C1(C(=O)[O-])CC1
Anion_0617,O=C([O-])C#CC1CC1
Anion_0618,O=C([O-])Cc1c[s+]c(-c2ccc(Cl)cc2)[n-]1
Anion_0619,O=Cc1cccc(OCC(=O)[O-])c1
Anion_0620,CC(C)(C(=O)[O-])c1ccc(Cl)cc1
Anion_0621,O=C([O-])C=CC(=O)c1ccc(Cl)cc1
Anion_0622,O=C([O-])C=Cc1ccc(OCc2ccccc2)cc1
Anion_0623,O=C([O-])CCCCCCCCCCCS
Anion_0624,CCOC(=O)C(C)(C)C(=O)[O-]
Anion_0625,Cc1cc(OCC(=O)[O-])ccc1Cl
Anion_0626,O=C([O-])C(=O)C1CCCCC1
Anion_0627,COc1cccc(CC(=O)[O-])c1OC
Anion_0628,O=C([O-])C1=CC(=C2C=CC=C[CH+]2)[N-]O1
Anion_0629,O=C([O-])CCCCN1C(=O)c2ccccc2C1=O
Anion_0630,CC(C)CCCCCC(=O)[O-]
Anion_0631,O=C([O-])C(C(F)(F)F)C(F)(F)F
Anion_0632,O=C([O-])CSC(c1ccccc1)c1ccccc1
Anion_0633,COc1cc(CC(=O)[O-])ccc1OCc1ccccc1
Anion_0634,COc1ccc(C=CC(=O)[O-])cc1
Anion_0635,COC1=CC(=C[O-])C=C[C+]1OCC(=O)[O-]
Anion_0636,O=C([O-])C1(c2ccc(Cl)cc2)CCC1
Anion_0637,O=C([O-])c1c[n+](C2CC2)c2c(Cl)c(F)c(F)cc2c1[O-]
Anion_0638,N#[N+][N-]CCCCCCCCCCC(=O)[O-]
Anion_0639,CCOC(=O)c1c(C)[nH+]c(C(=O)[O-])[c-]1C
Anion_0640,O=C([O-])c1cc2cc(Cl)ccc2o1
Anion_0641,O=C([O-])C1(c2ccccc2)CCC1
Anion_0642,O=C([O-])C1CCCCCCCCCCC1
Anion_0643,CC(C)(C)OCC(=O)[O-]
Anion_0644,O=C([O-])CCCc1ccc2ccccc2c1
Anion_0645,O=C([O-])CCc1ccc(Cl)c(Cl)c1
Anion_0646,O=C([O-])CCC(=O)c1cccc2ccccc12
Anion_0647,CC(C)c1ccc(C=CC(=O)[O-])cc1
Anion_0648,O=C([O-])CN1CCCC1
Anion_0649,CC1(C(=O)[O-])COC1
Anion_0650,O=C([O-])c1cc2ccc(Cl)cc2[nH]1
Anion_0651,COC1=CC=c2oc(=C([O-])[O-])cc2[CH+]1
Anion_0652,O=C([O-])C1=CC=[N+]=[NH+]1
Anion_0653,O=C([O-])C1CCC=CCC1
Anion_0654,CC#CCC(=O)[O-]
Anion_0655,CCOC(=O)CCCCCC(=O)[O-]
Anion_0656,CC1(C(=O)[O-])CCC1
Anion_0657,O=C([O-])C1=CCCCCC1
Anion_0658,O=C([O-])C=CCCc1ccccc1
Anion_0659,O=C([O-])CCCCOCc1ccccc1
Anion_0661,Cc1ccc(C(=O)CCCC(=O)[O-])cc1
Anion_0662,Cc1cc(C)cc(OCC(=O)[O-])c1
Anion_0663,N#CC(=Cc1ccccc1)C(=O)[O-]
Anion_0664,COC(=O)c1ccc(C=CC(=O)[O-])cc1
Anion_0665,O=C([O-])CC1=[N+]=CC=[NH+]1
Anion_0666,O=C([O-])C1(F)CC1
Anion_0667,O=C([O-])C1=CC(Br)=[S+2]=C1Br
Anion_0668,C[n+]1cc(CCC(=O)[O-])c2cccc[c-]21
Anion_0669,CC(C)(C(=O)[O-])N1C(=O)c2ccccc2C1=O
Anion_0670,CCCCC(=O)CCC(=O)[O-]
Anion_0671,O=C([O-])CCCCS
Anion_0672,CC(C)(C)C#CC(=O)[O-]
Anion_0673,CCCCCC(=O)CCC(=O)[O-]
Anion_0674,CCCCCCCC/C=C\CCCCCCCCC(=O)[O-]
Anion_0675,O=C([O-])CCCc1ccc(-c2ccccc2)cc1
Anion_0676,N#Cc1ccc(CCC(=O)[O-])cc1
Anion_0677,O=C([O-])C=Cc1ccccc1C(F)(F)F
Anion_0678,O=C([O-])Cc1ccccc1OCc1ccccc1
Anion_0679,O=C([O-])C(=O)c1ccccc1Br
Anion_0680,COc1ccc(C=CC(=O)[O-])c(OC)c1OC
Anion_0681,O=C([O-])c1occc(=O)c1OCc1ccccc1
Anion_0682,CC1=[N+]=C(C(=O)[O-])[CH-]O1
Anion_0683,O=C([O-])Cc1cncc(Br)c1
Anion_0684,O=C([O-])c1ccc(-c2ccccc2Cl)o1
Anion_0686,CCCC(=O)CCC(=O)[O-]
Anion_0687,O=C([O-])CCc1ccc(-c2ccccc2)cc1
Anion_0688,O=C([O-])CCC(=O)c1ccc(Cl)c(Cl)c1
Anion_0689,O=C([O-])C1CCCCCCC1
Anion_0690,O=C([O-])CCCc1ccc(F)cc1
Anion_0691,O=C([O-])C[n+]1ccccc1[O-]
Anion_0692,Cc1cc(C(=O)[O-])nn1C
Anion_0693,Cc1[nH]c2ccccc2c1C(=O)[O-]
Anion_0694,O=C([O-])c1cc2ccc(Br)cc2[nH]1
Anion_0695,Cc1ccc(S(=O)(=O)N2CCC(C(=O)[O-])CC2)cc1
Anion_0696,O=C([O-])CCN1C(=O)C[S+]=C1[S-]
Anion_0697,CN(C)C(=O)C(=O)[O-]
Anion_0698,CCCC(C)=CC(=O)[O-]
Anion_0699,O=C([O-])C=CC1CCCCC1
Anion_0700,O=C([O-])CC1=CC=CC(=C2C=CC=C[CH+]2)[CH-]1
Anion_0701,Cc1ccc(C(C)C)c(OCC(=O)[O-])c1
Anion_0702,O=Cc1ccc(CC(=O)[O-])cc1
Anion_0703,O=C([O-])COc1ccc(Cl)c2cccnc12
Anion_0705,O=C([O-])c1cc2cc(OCc3ccccc3)ccc2[nH]1
Anion_0706,O=C([O-])C1CCN(Cc2ccccc2)CC1
Anion_0707,O=C([O-])C1=CN=[N+]2C=CC=[N+]=C12
Anion_0708,O=C([O-])C=Cc1c(Cl)cccc1Cl
Anion_0709,COC1=CC=C(OC)C(=C([O-])CCC(=O)[O-])[CH+]1
Anion_0710,CC(C)(C)c1ccc(C=CC(=O)[O-])cc1
Anion_0711,CCN(CC(=O)[O-])C(=O)OC(C)(C)C
Anion_0712,CCCOc1ccc(C=CC(=O)[O-])cc1
Anion_0713,CCCCCCCCOc1ccc(C=CC(=O)[O-])cc1
Anion_0714,CC(C)(C)OC(=O)N(CC(=O)[O-])Cc1ccccc1
Anion_0715,CN(CCC(=O)[O-])C(=O)OC(C)(C)C
Anion_0716,O=C([O-])C1COC1
Anion_0717,Cc1nocc1C(=O)[O-]
Anion_0718,O=C([O-])Cc1ccc2ncccc2c1
Anion_0719,O=C([O-])C1=Cc2ccccc2OC1
Anion_0720,O=C([O-])c1cn[n+](-c2ccccc2)[n-]1
Anion_0721,O=C([O-])c1cc2cc(Br)ccc2o1
Anion_0722,CC1=[N+]=C(C(=O)[O-])C(=C2C=CC=C[CH-]2)S1
Anion_0723,CC(C)C(=O)CCC(=O)[O-]
Anion_0725,O=C([O-])COc1c(Cl)cccc1Cl
Anion_0726,O=C([O-])C1C(=C2C=CC=C[CH+]2)C1=C1C=CC=C[CH-]1
Anion_0727,CC1=C(CC(=O)[O-])c2cc(F)ccc2C1
Anion_0728,O=C([O-])CC1CCC1
Anion_0729,O=C([O-])C1=Cc2ccccc2C1
Anion_0730,O=C([O-])COc1ccccc1Br
Anion_0731,O=C([O-])C#Cc1cccc(F)c1
Anion_0732,CCn1cc(C(=O)[O-])c(=O)c2cc(F)c(F)cc21
Anion_0733,O=C([O-])C1=CC(=C2C=CC=C[CH+]2)[NH+]=N1
Anion_0734,C=C(C)CCCC(=O)[O-]
Anion_0735,N#CCCCCCC(=O)[O-]
Anion_0736,CC(=O)N(C)CC(=O)[O-]
Anion_0737,O=C([O-])CCS(=O)(=O)c1ccccc1
Anion_0738,O=C([O-])C(F)(F)c1ccccc1
Anion_0739,COc1ccccc1C(=O)C(=O)[O-]
Anion_0740,O=C([O-])C(=O)c1ccc(-c2ccccc2)cc1
Anion_0741,CC1=CC(C(F)(F)F)=[N+]=[N+]1CC(=O)[O-]
Anion_0742,O=C([O-])c1ccc(Cl)o1
Anion_0743,O=C([O-])c1cc(Br)co1
Anion_0744,O=C([O-])Cc1cc2ccccc2o1
Anion_0745,CC1CC(=O)Oc2cc(OCC(=O)[O-])ccc21
Anion_0746,O=C([O-])c1c[nH+]c2ccc(Br)c[c-]12
Anion_0747,CCCCCCC=CCCCC(=O)[O-]
Anion_0748,O=C([O-])Cc1ccccc1-c1ccccc1
Anion_0749,O=C([O-])C1c2ccccc2Cc2ccccc21
Anion_0750,O=C([O-])C(F)=Cc1ccccc1
Anion_0751,COC1CCC(C(=O)[O-])CC1
Anion_0752,O=C([O-])C1CN(C(=O)OCc2ccccc2)C1
Anion_0754,CCS(=O)(=O)c1ccc(CC(=O)[O-])cc1
Anion_0755,CC1=[N+]=C(Br)[S+]=C1C(=O)[O-]
Anion_0756,COc1cc2c(cc1OC)=[NH+]C(=C([O-])[O-])C=2
Anion_0757,CCCC=C(C)C(=O)[O-]
Anion_0758,CCCCCC(=O)CCCC(=O)[O-]
Anion_0759,O=C([O-])C(F)(F)C(F)(F)C(F)(F)C(F)F
Anion_0760,O=C([O-])CS(=O)(=O)Cc1ccccc1
Anion_0761,O=C([O-])Cc1cc(Cl)cc(Cl)c1
Anion_0762,O=C([O-])COc1ccc(-c2ccccc2)cc1
Anion_0763,C=CCC1(C(=O)[O-])CCCCC1
Anion_0764,O=C([O-])CCC(=O)c1ccc(Oc2ccccc2)cc1
Anion_0765,CC(=O)Oc1ccc(CC(=O)[O-])cc1
Anion_0766,CC1=[N+]=C(S)[S+]=C1CC(=O)[O-]
Anion_0767,O=C([O-])Cc1ccc2c(c1)CCO2
Anion_0769,O=C([O-])c1c[s+2]#[n+][n-]1
Anion_0770,O=C([O-])c1cnc(Br)s1
Anion_0771,CC1CC(=O)OC(C)C1C(=O)[O-]
Anion_0772,Cc1cc(C(=O)[O-])nn1-c1ccccc1
Anion_0773,CC1=[N+]=C(c2ccccc2)[S+]=C1C(=O)[O-]
Anion_0774,CC(=O)CC(C)(C)CC(=O)[O-]
Anion_0775,O=C([O-])CCCC(F)(F)F
Anion_0776,COc1ccc(OC)c(CCCC(=O)[O-])c1
Anion_0777,O=C([O-])C12CC(C1)C2
Anion_0778,O=Cc1ccc(CCC(=O)[O-])cc1
Anion_0779,COC1=CC(=CC=C([O-])[O-])C=C[C+]1OCc1ccccc1
Anion_0780,O=C([O-])C1=[N+]=[NH+]c2ccc(Br)cc21
Anion_0781,Cc1noc(=C2C=CC=C[CH-]2)c1=C([O-])[O-]
Anion_0782,O=C([O-])C1SCCCS1
Anion_0783,O=C([O-])Cc1coc2ccccc12
Anion_0784,O=C([O-])c1c[nH+]c2cc(Br)cc[c-]12
Anion_0785,CC1=[N+]=[N+](c2ccccc2)N=C1C(=O)[O-]
Anion_0786,O=C([O-])C[N+]1=[N+]=[N+]=[N+]=C1S
Anion_0787,C=CCOCCC(=O)[O-]
Anion_0788,O=C([O-])CCc1ccc(Cl)cc1Cl
Anion_0789,CCc1ccc(CC(=O)[O-])cc1
Anion_0790,CC(C)c1ccc(OCC(=O)[O-])cc1
Anion_0791,O=C([O-])COc1cccc(C(F)(F)F)c1
Anion_0792,O=C([O-])C(=O)C1CC1
Anion_0793,O=C([O-])Cc1cc(F)ccc1F
Anion_0795,O=C([O-])C1CCSCC1
Anion_0796,O=C([O-])C[n+]1cnc[n-]1
Anion_0797,O=C([O-])c1cc2c(s1)=CC=[S+2]=2
Anion_0798,O=C([O-])Cc1c[nH+]c2ccc(Cl)c[c-]12
Anion_0799,O=C([O-])C1=C[N+]#S#[N+]1
Anion_0800,CC(=O)CCCCCCC(=O)[O-]
Anion_0801,CC(C)C(C)(C)C(=O)[O-]
Anion_0802,O=C([O-])Cc1ccc(F)cc1Br
Anion_0804,Cc1ccc(SCCC(=O)[O-])cc1
Anion_0805,O=C([O-])COc1ccccc1F
Anion_0806,O=C([O-])CC1=CC=CC(=C([O-])c2ccccc2)[CH+]1
Anion_0807,O=C([O-])CCCCCC(=O)c1ccccc1
Anion_0808,COc1ccc(Br)c(CC(=O)[O-])c1
Anion_0809,N#[N+][N-]CCCCCCCCCCCC(=O)[O-]
Anion_0810,CN(CCCC(=O)[O-])C(=O)OC(C)(C)C
Anion_0811,C#CCC(C)(C)C(=O)[O-]
Anion_0812,O=C([O-])C1(C(F)(F)F)CCC1
Anion_0813,Cc1cc(=C([O-])[O-])[n+](=C2C=CC=C[CH+]2)[n-]1
Anion_0814,O=C([O-])COc1ccc2c(c1)OC(=O)CC2
Anion_0815,Cc1onc(-c2ccccc2Cl)c1C(=O)[O-]
Anion_0816,O=C([O-])C=Cc1cnc[nH]1
Anion_0817,O=C([O-])c1c[n+]2ccccc2[n-]1
Anion_0818,CCCCOc1ccc(CC(=O)[O-])cc1
Anion_0819,O=C([O-])c1ccc(-c2cccs2)s1
Anion_0820,CC(C)(C)C(C)(C)C(=O)[O-]
Anion_0821,CN(C)CCCCC(=O)[O-]
Anion_0822,CS(=O)(=O)CCC(=O)[O-]
Anion_0823,O=C([O-])CCOc1ccc(Cl)cc1
Anion_0824,O=C([O-])C=C1CCCC1
Anion_0825,C=CCc1ccc(OCC(=O)[O-])c(OC)c1
Anion_0826,O=C([O-])COC1CCCCC1
Anion_0827,Cc1ccc(CCC(=O)[O-])c(C)c1
Anion_0828,O=C([O-])CCCC(=O)c1ccc(Cl)cc1
Anion_0829,O=C([O-])CN(Cc1ccccc1)Cc1ccccc1
Anion_0830,O=C([O-])CCCCOc1ccccc1
Anion_0831,O=C([O-])COc1cccc(Br)c1
Anion_0832,COc1cccc(OCCC(=O)[O-])c1
Anion_0833,COc1ccc(OCCC(=O)[O-])cc1
Anion_0834,Cc1ccc(C(=O)CCC(=O)[O-])cc1C
Anion_0835,COC1=CC(=C([O-])C(=O)[O-])C=C(OC)[C+]1OC
Anion_0836,O=C([O-])c1onc2ccccc12
Anion_0837,C[n+]1ccc[c-]1CC(=O)[O-]
Anion_0838,O=C([O-])c1cc(=O)cco1
Anion_0839,O=C([O-])C1=COC(=C2C=CC=C[CH+]2)[N-]1
Anion_0840,O=C([O-])c1cnc2ccccn12
Anion_0841,CCCCCCCC(=O)C(=O)[O-]
Anion_0842,O=C([O-])c1cc(=O)c(OCc2ccccc2)co1
Anion_0843,CC(C)C#CC(=O)[O-]
Anion_0844,C#CCC(CC#C)C(=O)[O-]
Anion_0845,O=C([O-])CC1CCCCCC1
Anion_0846,C=CCC(F)(F)C(=O)[O-]
Anion_0847,Cc1ccc(OCCC(=O)[O-])cc1
Anion_0848,CCCCCC1CCC(C(=O)[O-])CC1
Anion_0849,O=C([O-])CCc1c2ccccc2cc2ccccc12
Anion_0850,CC1=[N+]=C(C(=O)[O-])C(=C2C=CC(F)=C[CH-]2)S1
Anion_0851,O=C([O-])CCC1=CC=[S+2]=C1
Anion_0852,Cc1nc(C)c(C(=O)[O-])o1
Anion_0853,O=C([O-])c1cc2c(Br)cccc2[nH]1
Anion_0854,O=C([O-])Cc1c[nH+]c2cc(Cl)cc[c-]12
Anion_0855,COc1ccc2[nH]cc(C(=O)[O-])c2c1
Anion_0856,CC1(CCC(=O)[O-])[N+]#[N+]1
Anion_0857,O=C([O-])c1cc2cccc[n+]2[n-]1
Anion_0858,Cc1ccc(C(=O)CC(=O)C(=O)[O-])cc1
Anion_0859,O=C([O-])C1=[S+2]=CC=C1F
Anion_0860,CCOC(CC(=O)[O-])OCC
Anion_0861,CCC(C)=CC(=O)[O-]
Anion_0862,CCCSCC(=O)[O-]
Anion_0863,CC(C)(C#N)C(=O)[O-]
Anion_0864,O=C([O-])C1(c2ccc(Cl)cc2)CCCC1
Anion_0865,CC1=C(C(=O)[O-])Cc2ccccc21
Anion_0866,Cc1ccc(C)c(CCCC(=O)[O-])c1
Anion_0867,O=C([O-])CCCCCCCCCc1ccccc1
Anion_0868,O=C([O-])CCC12CC3CC(CC(C3)C1)C2
Anion_0869,CC(C)c1ccc(CCC(=O)[O-])cc1
Anion_0870,CCc1ccc(OCC(=O)[O-])cc1
Anion_0871,CC(C)(C)c1ccc(C(=O)C(=O)[O-])cc1
Anion_0872,COc1cccc(CCC(=O)[O-])c1OC
Anion_0873,COc1ccc2cccc(CC(=O)[O-])c2c1
Anion_0874,C[N+]1=[N+]=C(C(F)(F)F)C=C1C(=O)[O-]
Anion_0875,O=C([O-])Cc1ccc(Br)cc1F
Anion_0876,O=C([O-])C=Cc1ccc2ccccc2n1
Anion_0878,CCc1ccc(C(=O)[O-])s1
Anion_0879,CC1=C(C(=O)[O-])C=[N+]=[N+]1C
Anion_0880,O=C([O-])C1=CC(Cl)=[S+2]=C1Cl
Anion_0881,O=C([O-])C1=CC(=O)C(=O)CO1
Anion_0882,COC(=O)c1ccc(C(=O)[O-])s1
Anion_0883,COc1ccc2cc(C(=O)[O-])oc2c1
Anion_0884,COc1ccc(-c2ccc(C(=O)[O-])o2)cc1
Anion_0885,O=C([O-])COc1cccc2cccnc12
Anion_0886,O=C([O-])CN1C(=O)c2ccccc2S1(=O)=O
Anion_0888,O=C([O-])c1cn[n+]2cccc[c-]12
Anion_0890,CCSCCC(=O)[O-]
Anion_0891,CC(C)(C)CCCCCC(=O)[O-]
Anion_0892,CCCCC(=O)CCCC(=O)[O-]
Anion_0893,CC1=C(C(=O)[O-])CCCC1
Anion_0894,CC1CCC(CC(=O)[O-])CC1
Anion_0895,COC(CC(=O)[O-])OC
Anion_0896,O=C([O-])CCOc1ccc(Cl)cc1Cl
Anion_0897,O=C([O-])COC(c1ccccc1)c1ccccc1
Anion_0898,O=C([O-])C=Cc1c(F)c(F)c(F)c(F)c1F
Anion_0899,COc1ccc(C(=O)CCC(=O)[O-])c2ccccc12
Anion_0900,CC1(C)OB(c2ccc(CCC(=O)O)cc2)OC1(C)C
Anion_0901,O=C([O-])Cc1c(F)cc(F)cc1F
Anion_0902,O=C([O-])Cc1cccc(OC(F)(F)F)c1
Anion_0903,CC1=CC(=C([O-])[O-])C=[S+]1
Anion_0904,O=C([O-])C[n+]1ccc[n-]1
Anion_0905,O=C([O-])c1cnc(Cl)s1
Anion_0906,O=C([O-])CCCC(=O)c1cccs1
Anion_0907,COC(=O)c1ccc(C(=O)[O-])o1
Anion_0908,C[n+]1c([O-])cc(C(=O)[O-])[nH+]c1[O-]
Anion_0910,CCC(CC)CC(=O)[O-]
Anion_0911,CCCC(=O)CCCC(=O)[O-]
Anion_0912,CC(C)(C(=O)[O-])c1ccc(Br)cc1
Anion_0913,O=C([O-])COc1cccc(F)c1
Anion_0914,COc1ccc(C(=O)CCC(=O)[O-])c(OC)c1
Anion_0915,COc1ccc(CC(=O)[O-])cc1C
Anion_0916,O=C([O-])Cc1ccc(C(=O)c2ccccc2)cc1
Anion_0917,O=C([O-])C[S+]=c1cccc[c-]1Cl
Anion_0918,N#[N+][N-]CCOCCOCCOCCOCC(=O)[O-]
Anion_0919,Cc1nc(C(F)(F)F)c(C(=O)[O-])s1
Anion_0920,O=C([O-])C1=CC(C(F)(F)F)=[N+]=[N+]1C1=[N+]=CC=C[C-]1Cl
Anion_0921,O=C([O-])c1cc[n+](C(F)F)[n-]1
Anion_0922,O=C([O-])CC1=[C-]O[C+]=C1
Anion_0923,O=C([O-])c1c[nH+]c2nccc[c-]12
Anion_0924,O=C([O-])c1cc[n+](-c2ccccc2)[n-]1
Anion_0925,O=C([O-])C1=CC=[N+]=[N+]1c1ccccc1
Anion_0926,CC1=[NH+]C(=C[O-])C(C)=C1CCC(=O)[O-]
Anion_0927,COc1cccc2c1=CC(=C([O-])[O-])[NH+]=2
Anion_0928,Cn1cc(C(=O)[O-])c(=O)c2ccccc21
Anion_0929,O=C([O-])Cc1c(-c2ccccc2)[nH+]c2cccc[c-]12
Anion_0931,O=C([O-])C1CN(C(c2ccccc2)c2ccccc2)C1
Anion_0932,O=C([O-])c1coc2c1C(=O)CCC2
Anion_0933,O=C([O-])Cc1ccc2c(c1)OCCO2
Anion_0934,C#CC(C)(C)C(=O)[O-]
Anion_0935,N#CC1=CC=CC(=CC=C([O-])[O-])[CH+]1
Anion_0936,O=C([O-])CCCc1ccc2c(c1)CCCC2
Anion_0937,COc1cc(CCC(=O)[O-])cc(OC)c1
Anion_0938,CC(C)(C)c1ccc(C(=O)CCC(=O)[O-])cc1
Anion_0939,O=C([O-])CCC(=O)C=Cc1ccccc1
Anion_0940,COc1ccc(CC(=O)[O-])cc1F
Anion_0941,O=C([O-])c1cc2ccc(Br)cc2s1
Anion_0942,CC(C)(C)OC(=O)N1CCC(CCCC(=O)[O-])CC1
Anion_0943,C[N+]1=[N+]=C(C(C)(C)C)C=C1C(=O)[O-]
Anion_0944,O=C([O-])C=Cc1ccc(OC(F)(F)F)cc1
Anion_0945,O=C([O-])COc1ccc(C(F)(F)F)cc1
Anion_0946,CC(C)(C)c1ccc(C(=O)[O-])s1
Anion_0947,O=C([O-])c1cc2c(s1)CCCC2
Anion_0948,O=C([O-])C[n+]1cnc2cccc[c-]21
Anion_0949,O=C([O-])c1c[nH+]c2ccc(Cl)c[c-]12
Anion_0951,CCC(=O)CCCCC(=O)[O-]
Anion_0952,O=C([O-])CC(=O)C(F)(F)F
Anion_0953,CC(=O)c1ccc(CC(=O)[O-])cc1
Anion_0954,CC(C)CC=CC(=O)[O-]
Anion_0955,Cc1ccccc1SCC(=O)[O-]
Anion_0956,O=C([O-])COc1ccc(C23CC4CC(CC(C4)C2)C3)cc1
Anion_0957,COc1ccc(C=C(C#N)C(=O)[O-])cc1
Anion_0958,COc1ccc(C(=O)CCC(=O)[O-])cc1C
Anion_0959,COc1ccc(C(C)=CC(=O)[O-])cc1
Anion_0960,CC(=O)c1ccccc1OCC(=O)[O-]
Anion_0961,O=C([O-])C[N+]1=[S+2]=c2ccccc2=C1[O-]
Anion_0962,O=C([O-])C=Cc1cc(F)ccc1F
Anion_0963,O=C([O-])Cc1ccc(F)c(C(F)(F)F)c1
Anion_0964,O=C([O-])c1c[c+](C2CC2)o[n-]1
Anion_0965,O=C([O-])C1=[N+]=C[CH-]O1
Anion_0966,Cc1coc(C)c1C(=O)[O-]
Anion_0967,CC1=CC(=C([O-])[O-])O[C+]1C
Anion_0968,O=C([O-])C1=[N+]=[S+2]=C2C=CC=C[C-]12
Anion_0969,O=C([O-])c1cc2ccc(F)cc2[nH]1
Anion_0970,CC1=C(C(=O)[O-])[N-]C(=C2C=CC=C[CH-]2)O1
Anion_0971,Cc1onc(-c2c(Cl)cccc2Cl)c1C(=O)[O-]
Anion_0972,O=C([O-])c1ccc(-c2cccc(C(F)(F)F)c2)o1
Anion_0974,CC(C)(C)C=CC(=O)[O-]
Anion_0975,C=C(OC)C(=O)[O-]
Anion_0976,CC(C)(C)CCCC(=O)[O-]
Anion_0977,CCOCCCC(=O)[O-]
Anion_0978,COCC(C)(C)C(=O)[O-]
Anion_0979,CN(C)C(=O)CCC(=O)[O-]
Anion_0980,CC[N+](CC)=C([S-])SCC(=O)[O-]
Anion_0981,CCOC(=O)C1(C(=O)[O-])CCC1
Anion_0983,COc1ccc(CC(=O)[O-])c(OC)c1OC
Anion_0984,O=C([O-])C#Cc1cccc(Br)c1
Anion_0985,Cc1ccc(CC(=O)[O-])c(C)c1
Anion_0986,N#Cc1ccc(OCC(=O)[O-])cc1
Anion_0987,COc1cccc(CCCCC(=O)[O-])c1
Anion_0988,CC1=CC=C(C)C(=C([O-])CCC(=O)[O-])[CH+]1
Anion_0989,COc1ccc(CC(=O)[O-])c(Br)c1
Anion_0990,Cc1ccc(C2=[N+]=c3ccc(C)c[n+]3=C2CC(=O)[O-])cc1
Anion_0991,O=C([O-])Cc1c(F)cccc1Cl
Anion_0993,O=C([O-])c1cc2cccnc2[nH]1
Anion_0994,O=C([O-])C1CCC(c2ccc(Cl)cc2)CC1
Anion_0995,O=C([O-])C=Cc1c(F)cccc1F
Anion_0996,N#[N+][N-]CCCCCCCC(=O)[O-]
Anion_0997,O=C([O-])Cc1ccc(F)cc1Cl
Anion_0998,CCc1n[n+](C)c(C(=O)[O-])[c-]1Cl
Anion_0999,CC1=[N+]=[NH+]C=C1C(=O)[O-]
Anion_1001,O=C([O-])c1ccc(I)s1
Anion_1002,C[N+]1=CC=CC(=C([O-])[O-])C1=O
Anion_1004,O=C([O-])CC1=[N+]=c2ccccc2=[NH+]1
Anion_1005,O=C([O-])c1cc2c(Cl)cccc2[nH]1
Anion_1006,O=C([O-])C1=[S+2]=C(Cl)C(Cl)=C1Cl
Anion_1008,CC1=[N+]=[N+](c2ccccc2)C(Cl)=C1C(=O)[O-]
Anion_1009,O=C([O-])c1cc(Br)c[nH]1
Anion_1010,O=C([O-])C[S+]=C1C=[NH+]c2ccccc21
Anion_1011,CCC(C)(C)CC(=O)[O-]
Anion_1012,O=C([O-])CCc1ccccc1I
Anion_1013,COC(=O)c1ccccc1CC(=O)[O-]
Anion_1014,CC1CC(C(=O)[O-])C1
Anion_1015,Cc1cccc(OCC(=O)[O-])c1C
Anion_1016,O=C([O-])CSCCc1ccccc1
Anion_1017,O=C([O-])CS(=O)(=O)Cc1ccc(Cl)cc1
Anion_1018,COc1cccc(CCCC(=O)[O-])c1
Anion_1019,CC(=O)C1(C(=O)[O-])CC1
Anion_1020,CCOc1ccc(CC(=O)[O-])cc1OCC
Anion_1021,O=C([O-])c1c[s+]c(C2=CC=[N+]=C[CH-]2)[n-]1
Anion_1022,O=C([O-])C=Cc1cccc(Oc2ccccc2)c1
Anion_1023,O=C([O-])c1ccc(-c2ccccn2)s1
Anion_1025,COC(=O)c1ccc(CCC(=O)[O-])cc1
Anion_1026,O=C([O-])CCc1cc(F)cc(F)c1
Anion_1027,CC1=[N+]=C(c2ccc(C(F)(F)F)cc2)[S+]=C1C(=O)[O-]
Anion_1028,Cc1ccc(C2(C(=O)[O-])CC2)cc1
Anion_1029,O=C([O-])C[N+]1=[N+]=C(C(F)F)C=C1C(F)F
Anion_1030,N#[N+][N-]CCOCCOCCOCCOCCC(=O)[O-]
Anion_1031,CCc1ccc(C#CC(=O)[O-])cc1
Anion_1032,COC1=CC=[S+2]=C1C(=O)[O-]
Anion_1033,Cc1ccc(C(=O)[O-])[nH]1
Anion_1034,O=C([O-])c1coc(Br)c1
Anion_1035,Cc1nonc1C(=O)[O-]
Anion_1036,O=C1CCCC(C(=O)[O-])O1
Anion_1037,O=Cc1ccc(C(=O)[O-])[nH]1
Anion_1038,O=C([O-])c1occc1Br
Anion_1039,O=C([O-])c1cc(Cl)c(Cl)s1
Anion_1040,CC1=CC(=O)C(=C([O-])[O-])[C+](C)O1
Anion_1041,C[n+]1c(C(=O)[O-])nc2cccc[c-]21
Anion_1042,O=C([O-])c1c[s+]c(-c2cccnc2)[n-]1
Anion_1043,O=C([O-])c1cc2c(ccc3ccccc32)[nH]1
Anion_1045,CCn1cc(C(=O)[O-])c(=O)c2ccccc21
Anion_1047,O=C([O-])c1ccc(-c2cccc(Cl)c2)o1
Anion_1048,C=CCSCC(=O)[O-]
Anion_1049,COC(=O)CC(C)(C)CC(=O)[O-]
Anion_1050,C=C(CC(=O)OCC)C(=O)[O-]
Anion_1051,CCCCCC#CCC#CCCCCCCCC(=O)[O-]
Anion_1052,N#Cc1ccccc1C=CC(=O)[O-]
Anion_1054,O=C([O-])Cc1ccc2c(c1)CCCC2
Anion_1055,O=C([O-])COc1c(F)c(F)c(F)c(F)c1F
Anion_1056,O=C([O-])CSC(F)(F)F
Anion_1057,Cc1ccc(CCCC(=O)[O-])cc1C
Anion_1058,O=C([O-])Cc1cccc(Cl)c1Cl
Anion_1059,Cc1cccc(CCCC(=O)[O-])c1
Anion_1060,COc1ccc(C(=S)SCC(=O)[O-])cc1
Anion_1061,CC(C)(C)CC(C)(C)c1ccc(OCC(=O)[O-])cc1
Anion_1062,Cc1ccc(CC(=O)[O-])cc1C
Anion_1063,CC(C)(COCc1ccccc1)C(=O)[O-]
Anion_1064,COc1ccc(SCCC(=O)[O-])cc1
Anion_1065,CCOc1ccc(C(=O)CCC(=O)[O-])cc1
Anion_1066,O=C1CC(=O)CC(C(=O)[O-])C1
Anion_1067,O=C([O-])C=CC1CC1
Anion_1069,CC1=C(CC(=O)[O-])[N-]C(=C2C=CC=C[CH-]2)O1
Anion_1070,O=C([O-])Cc1cccc(F)c1F
Anion_1071,Cc1ccc([N+]2=[N+]=[N+]=C(C(=O)[O-])[C-]2C)cc1
Anion_1072,CCOC(=O)c1ccc(CC(=O)[O-])cc1OCC
Anion_1073,O=C([O-])CCc1ccc(F)c(F)c1
Anion_1074,O=C([O-])Cc1cc(Cl)ccc1Br
Anion_1075,Cc1ccc(C=CC(=O)[O-])o1
Anion_1076,O=C([O-])CCN1C(=O)CCC1=O
Anion_1077,Cc1c[s+]c(C(=O)[O-])[n-]1
Anion_1078,Cc1cc(C)c(C(=O)[O-])[nH]1
Anion_1079,CC1=[N+]=C(C(=O)[O-])[C-](C)O1
Anion_1080,COc1ccc(C(=O)[O-])s1
Anion_1082,O=C([O-])C1=[S+2]=c2ccccc2=C1Br
Anion_1083,O=C([O-])Cc1cc2ccccc2s1
Anion_1084,COC(=O)c1ccc(C(=O)[O-])[nH]1
Anion_1085,C=CC[n+]1c(C(=O)[O-])cc2cccc[c-]21
Anion_1086,O=C([O-])c1cc2c(Cl)cc(Cl)cc2[nH]1
Anion_1087,CC1=[N+]=[N+](c2ccccc2)C(C)=C1C(=O)[O-]
Anion_1088,O=C([O-])CC1CC(=O)Oc2c1ccc1ccccc21
Anion_1089,COc1ccc2c(c1)C(C(=O)[O-])=[N+]=[NH+]2
Anion_1090,CN1CCN(C(=O)CCC(=O)[O-])CC1
Anion_1091,O=C([O-])C[N+]1=[N+]=[N+]=C(c2ccccc2)[N-]1
Anion_1092,O=C([O-])CCF
Anion_1093,O=C([O-])C(=O)C(F)(F)F
Anion_1094,O=C([O-])CC#Cc1ccccc1
Anion_1095,O=C([O-])CSCC(=O)c1ccccc1
Anion_1096,O=C([O-])CCCCCCCCCCc1ccccc1
Anion_1097,O=C([O-])CCCC(=O)c1ccc(Br)cc1
Anion_1098,Cc1ccc(C(C)C)cc1OCC(=O)[O-]
Anion_1099,CC(C)c1ccc(CCCC(=O)[O-])cc1
Anion_1100,O=C([O-])Cc1ccc(F)c(Br)c1
Anion_1102,O=C([O-])COc1ccc(OCc2ccccc2)cc1
Anion_1103,Cc1ccc(OCC(=O)[O-])cc1C
Anion_1104,O=C([O-])COc1ccc(C(=O)c2ccccc2)cc1
Anion_1105,CC1(CC(=O)[O-])CCCCC1
Anion_1106,CCOc1ccccc1C=CC(=O)[O-]
Anion_1107,O=C([O-])CN(C(=O)c1ccccc1)c1ccccc1
Anion_1109,CC(C)c1ccc(C(=O)CCC(=O)[O-])cc1
Anion_1110,O=C([O-])C=Cc1cc(Br)cs1
Anion_1111,CCCC1=CC(=C([O-])[O-])[N+](C)=N1
Anion_1112,O=C([O-])c1c[n+]#[n+][nH]1
Anion_1113,C[N+]1=[N+]=C(C(=O)[O-])C=C1c1ccccc1
Anion_1114,CC1=CC(=C([O-])[O-])C(C)=[S+]1
Anion_1115,CC1=[N+]=C(CC(=O)[O-])C=[S+]1
Anion_1116,O=C([O-])C(=O)N1CCCCC1
Anion_1117,O=C([O-])c1ccc(-c2ccccc2)[nH]1
Anion_1118,CC[N+]1=[N+]=C(C)C=C1C(=O)[O-]
Anion_1119,O=C([O-])CN1C(=O)CCC1=O
Anion_1120,O=C([O-])c1cc2cccc(Cl)c2[nH]1
Anion_1121,CC1=[N+]=c2cccc[n+]2=C1C(=O)[O-]
Anion_1123,O=C([O-])C[n+]1cc(Br)c([O-])[nH+]c1[O-]
Anion_1125,O=C([O-])c1c[n+](Cc2ccccc2)c2ccccc2c1[O-]
Anion_1126,Cc1cc(C)[n+](CC(=O)[O-])[n-]1
Anion_1127,O=C([O-])CCCN1CCOCC1
Anion_1128,O=C([O-])C1=[N+]=C(Br)C=[S+]1
Anion_1129,O=C([O-])CCC(=O)c1ccc2c(c1)CCCC2
Anion_1130,O=C([O-])CC[N+]1=CC=[N+]=C1
Anion_1131,CCOC=CC(=O)[O-]
Anion_1132,CC(=O)OC(C)(C)C(=O)[O-]
Anion_1133,C#CCCCCCCCCCCCC(=O)[O-]
Anion_1134,CCOC(=O)CCCCCCCCCCC(=O)[O-]
Anion_1135,O=C([O-])C=C(C(F)(F)F)C(F)(F)F
Anion_1136,Cc1ccc(OC(C)(C)C(=O)[O-])cc1
Anion_1137,O=C([O-])COc1cc(Cl)cc(Cl)c1
Anion_1138,Cc1ccc(C(C)(C)C(=O)[O-])cc1
Anion_1139,O=C([O-])CCCCCCCCCCCc1ccccc1
Anion_1140,Cc1ccc(OCC(=O)[O-])c(C)c1
Anion_1141,O=C([O-])CCC(=O)c1cccc(Cl)c1
Anion_1142,O=C([O-])COc1ccccc1-c1ccccc1
Anion_1143,O=C([O-])CCCCCCCCc1ccccc1
Anion_1144,COc1ccc(Cl)cc1CC(=O)[O-]
Anion_1145,COc1ccc(Br)cc1CC(=O)[O-]
Anion_1146,COc1cc(CCC(=O)[O-])ccc1OCc1ccccc1
Anion_1147,O=C([O-])Cc1ccc(S(=O)(=O)Cl)cc1
Anion_1148,Cc1ccc(C=CC(=O)[O-])cc1C
Anion_1149,O=C([O-])C(=O)C=Cc1ccc(Cl)cc1
Anion_1150,O=C([O-])COc1ccc(Cl)c(F)c1
Anion_1151,C=CCCOCC(=O)[O-]
Anion_1152,O=C([O-])c1cccc(=O)n1OCc1ccccc1
Anion_1153,CC(C)(C)OC(=O)N(OCC(=O)[O-])C(=O)OC(C)(C)C
Anion_1154,O=C([O-])C1=[N+]=[N+](C(F)F)C=C1Cl
Anion_1155,O=C([O-])C1=[N+]=[NH+]C2=C1CCCC2
Anion_1156,O=C([O-])C1=CCCCO1
Anion_1157,CC1=[N+]=[N+](C)C(C)=C1C(=O)[O-]
Anion_1158,COC1=COC(=C([O-])[O-])C=C1[O-]
Anion_1159,O=C([O-])C[n+]1c([O-])oc2ccccc21
Anion_1160,O=C([O-])CN1C(=O)C(=O)c2ccccc21
Anion_1161,O=C([O-])C1=[NH+]c2ccccc2C1=C1C=CC=C[CH-]1
Anion_1162,O=C([O-])C1=CC(=C2C=CC=C[CH+]2)N=[N+]1c1ccccc1
Anion_1163,O=C([O-])Cc1cnc2ccccn12
Anion_1164,O=C([O-])c1ccc(-c2ccc(Br)cc2)o1
Anion_1165,O=C([O-])c1ccc(F)s1
Anion_1166,COC(=O)CC(C)(C)C(=O)[O-]
Anion_1167,CCCOCC(=O)[O-]
Anion_1168,CCC(CC)CCC(=O)[O-]
Anion_1169,CC(C)(C)SCC(=O)[O-]
Anion_1170,CC(C)(C)CCCCC(=O)[O-]
Anion_1171,CN(C)C(C)(C)C(=O)[O-]
Anion_1172,CC(C)C(=O)CCCC(=O)[O-]
Anion_1173,CCN(CC)C(=O)CCC(=O)[O-]
Anion_1174,CCCCCCCCCCC(C)(C)C(=O)[O-]
Anion_1175,COC(=O)CCCCCCCCCC(=O)[O-]
Anion_1176,O=C([O-])C1(Cc2ccccc2)CC1
Anion_1177,C=CCC1(C(=O)[O-])CCCC1
Anion_1178,CCc1ccc(CCC(=O)[O-])cc1
Anion_1179,Cc1ccc(S(=O)(=O)N(C)CC(=O)[O-])cc1
Anion_1180,CCc1ccc(CCCC(=O)[O-])cc1
Anion_1181,Cc1ccc(S(=O)(=O)CCC(=O)[O-])cc1
Anion_1182,CCOC(C(=O)[O-])(c1ccccc1)c1ccccc1
Anion_1183,O=C([O-])Cc1ccccc1Oc1ccccc1
Anion_1184,CS(=O)(=O)c1ccc(C=CC(=O)[O-])cc1
Anion_1185,CC(C)C1CCC(C(=O)[O-])CC1
Anion_1186,CC(C)C1=CC(=C([O-])[O-])[NH+]=N1
Anion_1187,CC(C)(C)OC(=O)N(CC(=O)[O-])C1CCCCC1
Anion_1188,O=C([O-])CCCCc1ccc(F)cc1
Anion_1189,COCCOCCOCCOCCC(=O)[O-]
Anion_1190,CC1(C(=O)[O-])CCOCC1
Anion_1191,CC1=[N+]=C(C(=O)[O-])C=[NH+]1
Anion_1192,O=C([O-])CC1=[N+]=[NH+]c2ccccc21
Anion_1193,O=C([O-])C1=COCCC1
Anion_1194,O=C([O-])C1=CC=[S+2]=C1Cl
Anion_1195,Cc1cc(C(=O)[O-])c(C)[nH]1
Anion_1196,C[N+]1=[N+]=CC(Br)=C1C(=O)[O-]
Anion_1197,O=C([O-])C1CCC2(CC1)OCCO2
Anion_1198,O=C([O-])c1cnc(-c2ccccc2)s1
Anion_1199,O=C([O-])C1=CC=C([O-])[N+](=C2C=CC=C[CH+]2)[CH-]1
Anion_1200,COc1ccc2c(c1)cc(C(=O)[O-])n2C
Anion_1201,Cc1ccc2c(c1)C([O-])=CC(=C([O-])[O-])O2
Anion_1202,O=C([O-])Cc1cc2ccccc2oc1=O
Anion_1203,O=C([O-])CC[n+]1c2ccccc2c2cccc[c-]21
Anion_1204,O=C([O-])C[N+]1=c2ccccc2=[S+2]=C2C=CC=C[C-]21
Anion_1205,COc1ccc2c(CC(=O)[O-])coc2c1
Anion_1206,O=C([O-])C1=CC=[N+]=[S+]1
Anion_1207,CC1=[N+]=C(c2ccc(Cl)cc2)[S+]=C1C(=O)[O-]
Anion_1208,COC1=C[S+]=CC1=C([O-])[O-]
Anion_1209,O=C([O-])c1ccc(-c2ccc(F)cc2)o1
Anion_1210,O=C([O-])c1ccc(C(F)(F)F)o1
Anion_1211,COC(=O)C(C)(C)C(=O)[O-]
Anion_1212,O=C([O-])C1C2CCC1CC2
Anion_1213,Cc1ccc(C(C)(C)CC(=O)[O-])cc1
Anion_1214,COc1ccccc1SCC(=O)[O-]
Anion_1215,O=C([O-])CCCS(=O)(=O)c1ccccc1
Anion_1216,CC(C)(CC(=O)c1ccccc1)C(=O)[O-]
Anion_1217,CCCCC1CCC(C(=O)[O-])CC1
Anion_1218,COc1ccc(C2(C(=O)[O-])CCCC2)cc1
Anion_1220,O=C([O-])C[S+]=c1cccc2cccc[c-]12
Anion_1221,O=C([O-])COc1ccc(F)cc1F
Anion_1223,Cc1ccc(CCC(=O)[O-])cc1C
Anion_1224,COc1ccccc1C=C(C(=O)[O-])c1ccccc1
Anion_1225,COC1=CC=CC(=C([O-])CCC(=O)[O-])[CH+]1
Anion_1226,O=C([O-])C(=O)Cc1ccc(F)cc1
Anion_1227,CC1=CC=CC(=C([O-])CCC(=O)[O-])[CH+]1
Anion_1228,O=C([O-])C(=O)CC1CCCCC1
Anion_1229,O=C([O-])C1=Cc2cc(Cl)ccc2OC1
Anion_1230,O=Cc1c[n+](CC(=O)[O-])c2cccc[c-]12
Anion_1231,CC(C)(C)OC(=O)N1CCC=C(C(=O)[O-])C1
Anion_1232,CN(CCCC(=O)[O-])C(=O)OCc1ccccc1
Anion_1233,CN(C(=O)OC(C)(C)C)C(C)(C)C(=O)[O-]
Anion_1234,O=C([O-])Cc1ccc(Br)cn1
Anion_1235,O=C([O-])c1cc2c([nH]1)=[S+2]=C(Cl)C=2
Anion_1236,O=C([O-])CCCN1C(=O)c2cccc3cccc(c23)C1=O
Anion_1237,O=C([O-])c1cc2cnccc2[nH]1
Anion_1238,CC(C)(C)OC(=O)N1CCN(CC(=O)[O-])CC1
Anion_1239,Cc1oc2ccccc2c1C(=O)[O-]
Anion_1240,Cc1c[nH]c(C)c1C(=O)[O-]
Anion_1241,O=C([O-])Cc1ccc[nH]1
Anion_1242,Cc1cnc(C(=O)[O-])s1
Anion_1244,Cc1cccc2c1=[NH+]C(=C([O-])[O-])C=2
Anion_1245,CC[n+]1c(C(=O)[O-])cc2cccc[c-]21
Anion_1246,O=C([O-])C1=[N+]=[N+]=[N+](c2ccccc2)[N-]1
Anion_1248,CC1=[N+]=[N+](c2ccccc2)C=C1C(=O)[O-]
Anion_1249,O=C([O-])CN1Cc2ccccc2C1=O
Anion_1250,O=C([O-])Cc1c[s+]c(-c2ccccc2)[n-]1
Anion_1251,C[n+]1c([O-])cc(C(=O)[O-])c2ccccc21
Anion_1252,O=C([O-])C[n+]1cnc2ccccc2c1[O-]
Anion_1253,CN1CCC(CC(=O)[O-])CC1
Anion_1254,Cc1[nH+]c2ccc(F)cc2[c-]1CC(=O)[O-]
Anion_1255,O=C([O-])c1cc(Cl)c(Cl)[nH]1
Anion_1256,CCC1=CC(=C([O-])[O-])[N+](C)=N1
Anion_1257,O=C([O-])c1cc(Br)no1
Anion_1258,Cc1ccc(C2=[N+]=C(C(=O)[O-])C=[S+]2)cc1
Anion_1259,Cc1noc(=C2C=CC(Br)=C[CH-]2)c1=C([O-])[O-]
Anion_1260,O=C([O-])c1cc2occc2[nH]1
Anion_1261,COc1ccc(CC(=O)[O-])cc1Cl
Anion_1262,O=C([O-])c1cc2c(Br)cccc2s1
Anion_1263,O=C([O-])c1cc2c(Cl)cccc2s1
Anion_1264,O=C([O-])CCCCCCCCCCN1C(=O)C=CC1=O
Anion_1265,C[S+]=CC=C([O-])[O-]
Anion_1266,CCCCSCCC(=O)[O-]
Anion_1267,CCN(CC)C(=O)C(=O)[O-]
Anion_1268,C[N+](C)=C([S-])SCC(=O)[O-]
Anion_1269,N#CC(=C([O-])[O-])[C+]1CCCCC1
Anion_1270,CC(C)Cc1ccc(CCC(=O)[O-])cc1
Anion_1271,Cc1cc(C)c(OCC(=O)[O-])c(C)c1
Anion_1272,C=C(CC(=O)OCc1ccc(OC)cc1)C(=O)[O-]
Anion_1273,CCC(CC)(C(=O)[O-])c1ccccc1
Anion_1274,Cc1cc(C)c(C=CC(=O)[O-])c(C)c1
Anion_1275,COc1cccc(C(C)(C)C(=O)[O-])c1
Anion_1276,COc1ccc2cc(CCC(=O)[O-])ccc2c1
Anion_1277,O=C([O-])CCCCC(=O)C1CCCCC1
Anion_1278,COc1ccc(C(=O)CCC(=O)[O-])c(C)c1
Anion_1279,COC(=O)c1cccc(CC(=O)[O-])c1
Anion_1280,O=C([O-])CCC(=O)C1CCCCC1
Anion_1281,CCC1CCC(C(=O)[O-])CC1
Anion_1282,O=C([O-])COCCc1ccccc1
Anion_1283,O=C([O-])CCc1ccc(S)cc1
Anion_1284,COc1ccc(-c2ccc(CC(=O)[O-])cc2)cc1
Anion_1285,CC(C)(C)OC(=O)[n+]1cc(CC(=O)[O-])c2cccc[c-]21
Anion_1286,O=C([O-])CCc1cc(Cl)cc(Cl)c1
Anion_1287,CCCC1CCC(C(=O)[O-])CC1
Anion_1288,CC(C)(C)OC(=O)N1CCC(OCC(=O)[O-])CC1
Anion_1289,CC1(C)CC(C(=O)[O-])CC(C)(C)N1O
Anion_1290,O=C([O-])C1(c2ccc(Br)cc2)CCC1
Anion_1291,O=C([O-])C1=[N+]=C(c2ccccc2)O[C-]1C(F)(F)F
Anion_1292,O=C([O-])Cc1ccc(Cl)cc1F
Anion_1293,CC1=[N+]=C(C(=O)[O-])C(=C2C=CC=C(F)[CH-]2)S1
Anion_1294,CCC1=[N+]=c2ccc(Cl)c[n+]2=C1C(=O)[O-]
Anion_1295,CC1=C[NH+]=[N+]=C1C(=O)[O-]
Anion_1296,O=C([O-])C(=Cc1ccco1)c1ccccc1
Anion_1297,O=C([O-])C1=[N+]=c2cc(Cl)ccc2=[NH+]1
Anion_1299,O=C([O-])CCc1ccc[nH]1
Anion_1300,O=C([O-])C[n+]1ccc([O-])cc1
Anion_1301,CC1=[S+2]=C(C(=O)[O-])C=C1Br
Anion_1302,CC1=[NH+]C(=C([O-])[O-])C(C)=C1C
Anion_1303,O=C([O-])CCC(=O)N1CCCCC1
Anion_1304,C[N+]1=[N+]=c2ccccc2=C1C(=O)[O-]
Anion_1306,O=C([O-])CCC1=[N+]=c2ccccc2=[S+]1
Anion_1307,O=C([O-])Cc1c[nH+]c2cc(F)cc[c-]12
Anion_1308,CC1=C(C(=O)[O-])C(=C2C=CC=C[CH+]2)N=[N+]1c1ccccc1
Anion_1310,O=C([O-])C1=[S+2]=CC=C1c1ccccc1
Anion_1311,O=C([O-])CCN1CCCC1
Anion_1312,COC(OC)C(=O)[O-]
Anion_1313,CC(=O)C(C)(C)CCC(=O)[O-]
Anion_1314,C=CCCCCCCCCCCCCCCC(=O)[O-]
Anion_1315,N#CCSCC(=O)[O-]
Anion_1316,CCc1ccccc1CC(=O)[O-]
Anion_1317,CC(C)(CCC(=O)[O-])c1ccccc1
Anion_1318,O=C([O-])Cc1cc(Cl)ccc1Cl
Anion_1319,CC(=O)c1ccc(OCCCC(=O)[O-])cc1
Anion_1320,O=C([O-])C[S+]=c1cc(Cl)cc[c-]1Cl
Anion_1321,O=C([O-])C(=Cc1ccccc1Cl)c1ccccc1
Anion_1322,O=C([O-])C(=O)C1CCCC1
Anion_1323,N#Cc1ccccc1CC(=O)[O-]
Anion_1324,Cc1ccc(C(=S)SCC(=O)[O-])cc1
Anion_1325,Cc1ccccc1OCCC(=O)[O-]
Anion_1326,Cc1ccc(C)c(OCC(=O)[O-])c1
Anion_1327,O=C([O-])C1CCC(c2ccccc2)CC1
Anion_1328,O=C([O-])CCOc1cccc(Cl)c1
Anion_1329,CC(C)(Oc1ccc(Br)cc1)C(=O)[O-]
Anion_1330,CCC(=CC(=O)[O-])c1ccccc1
Anion_1331,COc1ccc(C(=O)CCCCC(=O)[O-])cc1
Anion_1332,O=C([O-])CCC(=O)CCC(=O)c1ccccc1
Anion_1333,COc1ccccc1CCCC(=O)[O-]
Anion_1334,COc1ccc(C)cc1C(=O)CCC(=O)[O-]
Anion_1335,O=C([O-])CC1CCC(=O)CC1
Anion_1336,C[S+]=C1C=CC(=CC=C([O-])[O-])C=C1
Anion_1337,O=C([O-])C1=CC2=CC=[N+]=C[C-]2O1
Anion_1338,O=C([O-])CCC(F)(F)C(F)(F)C(F)(F)C(F)(F)F
Anion_1339,C=CCN(CC(=O)[O-])C(=O)OC(C)(C)C
Anion_1340,C[N+]1=[N+]=Nc2c(C(=O)[O-])ncn2C1=O
Anion_1341,O=C([O-])Cc1cc(Br)cc(Br)c1
Anion_1342,O=C([O-])C1=C[N+](Cc2c(F)cccc2F)=[N+]=N1
Anion_1343,O=C([O-])CCc1ccc(F)cc1F
Anion_1344,CC(C)Oc1cccc(CC(=O)[O-])c1
Anion_1345,O=C([O-])Cc1cc(F)c(F)c(F)c1
Anion_1346,O=C([O-])C1(c2ccc3c(c2)OCO3)CC1
Anion_1347,O=C([O-])C1=[N+]=[NH+]c2cc(Br)ccc21
Anion_1348,O=C([O-])C[N+]1=CC=[N+]=N1
Anion_1349,CC1=[N+]=[NH+]C(C)=C1C(=O)[O-]
Anion_1350,O=C([O-])Cc1c[s+]c[n-]1
Anion_1351,O=C([O-])Cc1ccc(Cl)s1
Anion_1352,Cc1c[nH+]c(C(=O)[O-])[c-]1C
Anion_1353,Cc1ccc(CC(=O)[O-])cn1
Anion_1354,O=C([O-])C[S+]=c1cccc[n-]1
Anion_1355,O=C([O-])C1=[S+2]=C(Br)C=C1Br
Anion_1356,O=C([O-])C[S+]=c1nccc[n-]1
Anion_1357,CC1=CC=c2oc(=C([O-])[O-])cc2[CH+]1
Anion_1358,O=C([O-])c1coc(=O)c2ccccc12
Anion_1359,O=C([O-])CCc1c[s+]c2cccc[c-]12
Anion_1360,O=C([O-])Cc1c[nH+]c2c(Cl)ccc[c-]12
Anion_1361,O=C([O-])C1=[N+]=CC=[N+]1Cc1ccccc1
Anion_1362,O=C([O-])c1cc(=O)c2cc(Cl)ccc2o1
Anion_1363,C[n+]1c(C(=O)[O-])cc2cc(Cl)cc[c-]21
Anion_1364,O=C([O-])CCC[N+]1=CC=[N+]=C1
Anion_1365,O=C([O-])C1=[N+]=[NH+]c2ccc(F)cc21
Anion_1366,O=C([O-])C1=[N+]=[NH+]c2ccc(Cl)cc21
Anion_1368,O=C([O-])CCC(=O)N1CCOCC1
Anion_1369,O=C([O-])CCC1OCCO1
Anion_1370,COc1cccc2c1OCC(=C([O-])[O-])[CH+]2
Anion_1371,CC(C)=C(C#N)C(=O)[O-]
Anion_1372,CCOCCOCC(=O)[O-]
Anion_1373,CCS(=O)(=O)CC(=O)[O-]
Anion_1374,CCCCCCCCCCCCSCCC(=O)[O-]
Anion_1375,CC(C)(Oc1ccccc1Cl)C(=O)[O-]
Anion_1376,O=C([O-])CSCc1ccc(Cl)cc1
Anion_1377,O=C([O-])Cc1ccc(-c2ccccc2)c(F)c1
Anion_1378,COC1=CC=CC(=C[O-])[C+]1OCC(=O)[O-]
Anion_1379,O=Cc1cccc(CC(=O)[O-])c1
Anion_1380,O=C([O-])C1=C(c2ccccc2)CCCC1
Anion_1381,CCCC(C(=O)[O-])(c1ccccc1)c1ccccc1
Anion_1382,CC(C)(OCc1ccccc1)C(=O)[O-]
Anion_1383,COc1cccc(CC(=O)C(=O)[O-])c1
Anion_1384,Cc1cc(C)c(C(=O)CCC(=O)[O-])c(C)c1
Anion_1385,O=C([O-])Cc1ccccc1Oc1ccc(Cl)cc1
Anion_1386,O=C([O-])CCCCCCC(=O)c1ccccc1
Anion_1387,O=C([O-])CCCC(=O)c1ccc2ccccc2c1
Anion_1388,COC(=O)C12CCC(C(=O)[O-])(CC1)C2
Anion_1389,O=Cc1cc(Br)ccc1OCC(=O)[O-]
Anion_1390,O=C([O-])COc1ccc(F)cc1Cl
Anion_1391,CN(CC(=O)[O-])S(=O)(=O)c1ccccc1
Anion_1392,C[n+]1nc(C(F)(F)F)c(C(=O)[O-])[c-]1Cl
Anion_1393,O=C([O-])COCCOCc1ccccc1
Anion_1394,CC(=O)SCCCCCC(=O)[O-]
Anion_1395,Cc1cc[n+]2c(C(=O)[O-])c(C)nc-2[cH-]1
Anion_1396,C#CCN(CC(=O)[O-])C(=O)OC(C)(C)C
Anion_1397,O=C([O-])C1(C(F)(F)F)CCCC1
Anion_1398,COc1cc(OCCCC(=O)[O-])ccc1C=O
Anion_1399,CN(C)Cc1ccccc1CC(=O)[O-]
Anion_1400,CC1=CC(=C([O-])[O-])[CH+]O1
Anion_1401,O=C([O-])C1SCCS1
Anion_1403,CC1=CC=[NH+]C1=C([O-])[O-]
Anion_1404,Cc1cc(CC(=O)[O-])c(C)s1
Anion_1405,Cc1ccc(CCC(=O)[O-])o1
Anion_1406,O=C([O-])COc1cccnc1
Anion_1407,O=C([O-])CCC(=O)c1ccco1
Anion_1409,CC1=[N+]=C(Cl)[S+]=C1C(=O)[O-]
Anion_1410,O=C([O-])Cc1cccc2c1=CC=[S+2]=2
Anion_1412,CC1=C(C(=O)[O-])[CH+]C(=C2C=CC=C[CH-]2)O1
Anion_1413,O=C([O-])c1c[nH+]c2cc(Cl)cc[c-]12
Anion_1414,Cc1c(C(=O)[O-])[n+](C)c2cccc[c-]12
Anion_1415,O=C([O-])c1c[s+]c(Cc2ccccc2)[n-]1
Anion_1416,Cn1cc(C(=O)[O-])c(=O)n(C)c1=O
Anion_1417,CC[n+]1cc(CC(=O)[O-])c2cccc[c-]21
Anion_1418,CN1C(=O)C(=C([O-])[O-])N=C2C=CC=C[C+]21
Anion_1419,Cn1c2nc[n+](C)c-2c([O-])[n+](CC(=O)[O-])c1[O-]
Anion_1420,O=C([O-])c1c[nH+]c2ccc(F)c[c-]12
Anion_1421,CC1=[N+]=CC=[N+]1CC(=O)[O-]
Anion_1422,CC1=[N+]=[N+](C)C(Cl)=C1C(=O)[O-]
Anion_1423,COc1ccc([N+]2=[N+]=[N+]=C(C(=O)[O-])[C-]2C)cc1
Anion_1424,O=C([O-])C1=[S+2]=C(Cl)N=C1C(F)(F)F
Anion_1425,O=C([O-])C1=CC(=C2C=CC(Cl)=C[CH+]2)O[N-]1
Anion_1426,O=C([O-])CC1=CC=c2oc(=C3C=CC=C[CH+]3)nc2[CH-]1
Anion_1427,CCCOc1ccc(CC(=O)[O-])cc1
Anion_1428,CC(C)Oc1ccc(CC(=O)[O-])cc1
Anion_1430,O=C([O-])Cc1c[s+]c2ccc(Cl)c[c-]12
Anion_1431,N#Cc1ccc(C(=O)[O-])s1
Anion_1432,O=C([O-])c1ccc(-c2cccc(F)c2)o1
Anion_1433,O=C([O-])c1cc2ccc(Cl)cc2s1
Anion_1434,CC1=CC(=C([O-])[O-])[S+]=C1Br
Anion_1435,CCCCCC(CCCCC)C(=O)[O-]
Anion_1436,COCCCCC(=O)[O-]
Anion_1437,CSCC(C)(C)C(=O)[O-]
Anion_1438,CCCCCCCC(C)(C)C(=O)[O-]
Anion_1439,CC(C)(C)C(=O)CCC(=O)[O-]
Anion_1440,CCCCC(=O)CCCCC(=O)[O-]
Anion_1441,COC(=O)C(C)(C)CCC(=O)[O-]
Anion_1442,Cc1cccc(OCCC(=O)[O-])c1
Anion_1443,O=C([O-])CCc1cccc(OCc2ccccc2)c1
Anion_1444,CC1(C(=O)[O-])CCCCCC1
Anion_1445,COC(=O)CCC(C)(C)C(=O)[O-]
Anion_1446,COc1ccc2ccccc2c1CCC(=O)[O-]
Anion_1447,COC1=CC(=C([O-])CCC(=O)[O-])C=C(OC)[C+]1OC
Anion_1448,O=C([O-])C=C1CCC1
Anion_1449,CC(C)(CC(=O)[O-])CC(=O)c1ccccc1
Anion_1450,CC(C)COc1ccc(CC(=O)[O-])cc1
Anion_1451,COc1ccc(CCCCCC(=O)[O-])cc1
Anion_1452,COc1ccc(C(=O)CCCC(=O)[O-])cc1OC
Anion_1453,COc1ccc(CCC(=O)[O-])c(OC)c1OC
Anion_1454,Cc1ccccc1C(=O)CCC(=O)[O-]
Anion_1455,O=C([O-])CCc1cccc(I)c1
Anion_1456,O=C([O-])CC[S+]=c1cccc[c-]1Cl
Anion_1457,Cc1cc(C)c(C)c(OCC(=O)[O-])c1
Anion_1458,O=C([O-])COc1ccc(F)c(F)c1
Anion_1459,O=C([O-])C1=[N+]=[NH+]C=C1Br
Anion_1460,C=CCCC(C)(C)C(=O)[O-]
Anion_1461,C[N+]1=[N+]=CC(I)=C1C(=O)[O-]
Anion_1462,O=C([O-])c1ccc(-c2ccccc2C(F)(F)F)o1
Anion_1464,CCC1=CC(=C([O-])[O-])[N-]O1
Anion_1465,CC[N+]1=[N+]=CC=C1C(=O)[O-]
Anion_1466,O=C([O-])CC1CCC2(CC1)OCCO2
Anion_1467,O=C([O-])c1ccc(-c2ccccc2F)o1
Anion_1468,CS(=O)(=O)N1CCC(C(=O)[O-])CC1
Anion_1469,O=C([O-])c1cc(=O)c2cc(F)ccc2o1
Anion_1471,Cc1cc2ncc(C(=O)[O-])c[n+]2[n-]1
Anion_1472,O=C([O-])Cc1ccc(Cl)c(F)c1
Anion_1473,O=C([O-])Cc1ccc(Br)c(F)c1
Anion_1474,CC(C)(C)OC(=O)C1CCC(C(=O)[O-])CC1
Anion_1475,O=C([O-])C1=[N+]=[NH+]C2=C1CCC2
Anion_1476,O=C([O-])C1=[N+]=[N+](c2ccccc2)C(=O)c2ccccc21
Anion_1477,COCc1ccc(C(=O)[O-])o1
Anion_1478,O=C([O-])Cc1cccnc1Cl
Anion_1479,O=C([O-])C(=O)Cc1cccs1
Anion_1480,O=C([O-])c1cc2c([nH]1)CCCC2
Anion_1481,CC1=[N+]=[N+]=[N+]=[N+]1CC(=O)[O-]
Anion_1482,CC(=O)c1c(C)[nH+]c(C(=O)[O-])[c-]1C
Anion_1483,Cc1ccc2[nH]cc(C(=O)[O-])c2c1
Anion_1484,Cc1cccc2c(C(=O)[O-])c[nH+][c-]12
Anion_1485,O=C([O-])c1cnc2cccc[n+]2c1[O-]
Anion_1486,O=C([O-])C1=CN=C2[S+]=CC=[N+]2C1=O
Anion_1488,O=C([O-])C[n+]1c([O-])[s+]c2cccc[c-]21
Anion_1489,O=C([O-])COc1ccc2c(c1)OCO2
Anion_1490,O=C([O-])CC1c2ccccc2Oc2ccccc21
Anion_1491,O=C([O-])c1cc2c(OCc3ccccc3)cccc2[nH]1
Anion_1492,Cn1cc(C(=O)C(=O)[O-])c2ccccc21
Anion_1494,O=C([O-])C1=CC2=[N+]=CC=CC2=[NH+]1
Anion_1495,Cc1onc(-c2ccc(F)cc2)c1C(=O)[O-]
Anion_1496,Cc1onc(-c2c(F)cccc2Cl)c1C(=O)[O-]
Anion_1497,O=C([O-])c1cc(OCc2ccccc2)no1
Anion_1498,CC1=[N+]=C(c2cccnc2)[S+]=C1C(=O)[O-]
Anion_1499,Cc1ccc(C2=CC(=C([O-])[O-])[N-]O2)cc1
Anion_1500,O=C([O-])c1cc(=O)c2cc(Br)ccc2o1
Anion_1501,O=C([O-])CCCF
Anion_1502,CCCC(C)(C)CC(=O)[O-]
Anion_1503,CCOC(C)(C)C(=O)[O-]
Anion_1504,CCCC(CCC)CC(=O)[O-]
Anion_1505,CC(=O)C(C)(C)C(=O)[O-]
Anion_1506,CC(C)(C(=O)[O-])S(C)(=O)=O
Anion_1507,COc1cccc(OCCCC(=O)[O-])c1
Anion_1508,COc1cc(CC(=O)[O-])c(C(C)=O)cc1OC
Anion_1509,O=C([O-])C1(c2ccccc2)CCCCCC1
Anion_1510,CCC1(C(=O)[O-])CCCCC1
Anion_1511,O=C([O-])CS(=O)(=O)c1ccc(Br)cc1
Anion_1512,CC(C)(C(=O)[O-])C1CCCCC1
Anion_1513,CCCCOC(=O)C=CC(=O)[O-]
Anion_1514,C[S+]=c1cccc[c-]1CC(=O)[O-]
Anion_1515,Cc1ccc(CCCCC(=O)[O-])cc1
Anion_1516,O=C([O-])CCCc1ccc(Cl)c(Cl)c1
Anion_1517,O=C([O-])CCC1CCC1
Anion_1518,Cc1ccc(Cl)c(OCC(=O)[O-])c1
Anion_1519,Cc1cc(OCC(=O)[O-])cc(C)c1Cl
Anion_1520,O=C([O-])CCc1ccc2c(c1)CCCC2
Anion_1521,Cc1cccc(Cl)c1OCC(=O)[O-]
Anion_1522,O=C([O-])CCOc1ccc(Br)cc1
Anion_1523,CCCCCCCCCc1ccc(OCC(=O)[O-])cc1
Anion_1524,CCOc1cccc(CC(=O)[O-])c1
Anion_1525,COC(=O)c1ccc(OCC(=O)[O-])cc1
Anion_1526,COc1ccc2ccccc2c1CC(=O)[O-]
Anion_1527,COc1cc(Cl)ccc1CC(=O)[O-]
Anion_1528,CCc1ccc(C=CC(=O)[O-])cc1
Anion_1529,COC(=Cc1ccccc1)C(=O)[O-]
Anion_1530,CC(=O)OC1(C(=O)[O-])CC1
Anion_1531,O=C([O-])C1(C(=O)c2ccccc2)CC1
Anion_1532,O=C([O-])COCc1ccc(Br)cc1
Anion_1533,O=C([O-])CCOc1ccc(F)cc1
Anion_1534,C#CCCCCCCCCCCCCCC(=O)[O-]
Anion_1536,CC(=O)N1CCC(CC(=O)[O-])CC1
Anion_1537,CC(=O)N1CCC(CCC(=O)[O-])CC1
Anion_1538,O=C([O-])C1=[N+]=COC1=C1C=CC=C[CH-]1
Anion_1539,C[S+]=c1ccc(CC(=O)[O-])c[c-]1Cl
Anion_1540,O=C([O-])C(F)(F)c1ccc(F)cc1
Anion_1541,CC(=O)Oc1cc(C)cc(C)c1C(C)(C)CC(=O)[O-]
Anion_1542,COc1cc(OCCCC(=O)[O-])cc(OC)c1C=O
Anion_1543,O=C([O-])CCc1ccccc1C(F)(F)F
Anion_1544,CCC1(C(=O)[O-])CCC1
Anion_1545,O=C([O-])c1ccc(C2=CC=[N+]=C[CH-]2)s1
Anion_1546,O=C([O-])Cc1cc(F)ccc1Br
Anion_1547,CC(=O)C1=CC(=C([O-])[O-])[NH+]=N1
Anion_1548,CC(C)C1=CC(=C([O-])[O-])[N-]O1
Anion_1549,Cn1cc(C(=O)[O-])c(C(F)(F)F)c1
Anion_1550,C[n+]1nc(C(F)F)c(C(=O)[O-])[c-]1Cl
Anion_1551,O=C([O-])c1cnc2ccc(Br)cn12
Anion_1552,O=C([O-])C=Cc1ccc(Cl)s1
Anion_1553,O=C([O-])C=Cc1ccco1
Anion_1554,O=C([O-])C1=COCC1
Anion_1555,CC1=C[S+]=CC1=C([O-])[O-]
Anion_1556,CCc1ccc(C(=O)[O-])o1
Anion_1557,C[n+]1ncc(C(=O)[O-])[n-]1
Anion_1559,CC(=O)c1ccc(C(=O)[O-])o1
Anion_1560,O=C([O-])CCCc1ccccn1
Anion_1561,Cc1cccc2c1=CC(=C([O-])[O-])[NH+]=2
Anion_1562,O=C([O-])Cc1cccc2[nH+]cc[c-]12
Anion_1563,Cc1c(C(=O)[O-])c2ccccc2n1C
Anion_1564,O=C([O-])Cc1c[nH+]c2nccc[c-]12
Anion_1565,O=C([O-])c1ccc(-c2ccc(Cl)cc2)s1
Anion_1566,CC(=O)OCc1ccc(C(=O)[O-])o1
Anion_1567,CC1c2ccccc2OC(=O)C1C(=O)[O-]
Anion_1568,O=C([O-])C[S+]=c1nc2cccc[c-]2o1
Anion_1569,CC1=[N+]=C(C(=O)[O-])C(=C2C=CC=C[CH-]2)O1
Anion_1570,CCOC(=O)c1ccc(C(=O)[O-])o1
Anion_1571,Cc1[nH+]c2ccc(Cl)cc2[c-]1CC(=O)[O-]
Anion_1572,O=C([O-])C[n+]1c([O-])[nH+]c2ccccc2c1[O-]
Anion_1573,O=C([O-])C1=[N+]=C(c2ccccc2)OC1=C1C=CC=C[CH-]1
Anion_1575,COc1ccc2c(C(=O)[O-])c[nH]c2c1
Anion_1577,CCCc1ncc(C(=O)[O-])s1
Anion_1578,C[n+]1ncc(C(=O)[O-])[c-]1Cl
Anion_1579,O=C([O-])C1=C[N+]2=[N+]=C(Cl)C=CC2=N1
Anion_1580,COc1ccc(-n2cc(C(=O)[O-])[n+]#[n+]2)cc1
Anion_1581,O=C([O-])C1=CC(=C2C=CC(F)=C[CH+]2)O[N-]1
Anion_1582,C=C(CN1CCOCC1)C(=O)[O-]
Anion_1583,CC1=CC(Br)=[S+2]=C1C(=O)[O-]
Anion_1584,O=C([O-])c1cc2cc(Cl)ccc2s1
Anion_1585,O=C([O-])CCCCN1C(=O)C=CC1=O
Anion_1586,O=C([O-])C=Cc1coc2ccccc2c1=O
Anion_1587,CC(C)COCC(=O)[O-]
Anion_1588,CC(C)CCC(=O)C(=O)[O-]
Anion_1589,CCC(F)(F)C(=O)[O-]
Anion_1590,CCCCOCCOCC(=O)[O-]
Anion_1591,CCCC(=O)CCCCCC(=O)[O-]
Anion_1592,CCOC(=O)CC(C)(C)C(=O)[O-]
Anion_1593,CCOC(=O)CCC(=O)CCC(=O)[O-]
Anion_1594,CC(C)(C)CC(=O)C(=O)[O-]
Anion_1595,CC(C)(Oc1cccc(Cl)c1)C(=O)[O-]
Anion_1596,C=C(C)CCCCC(=O)[O-]
Anion_1597,CC(=O)c1cccc(OCC(=O)[O-])c1
Anion_1598,CCCCc1ccc(CC(=O)[O-])cc1
Anion_1599,O=C([O-])CCCc1cccc(Cl)c1
Anion_1600,Cc1ccc(S(=O)(=O)OCC(=O)[O-])cc1
Anion_1601,Cc1cc(Cl)cc(Cl)c1OCC(=O)[O-]
Anion_1602,O=C([O-])COc1ccc2c(c1)CCC2
Anion_1603,O=C([O-])CCCc1ccccc1Br
Anion_1604,O=C([O-])CCC1CCC(=O)CC1
Anion_1605,CCCC1CCC(C2CCC(C(=O)[O-])CC2)CC1
Anion_1606,Cc1ccc(C(=O)CCCCC(=O)[O-])cc1
Anion_1607,COc1ccccc1C(=Cc1ccccc1)C(=O)[O-]
Anion_1608,CC1(C(=O)[O-])CCC(=O)CC1
Anion_1609,COC1=CC=CC(=CC(=C([O-])[O-])c2ccccc2)[CH+]1
Anion_1610,CC(C)(C)c1ccc(C(=O)C=CC(=O)[O-])cc1
Anion_1612,O=C([O-])C=Cc1cccc(Cl)c1Cl
Anion_1613,Cc1ccc(Br)cc1CC(=O)[O-]
Anion_1614,O=C([O-])C(=O)Cc1cccc(Cl)c1
Anion_1615,O=Cc1ccc(OCCCC(=O)[O-])cc1
Anion_1616,CC(C)(Oc1ccc(Cl)cc1Cl)C(=O)[O-]
Anion_1617,O=C([O-])CCCc1cccc(F)c1
Anion_1618,CN(C)C1(C(=O)[O-])CC1
Anion_1619,COc1cccc(C2(C(=O)[O-])CC2)c1
Anion_1620,CC(C)c1cc(C(=O)[O-])n[nH]1
Anion_1621,O=C([O-])C1CCC(CN2C(=O)C=CC2=O)CC1
Anion_1622,O=C([O-])CCOc1ccccc1F
Anion_1623,O=C([O-])CCCOc1cccc(Br)c1
Anion_1624,CC(C)(C)OC(=O)N1CCC2=[S+2]=C(C(=O)[O-])C=C2C1
Anion_1625,N#[N+][N-]CCCCCCCCC(=O)[O-]
Anion_1626,O=C([O-])Cc1ccc(N2C(=O)C=CC2=O)cc1
Anion_1627,N#Cc1ccc(C(=O)[O-])o1
Anion_1628,CC(=CC(=O)[O-])c1ccc(C(F)(F)F)cc1
Anion_1630,O=C([O-])c1cc2cc(OC(F)(F)F)ccc2[nH]1
Anion_1631,O=C([O-])C1CN(Cc2ccccc2)C1
Anion_1632,O=C([O-])c1cc2c(F)cccc2s1
Anion_1633,O=C([O-])Cc1c[nH+]c2cc(Br)cc[c-]12
Anion_1634,O=C([O-])C1(c2ccc(I)cc2)CC1
Anion_1635,O=C([O-])C1=CC(C(F)(F)F)=[N+]=[NH+]1
Anion_1636,O=C([O-])Cc1c(F)ccc(F)c1F
Anion_1637,C[n+]1c(C(=O)[O-])cc2cc(F)cc[c-]21
Anion_1638,O=C([O-])c1c[n+]2cc(Cl)ccc2[n-]1
Anion_1639,CC(C)(Cc1ccc(F)cc1)C(=O)[O-]
Anion_1640,O=C([O-])c1cc2cccc(Br)c2s1
Anion_1641,O=C([O-])Cc1cc(Br)ccc1F
Anion_1642,O=C([O-])CC1CCC(F)(F)CC1
Anion_1643,O=C([O-])c1c[s+]c(-c2c(F)cccc2F)[n-]1
Anion_1644,COc1ccc(Cn2cc(C(=O)[O-])cn2)cc1
Anion_1646,Cc1c[nH]cc1C(=O)[O-]
Anion_1647,CC1=C[N+](C)=[N+]=C1C(=O)[O-]
Anion_1648,O=C([O-])c1cc(Cl)co1
Anion_1649,Cc1cc(C)c(C(=O)[O-])s1
Anion_1650,C[n+]1c([O-])cccc1C(=O)[O-]
Anion_1651,O=C([O-])CCC(=O)N1CCCC1
Anion_1652,O=C([O-])c1[nH+]c2ccccc2[c-]1Cl
Anion_1653,Cc1n[n+](C)c(C(=O)[O-])[c-]1Br
Anion_1655,Cc1ccc2c(CC(=O)[O-])coc2c1
Anion_1656,O=C([O-])C1=[N+]=C(c2ccccc2)C=[S+]1
Anion_1657,O=C([O-])c1cc2cccc(Br)c2[nH]1
Anion_1658,O=C([O-])C1=NOC(=C2C=CC=C[CH+]2)[N-]1
Anion_1659,O=C([O-])C1=CC(=C2C=CC=[S+]2)O[N-]1
Anion_1660,CC1=[N+]=C(C(=O)[O-])N=[N+]1c1ccccc1
Anion_1661,Cc1nc(-c2ccccc2)c(C(=O)[O-])s1
Anion_1662,O=C([O-])c1ccc([O-])[n+](Cc2ccccc2)c1
Anion_1663,Cc1c(C(=O)[O-])[n+]#[n+]n1Cc1ccccc1
Anion_1664,O=C([O-])CCCC[N+]1=CC=[N+]=C1
Anion_1665,C[n+]1cc(I)c(C(=O)[O-])[n-]1
Anion_1666,O=C([O-])c1cc2c([nH]1)=[S+2]=CC=2
Anion_1667,O=C([O-])C[N+]1=CC(=C2C=CC=C[CH-]2)[N+]#[N+]1
Anion_1668,CC1=[N+]=C[NH+]=C1C(=O)[O-]
Anion_1669,O=C([O-])c1c[s+]c(-c2ccc(Cl)cc2)[n-]1
Anion_1670,O=C([O-])Cc1ccc(N2CCOCC2)cc1
Anion_1671,O=C([O-])C1=CC(=C2C=CC(Br)=C[CH+]2)O[N-]1
Anion_1672,N#CC(=Cc1ccccc1)C(=O)[O-]
Anion_1673,O=C([O-])C1=[S+2]=c2cc(Cl)ccc2=C1Cl
Anion_1674,O=C([O-])CCCC1=CC=[S+2]=C1
Anion_1675,CCCCCCOCC(=O)[O-]
Anion_1676,CCCC(=O)CCCCC(=O)[O-]
Anion_1677,CCCCCCCCSCCC(=O)[O-]
Anion_1678,O=C([O-])CCC(F)(F)C(F)(F)C(F)(F)F
Anion_1679,O=C([O-])C(F)(F)C(F)(F)OC(F)(F)F
Anion_1681,O=C([O-])CCCC(=O)C1CCCCC1
Anion_1682,COc1ccc(C)cc1CC(=O)[O-]
Anion_1683,CC12CC3(C)CC(C)(C1)CC(C(=O)[O-])(C2)C3
Anion_1684,O=C([O-])CCCCc1ccc(Br)cc1
Anion_1685,O=C([O-])CCOc1ccc2ccccc2c1
Anion_1686,O=C([O-])C=Cc1ccc(I)cc1
Anion_1687,Cc1cccc(C)c1CC(=O)[O-]
Anion_1688,COc1ccccc1OCCC(=O)[O-]
Anion_1689,CCOc1ccc(CCC(=O)[O-])cc1
Anion_1690,C[N+](C)=C1C=CC(=CC(=C=[N-])C(=O)[O-])C=C1
Anion_1691,CCOc1ccc(C(=O)C=CC(=O)[O-])cc1
Anion_1692,Cc1ccc(-c2ccc(CC(=O)[O-])cc2)cc1
Anion_1693,O=C([O-])CCCC1CC1
Anion_1694,CC1=CC=C(C)C(=CC=C([O-])[O-])[CH+]1
Anion_1695,CC(C)(Oc1ccc(F)cc1)C(=O)[O-]
Anion_1696,O=C([O-])CCC(=O)c1ccc2c(c1)CCC2
Anion_1697,COc1ccc(C(=O)CCC(=O)[O-])cc1F
Anion_1698,O=C([O-])C12CC(c3ccccc3)(C1)C2
Anion_1701,CC(C)Cc1ccc(C(=O)CCC(=O)[O-])cc1
Anion_1702,O=C([O-])C1=[S+2]=C(Br)N=C1C(F)(F)F
Anion_1703,CCCC1=C(C(=O)[O-])C=[N+]=[N+]1c1ccc(F)cc1
Anion_1705,CC1=[N+]=C(CC(=O)[O-])C(C)=[S+]1
Anion_1706,CC1=[N+]=[N+](C)C(C(F)(F)F)=C1C(=O)[O-]
Anion_1709,O=C([O-])C1=[N+]=[NH+]c2cc(OCc3ccccc3)ccc21
Anion_1710,COCC[N+]1=[N+]=CC=C1C(=O)[O-]
Anion_1711,O=C([O-])CCc1ccc(F)c(Br)c1
Anion_1712,COC(=O)C12CCCC(C(=O)[O-])(CC1)CC2
Anion_1713,CC1=[N+]=C(C(=O)[O-])N=[N+]1c1ccc(F)cc1
Anion_1714,CCC1=CC(C(F)(F)F)=[N+]=[N+]1CC(=O)[O-]
Anion_1715,O=C([O-])C1=C[N-]OC1=C1C=CC=C[C+]1C(F)(F)F
Anion_1716,O=C([O-])c1ccc[n+](Cc2cccc(Cl)c2)c1[O-]
Anion_1717,Cc1cccc(OCCCC(=O)[O-])c1C
Anion_1718,Cc1cccc(=[N+]2C=[N+]=C(C(=O)[O-])[CH-]2)[n-]1
Anion_1719,CN(C)Cc1ccc(C(=O)[O-])o1
Anion_1720,O=C([O-])c1ccc(COc2cccc(Cl)c2)o1
Anion_1721,O=C([O-])c1ccc(COc2ccccc2Cl)o1
Anion_1722,O=C([O-])c1ccc(COc2ccccc2Br)o1
Anion_1723,COc1cccc(OCc2ccc(C(=O)[O-])o2)c1
Anion_1724,O=C([O-])c1ccc(COc2ccc(Br)cc2)o1
Anion_1725,Cc1cc(OCc2ccc(C(=O)[O-])o2)ccc1Cl
Anion_1726,O=C([O-])c1ccc(COc2ccc(Cl)cc2Cl)o1
Anion_1727,O=C([O-])c1ccc(COc2cc(Cl)ccc2Cl)o1
Anion_1728,O=C([O-])c1ccc(COc2ccc3ccccc3c2)o1
Anion_1729,O=C([O-])c1ccc(COc2cccc3ccccc23)o1
Anion_1731,O=C([O-])C1CC[N+](=C2C=CC(Cl)=[N+]=N2)CC1
Anion_1732,O=C([O-])C1CC[N+](=C2N=c3ccccc3=[S+]2)CC1
Anion_1734,COc1ccc(-c2ncc(C(=O)[O-])s2)cc1
Anion_1735,O=C([O-])C1=[S+2]=CN=C1Cl
Anion_1736,O=C([O-])CCN1C(=O)CCc2ccccc21
Anion_1737,Cc1onc(C2=CC=[S+2]=C2)c1C(=O)[O-]
Anion_1738,O=C([O-])c1cc2ccc(-c3ccc(Cl)cc3)cc2o1
Anion_1739,O=C([O-])Cc1ccc(CN2CCOCC2)cc1
Anion_1740,Cc1ccc(C2=NOC(=C([O-])[O-])[N-]2)cc1
Anion_1741,O=C([O-])C1(c2ccccc2C(F)(F)F)CC1
Anion_1742,O=C([O-])Cc1cc(F)c(F)cc1Br
Anion_1744,CC(C)(CC(=O)[O-])C1CC1
Anion_1745,O=C([O-])c1c[n+]2cccc(Br)c2[n-]1
Anion_1746,O=C([O-])c1c[n+]2c(Br)cccc2[n-]1
Anion_1747,C[n+]1cc2ccc(C(=O)[O-])cc2[n-]1
Anion_1748,O=C([O-])CCc1ccc(Br)nc1
Anion_1749,CC(C)(C(=O)[O-])c1ccccc1F
Anion_1750,COc1ccc(C2(C(=O)[O-])CCOCC2)cc1
Anion_1751,O=C([O-])C1(c2cccc(Cl)c2)CCOCC1
Anion_1752,O=C([O-])C1=CC=[N+]2C=C[S+]=C12
Anion_1753,Cc1cccc2c1=C(Cl)C(C(=O)[O-])=[S+2]=2
Anion_1754,COCCOc1ccc(CC(=O)[O-])cc1
Anion_1755,CCCC1=[S+2]=C(C(=O)[O-])C=C1Br
Anion_1756,CCc1cccc2c(C(=O)[O-])c[nH+][c-]12
Anion_1757,CC1=CC(=O)N(CCCCCC(=O)[O-])C1=O
Anion_1758,O=C([O-])C[N+]1=[N+]=[N+]=C(c2ccc(C(F)(F)F)cc2)[N-]1
Anion_1759,C[N+]1=[N+]=CC=C1CC(=O)[O-]
Anion_1760,Cc1ccc(-[n+]2nc(C)c(C(=O)[O-])[n-]2)c(C)c1
Anion_1761,COCc1nocc1C(=O)[O-]
Anion_1762,O=C([O-])c1conc1C(F)(F)F
Anion_1763,O=C([O-])C1(c2cccc(F)c2)CCCCC1
Anion_1764,CC1=[N+]=[N+](c2ccc(Cl)c(Cl)c2)C(C)=C1C(=O)[O-]
Anion_1765,C[n+]1ncc(C(=O)[O-])[c-]1C1CC1
Anion_1766,CCC1CC(=O)Oc2c1ccc(OCC(=O)[O-])c2C
Anion_1767,CCCCC1CC(=O)Oc2cc(OCC(=O)[O-])ccc21
Anion_1768,CCCC1CC(=O)Oc2c1ccc(OCC(=O)[O-])c2C
Anion_1769,CC(C)[N+]1=CC=CC1=C([O-])[O-]
Anion_1770,C[N+]1=CC(=C=[N-])C=C1C(=O)[O-]
Anion_1771,C[N+]1=C(C#N)C=CC1=C([O-])[O-]
Anion_1772,O=C([O-])c1cn[n+]2ccc(Br)c[c-]12
Anion_1773,CC1=C(C(=O)[O-])[S+]=C2N=CC=[N+]21
Anion_1774,O=C([O-])C1=[S+2]=CC=C1c1ccc(F)cc1
Anion_1775,O=C([O-])c1ccc[n+]2c1=[N+]=CC=2Br
Anion_1776,O=C([O-])c1ccc[n+](C(F)F)c1[O-]
Anion_1777,O=C([O-])C1=[N+]=C2CCCC2=[S+]1
Anion_1778,O=C([O-])c1c(Cl)cc([O-])[n+]2c1CCC2
Anion_1779,Cc1c(C(=O)[O-])[n+]#[n+]n1Cc1cccc(F)c1
Anion_1780,Cc1c(C(=O)[O-])[n+]#[n+]n1Cc1ccc(F)cc1
Anion_1781,O=C([O-])c1ccc[n+](C2CC2)c1[O-]
Anion_1782,O=C([O-])c1c[s+]c(-c2cnccn2)[n-]1
Anion_1783,COC1(C(=O)[O-])CCOCC1
Anion_1784,O=C([O-])C1=[N+]=COC1=C1C=CC=C(F)[CH-]1
Anion_1785,O=C([O-])C1=[N+]=COC1=C1C=CC=C(Cl)[CH-]1
Anion_1786,O=C([O-])C1=C[N-]OC1=C1C=CC=C(Cl)[CH+]1
Anion_1787,O=C([O-])C1(C2=CC=[N+]=C[CH-]2)CC1
Anion_1788,O=C([O-])c1cn[n+]2[c-]1OCCC2
Anion_1789,O=C([O-])CN1CCCOC1=O
Anion_1790,CC(C)(C)C1=[N+]=C(C(=O)[O-])C=[S+]1
Anion_1791,CC1=[N+]=C(Cc2ccc(Cl)cc2)[S+]=C1C(=O)[O-]
Anion_1792,O=C([O-])c1c[s+]c(Cc2cccc(C(F)(F)F)c2)[n-]1
Anion_1794,C[N+]1=Cc2cc(=C([O-])[O-])ccc2=N1
Anion_1795,C[n+]1cc(F)c(C(=O)[O-])[n-]1
Anion_1796,O=C([O-])c1cc[n+](CCF)[n-]1
Anion_1797,O=C([O-])CCCC(=O)c1ccccc1F
Anion_1798,O=C([O-])C1(c2cccc(Br)c2)CCC1
Anion_1799,O=C([O-])Cc1ccc(C(F)(F)F)cn1
Anion_1800,O=C([O-])C1=[S+2]=c2ncccc2=C1Cl
Anion_1801,Cc1ccc(C[N+]2=[N+]=[N+]=C(C(=O)[O-])[C-]2C)cc1
Anion_1802,O=C([O-])C1(c2cccc(C(F)(F)F)c2)CCCC1
Anion_1803,Cc1onc(-c2ccccn2)c1C(=O)[O-]
Anion_1804,CC1(C)OB(c2ccc3[nH]cc(C(=O)[O-])c3c2)OC1(C)C
Anion_1805,O=C([O-])c1cn[n+]2ccc(Cl)c[c-]12
Anion_1806,Cc1ccc[n+]2ncc(C(=O)[O-])[c-]12
Anion_1807,COc1cc[n+]2c(c1)C(=C([O-])[O-])C=N2
Anion_1808,O=C([O-])c1cn[n+]2cc(Cl)cc[c-]12
Anion_1809,O=C([O-])c1ccc([O-])[n+](Cc2ccc(F)c(F)c2)c1
Anion_1810,O=C([O-])CC1=[N+]=[N+]=C(c2ccccc2)N1
Anion_1811,O=C([O-])c1cc(=O)c(OCc2ccc(F)cc2)co1
Anion_1812,O=C([O-])c1c[s+]c(-c2ccccc2F)[n-]1
Anion_1813,Cc1ccc(CC(=O)[O-])cc1Br
Anion_1814,O=C([O-])C1=[S+2]=C(N2CCCCC2)N=C1C(F)(F)F
Anion_1815,Cc1ccc(F)cc1CC(=O)[O-]
Anion_1816,O=C([O-])C[N+]1=[N+]=C(Br)N=C1Br
Anion_1817,O=C([O-])Cc1ccc(Br)c(C(F)(F)F)c1
Anion_1818,CC1=[S+2]=C(Br)N=C1C(=O)[O-]
Anion_1819,CN1CCN(Cc2ccc(C(=O)[O-])o2)CC1
Anion_1820,O=C([O-])c1ccc(-c2cccs2)o1
Anion_1821,O=C([O-])CC1=CC=C2[NH+]=[N+]=[N+]=C2[CH-]1
Anion_1822,COCC1(C(=O)[O-])CCOCC1
Anion_1823,CC1=[N+]=[N+](CC(=O)[O-])C(C)=C1Cl
Anion_1824,O=C([O-])CCC1=[N+]=[N+]=[NH+][N-]1
Anion_1825,CC1(C)OB(c2cc(CCC(=O)O)ccc2F)OC1(C)C
Anion_1826,O=C([O-])C1(CN2CCOCC2)CC1
Anion_1827,O=C([O-])C[N+]1=[N+]=C(C(F)(F)F)C2=C1CCC2
Anion_1828,Cn1cc(C(=O)[O-])c(C(C)(C)C)n1
Anion_1829,O=C([O-])c1c[n+]2cc(I)ccc2[n-]1
Anion_1830,O=C([O-])CC1=CC=CC2=[N+]=CC=C[C-]12
Anion_1831,O=C([O-])C1=[N+]=[NH+]c2c(F)cccc21
Anion_1832,O=C([O-])COCC1=CC=[N+]=C[CH-]1
Anion_1833,O=C([O-])C1(c2c(Cl)cccc2Cl)CC1
Anion_1834,Cc1cc(F)cc(CC(=O)[O-])c1
Anion_1835,O=C([O-])C1CCN(S(=O)(=O)N2CCOCC2)CC1
Anion_1836,O=C([O-])C1(c2ccc(F)cn2)CC1
Anion_1837,O=C([O-])C1(C2=CC=[N+]=C(Br)[CH-]2)CC1
Anion_1838,C[N+]1=CC(=C2C=C(C(=O)[O-])[N-]O2)C=N1
Anion_1839,COC(=O)c1cc[n+](CC(=O)[O-])[n-]1
Anion_1840,CC(C)(C)OC(=O)N1CC[N+]2=[N+]=C(C(=O)[O-])C=C2C1
Anion_1841,CC(C)(Cc1ccc(C#N)cc1)C(=O)[O-]
Anion_1842,O=C([O-])c1[nH+]nc(C2CC2)[c-]1Cl
Anion_1843,COC1=CC=CC(=C2C=C(C(=O)[O-])[NH+]=N2)[CH-]1
Anion_1844,Cc1cc(C(=O)[O-])c(C)n1-c1ccc(F)cc1
Anion_1845,CC1=Nc2ncc(C)c[n+]2C1=C([O-])[O-]
Anion_1846,COc1cc(C(=O)[O-])nn1-c1ccccc1F
Anion_1847,C[N+]1=[N+]=C(c2cccnc2)C=C1C(=O)[O-]
Anion_1848,O=C([O-])Cc1ccccc1-c1cc(F)cc(F)c1
Anion_1849,O=C([O-])Cc1ccccc1-c1ccc(F)c(F)c1
Anion_1850,Cc1c[n+]2c(s1)=[N+]=C(CC(=O)[O-])C=2
Anion_1851,O=C([O-])C=CC1CCC1
Anion_1852,CC(=O)N1CC(C(=O)[O-])C1
Anion_1853,CCC[n+]1nc(C)c(C(=O)[O-])[c-]1C
Anion_1854,CC1=[N+]=c2ccccc2=[N+]1Cc1ccc(C(=O)[O-])o1
Anion_1855,O=C([O-])C1=C[NH+]=C2N=CC(C3CC3)=[N+]=C12
Anion_1857,COc1ccc2[n+](n1)C(=C([O-])[O-])C=N2
Anion_1858,O=C([O-])C1CC[N+](=c2nc3cc(Cl)cc[c-]3o2)CC1
Anion_1859,Cn1cc(C(=O)[O-])nc1Br
Anion_1860,O=C([O-])C[n+]1cc(C(F)(F)F)c[n-]1
Anion_1861,O=C([O-])C1=C[S+]=C2C=[N+]=C(Cl)N=C12
Anion_1862,CC(C)(Oc1ccc(Br)cc1Cl)C(=O)[O-]
Anion_1863,O=C([O-])c1c(C(F)(F)F)n[nH+][c-]1C(F)(F)F
Anion_1865,Cc1cccc(C2(C(=O)[O-])CC2)c1
Anion_1866,O=C([O-])COCC1(c2ccc(Cl)cc2)CCC1
Anion_1867,CCOC(=O)c1ncc(C(=O)[O-])s1
Anion_1868,COc1cccc2c(C(=O)[O-])n[nH+][c-]12
Anion_1869,CC1=C(C=O)C(=[S+]CC(=O)[O-])[N+](C)=N1
Anion_1870,C[N+]1=[N+]=C(C(=O)[O-])C=C1OCc1ccccc1
Anion_1871,CC(C)(C)OC(=O)N1CCC(c2ocnc2C(=O)[O-])CC1
Anion_1872,O=C([O-])Cc1cc(Cl)ccc1C(F)(F)F
Anion_1873,O=C([O-])C1CCC2(CC1)CC2
Anion_1875,O=C([O-])C1CC(Oc2ccccc2)C1
Anion_1876,Cc1[nH]nc(-c2ccccc2)c1C(=O)[O-]
Anion_1877,O=C([O-])c1cc2c(F)c(F)ccc2[nH]1
Anion_1878,O=C([O-])Cc1ccc(F)cc1C(F)(F)F
Anion_1879,O=C([O-])CC1=[N+]=CC=[N+]=C1Cl
Anion_1880,COC(=O)C1=CN=[N+](C)C1=C([O-])[O-]
Anion_1881,O=C([O-])c1cc2c([nH]1)CCOC2
Anion_1882,O=C([O-])CCC1CC(=O)C1
Anion_1883,CN(CC(=O)[O-])C1CCN(C(=O)OC(C)(C)C)CC1
Anion_1884,CC[n+]1c(C(=O)[O-])cc2cc(F)cc[c-]21
Anion_1885,CCC[n+]1c(C(=O)[O-])cc2cc(F)cc[c-]21
Anion_1886,CCCC[n+]1c(C(=O)[O-])cc2cc(F)cc[c-]21
Anion_1887,C[n+]1cc(=C([O-])[O-])c2[c-]1C=CC=[N+]=2
Anion_1888,Cn1cc(C(=O)[O-])c2ccc(Cl)cc21
Anion_1890,O=C([O-])c1[nH+]cc[c-]1C1CC1
Anion_1891,O=C([O-])c1ccc(-c2ccc3c(c2)OCCO3)s1
Anion_1892,O=C([O-])c1cc2cccc(C(F)(F)F)c2s1
Anion_1893,COc1ccc(-c2c[s+]c(C(=O)[O-])[n-]2)cc1
Anion_1894,N#Cc1cc(CC(=O)[O-])ccn1
Anion_1895,COC(=O)C1=C[CH-]OC1=C([O-])[O-]
Anion_1896,C[n+]1ccc(CCC(=O)[O-])[n-]1
Anion_1897,Cc1ccc(S(=O)(=O)N2CCC(C(=O)[O-])CC2)c(C)c1
Anion_1898,Cc1nc(Cl)c(C(=O)[O-])[nH]1
Anion_1899,O=C([O-])C1=CC(=C2C=CC(Cl)=C(Cl)[CH+]2)O[N-]1
Anion_1900,O=C([O-])C1=CC(=C2C=CC(Cl)=C(Cl)[CH+]2)[NH+]=N1
Anion_1901,Cc1c(C(=O)[O-])[s+]c2cccc(Cl)[c-]12
Anion_1902,Cc1c(C(=O)[O-])[s+]c2c(Cl)ccc[c-]12
Anion_1903,O=Cc1c(C(=O)[O-])[nH+]c2ccc(F)c[c-]12
Anion_1905,Cc1noc(C)c1COc1ccc(CC(=O)[O-])cc1
Anion_1906,Cc1cc(C(=O)[O-])nn1-c1cccc(Cl)c1
Anion_1909,CC1=CC(=S(=O)([O-])Cl)C=C[C+]1OCCC(=O)[O-]
Anion_1910,CC1=C(C(=O)[O-])C=[N+]=[N+]1c1cccc(Br)c1
Anion_1911,CC1=[N+]=C(c2cccc(F)c2)[S+]=C1C(=O)[O-]
Anion_1912,C[N+]1=[N+]=C(c2ccco2)C=C1C(=O)[O-]
Anion_1913,Cc1ccc(C2=CC(=C([O-])[O-])[NH+]=N2)c(C)c1
Anion_1914,CC1=[N+]=[NH+]C(C(C)C)=C1C(=O)[O-]
Anion_1915,CC(C)c1[nH]ncc1C(=O)[O-]
Anion_1916,O=C([O-])CCc1c[n+]2ccccc2[n-]1
Anion_1917,CN(C)C1(C(=O)[O-])CCCC1
Anion_1918,COC1=[N+]=CN=C2C=C(C(=O)[O-])O[C-]21
Anion_1919,O=C([O-])C1=CC2=[N+]=CN=C(Cl)C2=[S+]1
Anion_1920,CC(C)(C)OC(=O)c1ccc(C(=O)[O-])s1
Anion_1921,O=C([O-])C[n+]1ccc2ccc(Br)c[c-]21
Anion_1924,CC[N+]1=[N+]=[N+]=C(C(=O)[O-])[C-]1C(F)(F)F
Anion_1925,O=C([O-])C1=[N+]=[N+]=[N+](C2CC2)[C-]1C(F)(F)F
Anion_1926,O=C([O-])Cc1cccc(OC(F)F)c1
Anion_1927,CC1=C(C(=O)[O-])C=[N+]=[N+]1c1ccc(C(F)(F)F)cn1
Anion_1928,COc1cccc2c1ccn2CC(=O)[O-]
Anion_1929,O=C([O-])C[n+]1ccc2cccc(F)[c-]21
Anion_1930,O=C([O-])C[n+]1cnc(Br)[n-]1
Anion_1931,O=C([O-])C1=CC(=C2C=CC=[N+]=C2)N=[NH+]1
Anion_1933,O=C([O-])C1=[N+]=[NH+]c2cc(Cl)c(Br)cc21
Anion_1935,O=C([O-])c1cc2c(OC(F)(F)F)cccc2[nH]1
Anion_1937,Cc1cc(C(F)(F)F)[n+](CC(=O)[O-])[n-]1
Anion_1938,O=CC1=CN=[NH+]C1=C([O-])[O-]
Anion_1939,Cc1cc(=C([O-])[O-])[n+](=C2C=CC=C(Cl)[CH+]2)[n-]1
Anion_1940,CC1=C[C-](C2(C(=O)[O-])CC2)O[N-]1
Anion_1941,O=C([O-])C1=C[NH+]=C2N=CN=[N+]2C1=O
Anion_1942,C[N+](CC(=O)[O-])=c1cccc[n-]1
Anion_1943,COC(=O)CC1=[S+2]=CC=C1C(=O)[O-]
Anion_1944,COC(=O)Cc1occc1C(=O)[O-]
Anion_1945,O=C([O-])C1=[S+2]=CC=C1OCc1ccc(Cl)cc1
Anion_1946,O=C([O-])C=Cc1ccc(-c2ccc(Cl)c(Cl)c2)o1
Anion_1947,O=C([O-])C1=CC(=C2C=CC=C3C=CC=C[C+]32)N=[NH+]1
Anion_1948,O=C([O-])C1=CC(=C2C=CC=C[C+]2Cl)[NH+]=N1
Anion_1949,CC(=O)C1=CC(=C2C=CC=C[CH-]2)[N+](CCC(=O)[O-])=C1C
Anion_1951,C[N+]1=[N+]=C(c2ccc3c(c2)OCO3)C=C1C(=O)[O-]
Anion_1952,O=C([O-])c1cc2ccc(Cl)c(Cl)c2[nH]1
Anion_1953,CC(C)S(=O)(=O)c1ccc(CC(=O)[O-])cc1
Anion_1954,CS(=O)(=O)N1CC(C(=O)[O-])C1
Anion_1955,O=C([O-])Cc1c(Br)cccc1C(F)(F)F
Anion_1956,Cc1c(C(=O)[O-])cc(-c2ccc(F)cc2)n1C
Anion_1957,O=C([O-])c1ccc(C(=O)c2ccco2)o1
Anion_1959,Cc1ccc(C2=[N+]=[N+](c3ccc(F)cc3)C=C2C(=O)[O-])cc1
Anion_1960,Cc1cc(=C([O-])[O-])[n+](=C2C=CC=C(Br)[CH+]2)[n-]1
Anion_1961,COc1ccccc1-c1cc(C(=O)[O-])nn1C
Anion_1962,CC1=C(Br)C=[N+]=[N+]1CC(=O)[O-]
Anion_1963,CN(CC(=O)[O-])C1CCCC1
Anion_1964,Cc1[nH]c2c(c1C(=O)[O-])C(=O)CCC2
Anion_1965,Cc1cc(C(=O)[O-])c(C)n1Cc1ccco1
Anion_1966,CC1CCN(Cc2ccc(C(=O)[O-])o2)CC1
Anion_1967,CS(=O)(=O)c1ccccc1OCC(=O)[O-]
Anion_1968,O=C([O-])Cc1ccc(Br)c(F)c1F
Anion_1970,O=C([O-])Cc1ccc2c(c1)C=[N+]=[NH+]2
Anion_1971,O=C([O-])CC1=[N+]=[NH+]c2ccc(F)cc21
Anion_1973,CC1=C(C(=O)[O-])N=[NH+]C1=C1C=CC(Cl)=C[CH-]1
Anion_1974,Cn1cc(S(=O)(=O)Cl)cc1C(=O)[O-]
Anion_1975,O=C([O-])C1=[N+]=[N+]=[N+](c2ccc(F)cc2)[C-]1C(F)(F)F
Anion_1976,CC1=[N+]=C(C)[N+](CC(=O)[O-])=N1
Anion_1977,C#CCOc1ccc(C=CC(=O)[O-])cc1OC
Anion_1978,Cc1cc(C)c2cc(C(=O)[O-])[s+]c-2[n-]1
Anion_1979,CC1=[N+]=[N+](Cc2ccc(C(=O)[O-])o2)C(C)=C1Cl
Anion_1980,CC1=[N+]=[N+](Cc2ccc(C(=O)[O-])o2)C(C)=C1Br
Anion_1981,Cc1noc(C)c1CSCC(=O)[O-]
Anion_1982,COC(=O)C1CC(C(=O)[O-])C1
Anion_1983,O=C([O-])c1c[s+]c(N2CCOCC2)[n-]1
Anion_1984,O=C([O-])C1CCC2(CC1)CC2(F)F
Anion_1985,CC(F)(F)C1(C(=O)[O-])CC1
Anion_1987,CC1(C)CCc2c(C(=O)[O-])n[nH+][c-]2C1
Anion_1988,O=Cc1ccc(OCC(=O)[O-])c(Br)c1
Anion_1989,N#Cc1ccc(OCC(=O)[O-])c(Cl)c1
Anion_1990,O=C([O-])CCc1ccc(-c2ccc(Cl)cc2)cc1
Anion_1991,O=C([O-])CCc1ccc(-c2ccc(C(F)(F)F)cc2)cc1
Anion_1992,CC1=CC=CC(=C2C=CC(CCC(=O)[O-])=C[CH+]2)[CH-]1
Anion_1993,O=C([O-])CCc1ccc(-c2cccc(Cl)c2)cc1
Anion_1994,CCOc1cccc2c1OCC(=C([O-])[O-])[CH+]2
Anion_1995,O=C([O-])CCOCCOCCN1C(=O)C=CC1=O
Anion_1996,COc1ccc2c(c1C)OC(=O)C(CCC(=O)[O-])C2C
Anion_1997,O=C([O-])CC[S+]=C1[N+]#[N+]C(=C2C=CN=C[CH-]2)O1
Anion_1998,O=C([O-])CCC1=[N+]=C(C2=CC=[S+2]=C2)[N-]O1
Anion_1999,COC1=[N+]=c2ccccc2=[N+]=C1CCC(=O)[O-]
Anion_2000,O=C([O-])COc1ccc2oc3c(c2c1)CCCC3
Anion_2001,O=C([O-])C1(F)CCCC1
Anion_2002,O=C([O-])C1=[N+]=C[N+](Cc2ccc(Cl)cc2)=N1
Anion_2003,CC1(C(=O)[O-])CCSCC1
Anion_2004,O=C([O-])CC1CC(=O)C1
Anion_2005,CC1=[N+]=[N+]=c2ccc(=C([O-])[O-])c[n+]21
Anion_2006,CC1(C)OB(CCC(=O)O)OC1(C)C
Anion_2007,C[N+]1=[N+]=Cc2ccc(CC(=O)[O-])cc21
Anion_2008,O=C([O-])CN1CCC(F)(F)CC1
Anion_2009,CCCC[n+]1ncc(C(=O)[O-])[c-]1C
Anion_2010,CCCC[n+]1ccc(C(=O)[O-])[n-]1
Anion_2011,O=C([O-])c1c[c+](COc2ccc(F)cc2)o[n-]1
Anion_2012,O=C([O-])c1c[c+](Cc2ccc(F)cc2)o[n-]1
Anion_2013,O=C([O-])C1=CC=[N+]=[N+]1CCC(F)(F)F
Anion_2014,O=C([O-])C1=CC=[N+]=[N+]1C1CC1
Anion_2015,O=C([O-])CCC(=O)c1ccc(Cl)c(F)c1
Anion_2016,Cc1c(C(=O)[O-])[s+]c2nc[n+](C)c([O-])[c-]12
Anion_2017,O=C([O-])c1c[s+]c(-c2ccc(Cl)cc2Cl)[n-]1
Anion_2018,C[n+]1ccc(CC(=O)[O-])[n-]1
Anion_2019,O=C([O-])C(F)(F)c1cccc(Cl)c1
Anion_2020,Cn1cc(C(=O)c2cccc(Cl)c2Cl)cc1C(=O)[O-]
Anion_2021,O=C([O-])COc1ccc(N2CCCC2=O)cc1
Anion_2022,O=C([O-])C1=[N+]=[N+]=[N+](c2ccccc2F)[C-]1C(F)(F)F
Anion_2023,CCOC1=C(C(=O)[O-])C=[N+]=[N+]1C
Anion_2024,O=C([O-])c1c[s+]c(-c2cccc(Cl)c2)[n-]1
Anion_2025,O=C([O-])CN1CSCCSC1
Anion_2026,O=C([O-])CCN1CSCCSC1
Anion_2027,Cc1cccc(C(F)(F)C(=O)[O-])c1
Anion_2028,O=C([O-])c1coc(C2CCOCC2)n1
Anion_2029,COC(=O)C1CCN(C(=O)CCC(=O)[O-])CC1
Anion_2030,O=C([O-])C(F)(F)c1ccccc1Br
Anion_2034,CC(=O)c1cnc2c(C(=O)[O-])cn[n+]-2[c-]1C
Anion_2035,COC1(C(=O)[O-])CCC1
Anion_2036,COc1ccc(Br)cc1C1(C(=O)[O-])CC1
Anion_2037,CC1=[N+]=[NH+]C(CC(=O)[O-])=N1
Anion_2038,O=C([O-])C1(c2c(F)cccc2Cl)CC1
Anion_2039,COCCN(CC(=O)[O-])C(=O)OC(C)(C)C
Anion_2040,O=C([O-])c1cc(Br)[nH+][n-]1
Anion_2041,O=C([O-])c1c[n+](Cc2ccc(F)c(F)c2)c[n-]1
Anion_2042,O=C([O-])C1=CC(=C2C=CC(Cl)=C[C+]2Cl)O[N-]1
Anion_2043,C[N+]1=C(C(=O)[O-])C=[N+]=C1S
Anion_2044,COc1cc2oc(=O)cc(C)c2cc1CCC(=O)[O-]
Anion_2045,Cc1ccc(S(=O)(=O)N2CCC(CC(=O)[O-])CC2)cc1
Anion_2046,O=C([O-])C1=[N+]=[N+](c2ccc(Cl)cc2)C=CC1=O
Anion_2047,CC[N+]1=[N+]=C(C2CC2)C=C1C(=O)[O-]
Anion_2048,CC(=O)c1c(C)[n+](CC(=O)[O-])c2cccc[c-]12
Anion_2049,O=C([O-])C1=[N+]=[N+](c2ccc(F)cc2)C=CC1=O
Anion_2050,O=C([O-])CCc1ccc(S(=O)(=O)F)cc1
Anion_2051,O=C([O-])c1cn[n+](-c2ccccc2)[c-]1C(F)F
Anion_2052,CC(C)(C)OC(=O)N1CCc2n[nH+]c(C(=O)[O-])[c-]2C1
Anion_2053,CC(=O)c1c[n+](CCC(=O)[O-])c2cccc[c-]12
Anion_2054,Cc1nc(C2CC2)oc1C(=O)[O-]
Anion_2055,CC1=[N+]=C(C2CCCC2)[S+]=C1C(=O)[O-]
Anion_2056,CC1=[N+]=[N+]=C(CC(=O)[O-])N1
Anion_2057,O=C([O-])C1CCN(C(=O)C2CCCCC2)CC1
Anion_2058,O=C([O-])c1c[s+]c(-c2cccc(C(F)(F)F)c2)[n-]1
Anion_2059,O=C([O-])c1cc2ccc(OC(F)(F)F)cc2[nH]1
Anion_2060,O=C([O-])C1(CCOCc2ccccc2)CC1
Anion_2061,O=C([O-])c1cnc2n1CCC2
Anion_2062,O=C([O-])C=Cc1ccc(F)cc1Br
Anion_2063,CC1=CC(=c2onc(C)c2=C([O-])[O-])[N-]O1
Anion_2064,O=C([O-])C1=[N+]=CO[N-]1
Anion_2065,CC(=O)C1=CC(=C([O-])[O-])[N+](C)=C1
Anion_2066,O=C([O-])CSCC1CC1
Anion_2067,O=C([O-])Cc1coc2c(Cl)c(Cl)ccc12
Anion_2068,Cc1ccc2c(c1)C(=O)N(CCCC(=O)[O-])C2=O
Anion_2069,O=C([O-])c1c[s+]c(-c2ccc(Cl)c(Cl)c2)[n-]1
Anion_2070,O=C([O-])C1=Cc2cc(F)ccc2OC1
Anion_2071,O=C([O-])c1cc2c(Br)c(F)ccc2[nH]1
Anion_2072,CC(C)(C)OC(=O)N1CC(n2cc(C(=O)[O-])cn2)C1
Anion_2073,CC[N+]1=C(C(=O)[O-])C=[N+]=N1
Anion_2074,CC1=C(C(=O)[O-])CCS1(=O)=O
Anion_2075,O=C([O-])C=CC1=C[N+](Cc2ccccc2)=[N+]=N1
Anion_2076,O=C([O-])C1=[N+]=[N+](c2ccccc2)C(=O)CC1=O
Anion_2077,O=C([O-])CCc1ccno1
Anion_2078,CC1=C(Br)[CH+]C(=C([O-])[O-])O1
Anion_2079,Cc1oc(C)c(C(=O)[O-])c1Br
Anion_2080,CCC1=C(C)[CH+]C(=C([O-])[O-])O1
Anion_2081,O=C([O-])C1=[N+]=CC(Cl)=[S+]1
Anion_2082,CC1=[NH+]C(=C[O-])C=C1C(=O)[O-]
Anion_2084,C[S+]=c1cc(C(=O)[O-])o[c-]1C
Anion_2085,O=C([O-])CN1CCOC(=O)C1
Anion_2086,CC[N+]1=[N+]=C(C(=O)[O-])C(Br)=C1C
Anion_2087,O=C([O-])c1oc2ccccc2c1Cl
Anion_2088,O=C1C=C(C(=O)[O-])OC(=O)C1
Anion_2089,CC1=[N+]=C(CSCC(=O)[O-])C=[S+]1
Anion_2090,O=C([O-])c1ccc(-c2ccco2)o1
Anion_2091,O=C([O-])CCCCCC(=O)c1cccs1
Anion_2092,Cc1cc2c(cc1C)[C+](C)C(=C([O-])[O-])O2
Anion_2093,CC1=CC(=O)CC(=O)N1CC(=O)[O-]
Anion_2094,CC[N+]1=[N+]=C2CCCC2=C1C(=O)[O-]
Anion_2095,C[n+]1c([O-])cc[n+](CC(=O)[O-])c1[O-]
Anion_2096,CC[N+]1=[N+]=C2CCCCC2=C1C(=O)[O-]
Anion_2097,CC1=C(C(=O)[O-])C=[N+]=C2N=CN=[N+]21
Anion_2099,CCCC[N+]1=[N+]=C(C(=O)[O-])C=CC1=O
Anion_2100,CC1=[N+]=C(c2ccccc2)[S+]=C1CC(=O)[O-]
Anion_2101,O=C([O-])Cc1c[s+]c(Cc2ccccc2)[n-]1
Anion_2102,O=C([O-])Cc1cc[n+](Cc2ccccc2)[n-]1
Anion_2103,Cc1ccccc1-[n+]1c(C)cc(C(=O)[O-])[c-]1C
Anion_2104,CC1=[N+]=C(c2ccc(C)cc2)C(CC(=O)[O-])=[S+]1
Anion_2105,COc1ccc2c(C)c(C(=O)[O-])oc2c1C
Anion_2106,CCOCc1c(C(=O)[O-])oc2ccccc12
Anion_2107,O=C([O-])C[N+]1=C2[CH-]C(Cl)=CC=C2OC(=O)C1
Anion_2108,O=C([O-])C[N+]1=[NH+]C(=O)c2ccccc2C1=O
Anion_2109,CC1=[N+]=[N+](c2ccccc2)C(C)=C1CCC(=O)[O-]
Anion_2110,O=C([O-])C1CCN(Cc2c[nH+]c3cccc[c-]23)CC1
Anion_2111,O=C([O-])C[S+]=C1N=[N+](c2ccccc2)C(=S)S1
Anion_2112,O=C([O-])CC1CCN(S(=O)(=O)c2ccccc2)CC1
Anion_2113,COc1ccc2c(c1OC)OC(=O)C(CCC(=O)[O-])C2C
Anion_2114,CC(C)c1ccc(C(=O)[O-])[nH]1
Anion_2115,O=C([O-])Cc1cncc(F)c1
Anion_2116,Cc1cc(CCC(=O)[O-])ccn1
Anion_2118,COC(=O)c1ccc(C(=O)[O-])n1C
Anion_2119,CCOc1ccc2[nH]cc(C(=O)[O-])c2c1
Anion_2120,C[S+]=C1C(CC(=O)[O-])=[N+](C)c2ccccc21
Anion_2121,CCc1cccc2c(CC(=O)[O-])c[nH+][c-]12
Anion_2122,Cc1[nH+]c2[c-](C)c(C)ccc-2c1CC(=O)[O-]
Anion_2123,Cc1ccc(C)c2c1[nH+]c(C)[c-]2CC(=O)[O-]
Anion_2124,O=C([O-])CCc1ccc(-c2ccc(F)cc2)[nH]1
Anion_2125,COc1cccc2c(CC(=O)[O-])c(C)[nH+][c-]12
Anion_2126,O=C([O-])CC1=C(F)C(F)=[N+]=C(F)[C-]1F
Anion_2127,Cc1cc(C(=O)[O-])c(C)n1-c1ccc(Cl)cc1
Anion_2128,Cc1ccc(C[N+]2=CC=CC(=C([O-])[O-])C2=O)cc1
Anion_2130,COc1ccc(C[N+]2=CC=CC(=C([O-])[O-])C2=O)cc1
Anion_2131,O=C([O-])c1ccc([O-])[n+](Cc2ccccc2Cl)c1
Anion_2132,O=C([O-])c1[nH+]nc(Br)[c-]1Br
Anion_2133,CC1=[N+]=[N+](CC(=O)[O-])C(C)=C1I
Anion_2134,Cc1c[n+]2c([n-]1)=[S+2]=CC=2CC(=O)[O-]
Anion_2135,O=C([O-])C1=CC(=C2C=[NH+]c3ccccc32)O[N-]1
Anion_2136,O=C([O-])C1=[N+]=[N+]=[S+2]=C1COc1ccccc1
Anion_2137,O=C([O-])CC1=CC=c2oc(=C3C=CC=C[N-]3)nc2[CH+]1
Anion_2138,Cc1ccc(-c2c[n+]3c([n-]2)=[S+2]=CC=3CC(=O)[O-])cc1
Anion_2139,O=C([O-])C1=[N+]=[N+](c2ccccc2)C2=C1CCCCC2
Anion_2140,CC1=[N+]=[N+](CC(=O)[O-])C=C1I
Anion_2141,CC1=[N+]=[N+](CCC(=O)[O-])C=C1I
Anion_2142,O=C([O-])CC[n+]1cc(I)c[n-]1
Anion_2143,CC1=C(I)C=[N+]=[N+]1CC(=O)[O-]
Anion_2144,CCOC(=O)C1=[N+]=C[NH+]=C1C(=O)[O-]
Anion_2145,CC1=C(I)C=[N+]=[N+]1CCC(=O)[O-]
Anion_2146,CC1=[N+]=[N+](CCC(=O)[O-])C(C)=C1I
Anion_2147,CC1=[N+]=c2nccc(C(=O)[O-])[n+]2=N1
Anion_2148,O=C([O-])C[S+]=C1[N+]#[N+]c2cccc[n+]21
Anion_2149,O=C([O-])C1=C[NH+]=C2N=c3ccccc3=[N+]2C1=O
Anion_2150,O=C([O-])C1=[N+]=[N+](c2ccccc2)C(=S)c2ccccc21
Anion_2151,Cc1ccc([N+]2=C[N+]#[N+]C2=[S+]CC(=O)[O-])cc1
Anion_2152,O=C([O-])CC[n+]1c([O-])oc2cc(Br)ccc21
Anion_2153,O=C([O-])C1=[N+]=[N+](Cc2ccccc2)C(=O)c2ccccc21
Anion_2154,COc1ccc([N+]2=C[N+]#[N+]C2=[S+]CC(=O)[O-])cc1
Anion_2155,O=C([O-])C[N+]1=[N+]=C2c3ccccc3C(=O)c3cccc1c32
Anion_2156,C=CC[N+]1=C(Cc2ccccc2)[N+]#[N+]C1=[S+]CC(=O)[O-]
Anion_2158,CC1=[N+]=CO[C-]1CC(=O)[O-]
Anion_2159,O=C([O-])C1=[N+]=C2C=[N+]=CC=C2N1
Anion_2160,Cc1onc(C(C)(C)C)c1C(=O)[O-]
Anion_2161,CN1C(=O)CN(CC(=O)[O-])C1=O
Anion_2162,CC1=C(C(=O)[O-])C=[N+]=C2C=CN=[N+]21
Anion_2163,CC1=[N+]=[n+]2ncccc2=C1C(=O)[O-]
Anion_2164,O=C([O-])C[N+]1=[NH+]c2ccccc2C1=O
Anion_2165,Cc1ccccc1-c1noc(C)c1C(=O)[O-]
Anion_2166,CC[n+]1c(SCCC(=O)[O-])nc2cccc[c-]21
Anion_2167,COC(=O)c1cc(=C([O-])[O-])[n+](=C2C=CC=C[CH+]2)[n-]1
Anion_2168,COc1cc(C(=O)[O-])nn1-c1ccccc1Cl
Anion_2169,CCCOc1ccccc1C1=[N+]=[N+]=C(SCC(=O)[O-])N1
Anion_2170,CC1=[N+]=[N+](c2cccc(C(F)(F)F)c2)C(C)=C1CC(=O)[O-]
Anion_2171,Cc1c[s+]c(CCC(=O)[O-])[n-]1
Anion_2172,Cc1onc(-c2ccc(Cl)c(Cl)c2)c1C(=O)[O-]
Anion_2173,Cc1onc(-c2cccc(Cl)c2Cl)c1C(=O)[O-]
Anion_2174,CC1=[N+]=[N+](c2ccccc2)C(C)=C1SCC(=O)[O-]
Anion_2175,O=C([O-])c1cnc(S)[nH]1
Anion_2176,O=C([O-])CC1=CC(=O)[N+](=c2cccc[n-]2)N1
Anion_2177,C[n+]1c([O-])c(Br)c(C(=O)[O-])[n+](C)c1[O-]
Anion_2178,N#Cc1c[n+](CCC(=O)[O-])c([O-])[nH+]c1[O-]
Anion_2179,Cc1c(C#N)c(=O)[nH+]c([O-])n1CC(=O)[O-]
Anion_2180,CC1=CC=CC(=C2N=C(CC(=O)[O-])C=[S+]2)[CH-]1
Anion_2181,O=C([O-])Cc1c[s+]c(-c2cccc3ccccc23)[n-]1
Anion_2182,O=C([O-])C(=O)c1ccc(Cl)s1
Anion_2183,O=C([O-])C1=CC=CC2=[N+]=[S+2]=C[C-]12
Anion_2184,Cc1c(C(=O)[O-])[s+]c2n1CC[N-]2
Anion_2185,Cc1onc(-c2cccs2)c1C(=O)[O-]
Anion_2186,O=C([O-])Cc1c[s+]c(-c2cccc(Cl)c2)[n-]1
Anion_2187,O=C([O-])Cc1c[s+]c(-c2ccc(F)cc2)[n-]1
Anion_2188,CC1=C(C(=O)[O-])[N-]C(=C2C=CC=C[C-]2F)O1
Anion_2189,O=C([O-])Cc1c[s+]c(-c2ccccc2Cl)[n-]1
Anion_2190,O=C([O-])CCC1=[N+]=CC(=C2C=CC(F)=C[CH-]2)O1
Anion_2191,CC(C)c1ccc(C2=CC(=C([O-])[O-])[N-]O2)cc1
Anion_2192,O=C([O-])c1ccc(C2=CC=[S+2]=C2)[nH]1
Anion_2193,O=C([O-])c1ccc(-c2ccco2)[nH]1
Anion_2194,O=C([O-])C[N+]1=[S+2]=C([O-])c2ccccc21
Anion_2195,COC(=O)C1=[N+]=CO[C-]1CCC(=O)[O-]
Anion_2196,O=C([O-])c1cc(=O)[n+]2c([nH]1)=NC=[N+]=2
Anion_2197,O=C([O-])C[N+]1=[N+]=[N+]=C(c2cccs2)[N-]1
Anion_2198,O=C([O-])CC[n+]1c([O-])oc2cc(Cl)ccc21
Anion_2199,O=C([O-])C=CCN1C(=O)c2ccccc2S1(=O)=O
Anion_2200,O=C([O-])C(=Cc1ccco1)[N+]1=[N+]=[N+]=[N+]=C1c1ccccc1
Anion_2201,O=C([O-])C(=Cc1cccs1)[N+]1=[N+]=[N+]=[N+]=C1c1ccccc1
Anion_2202,C[S+]=C1C=CC(=C([O-])[O-])O1
Anion_2203,CCc1oc2ccccc2c1CC(=O)[O-]
Anion_2204,O=C([O-])c1ccc(COc2ccccc2)s1
Anion_2205,CC1=C(C(=O)[O-])[CH+]C(=C2C=CC=C[C-]2Cl)O1
Anion_2206,Cc1oc2c(F)c(F)c(F)c(F)c2c1C(=O)[O-]
Anion_2207,Cc1oc(=C2C=CC=C[CH-]2)c(=C([O-])[O-])c1C
Anion_2208,Cc1oc2ccc(OCc3ccccc3)cc2c1C(=O)[O-]
Anion_2209,O=C([O-])CCN1CCC1
Anion_2210,O=C([O-])C1=[S+2]=C(Cl)C=C1Br
Anion_2211,O=C([O-])c1cc2c(s1)CCCCCC2
Anion_2212,O=C([O-])Cc1cc2c(cc1Br)OCCO2
Anion_2213,COCC1=CC=[S+2]=C1C(=O)[O-]
Anion_2214,CC1=CC=C(C)[C+]2OC(=C([O-])[O-])C(C)=C12
Anion_2215,COc1ccc2c(Cl)c(C(=O)[O-])[s+]c-2[c-]1Cl
Anion_2216,O=C([O-])C1=[S+2]=c2cc(Cl)cc(Cl)c2=C1Cl
Anion_2217,O=C([O-])COC1=CC=[N+]=C[CH-]1
Anion_2218,CC1=C(C)C(=O)N(CCC(=O)[O-])C1=O
Anion_2220,COC1=C[C-](CC(=O)[O-])O[N-]1
Anion_2221,CC1=CC=[S+2]=C1C(=O)CCC(=O)[O-]
Anion_2222,CCCc1occc1C(=O)[O-]
Anion_2223,CC(C)(C)S(=O)(=O)C1=CC=[S+2]=C1C(=O)[O-]
Anion_2225,Cc1oc(C(C)C)cc1C(=O)[O-]
Anion_2226,O=C([O-])C1=CC(=C2C=CC=[S+]2)C=[S+]1
Anion_2227,CCOc1ccc2c(C)c(C(=O)[O-])oc2c1OCC
Anion_2228,CCCCCCC(CC)(CC)C(=O)[O-]
Anion_2229,CCN(CC)C(=O)OCC(=O)[O-]
Anion_2231,Cc1cc(CCCC(=O)[O-])c(C)cc1Br
Anion_2232,CC(C)N(CC(=O)[O-])C(C)C
Anion_2233,CC(C)CS(=O)(=O)CCC(=O)[O-]
Anion_2234,O=C([O-])CCSCc1ccc(F)cc1
Anion_2235,O=C([O-])CCCCCC(=O)c1ccc(Cl)cc1
Anion_2236,O=C([O-])Cc1ccc(OCC2CC2)c(Cl)c1
Anion_2237,Cc1ccc(C(=O)CCCCCC(=O)[O-])cc1C
Anion_2238,Cc1ccc(C(=O)CCCCCCC(=O)[O-])cc1C
Anion_2239,O=C([O-])CCCCc1ccc(Cl)c(Cl)c1
Anion_2240,C=CCOCCOCCC(=O)[O-]
Anion_2241,O=C([O-])C1(Cc2ccc(Br)cc2)CC1
Anion_2242,O=C([O-])C1(Cc2ccccc2Cl)CC1
Anion_2243,O=C([O-])C1(Cc2ccc(C(F)(F)F)cc2)CC1
Anion_2244,CCCC(=O)CCCCCCC(=O)[O-]
Anion_2245,CCCCCC(=O)CCCCCCC(=O)[O-]
Anion_2246,Cc1cccc(CSCC(=O)[O-])c1
Anion_2247,O=C([O-])C1(Oc2ccccc2)CC1
Anion_2248,C[N+](C)=C1C=CC(=C([O-])CCC(=O)[O-])C=C1
Anion_2249,COc1c(Cl)cc(Cl)cc1CC(=O)[O-]
Anion_2250,O=C([O-])CCC(=O)c1cc(Cl)cc(Cl)c1
Anion_2251,COC1=CC=CC(=C([O-])CCC(=O)[O-])[C+]1OC
Anion_2252,COc1ccccc1C1(C(=O)[O-])CCCCC1
Anion_2253,CCCCCOc1ccc(C(=O)CCC(=O)[O-])cc1
Anion_2254,O=C([O-])CCC(=O)c1cccc(Oc2ccccc2)c1
Anion_2255,COc1ccc(C(=O)CCCCCC(=O)[O-])cc1OC
Anion_2256,COc1ccc(C(=O)CCCCCCC(=O)[O-])c(OC)c1
Anion_2257,O=C([O-])CCCCCC(=O)C1CC1
Anion_2258,C[N+](CC(=O)[O-])=C1C=CC(Cl)=[N+]=N1
Anion_2259,CCCc1ccc(C(=O)CCCC(=O)[O-])cc1
Anion_2260,COC1=CC(=C([O-])CCCCC(=O)[O-])[CH+]C(OC)=C1
Anion_2261,CS(=O)(=O)N(CCc1ccccc1)CC(=O)[O-]
Anion_2262,O=C([O-])CCC(=O)c1cc(Cl)c(Cl)c(Cl)c1
Anion_2263,COc1ccc(C2(C(=O)[O-])CCCCC2)cc1OC
Anion_2264,O=C([O-])CCCCCC(=O)c1cccc2ccccc12
Anion_2265,O=C([O-])COc1c(F)c(F)cc(F)c1F
Anion_2266,CC(=Cc1c(Cl)cccc1Cl)C(=O)[O-]
Anion_2267,O=C([O-])C=Cc1ccccc1Oc1ccccc1
Anion_2268,CCOc1ccc(C=CC(=O)CCC(=O)[O-])cc1
Anion_2269,CCOc1ccc(C=CC(=O)[O-])cc1Br
Anion_2270,CCOC1=CC(=CC=C([O-])[O-])C=C[C+]1OCc1ccccc1
Anion_2271,CCOC1(C(=O)[O-])CCC1
Anion_2272,COc1c(C)cccc1CC(=O)[O-]
Anion_2273,Cc1ccc(SCC(=O)[O-])c(C)c1
Anion_2274,Cc1ccccc1C(=O)CCCCC(=O)[O-]
Anion_2275,CC1=CC=CC(=C([O-])CCCCC(=O)[O-])[CH+]1
Anion_2276,CC1=CC=C(C)C(=C([O-])CCCCC(=O)[O-])[CH+]1
Anion_2277,O=C([O-])COc1ccc(Br)cc1F
Anion_2278,CCOc1ccc(OCCC(=O)[O-])cc1
Anion_2279,C[S+]=C1C=CC(=C([O-])CCCC(=O)[O-])C=C1
Anion_2280,CC(C)c1ccc(C2(C(=O)[O-])CCCCC2)cc1
Anion_2281,O=C1CCC(C(=O)[O-])(c2ccc(Cl)cc2)CC1
Anion_2282,COc1ccc(Cl)cc1C(=O)CCCCC(=O)[O-]
Anion_2283,CC(C)(CC(=O)c1cccc2ccccc12)C(=O)[O-]
Anion_2285,Cc1cc(C)c(C(=O)CC(C)(C)C(=O)[O-])c(C)c1
Anion_2286,CN(C)S(=O)(=O)c1ccc(OCC(=O)[O-])cc1
Anion_2287,CN(CC(=O)[O-])C(=O)c1ccccn1
Anion_2288,COCC1=C(C(=O)[O-])C=[N+]=[N+]1c1ccccc1
Anion_2289,C[n+]1c([O-])c2c([n+](C)c1[O-])=[S+]C(=C([O-])[O-])C=2
Anion_2290,C#CCOc1ccccc1C=CC(=O)[O-]
Anion_2291,O=C([O-])C1=CCCS1
Anion_2292,O=C([O-])C1(C(=O)C2CC2)CC1
Anion_2293,O=C([O-])COC1=CC=[S+2]=C1
Anion_2294,CCCc1nc(C)c(C(=O)[O-])o1
Anion_2295,CCc1cc2c(s1)=[S+2]=CC=2CC(=O)[O-]
Anion_2296,CC[n+]1c(C(=O)[O-])cc2occ[c-]21
Anion_2297,CS(=O)(=O)c1ccc(C=CC(=O)[O-])o1
Anion_2299,C[n+]1ncc(C(=O)[O-])[c-]1Cc1ccccc1
Anion_2300,CC(C)Oc1ccc(C(=O)CCC(=O)[O-])cc1
Anion_2301,O=C([O-])C[N+]1=[N+]=C[N+]2=CC=CC2=C1[O-]
Anion_2302,COc1ccc(Br)c2c1=CC(=C([O-])[O-])[NH+]=2
Anion_2303,Cc1ccc(-[n+]2nc(C)c(C(=O)[O-])[c-]2C)cc1
Anion_2304,O=C([O-])c1ccc(Oc2ccc(Br)cc2)o1
Anion_2305,CS(=O)(=O)C1=[N+]=C(C(=O)[O-])c2cccc[n+]21
Anion_2307,CC(C)C1=C(C(=O)[O-])C=[N+]=[N+]1c1ccccc1
Anion_2308,O=C([O-])C[n+]1c([O-])oc2cc(Br)ccc21
Anion_2309,CN(C)C(=O)CSCC(=O)[O-]
Anion_2310,O=C([O-])CCCC1=[N+]=CC(=C2C=CC=C[CH-]2)O1
Anion_2311,COc1ccc(-n2cc(C(=O)[O-])c3ccccc3c2=O)cc1
Anion_2312,O=C([O-])CC1Cc2ccccc2C(=O)O1
Anion_2314,O=C([O-])C1=[S+2]=C(Br)N=C1Cl
Anion_2315,COc1cccnc1CCC(=O)[O-]
Anion_2316,CCc1cc(C)c(C(=O)[O-])o1
Anion_2317,O=C([O-])c1cc[n+]2[c-]1CCC2
Anion_2320,O=C([O-])c1cc2c(Cl)nccc2o1
Anion_2321,Cc1c(C(=O)[O-])oc2c1C(=O)CC(C)(C)C2
Anion_2322,O=C([O-])CCCOc1ccc(F)cc1F
Anion_2323,O=C([O-])CCCOc1ccc2c(c1)OCO2
Anion_2324,COc1ccc(CCC(C)(C)CC(=O)[O-])c(OC)c1
Anion_2325,O=C([O-])C=Cc1ccc(C2=[N+]=c3ccccc3=[S+]2)o1
Anion_2326,O=C([O-])CC1(C(F)(F)F)SCCS1
Anion_2327,CC1(C)CC(=O)c2ccc(OCC(=O)[O-])cc2O1
Anion_2328,CCC1=CC(=C([O-])[O-])O[C+]1CC
Anion_2329,CC1=Cc2cc(=C([O-])[O-])oc2=C[C+]1C
Anion_2330,O=C([O-])CCC(=O)c1ccccc1F
Anion_2331,C[N+]1=[N+]=C(C(=O)[O-])c2cccnc21
Anion_2332,Cc1ccc(-c2ocnc2C(=O)[O-])cc1
Anion_2333,N#Cc1cccc2[nH+]cc(C(=O)[O-])[c-]12
Anion_2334,CC1=[N+]=C(CCC(=O)[O-])OC1=C1C=CC=C[CH-]1
Anion_2335,COc1ccc(-c2ocnc2C(=O)[O-])cc1OC
Anion_2336,O=C([O-])c1cc(=C2C=CC=C[CH+]2)[n+](=c2cccc[n-]2)[n-]1
Anion_2337,Cc1oc(C)c(-c2ccc3c(c2)OCO3)c1C(=O)[O-]
Anion_2338,COC(=O)C1=CC(=C([O-])[O-])O[N-]1
Anion_2339,Cc1ccccc1C(=O)CC(C)(C)C(=O)[O-]
Anion_2340,O=C([O-])C1(c2ccccc2Cl)CCCC1
Anion_2341,CC1=CC=CC(=C([O-])CC(C)(C)C(=O)[O-])[C+]1C
Anion_2342,CC[N+]1=C(SCC(=O)[O-])[N+]#[N+]C1=C1C=CC(Cl)=C[CH-]1
Anion_2343,O=C([O-])C[N+]1=CC=c2c(cnc3[n+]2=NC=C3)C1=O
Anion_2344,CCCCSCCCCCCC(=O)[O-]
Anion_2345,CC(C)C1=[N+]=C[S+]=C1C(=O)[O-]
Anion_2346,COC(=O)C=Cc1ccc(C(=O)[O-])o1
Anion_2347,O=C([O-])CSCc1cccc(Br)c1
Anion_2348,O=C([O-])c1cnc(C(F)(F)F)[nH]1
Anion_2349,Cc1ccc(F)cc1C(=O)CCC(=O)[O-]
Anion_2350,O=C([O-])C[n+]1c(C2CC2)nc2cccc[c-]21
Anion_2353,CC[N+]1=CN=CC1=C([O-])[O-]
Anion_2354,N#CC1=C[S+]=CC1=C([O-])[O-]
Anion_2355,O=C([O-])c1[nH+]nc[c-]1I
Anion_2356,CCC=C(F)C(=O)[O-]
Anion_2357,Cc1cc(=O)[n+](CCC(=O)[O-])c2cccc[c-]12
Anion_2358,CC1(C)CCC=C1C(=O)[O-]
Anion_2359,Cc1ccc2c(c1)[NH+]=CC2=CC=C([O-])[O-]
Anion_2360,O=C([O-])C(F)(F)OCC(F)(F)F
Anion_2361,C[n+]1c(CCC(=O)[O-])nc2cc(Cl)cc[c-]21
Anion_2362,C[n+]1c(CCC(=O)[O-])nc2ccc(Cl)c[c-]21
Anion_2363,CC=C(C=CC(=O)[O-])CC
Anion_2364,O=C([O-])CCCCC(=O)c1cccc(Br)c1
Anion_2365,O=C([O-])C[N+]1=C(S)[N+]#[N+]C1=C1C=C[CH-]O1
Anion_2366,Cc1ccc(C)n1CCCC(=O)[O-]
Anion_2367,Cc1ccccc1OCC1=[N+]=[N+]=C(SCC(=O)[O-])O1
Anion_2368,O=C([O-])c1[nH+]cc(F)[c-]1F
Anion_2370,CS(=O)(=O)C1=CC(=C([O-])[O-])C=[S+]1
Anion_2371,O=C([O-])CSC(F)(F)C(F)(F)C(F)(F)F
Anion_2372,C=C(CN1CCCC1)C(=O)[O-]
Anion_2373,CCOc1ccc(OC(C)(C)C(=O)[O-])cc1
Anion_2374,COc1cc(OC)[c-](OC)c2[nH+]c(C(=O)[O-])cc1-2
Anion_2375,CCC1=[NH+]C(=C([O-])[O-])C(C)=C1C(=O)OC
Anion_2376,COc1ccc(Cl)cc1C(=O)CCCC(=O)[O-]
Anion_2377,O=C([O-])c1cc2c(n1Cc1ccccc1)CCC2
Anion_2378,O=C([O-])CC1=[N+]=[N+]=C(S)N1Cc1ccccc1
Anion_2379,C[n+]1c(C(=O)[O-])nc2nccc[c-]21
Anion_2380,O=C([O-])CCCC(=O)c1ccc(Cl)cc1Cl
Anion_2381,O=C([O-])CCCC(=O)c1cc(Cl)cc(Cl)c1
Anion_2382,CC(C)(C)C(=O)CCCC(=O)[O-]
Anion_2383,O=C([O-])C1=[N+]=[NH+]c2cc(F)c(F)cc21
Anion_2384,O=C([O-])C1=C(c2ccccc2)SCCO1
Anion_2385,CCC(=CC(=O)[O-])c1ccc(C)cc1
Anion_2386,C[N+](CC(=O)[O-])=c1ncc2c([n-]1)-c1ccccc1OC2
Anion_2387,CCN(CC)C(=O)N1CCC(C(=O)[O-])CC1
Anion_2388,CCN(C(=O)N1CCC(C(=O)[O-])CC1)C(C)C
Anion_2389,O=C([O-])CC[n+]1c([O-])[nH+]c2ccccc2c1[O-]
Anion_2390,O=C([O-])Cc1ccc2c(c1)COC2
Anion_2392,N#Cc1cc2c(cc1CC(=O)[O-])OCO2
Anion_2393,O=C([O-])CN1C(=O)C(=O)N(Cc2cccc(F)c2)C1=O
Anion_2394,Cc1[nH]c(C(F)(F)F)cc1C(=O)[O-]
Anion_2395,O=C([O-])C1=[S+2]=CN=C1Br
Anion_2396,COC1=C(C)C=[S+2]=C1C(=O)[O-]
Anion_2397,C[S+]=C1C=C(c2ccc(Cl)cc2)C(=C([O-])[O-])S1
Anion_2398,C[n+]1c([O-])c2ccccc2[n+](CCC(=O)[O-])c1[O-]
Anion_2399,O=C([O-])c1cc(Cl)c(Br)[nH]1
Anion_2400,CC(C)C1=C(C(=O)[O-])C=[N+]=[N+]1c1ccc(Cl)cc1
Anion_2401,CC1=[N+]=C(COc2ccc(Cl)cc2)[S+]=C1C(=O)[O-]
Anion_2402,CCCc1ncc(C(=O)[O-])[nH]1
Anion_2403,O=C([O-])C[S+]=c1nccc[c-]1C(F)(F)F
Anion_2404,Cc1ccc(OCCCC(=O)[O-])c(C)c1
Anion_2405,Cn1cc(C(=O)[O-])c(=O)c2cc(F)ccc21
Anion_2406,O=C([O-])CCN1C(=O)c2cccnc2C1=O
Anion_2407,Cc1ccc([N+]2=[N+]=C(C(=O)[O-])C3=C2CCCC3)cc1
Anion_2408,O=C([O-])C1=[N+]=[N+](c2ccc(F)cc2)C2=C1CCCC2
Anion_2409,CC1=[N+]=[N+](CC(=O)[O-])c2ccccc21
Anion_2410,O=C([O-])C1=C[NH+]=CC1=C1C=CC(F)=C[CH-]1
Anion_2411,O=C([O-])c1occc1CS(=O)(=O)c1ccccc1
Anion_2412,O=C([O-])CCCN1C(=O)c2cccnc2C1=O
Anion_2413,O=C([O-])C1=[N+]=[N+]=C2C=CC(Cl)=[N+]=[N+]21
Anion_2414,O=C([O-])c1occ2c1CCCC2
Anion_2415,O=C([O-])c1cnc(-c2ccc(C(F)(F)F)cc2)[nH]1
Anion_2416,O=C([O-])CCC[N+]1=[N+]=CC=CC1=O
Anion_2417,CC(C)S(=O)(=O)N1CCC(C(=O)[O-])CC1
Anion_2418,O=C([O-])CCOc1ccc(Oc2ccccc2)cc1
Anion_2419,COc1ccccc1C1=[N+]=[N+]=C(CC(=O)[O-])O1
Anion_2420,Cc1cc(C(=O)[O-])nn1-c1cccc(C(F)(F)F)c1
Anion_2421,COc1cc(CCC(=O)[O-])ccc1Cl
Anion_2422,COCCC1(C(=O)[O-])CCC1
Anion_2423,O=C([O-])C1=[N+]=C(Cl)[S+]=C1Br
Anion_2424,O=C([O-])C1=[N+]=C(Br)[S+]=C1Br
Anion_2425,COC(=O)C1=C[N+](CC(=O)[O-])=[N+]=N1
Anion_2426,O=C([O-])CCN1CCCCCC1
Anion_2427,O=C([O-])C(=O)c1c[nH+]c2nccc[c-]12
Anion_2428,Cc1ccc(COC2=CC=[S+2]=C2C(=O)[O-])cc1
Anion_2429,CC(C)(C)c1ccc(COC2=CC=[S+2]=C2C(=O)[O-])cc1
Anion_2430,COc1ccccc1C(=O)CCCCCCC(=O)[O-]
Anion_2431,O=C([O-])C(F)=CC1CCCCC1
Anion_2432,CC1=[N+]=[N+](c2ccccc2)C(C(F)(F)F)=C1C(=O)[O-]
Anion_2433,O=C([O-])c1cc(Cl)c[n+]2c1=[N+]=CC=2
Anion_2434,O=C([O-])C1=[NH+]C=[N+]=C1C(=O)c1ccccc1
Anion_2435,O=C([O-])c1c[s+]c(Cc2ccc(Br)cc2)[n-]1
Anion_2436,O=C([O-])CCCC[n+]1c([O-])[nH+]c2ccccc2c1[O-]
Anion_2437,O=C([O-])CCCCC[n+]1cnc2ccccc2c1[O-]
Anion_2438,O=C([O-])CCCCC[n+]1c([O-])[nH+]c2ccccc2c1[O-]
Anion_2439,CCOC(=O)c1cc(C(=O)[O-])nn1C
Anion_2442,O=C([O-])CCCCC(=O)C1CCCC1
Anion_2443,CCOC1=[N+]=C(C(=O)[O-])[CH-]O1
Anion_2444,CCCC1=C(C(=O)[O-])C=[N+]=[N+]1C
Anion_2445,CCOC1=C(C(=O)[O-])C=[N+]=[N+]1c1ccccc1
Anion_2446,CC(C)(C)c1ccc(-c2ccc(C(=O)[O-])o2)cc1
Anion_2447,O=C([O-])c1ccc(-c2cccc(C(F)(F)F)c2)s1
Anion_2448,COc1cc2oc(=O)cc(CC(=O)[O-])c2cc1OC
Anion_2449,CC(C)c1cccc(OC(C)(C)C(=O)[O-])c1
Anion_2450,CC(C)c1ccc(OC(C)(C)C(=O)[O-])cc1
Anion_2451,O=C([O-])CCS(=O)(=O)c1cccc2cccnc12
Anion_2452,CC(=O)[N+]1=C2C=CC(=S(=O)([O-])CCC(=O)[O-])C=C2CC1
Anion_2453,CC(=CC(=O)[O-])C1CC1
Anion_2454,O=C([O-])C(F)=C1CCCC1
Anion_2455,O=C([O-])C1=[N+]=C[S+]=C1Cc1ccccc1
Anion_2456,COc1ccccc1-c1ccc(C(=O)[O-])s1
Anion_2457,O=C([O-])c1c[s+]c(CCc2ccccc2)[n-]1
Anion_2458,N#CCCCOc1ccc(CC(=O)[O-])cc1
Anion_2459,O=C([O-])c1cc2ccccc2n1CC1=CC=[N+]=C[CH-]1
Anion_2460,CC(=O)c1oc2cc(C)ccc2c1CC(=O)[O-]
Anion_2461,O=C([O-])c1cnc(Cc2c(Cl)cccc2Cl)s1
Anion_2462,O=C([O-])CC1=CC=CC(=C2C=CC(F)=C(F)[CH+]2)[CH-]1
Anion_2463,O=C([O-])CC1=CC=CC(=C2C=C(F)C=C(F)[CH+]2)[CH-]1
Anion_2465,CC(C)(CC(=O)[O-])CC(=O)N1CCOCC1
Anion_2466,CC1CCN(CCC(=O)[O-])CC1
Anion_2467,O=C([O-])Cc1c(Br)cccc1Br
Anion_2468,O=C([O-])CCC(=O)OCC(F)(F)F
Anion_2469,CC1=[N+]=[N+]=C(SCC(=O)[O-])N1Cc1ccccc1
Anion_2470,COc1ccc([N+]2=C(C)[N+]#[N+]C2=[S+]CC(=O)[O-])cc1
Anion_2471,CC1=[N+](c2ccc(C)cc2)C(=[S+]CC(=O)[O-])[N+]#[N+]1
Anion_2472,O=C([O-])Cc1ccccc1CS
Anion_2473,Cc1ccc(C2=[N+]=[NH+]C=C2C(=O)[O-])cc1
Anion_2474,CC1=CC=CC(=C2N=[NH+]C=C2C(=O)[O-])[CH-]1
Anion_2475,O=C([O-])C1=C[NH+]=[N+]=C1c1ccccc1F
Anion_2476,COc1ccccc1C1=[N+]=[NH+]C=C1C(=O)[O-]
Anion_2477,O=C([O-])C1=C[NH+]=[N+]=C1c1cccc(Br)c1
Anion_2478,O=C([O-])C1=C[NH+]=[N+]=C1c1ccc(Br)cc1
Anion_2479,COC1=CC=CC(=C2C=CC(CC(=O)[O-])=C[CH+]2)[CH-]1
Anion_2480,COc1ccc(-c2ccc(C(=O)[O-])s2)c(C)c1
Anion_2481,Cc1ccc(C2=[N+]=[NH+]C=C2C(=O)[O-])c(C)c1
Anion_2482,COc1ccc(C2=[N+]=[NH+]C=C2C(=O)[O-])cc1OC
Anion_2483,O=C([O-])Cc1cccc(OCc2ccc(Cl)cc2)c1
Anion_2484,CCOc1ccc(C2=[N+]=[NH+]C=C2C(=O)[O-])cc1Cl
Anion_2485,CCCCOc1ccc(C2=[N+]=[NH+]C=C2C(=O)[O-])cc1
Anion_2486,CC(C)CC1=[N+]=[NH+]C=C1C(=O)[O-]
Anion_2487,C[S+]=C1C=CC=CC1=C([O-])CCCC(=O)[O-]
Anion_2488,O=C([O-])COc1cc2oc(=O)c3c(c2cc1Cl)CCC3
Anion_2489,CCN(CC)C(=O)CSCC(=O)[O-]
Anion_2490,O=C([O-])CCc1ccc(F)nc1
Anion_2491,O=C([O-])CCc1coc2ccc(Cl)cc2c1=O
Anion_2492,O=C([O-])c1[nH+]nc2[c-]1COCC2
Anion_2493,CC(C)(C(=O)[O-])c1c(F)cccc1Cl
Anion_2494,CCCC1=[N+]=[N+]=[S+2]=C1C(=O)[O-]
Anion_2495,O=C([O-])CCC1=[N+]=C(c2cccs2)[N-]O1
Anion_2496,CC1(C)OB(c2ccc(F)c(/C=C/C(=O)[O-])c2)OC1(C)C
Anion_2497,O=C([O-])C1=CN=[n+]2c1nccc2=C1C=CC=[S+]1
Anion_2498,CC1=C(C=CC(=O)[O-])C=[N+]=[N+]1C
Anion_2499,N#Cc1ccc(C[n+]2c(C(=O)[O-])cc3cccc[c-]32)cc1
Anion_2500,O=C([O-])C=Cc1ccc(F)c(C(F)(F)F)c1
Anion_2501,CC[N+]1=C(SCC(=O)[O-])[N+]#[N+]C1=C1C=CC=C[CH-]1
Anion_2502,CC(C)CCc1cc(C(=O)[O-])n[nH]1
Anion_2503,CC1(C)CCc2c(C(=O)[O-])n[nH+][c-]21
Anion_2505,O=C([O-])C1=[N+]=[NH+]C2=C1CCCCCC2
Anion_2506,C=C(C)C[N+]1=C(SCC(=O)[O-])[N+]#[N+]C1=C1C=C[CH-]O1
Anion_2507,COCCn1cc(C(=O)[O-])ccc1=O
Anion_2509,O=C([O-])CCc1ccc(C(F)(F)F)cn1
Anion_2510,O=C([O-])CCCC(F)F
Anion_2511,O=C([O-])C1=CC(C(F)F)=[N+]=[NH+]1
Anion_2512,O=C([O-])C1=CC=[S+2]=C1C(F)(F)F
Anion_2513,CC1=[N+]=[N+](C2CCCCC2)C2=[S+2]=C(C(=O)[O-])C=C12
Anion_2514,CCC1=[N+]=[NH+]C(CC)=C1CC(=O)[O-]
Anion_2516,O=C([O-])C1CCN(C(=O)CCc2ccccc2)CC1
Anion_2517,CCCCCCCOc1ccc(C(=O)CCC(=O)[O-])cc1
Anion_2518,N#Cc1cccc(OCCC(=O)[O-])c1
Anion_2519,COc1cccc(OC)c1C(=O)CCC(=O)[O-]
Anion_2520,COC1=C(C(=O)[O-])C(C)=[N+]=[N+]1C
Anion_2521,Cc1ccccc1-n1cc(C(=O)[O-])cn1
Anion_2522,Cc1c(C(=O)[O-])[s+]c2ccc(Br)c[c-]12
Anion_2524,O=C([O-])CN1C(=O)[NH+]=[NH+]C1=O
Anion_2525,CC1=C[S+]=C(Cl)C1=C([O-])[O-]
Anion_2526,COc1ccc(C2(C(=O)[O-])CCC2)cc1OC
Anion_2527,CCCCC1=[N+]=c2ccccc2=[N+]1CC(=O)[O-]
Anion_2528,CC1=[N+]=C(C(=O)[O-])N=[N+]1c1ccc(Cl)cc1Cl
Anion_2529,CC1=[S+]C(c2ccc(C)cc2)=[N+]=C1C(=O)[O-]
Anion_2530,O=C([O-])CCC[n+]1c[n+]#[n+][n-]1
Anion_2531,COc1c(C(=O)[O-])[n+]#[n+]n1Cc1ccccc1Cl
Anion_2532,CCCC1=[N+]=C(C)[S+]=C1C(=O)[O-]
Anion_2533,CC1=C[n+]2cc(=C([O-])[O-])ccc2=N1
Anion_2534,CCCCCCCCSCCCCC(=O)[O-]
Anion_2535,O=C([O-])CCC(=O)N1CC[N+](=c2cccc[n-]2)CC1
Anion_2536,O=C([O-])CCC(=O)N1CC[N+](=c2nccc[n-]2)CC1
Anion_2537,CC1=CC=[S+2]=C1CCCC(=O)[O-]
Anion_2539,O=C([O-])C1CCN(Cc2ccccn2)CC1
Anion_2540,O=C([O-])CC1CN(C(=O)OCc2ccccc2)C1
Anion_2541,O=C([O-])CCCCCCC(=O)c1ccc(F)cc1
Anion_2542,CC1=C[n+]2cccc(=C([O-])[O-])c2=N1
Anion_2543,CCOC(=O)CON=C(C(=O)[O-])c1cc[nH+][n-]1
Anion_2544,CCCCCc1ccc(C(=O)CCC(=O)[O-])cc1
Anion_2545,CCCCCc1ccc(C(=O)CCCC(=O)[O-])cc1
Anion_2546,CCCCCc1ccc(C(=O)CCCCC(=O)[O-])cc1
Anion_2547,CCCCCCc1ccc(C(=O)CCCCC(=O)[O-])cc1
Anion_2548,COCCN1CCC(C(=O)[O-])CC1
Anion_2549,Cc1cccc(C2(C(=O)[O-])CCC2)c1
Anion_2550,Cc1ccccc1C1(C(=O)[O-])CCC1
Anion_2551,O=C([O-])C1(c2cccc(F)c2)CCC1
Anion_2552,O=C([O-])c1cc(Cl)c[n+](Cc2cccc(Cl)c2)c1[O-]
Anion_2553,O=C([O-])C1(c2cccc(OCc3ccccc3)c2)CCCC1
Anion_2554,CC(=O)N(C)CCCC(=O)[O-]
Anion_2555,CC1=CC(C)=[N+]=C(OCC(=O)[O-])[N-]1
Anion_2556,O=C([O-])c1coc2ccc(F)cc12
Anion_2557,O=C([O-])CC1=CC=CC(=S(=O)([O-])Cl)[CH+]1
Anion_2558,COC1=CC(C(F)(F)F)=[S+2]=C1C(=O)[O-]
Anion_2560,C[N+]1=CC=[N+]=C1COCC(=O)[O-]
Anion_2561,O=C([O-])CCCOc1ccccc1Br
Anion_2562,Cc1c(OCC(=O)[O-])ccc2c1OC(=O)CC2C
Anion_2563,O=C([O-])C1=[N+]=C[N+]2=CC=[S+2]=C12
Anion_2564,CC1=C(C(=O)[O-])C=[N+]=[N+]1C1=CC=[N+]=C[CH-]1
Anion_2565,O=C([O-])CCC1=CC(Cl)=[N+]=C(Cl)[N-]1
Anion_2566,O=C([O-])c1cc2ccc(Cl)c(F)c2[nH]1
Anion_2567,O=C([O-])c1cc[n+]2ccnc[c-]12
Anion_2568,COCc1ccc(CC(=O)[O-])cc1
Anion_2569,O=C([O-])C[N+](=c1cccc[n-]1)S(=O)(=O)c1ccccc1
Anion_2570,COc1cc2c(cc(C(=O)[O-])n2C)c(OC)c1OC
Anion_2571,O=C([O-])CCCCCC1=CC=[S+2]=C1
Anion_2572,O=C([O-])Cc1c[nH+]c2cc(C(F)(F)F)cc[c-]12
Anion_2573,O=C([O-])CCc1cncnc1
Anion_2574,O=C([O-])c1c[c+](C(F)(F)F)o[n-]1
Anion_2575,O=C([O-])C1(c2ccc(F)c(F)c2)CCC1
Anion_2576,CC1=C(C(=O)[O-])C(Cl)=[N+]=[N+]1C
Anion_2577,Cc1ccccc1C1=CC(=C([O-])[O-])[N-]O1
Anion_2578,O=C([O-])C1=CC(=C2C=CC=C[C+]2Br)O[N-]1
Anion_2579,O=C([O-])C=Cc1ccccc1OC(F)(F)F
Anion_2580,O=C([O-])CCOc1ccccc1OC(F)(F)F
Anion_2581,COC(=O)C1=CC(=C([O-])[O-])[C+](C)O1
Anion_2582,CC(C)c1ccc(C2=[N+]=C(CC(=O)[O-])C=[S+]2)cc1
Anion_2583,COc1ccc(CC(=O)[O-])cc1OC(F)F
Anion_2584,CC(C)[N+]1=[N+]=C(C(=O)[O-])C=CC1=O
Anion_2585,O=C([O-])C=Cc1ccc2c(c1)OC(F)(F)O2
Anion_2586,O=C([O-])Cc1c[s+]c(-c2ccc(C(F)(F)F)cc2)[n-]1
Anion_2587,CC1(C)OB(c2ccccc2CCCC(=O)O)OC1(C)C
Anion_2588,O=C([O-])C1=[N+]=C(c2cccs2)C=[S+]1
Anion_2589,O=C([O-])C1=[N+]=C(c2ccccn2)C=[S+]1
Anion_2590,Cc1onc(C(=O)[O-])c1Br
Anion_2591,CC(C)(C)c1ccc(C(C)(C)C(=O)[O-])cc1
Anion_2592,O=C([O-])c1c[n+](C2CCCC2)c2ncnc(Cl)[c-]12
Anion_2593,Cc1c(C(=O)[O-])[nH+]c2ccc(C(F)(F)F)c[c-]12
Anion_2594,COc1ccc(CC2=[N+]=C(C(=O)[O-])C=[S+]2)cc1
Anion_2595,CC(C)(C)OC(=O)N1CCC(C(=O)[O-])(C(F)(F)F)CC1
Anion_2596,Cc1c(C(=O)[O-])[s+]c2cc(F)cc[c-]12
Anion_2597,CC1=C(C(=O)[O-])C=[N+]=[N+]1CC(C)C
Anion_2598,C[N+]1=CC=[N+]=C1C(C)(C)C(=O)[O-]
Anion_2599,O=C([O-])CCCCC(=O)c1cc(Cl)ccc1Cl
Anion_2600,COCCOc1ccc(-[n+]2nc(C)c(C(=O)[O-])[n-]2)cc1
Anion_2601,Cc1c(I)cccc1CC(=O)[O-]
Anion_2602,O=C([O-])C1=[N+]=[NH+]c2cc(OC(F)(F)F)ccc21
Anion_2603,CCC1(C(=O)[O-])CN(C(=O)OC(C)(C)C)C1
Anion_2604,O=C([O-])c1noc2cc(F)ccc12
Anion_2605,O=C([O-])c1noc2c(F)cccc12
Anion_2606,C[N+](CC(=O)[O-])=c1ccnc(Cl)[n-]1
Anion_2607,O=C([O-])CCC(=O)c1ccc2c(c1)OCCCO2
Anion_2608,C[N+]1=C(C(=O)[O-])C=CC1=C1C=CC=C[CH-]1
Anion_2609,O=C([O-])c1cn[n+](-c2ccc(Cl)cc2Cl)[c-]1C1CC1
Anion_2610,C[S+]=C1N=C(C(=O)[O-])C=[S+]1
Anion_2611,O=C([O-])C(F)(F)C1CCOCC1
Anion_2612,C[S+]=C1N=[N+](C)C=C1C(=O)[O-]
Anion_2613,CC1=[N+]=C(CCC(=O)[O-])C=[S+]1
Anion_2614,O=C([O-])c1ccc(C(F)F)o1
Anion_2615,O=C([O-])CCOCCc1ccc(F)cc1
Anion_2616,CC1(C(=O)[O-])CN(C(=O)OCc2ccccc2)C1
Anion_2617,O=C([O-])C[N+]1=CN=CC1=C1C=CC=C[CH-]1
Anion_2619,CC[n+]1c([O-])[n+](CC(=O)[O-])c2cccc[c-]21
Anion_2620,O=C([O-])c1cc2cc(Cl)cc(Br)c2o1
Anion_2621,CCC1=[N+]=C(CC(=O)[O-])C=[S+]1
Anion_2622,O=C([O-])C(F)(F)c1ccc(F)c(F)c1
Anion_2623,C[S+]=C1N=C(C)C(CC(=O)[O-])=[S+]1
Anion_2624,O=C([O-])CCCCC[n+]1c[n+]#[n+][n-]1
Anion_2625,CCN1CC(C(=O)[O-])C1
Anion_2626,CC(C)(CC1=[N+]=c2ccccc2=[NH+]1)C(=O)[O-]
Anion_2627,O=C([O-])c1coc2ccc(Cl)cc12
Anion_2628,O=C([O-])C1=[N+]=[N+](c2ccc(F)cc2)C2=C1CCC2
Anion_2629,O=C([O-])C1(c2ccc(Cl)cc2)COC1
Anion_2630,O=C([O-])Cc1ccc(CS)cc1
Anion_2631,O=C([O-])C1=[S+2]=C(N2CCOCC2)N=C1c1ccccc1
Anion_2632,Cc1conc1C(=O)[O-]
Anion_2633,O=C([O-])CN1CCC(=O)CC1
Anion_2634,COc1ccc(C(=O)CCCCC(=O)[O-])c(OC)c1OC
Anion_2635,CCOC(=O)C1CCN(CC(=O)[O-])CC1
Anion_2636,CCCC1=C(C(=O)[O-])C=[N+]=[N+]1c1cc(Cl)cc(Cl)c1
Anion_2637,O=C([O-])CC[n+]1cc(Cl)c[n-]1
Anion_2638,O=C([O-])C1=CC(=C2C=CC(F)=C[CH+]2)C=[S+]1
Anion_2639,O=C([O-])C1CCN(C(=O)Cc2ccc(F)cc2)CC1
Anion_2640,CC(C)(C)OC(=O)N1CCC(OCCC(=O)[O-])CC1
Anion_2641,O=C([O-])C1=CC(=C2C=CC=[S+]2)N=[NH+]1
Anion_2642,O=C([O-])C1=[N+]=[NH+]c2cnccc21
Anion_2643,O=C([O-])CN1C(=O)CCCC1=O
Anion_2644,O=C([O-])c1cc(C(F)(F)F)c[nH]1
Anion_2645,COc1cnc(C(=O)[O-])o1
Anion_2646,CC(C)(C)OC(=O)N1CCC(SCC(=O)[O-])CC1
Anion_2648,Cc1ccc(F)c(CCC(=O)[O-])c1
Anion_2649,C[n+]1cc(=C([O-])[O-])c(=C2C=CC=C[C+]2Cl)[n-]1
Anion_2650,O=C([O-])CCOc1cc(F)ccc1F
Anion_2651,Cc1ccc(F)c(OCCC(=O)[O-])c1
Anion_2652,Cc1cc(CCC(=O)[O-])ccc1F
Anion_2653,CN(C(=O)OC(C)(C)C)C1CC(C(=O)[O-])C1
Anion_2654,N#Cc1ccc(SCCC(=O)[O-])cc1
Anion_2655,O=C([O-])C1=[N+]=[N+]=[N+](c2ccccc2)[C-]1C1CC1
Anion_2656,Cc1cncn1CC(=O)[O-]
Anion_2657,O=C([O-])C=Cc1ccc(OCc2ccc(F)c(F)c2)cc1
Anion_2658,C[N+]1=CN=CC(=C([O-])[O-])C1=O
Anion_2659,CC1=[N+]=[N+](CC(=O)[O-])C(C)=C1Br
Anion_2660,C[N+]1=CC(Cl)=CC1=C([O-])[O-]
Anion_2661,N#CC1=CC=CC(=C2C=C(C(=O)[O-])[N-]O2)[CH+]1
Anion_2663,COc1ccccc1-c1oncc1C(=O)[O-]
Anion_2664,COc1ccc(-c2[nH]ncc2C(=O)[O-])cc1
Anion_2665,O=C([O-])C1=CN=[NH+]C1=C1C=CC(Cl)=C[CH-]1
Anion_2666,Cc1ccccc1C1(C(=O)[O-])CC1
Anion_2667,CC(C)(C(=O)[O-])c1ccc(C#N)cc1
Anion_2669,Cc1cc(C(=O)[O-])c(C)n1CC1=CC=[N+]=C[CH-]1
Anion_2670,O=C([O-])c1ccc(CN2CCCC2)o1
Anion_2671,COCC[n+]1c(C(=O)[O-])cc2cc(Cl)cc[c-]21
Anion_2672,O=C([O-])C1CCN(Cc2ccccc2Cl)CC1
Anion_2673,CC1=[N+]=[N+](c2ccc(Cl)cc2)C=C1C(=O)[O-]
Anion_2674,CC1=[N+]=[N+](c2ccc(Br)cc2)C=C1C(=O)[O-]
Anion_2675,O=C([O-])c1c(-[n+]2c[n+]#[n+][n-]2)[s+]c2[c-]1CCCC2
Anion_2676,CN(C)S(=O)(=O)CC(=O)[O-]
Anion_2677,Cc1cc(OC[n+]2ccc(C(=O)[O-])[n-]2)ccc1Cl
Anion_2678,C[N+]1=[N+]=C(C(=O)[O-])C(Cl)=C1C(F)(F)F
Anion_2679,O=C([O-])C1=[N+]=CC=[N+]2C=CN=C12
Anion_2680,Cc1cc(=C([O-])[O-])nc2[n+]1=NC=C2
Anion_2681,Cc1cc(=C([O-])[O-])nc2[n+]1=CC=N2
Anion_2683,CC(C)(C(=O)[O-])c1ccc(Cl)cc1F
Anion_2684,O=C([O-])C1(c2cccc(F)c2)CCOCC1
Anion_2685,COc1cccc(C2(C(=O)[O-])CCOCC2)c1
Anion_2686,O=C([O-])C1(c2cccc(C(F)(F)F)c2)CCOCC1
Anion_2687,C[N+]1=CC(=c2ncc(=C([O-])[O-])s2)C=N1
Anion_2688,O=C([O-])c1ccc[n+](Cc2cccc(C(F)(F)F)c2)c1[O-]
Anion_2689,O=C([O-])Cc1occc1Cl
Anion_2690,CC(C)Oc1cccc(CCC(=O)[O-])c1
Anion_2691,CC[n+]1c([O-])c2ccccc2[n+](CC(=O)[O-])c1[O-]
Anion_2692,O=C([O-])C1CCN(CC2=CC=[N+]=C[CH-]2)CC1
Anion_2693,CC(C)(C)OC(=O)N(CC(=O)[O-])CC1CCCC1
Anion_2694,O=C([O-])CN1C(=O)COCC1=O
Anion_2695,CC[N+]1=[N+]=CC(=C2C=C(C(=O)[O-])[N-]O2)[C-]1C
Anion_2696,C=CCn1cc(C(=O)[O-])[n+]#[n+]1
Anion_2699,O=C([O-])Cc1ccc(S(=O)(=O)N2CCCCC2)cc1
Anion_2700,CC1=[N+]=[N+](c2ccc(F)cc2)C(C)=C1CC(=O)[O-]
Anion_2701,O=C([O-])c1c[s+]c(Cc2ccc(Cl)cc2)[n-]1
Anion_2702,O=C([O-])CCC(=O)N(Cc1ccccc1)Cc1ccccc1
Anion_2703,O=C([O-])Cc1cc2cccnc2cc1F
Anion_2704,O=C([O-])Cc1ccc2ncc(Br)cc2c1
Anion_2705,CC1=[N+]=[N+](c2cccc(C(F)(F)F)c2)C(C)=C1C(=O)[O-]
Anion_2706,O=C([O-])CC1=[N+]=CC=C[C-]1Cl
Anion_2707,CCCCC1CC(=O)Oc2c1ccc(OCC(=O)[O-])c2C
Anion_2708,O=C([O-])Cc1ccc(OCC(F)(F)F)cc1
Anion_2709,O=C([O-])c1cc2c([nH]1)=NC=[S+2]=2
Anion_2710,CC1=C(C(=O)[O-])[CH+]C(=S(C)(=O)[O-])O1
Anion_2711,O=C([O-])CCC(=O)[N+]1=C2[CH-]C=CC=C2CCC1
Anion_2712,CCN(CCCC(=O)[O-])C(=O)OC(C)(C)C
Anion_2713,CS(=O)(=O)N1CCN(CC(=O)[O-])CC1
Anion_2714,CCC1=[N+]=C(C2=[N+]=CC=C[N-]2)[S+]=C1C(=O)[O-]
Anion_2715,O=C([O-])c1cc2cc(Br)cc(Cl)c2[nH]1
Anion_2716,O=C([O-])c1ccc[n+]2c1=[N+]=C(C(F)(F)F)C=2
Anion_2717,O=C([O-])C[N+]1=C2[CH-]C(Cl)=CC=C2OCC1
Anion_2718,CC1=C(C(=O)[O-])[CH+]C(=S(=O)([O-])N(C)C)O1
Anion_2719,CC1=C(C(=O)[O-])[CH+]C(=S(=O)([O-])N2CCOCC2)O1
Anion_2720,CC1=C(C(=O)[O-])[CH+]C(=S(=O)([O-])N2CCCCC2)O1
Anion_2721,O=C([O-])C1=CC(=C2C=CC(F)=C[C+]2F)N=[NH+]1
Anion_2722,O=C([O-])CCCCCC(=O)c1ccc(Br)cc1
Anion_2723,O=C([O-])CCc1ccc(OCC2CC2)cc1
Anion_2724,O=C([O-])CCc1cc(F)ccc1Br
Anion_2725,CC(C)CN1CCC(C(=O)[O-])CC1
Anion_2726,O=C([O-])C1CN(C2CCOCC2)C1
Anion_2727,CC(C)(C)CN1CCC(C(=O)[O-])CC1
Anion_2728,CC(C)(C)C1CCC(N2CC(C(=O)[O-])C2)CC1
Anion_2729,O=C([O-])Cc1ccc2c(c1)[NH+]=[N+]=C2
Anion_2730,CCC1=[N+]=C2C=C(CC(=O)[O-])C=C[C-]2O1
Anion_2731,CC1=CC=CC(=C2C=C(C(=O)[O-])N=[NH+]2)[CH-]1
Anion_2732,CC(=O)N1CCN(C(=O)CCC(=O)[O-])CC1
Anion_2733,Cc1c(Br)ccc2[n+]1=CC(C(=O)[O-])=[N+]=2
Anion_2734,O=C([O-])CCC1=[N+]=C(c2ccccc2Cl)[N-]O1
Anion_2735,O=C([O-])CCCCC(=O)c1ccc(C(F)(F)F)cc1
Anion_2736,O=C([O-])C1(c2ccccn2)CCC1
Anion_2737,O=C([O-])c1ccc(C2=[N+]=CC=[S+]2)s1
Anion_2738,CC(C)(C)OC(=O)N1CCC(C(=O)[O-])([n+]2ccc[n-]2)CC1
Anion_2739,CC1=C[S+]=C(C(=O)[O-])C1=[N+]1C=CC=C1
Anion_2740,O=C([O-])c1c[s+]c2[c-]1CCOC2
Anion_2742,Cc1ccc([N+]2=[N+]=[N+]=C(CC(=O)[O-])[C-]2C)cc1
Anion_2743,O=C([O-])C1=[N+]=COC1=C1C=CC=C(C(F)(F)F)[CH-]1
Anion_2744,O=C([O-])C1=C[N-]OC1=C1C=CC=C[C+]1F
Anion_2745,O=C([O-])C1=CC(=C2C=CC(Cl)=[S+]2)[NH+]=N1
Anion_2746,CCCC1=CC(=C([O-])[O-])C=[S+]1
Anion_2747,O=C([O-])C1=CC(=C2C=CC=C(F)[CH+]2)[N-]O1
Anion_2748,O=C([O-])C1=CC=C[N+]1=c1ncc(C(F)(F)F)c[c-]1Cl
Anion_2749,O=C([O-])CCC1=[N+]=C(C2=[C+]O[C-]=C2)[N-]O1
Anion_2750,COC1=CC=CC(=C2N=C(CCC(=O)[O-])O[N-]2)[CH+]1
Anion_2751,COC1=CC(=C2N=C(CCC(=O)[O-])O[N-]2)[CH+]C(OC)=C1
Anion_2752,O=C([O-])C1=[N+]=C(Br)[S+]=C1c1ccccc1
Anion_2753,COCC1=[N+]=C(C(=O)[O-])C=[S+]1
Anion_2754,O=C([O-])c1cc2[n+]([n-]1)CCCO2
Anion_2755,COc1ccc(F)c2c1=CC(=C([O-])[O-])[NH+]=2
Anion_2756,O=C([O-])C1=CC=[N+]=[N+]1CCF
Anion_2757,CC(C)[N+]1=[N+]=CC(Cl)=C1C(=O)[O-]
Anion_2758,CC[N+]1=[N+]=CC(Cl)=C1C(=O)[O-]
Anion_2759,O=C([O-])C1=C[NH+]=[N+]=C1C1CC1
Anion_2760,CC1=c2c(C)ccc(C)c2=[NH+]C1=C([O-])[O-]
Anion_2761,O=C([O-])COc1cncc(Cl)n1
Anion_2762,O=CC1=C[N+](CC(=O)[O-])=[N+]=N1
Anion_2763,Cc1nonc1-c1noc(CCC(=O)[O-])n1
Anion_2764,Cc1nonc1-c1noc(CCCC(=O)[O-])n1
Anion_2765,CC1=C(C(=O)[O-])[N+]#[N+][N+]1=C1N=CC=[S+]1
Anion_2766,O=C([O-])C1(S(=O)(=O)c2ccc(Cl)cc2)CCCC1
Anion_2767,O=C([O-])c1cnc(-c2ccc(C(F)(F)F)cc2)s1
Anion_2769,Cc1c(C(=O)[O-])[n+]#[n+]n1Cc1ccc(Cl)cc1
Anion_2770,Cc1c(C(=O)[O-])[n+]#[n+]n1Cc1ccc(C(F)(F)F)cc1
Anion_2771,Cc1onc(-c2cccnc2)c1C(=O)[O-]
Anion_2772,O=C([O-])C1=[N+]=[NH+]C2=C1COc1ccccc12
Anion_2773,O=C([O-])C1CCC(OC2CCOCC2)CC1
Anion_2774,CC(C)(OCC(=O)[O-])C(F)(F)F
Anion_2775,O=C([O-])c1cn[n+]2cccc(Cl)[c-]12
Anion_2776,Cn1ncc(C(=O)[O-])c1S(C)(=O)=O
Anion_2777,CCC[n+]1cc(CCC(=O)[O-])c2cccc[c-]21
Anion_2778,COC1=[N+]=CC(Br)=CC1=CC=C([O-])[O-]
Anion_2779,CC1(C)CCC2=C(C1)N=[NH+]C2=C([O-])[O-]
Anion_2780,CC(C)(C)[N+]1=NC=C(C(=O)[O-])C1=C1C=CC=C[CH-]1
Anion_2781,COc1cccc2c1c(C(=O)[O-])nn2C
Anion_2782,COc1ccc2cc(-c3c[nH]cc3C(=O)[O-])ccc2c1
Anion_2783,O=C([O-])c1cn[n+](-c2ccccn2)[c-]1C(F)(F)F
Anion_2784,O=C([O-])c1c[n+]2cccc(C(F)(F)F)c2[n-]1
Anion_2787,CC[N+]1=[N+]=C(C(=O)[O-])C(Cl)=C1Cl
Anion_2788,CCOC(=O)C1(CC(=O)[O-])CCC1
Anion_2789,O=C([O-])Cc1ccc(OCC(F)F)cc1
Anion_2790,O=C([O-])C1CC[N+](=C2C=[N+]=CC=N2)CC1
Anion_2791,CCc1ccc(N2CCC(C(=O)[O-])CC2)cc1
Anion_2792,CC(C)(C)c1cnc(CCC(=O)[O-])o1
Anion_2793,O=C([O-])c1ccc[n+]2c[n+]#[n+][c-]12
Anion_2794,CCCC1=[N+]=[N+]=c2c(=C([O-])[O-])ccc[n+]21
Anion_2795,O=C([O-])CCc1cccc2cnccc12
Anion_2796,COc1ccc[n+]2ncc(C(=O)[O-])[c-]12
Anion_2797,O=C([O-])c1c[n+]2c(Cl)cccc2[n-]1
Anion_2798,CC1=CC=CC(=C2N=C(C(=O)[O-])C(C)=[NH+]2)[CH-]1
Anion_2799,CC1=[NH+]C(=C2C=CC=C(Cl)[CH-]2)N=C1C(=O)[O-]
Anion_2800,COC1=CC=CC(=C2N=C(C(=O)[O-])C(C)=[NH+]2)[CH-]1
Anion_2801,O=C([O-])CCN1C(=O)c2ccncc2C1=O
Anion_2802,CC(C)CC1(C(=O)[O-])CCCC1
Anion_2803,Cc1cncc(CC(=O)[O-])c1
Anion_2804,COc1ccc(CC(=O)[O-])cc1C(F)(F)F
Anion_2805,O=C([O-])CCC[N+]1=[N+]=C(C(F)(F)F)C2=C1CCCC2
Anion_2806,O=C([O-])C1=C[N+](C2CCCCC2)=[N+]=N1
Anion_2807,CC1=[NH+]C(=C2C=CN=C[CH-]2)C=C1C(=O)[O-]
Anion_2808,CC1=C(CCC(=O)[O-])C(=O)[n+]2c([nH+]c3cccc[c-]32)C1=C=[N-]
Anion_2809,Cc1ccc([N+]2=[N+]=[N+]=C(C(=O)[O-])[N-]2)cc1
Anion_2810,O=C([O-])C1CCN(S(=O)(=O)c2ccc(F)cc2)CC1
Anion_2811,O=C([O-])C1=[N+]=[N+](Cc2ccccc2)C2=[N+]=CC=C[C-]12
Anion_2812,Cc1ccc2c(c1)O[CH+]C(=CC=C([O-])[O-])C2=O
Anion_2813,CC1=[NH+]C(=C2C=CC(F)=C[CH-]2)C=C1C(=O)[O-]
Anion_2814,COc1ccc(-c2cc(C(=O)[O-])c(C)[nH]2)cc1
Anion_2815,COC(=O)C12CC(CC(=O)[O-])(C1)C2
Anion_2816,O=C([O-])C1CCC(c2cc3cccnc3c(Cl)n2)CC1
Anion_2817,COc1cccnc1CC(=O)[O-]
Anion_2818,COc1cc(C2(C(=O)[O-])CC2)ccc1C
Anion_2819,CC1CC(CCC(=O)[O-])C1
Anion_2820,Cc1ccccc1C(=O)N1CCC(C(=O)[O-])CC1
Anion_2821,O=C([O-])C1=[N+]=c2ncc(Br)c[n+]2=N1
Anion_2822,Cn1cc(C(=O)[O-])c2c(Cl)ncnc21
Anion_2823,CC(C)CC1=[N+]=C(C(=O)[O-])C=[S+]1
Anion_2824,O=C([O-])CCc1ccccc1OC(F)(F)F
Anion_2825,O=C([O-])CCc1ccc(F)cc1C(F)(F)F
Anion_2826,O=C([O-])C1=[N+]=c2cccc[n+]2=C1I
Anion_2827,O=C([O-])C1(c2cccc(Cl)c2)CCCCC1
Anion_2828,O=C([O-])C1(c2cccc(C(F)(F)F)c2)CCCCC1
Anion_2829,Cc1ccccc1-[n+]1ncc(C(=O)[O-])[c-]1C(F)(F)F
Anion_2830,CC1=[S+2]=c2ncnc(SCCC(=O)[O-])c2=C1C
Anion_2831,CCOC(=O)C1CCN(C(=O)CCC(=O)[O-])CC1
Anion_2832,O=C([O-])C=Cc1ccc(-c2ccccc2Cl)o1
Anion_2833,O=C([O-])C1CCN(S(=O)(=O)Cc2ccccc2)CC1
Anion_2834,O=C([O-])C1=CC(=C2C=CC=C[C+]2F)N=[NH+]1
Anion_2835,O=C([O-])C1=[N+]=CO[C-]1C1CC1
Anion_2836,O=C([O-])CC1=C[S+]=C2N=C(c3cccs3)C=[N+]12
Anion_2837,O=C([O-])Cc1cc(F)cc2c1OCOC2
Anion_2838,COc1ccc2cc(Br)ccc2c1CC(=O)[O-]
Anion_2839,O=C([O-])Cc1cc(Cl)c2c(c1)OCCCO2
Anion_2840,O=C([O-])c1c[s+2]#[n+][c-]1Br
Anion_2841,O=C([O-])c1ccc(C2=[N+]=c3ccccc3=[S+]2)s1
Anion_2842,CCOCCC1(C(=O)[O-])CCCC1
Anion_2843,O=C([O-])c1cc(Cl)c[n+](Cc2ccccc2)c1[O-]
Anion_2844,O=C([O-])C1(F)CCOCC1
Anion_2845,O=C([O-])C1=[N+]=c2cccc[n+]2=C1Br
Anion_2846,O=C([O-])CN1C(=O)CCCc2ccccc21
Anion_2847,CC(C)(C)OC(=O)N1CC(CF)(C(=O)[O-])C1
Anion_2848,Cc1ccc(-c2ncc(C(=O)[O-])s2)cc1
Anion_2849,O=C([O-])Cc1ccccc1-c1cccc(F)c1
Anion_2850,COCC1=CC(=C([O-])[O-])[C+](C)O1
Anion_2851,CC(=O)C1=CC(=C([O-])[O-])[C+](C)O1
Anion_2852,COc1ccc(C2=CC(=C([O-])[O-])[C+](C)O2)cc1OC
Anion_2853,CC1(C)CC(=O)N(CC(=O)[O-])C1=O
Anion_2854,C[N+]1=[N+]=C(C(=O)[O-])C=C1c1ccc(Cl)cc1
Anion_2855,Cc1noc(C)c1C=CC(=O)[O-]
Anion_2856,O=C([O-])C1=[S+2]=CC=C1SCc1ccc(Cl)cc1
Anion_2857,N#Cc1cccc(C(F)(F)C(=O)[O-])c1
Anion_2858,COCOCC(C)(C)C(=O)[O-]
Anion_2859,O=C([O-])CN1CCOCC1=O
Anion_2860,O=C([O-])c1ccc(-c2cccc3ccccc23)o1
Anion_2861,Cc1cnc2[n+](c1)C(=C([O-])[O-])C=N2
Anion_2862,O=C([O-])c1cnc2ncc(Br)cn12
Anion_2863,O=C([O-])CCCN1C(=O)[NH+]=[NH+]C1=O
Anion_2864,Cc1ccc(C#N)c(=[S+]CC(=O)[O-])[n-]1
Anion_2865,CC(C)CC1(C(=O)[O-])CC1
Anion_2866,COc1cc(CC(=O)[O-])ccc1C(F)(F)F
Anion_2867,O=C([O-])CCCC(=O)c1cccc(C(F)(F)F)c1
Anion_2868,O=C([O-])C1=[N+]=C(Cc2ccccc2)[N-]O1
Anion_2869,O=C([O-])C1=C[N+](Cc2cccc(F)c2)=[N+]=N1
Anion_2870,O=C([O-])c1cn[n+]2cccc(Br)[c-]12
Anion_2871,O=C([O-])c1cc(C2CC2)c(Cl)s1
Anion_2872,N#Cc1cccc(C2(C(=O)[O-])CC2)c1
Anion_2873,O=C([O-])C1(C2=[N+]=c3ccccc3=[S+]2)CC1
Anion_2874,O=C([O-])C1=[N+]=CO[C-]1C1CCCCC1
Anion_2875,COCCS(=O)(=O)c1ccc(CC(=O)[O-])cc1
Anion_2876,N#Cc1ccc(-c2ocnc2C(=O)[O-])cc1
Anion_2877,O=C([O-])C[n+]1ccc2c(Cl)ccc[c-]21
Anion_2878,O=C([O-])C[n+]1ccc2ccc(F)c[c-]21
Anion_2879,COc1cccc(Cl)c1-c1noc(C)c1C(=O)[O-]
Anion_2880,O=C([O-])C1=CN=[NH+]C1=C1C=CC=C[CH-]1
Anion_2881,CCCCCN(CC(=O)[O-])C(=O)OC(C)(C)C
Anion_2882,COc1cc(CC(=O)[O-])ccn1
Anion_2883,COc1cc(C2(C(=O)[O-])CC2)ccn1
Anion_2884,COc1ccc(C2(C(=O)[O-])CC2)cn1
Anion_2885,O=C([O-])CC1=CC(C(F)(F)F)=[N+]=[NH+]1
Anion_2886,O=C([O-])C1=[N+]=c2c(F)cccc2=[S+]1
Anion_2887,O=C([O-])C1=[N+]=[N+]2C=CC=[N+]=C2[C-]1Br
Anion_2888,O=C([O-])C[S+]=C1C=[N+]=CC(Cl)=N1
Anion_2889,Cc1c(C(=O)[O-])nc2ccccn12
Anion_2890,O=C([O-])CCOCCOCCS
Anion_2891,CCOc1ccc(CC(=O)[O-])c(F)c1F
Anion_2892,O=C([O-])C1=COC(=C2C=CC=C[C+]2Cl)[N-]1
Anion_2893,N#CC1(C(=O)[O-])CCCCC1
Anion_2894,O=C([O-])C1=[N+]=[NH+]c2cc(I)ccc21
Anion_2895,O=C([O-])c1cc2c(F)ccc(F)c2[nH]1
Anion_2896,CC1(C)OB(n2cc(CCC(=O)O)cn2)OC1(C)C
Anion_2897,COC(=O)c1ccc(CC(=O)[O-])cc1F
Anion_2899,O=Cc1ccc(N2CC(C(=O)[O-])C2)cc1
Anion_2902,COc1cccc(CC(=O)[O-])n1
Anion_2903,N#CC1=COC(=C([O-])[O-])[CH+]1
Anion_2904,O=C([O-])CC[S+]=c1cc(F)cc[c-]1F
Anion_2906,O=C([O-])C1=CC(=C2C=CC=[S+]2)[NH+]=N1
Anion_2907,CC(C)(C)n1cc(C(=O)[O-])c(Br)n1
Anion_2908,O=C([O-])C1=[N+]=C(C2CC2)C=[S+]1
Anion_2909,CS(=O)(=O)[N+](CC(=O)[O-])=c1cccc[c-]1Cl
Anion_2910,CC[n+]1cc(Br)c(C(=O)[O-])[n-]1
Anion_2911,O=C([O-])C1=C[NH+]=C2C1=NC=[N+]=C2Cl
Anion_2912,O=C([O-])c1oc2ccccc2c1CSCc1ccccc1
Anion_2913,CC1=[N+]=[N+](Cc2ccccc2Cl)C(Cl)=C1C(=O)[O-]
Anion_2914,CCC[N+]1=[N+]=CC=C1C(=O)[O-]
Anion_2915,CC1=C(c2ccccc2)N=[NH+]C1=C([O-])[O-]
Anion_2916,CC(C)C1(C(=O)[O-])CCN(C(=O)OC(C)(C)C)CC1
Anion_2917,O=C([O-])C1=CC(=C2C=CC=C(Cl)[CH+]2)N=[NH+]1
Anion_2918,CC1=[N+]=[N+](C)C(Oc2cccc(Cl)c2)=C1C(=O)[O-]
Anion_2919,O=C([O-])C1(c2cncc(Br)c2)CC1
Anion_2920,CC1=[N+]=C(C(=O)[O-])N=[N+]1c1ccc(Cl)cc1
Anion_2921,Cc1cc(C(=O)[O-])nn1-c1cccc(F)c1
Anion_2922,COc1ccc([N+]2=[N+]=C(C(=O)[O-])C=C2C)cc1
Anion_2923,C[N+]1=[N+]=C(c2ccc(Cl)cc2Cl)C=C1C(=O)[O-]
Anion_2924,O=C([O-])C1=[N+]=[NH+]C(Cl)=N1
Anion_2925,O=C([O-])C1=[N+]=[NH+]C(Br)=N1
Anion_2926,O=C([O-])C1=[S+2]=CN=C1c1ccc(Br)cc1
Anion_2927,CCS(=O)(=O)c1ccc(CCC(=O)[O-])cc1
Anion_2928,CC(C)(C)OC(=O)N1CCc2ccc(CC(=O)[O-])cc2C1
Anion_2929,CCCC1=[S+2]=C(C(=O)[O-])C=C1CC
Anion_2930,CCC1=CC(=C([O-])[O-])[S+]=C1C
Anion_2931,O=C([O-])C1CC[N+](=c2ccnc(Cl)[n-]2)CC1
Anion_2932,CC1=[N+]=C(c2ccc(Cl)s2)[S+]=C1C(=O)[O-]
Anion_2933,COc1ccccc1-c1ncc(C(=O)[O-])s1
Anion_2934,Cc1ccccc1C1=CC(=C([O-])[O-])[N+](C)=N1
Anion_2935,COc1ccc(C2=CC(=C([O-])[O-])[N+](C)=N2)cc1OC
Anion_2936,CC(C)(C(=O)[O-])N1CCCC1
Anion_2938,C[N+]1=[N+]=[N+]=C(C(=O)[O-])[C-]1C(F)(F)F
Anion_2939,CC(C)[N+]1=[N+]=[N+]=C(C(=O)[O-])[C-]1C(F)(F)F
Anion_2940,COCC[N+]1=[N+]=[N+]=C(C(=O)[O-])[C-]1C(F)(F)F
Anion_2941,O=C([O-])C1=CC(=C2C=[N+]=CC=N2)[NH+]=N1
Anion_2942,COC1(C(=O)[O-])CCC(F)(F)CC1
Anion_2943,CC(C)COc1cccc(OCC(=O)[O-])c1
Anion_2944,CC(C)C1=C(C(=O)[O-])C=[N+]=[N+]1c1ccc(C(F)(F)F)cn1
Anion_2945,O=C([O-])C1CC[N+](=c2ccc(Br)c[n-]2)CC1
Anion_2946,CC(C)C1=[N+]=[N+]=C(CCC(=O)[O-])O1
Anion_2947,O=C([O-])CCc1cc(C(F)(F)F)ccc1C(F)(F)F
Anion_2948,C[N+]1=[N+]=C(C(=O)[O-])C=C1C1CC1
Anion_2949,Cc1cc(C2(C(=O)[O-])CC2)no1
Anion_2950,CCOc1ccc(C2=CC(=C([O-])[O-])[N-]O2)cc1OCC
Anion_2951,O=C([O-])c1ccc(C2CC2)o1
Anion_2952,Cc1cc(C(F)(F)F)c2cc(C(=O)[O-])oc2n1
Anion_2953,CC1=CC=CC(=C2N=C(CCCC(=O)[O-])O[N-]2)[CH+]1
Anion_2954,COc1ccc(-c2noc(CCCC(=O)[O-])n2)cc1
Anion_2955,O=C([O-])CCC(=O)c1cc(F)cc(F)c1
Anion_2956,CC(C)(C)OC(=O)[N+]1=C2[CH-]C(CC(=O)[O-])=CC=C2CC1
Anion_2957,O=C([O-])CCCC1=[N+]=C(c2ccc(F)cc2)[N-]O1
Anion_2958,Cc1ccc(-c2noc(CCCC(=O)[O-])n2)cc1
Anion_2959,CC(C)(C)c1ccc(OCc2ccc(C(=O)[O-])o2)cc1
Anion_2960,COc1ccc(-c2[nH+]c3ccccc3[c-]2CCC(=O)[O-])cc1
Anion_2961,O=C([O-])C1=CC=C([O-])[N+](=C2C=CC=C(F)[CH+]2)[CH-]1
Anion_2962,O=C([O-])C1=CC(=C2C=CC(F)=C[CH+]2)N=[NH+]1
Anion_2963,CCc1ccc(C2=CC(=C([O-])[O-])[NH+]=N2)cc1
Anion_2964,Cc1ccc(C2=CC(=C([O-])[O-])[NH+]=N2)cc1C
Anion_2965,CCOc1ccc(C2=CC(=C([O-])[O-])[NH+]=N2)cc1
Anion_2966,O=C([O-])C1=CC(=C2C=CC3=C([CH+]2)OCCO3)N=[NH+]1
Anion_2967,C[N+]1=[N+]=C(C(=O)[O-])C=C1c1ccc(F)cc1
Anion_2968,O=C([O-])C[S+]=c1ncc(C(F)(F)F)c[c-]1Cl
Anion_2969,O=C([O-])C1=CC(=C2C=CC(F)=C[CH+]2)C=[NH+]1
Anion_2970,CCCOc1cccc(CC(=O)[O-])c1
Anion_2971,Cc1ccc(-c2nc(C)c(C(=O)[O-])s2)c(C)c1
Anion_2972,CC1CCN(CC(=O)[O-])CC1
Anion_2973,O=C([O-])C[n+]1cnc(C(F)(F)F)[n-]1
Anion_2974,CC1=C(Cl)C(C(F)F)=[N+]=[N+]1CC(=O)[O-]
Anion_2975,CC1=C(Cl)C=[N+]=[N+]1CC(=O)[O-]
Anion_2976,CCOC1=[N+]=C(C)[S+]=C1C(=O)[O-]
Anion_2977,CC1=CC=CC(=CC=C([O-])[O-])[N-]1
Anion_2978,CC1=[N+]=C(c2c(Cl)cccc2Cl)[S+]=C1C(=O)[O-]
Anion_2980,COCC(C)(C)CC(=O)[O-]
Anion_2982,CC1=[N+]=C(C2=CC(=C([O-])[O-])[N-]O2)C=[S+]1
Anion_2983,CC1=[N+]=[NH+]C(C)=C1CCC(=O)[O-]
Anion_2984,CC1=[N+]=[N+](C)C(C)=C1CCC(=O)[O-]
Anion_2985,O=C([O-])CCC(=O)c1ccccc1Br
Anion_2986,COC1=[N+]=C(C2=CC=[N+]=C[CH-]2)[S+]=C1C(=O)[O-]
Anion_2987,O=C([O-])c1cc[n+](-c2cccc(F)c2)[n-]1
Anion_2988,O=C([O-])c1cc[n+](C2CCOCC2)[n-]1
Anion_2989,Cc1ccccc1C1=[N+]=C(C(=O)[O-])C=[S+]1
Anion_2990,CC(C)(C)[n+]1ncc(C(=O)[O-])[c-]1Br
Anion_2991,O=C([O-])CCc1c(F)cccc1Br
Anion_2992,O=C([O-])CCCCC1=C[NH+]=[N+]=N1
Anion_2993,O=C([O-])C1=CN=[n+]2c(C(F)F)cc(=C3C=CC=C[CH-]3)nc21
Anion_2994,CC(C)(C(=O)[O-])c1c(F)cccc1F
Anion_2995,Cc1cc(=C([O-])[O-])[n+](=C2C=CC=C(C(F)(F)F)[CH+]2)[n-]1
Anion_2996,Cc1cc(=C([O-])[O-])[n+](=C2C=CC=C[C+]2Br)[n-]1
Anion_2997,O=C([O-])C1=C[N+](=c2cccc[c-]2C(F)(F)F)[N+]#[N+]1
Anion_2998,CC1=[N+]=[N+](c2ccc(F)cc2)N=C1C(=O)[O-]
Anion_3000,COc1cc(F)ccc1CCC(=O)[O-]
Anion_3001,O=C([O-])C1=CC(=C2C=CN=C[CH+]2)O[N-]1
Anion_3002,Cc1[nH+]nc(C(=O)[O-])[c-]1C(F)(F)F
Anion_3003,COc1cccc(CCC(=O)[O-])c1Cl
Anion_3004,CC1=[N+]=c2cc(CCC(=O)[O-])ccc2=[NH+]1
Anion_3005,O=C([O-])CC[n+]1ccc2cc(Br)cc[c-]21
Anion_3006,Cc1c(C(=O)[O-])[n+]#[n+]n1CC1CCCC1
Anion_3007,COc1ccc(C[N+]2=[N+]=[N+]=C(C(=O)[O-])[C-]2C)cc1
Anion_3008,CC(C)[n+]1ncc(C(=O)[O-])[c-]1Cl
Anion_3009,CC(=O)c1cccc(OCC2=CC(=C([O-])[O-])[N-]O2)c1
Anion_3010,Cc1cc(C(=O)[O-])c(C)n1C1CCCCC1
Anion_3011,CCCc1ccc(-c2ccc(C=CC(=O)[O-])cc2)nc1
Anion_3012,O=C([O-])Cc1cc(OC(F)(F)F)ccc1F
Anion_3013,O=C([O-])CCOc1cccc(OC(F)(F)F)c1
Anion_3014,O=C([O-])C1(N2CCOCC2)CCC1
Anion_3015,COc1ccc(Cl)c(CC(=O)[O-])c1F
Anion_3016,Cc1cccc(Cl)c1CC(=O)[O-]
Anion_3017,O=C([O-])C(=O)c1cc(F)ccc1F
Anion_3018,CCCC[n+]1c(C(=O)[O-])cc([O-])[nH+]c1[O-]
Anion_3019,O=C([O-])C[n+]1cc(Br)c[n-]1
Anion_3020,CC1=CC(C)=[N+]=C(N2CCC(C(=O)[O-])CC2)[N-]1
Anion_3021,CCn1cc(S(=O)(=O)Cl)cc1C(=O)[O-]
Anion_3023,C[n+]1cc(=C[O-])c(=C([O-])[O-])[n-]1
Anion_3024,O=C([O-])Cc1ccc2c(c1)OCCCO2
Anion_3026,Cc1cc(CSCC(=O)[O-])no1
Anion_3027,CC1=[N+]=[N+](C)C(C(F)F)=C1C(=O)[O-]
Anion_3028,CC[n+]1nc(C)c(C(=O)[O-])[c-]1C(F)F
Anion_3029,CC[n+]1nc(C)c(C(=O)[O-])[c-]1C(F)(F)F
Anion_3030,O=C([O-])C1=CN=[N+]2C(=O)C=C[NH+]=C12
Anion_3031,COc1cc[n+]2c(C(=O)[O-])cnc-2[cH-]1
Anion_3032,COC1=CC=C(OC)C(=C2C=C(C(=O)[O-])N=[NH+]2)[CH-]1
Anion_3033,O=C([O-])c1ccc(C[n+]2ccc[n-]2)o1
Anion_3034,CC(C)(C)C(=O)c1c[n+](CC(=O)[O-])c2cccc[c-]12
Anion_3035,CCOc1ccc(OCCCC(=O)[O-])cc1
Anion_3036,CC(C)(Oc1ccc(F)c(Br)c1)C(=O)[O-]
Anion_3037,CC1(C)OB(c2ccc(/C=C/C(=O)[O-])cc2)OC1(C)C
Anion_3038,CN(C(=O)OC(C)(C)C)C1=CC(=C([O-])[O-])[N+](C)=N1
Anion_3039,CC[N+]1=CC(=C2C=CC=C[CH-]2)C(=C([O-])[O-])[C+]1C
Anion_3040,O=C([O-])C1CC[N+](=c2cc(C(F)(F)F)nc[n-]2)CC1
Anion_3041,O=C([O-])c1c[nH+]c2cc(Br)nc[c-]12
Anion_3042,O=C([O-])C=Cc1cc(C(F)(F)F)ccc1Cl
Anion_3043,C[N+]1=[N+]=C(C(=O)[O-])c2cc(Br)ccc21
Anion_3044,N#CC1(CC(=O)[O-])CC1
Anion_3045,O=C([O-])C(=O)N1CCC(C(F)(F)F)CC1
Anion_3046,CN(C(=O)OC(C)(C)C)C1(C(=O)[O-])CCC1
Anion_3047,O=C([O-])C1CCC(C(F)F)CC1
Anion_3048,CCOC1(C(=O)[O-])CC1
Anion_3049,O=C([O-])C1=CN=[N+]2C(C(F)(F)F)=CC=[N+]=C12
Anion_3052,C[n+]1ccc2c(OCC(=O)[O-])ccc[c-]21
Anion_3053,Cn1cc(C(=O)[O-])c(CN2C(=O)c3ccccc3C2=O)n1
Anion_3054,CC(C)(C)c1cc(C(=O)[O-])n[nH]1
Anion_3055,CN(C(=O)CCC(=O)[O-])C1CCCCC1
Anion_3056,Cc1cc(OC(F)(F)F)ccc1CC(=O)[O-]
Anion_3057,CN(C)S(=O)(=O)c1ccc(C(=O)[O-])o1
Anion_3058,CC1=CC(C)=[N+]=C(SCCC(=O)[O-])[N-]1
Anion_3059,O=C([O-])C[n+]1cc(Br)c(C2CC2)[n-]1
Anion_3060,COc1ccc(C2=[N+]=C(CC(=O)[O-])C=[S+]2)cc1OC
Anion_3061,C[n+]1c(C(=O)[O-])cc2cccc(Cl)[c-]21
Anion_3062,O=C([O-])c1cc2c(s1)CCOC2
Anion_3063,O=C([O-])C1(c2ccc(C(F)(F)F)cc2)CCC1
Anion_3065,CC(C)C1=[N+]=[NH+]C=C1C(=O)[O-]
Anion_3066,C=C1c2ccccc2C(=O)N1CCC(=O)[O-]
Anion_3067,Cc1cc(C(=O)[O-])c(C)n1-c1cccnc1
Anion_3068,O=C([O-])CN1CCCCCCC1=O
Anion_3069,O=C([O-])C1([n+]2ccc[n-]2)CC1
Anion_3070,CN1Cc2ccccc2N(CC(=O)[O-])C1=O
Anion_3072,O=C([O-])C1=[S+2]=CC=C1S(=O)(=O)N1CCCC1
Anion_3073,COc1ccc(-c2cc(C(=O)[O-])c(C)n2C)cc1
Anion_3074,O=C([O-])c1ccc(C[n+]2cc(Cl)c[n-]2)o1
Anion_3075,O=C([O-])C1CCN(C(=O)Cc2ccc(Cl)cc2)CC1
Anion_3076,O=C([O-])Cn1cc(C(=O)C2CC2)c2ccccc21
Anion_3077,Cc1ccc2cccc(OCC(=O)[O-])c2n1
Anion_3078,O=C([O-])COc1ccc(-[n+]2c[n+]#[n+][n-]2)cc1
Anion_3079,COc1ccc2c(c1)c(C(=O)[O-])c(C)n2C1CCCC1
Anion_3080,CCOc1ccc2c(c1)c(C(=O)[O-])c(C)n2C
Anion_3081,COc1ccc2c(c1)c(C(=O)[O-])c(C)n2C1CCCCC1
Anion_3082,COc1ccc2c(c1)c(C(=O)[O-])c(C)n2C1CC1
Anion_3083,O=C([O-])C1(c2ccccc2Cl)CCC1
Anion_3084,O=C([O-])C1(c2cccc(Cl)c2)CCC1
Anion_3085,O=C([O-])C1(c2c(F)cccc2F)CCC1
Anion_3086,O=C([O-])C1(c2c(Cl)cccc2Cl)CCC1
Anion_3087,COc1ccc(C2=CC(=C([O-])[O-])[N-]O2)cc1F
Anion_3088,CC1=[N+]=C(SCC(=O)[O-])C(=C=[N-])C(C)=C1C
Anion_3089,O=C([O-])COc1ccc(C(=O)c2ccccc2Cl)cc1
Anion_3090,CC(C)(Cc1ccc(Br)s1)C(=O)[O-]
Anion_3091,C[N+]1=C(C(=O)[O-])C=C2C=CC=[N+]=C21
Anion_3092,C[n+]1c(C(=O)[O-])cc2ccc(Br)c[c-]21
Anion_3093,O=C([O-])C[S+]=c1nc(-c2cccc(Cl)c2)[n-]o1
Anion_3094,CC[N+]1=[N+]=C(C(=O)OC)C=C1C(=O)[O-]
Anion_3095,O=C([O-])c1cc2c(Br)cccc2o1
Anion_3096,CC(C)(C(=O)[O-])c1ccc(OC(F)(F)F)cc1
Anion_3097,CCOC1=[N+]=[N+](C)C=C1C(=O)[O-]
Anion_3098,Cn1cc(C(=O)[O-])c(C2CCOCC2)n1
Anion_3099,CC1=C(C(=O)[O-])[N+]#[N+][N+]1=c1ccc(C2CC2)c[c-]1Cl
Anion_3100,O=C([O-])Cc1ccc(I)c(F)c1
Anion_3101,O=C([O-])CC1CS(=O)(=O)C1
Anion_3102,O=C([O-])Cc1cc(C(F)(F)F)ccc1Br
Anion_3103,O=C([O-])CCOCC1CCCCC1
Anion_3106,CC(=O)C1=CC(=C([O-])[O-])c2cccc[n+]21
Anion_3107,O=C([O-])C1(C(F)F)CCC1
Anion_3108,CC1(C(=O)[O-])CC2(CC2)C1
Anion_3109,CC1(C)OB(c2ccc(C3(CC(=O)O)CC3)cc2)OC1(C)C
Anion_3110,O=C([O-])C(=O)c1ccc(F)c(F)c1
Anion_3111,O=C([O-])C1=CC=[N+]=[N+]1CC(F)F
Anion_3112,O=C([O-])c1cc[n+](CC(F)F)[n-]1
Anion_3113,O=C([O-])c1cc[n+](CCC(F)(F)F)[n-]1
Anion_3114,O=C([O-])C1=CC=[N+]=[N+]1CC1CC1
Anion_3115,C[N+]1=[N+]=C(C(=O)[O-])C=C1OC(F)F
Anion_3116,CC1=[N+]=[N+](CC(F)F)C=C1C(=O)[O-]
Anion_3117,CC(C)(C)OC(=O)N1CCC(C2=CC(=C([O-])[O-])O[N-]2)CC1
Anion_3118,CC(C)(C)OC(=O)N1CC(c2nocc2C(=O)[O-])C1
Anion_3119,COC(=O)C[n+]1ccc(C(=O)[O-])[n-]1
Anion_3120,Cc1ccccc1C1(C(=O)[O-])CCCC1
Anion_3121,Cc1cccc(C2(C(=O)[O-])CCCC2)c1
Anion_3123,COCCOCCCC(=O)[O-]
Anion_3124,Cc1cccc2c([O-])[n+](CC(=O)[O-])cnc12
Anion_3125,CC1=C(C2CC2)N=[NH+]C1=C([O-])[O-]
Anion_3126,O=C([O-])CC1=CC=[N+]=[NH+]1
Anion_3127,O=C([O-])c1cc(Br)c[n+]2c1=NC=[N+]=2
Anion_3128,O=C([O-])CC[n+]1ccc2ccc(Br)c[c-]21
Anion_3130,CS(=O)(=O)C12CC(C(=O)[O-])(C1)C2
Anion_3131,O=C([O-])C1(c2cccc(Br)c2)CCCCC1
Anion_3132,C[N+]1=[N+]=C(C(F)(F)F)C=C1CC(=O)[O-]
Anion_3133,CC(C)c1noc(CC(=O)[O-])n1
Anion_3134,CC1(C)CC(CC(=O)[O-])C1
Anion_3135,O=C([O-])C1=CC=[N+]=C2C=CN=[N+]12
Anion_3136,CC(C)CCC1CCC(C(=O)[O-])CC1
Anion_3137,CCCCC=C1CCC(CC(=O)[O-])CC1
Anion_3138,CCCOCC1CCC(CC(=O)[O-])CC1
Anion_3139,CC[N+]1=CC(=CC=C([O-])[O-])C=N1
Anion_3140,CC1=[S+2]=c2ncnc(N3CCC(C(=O)[O-])CC3)c2=C1C
Anion_3141,O=C([O-])C1CC[N+](=C2C=CC(C(F)(F)F)=[N+]=C2)CC1
Anion_3142,O=C([O-])CCC(F)F
Anion_3143,CCOCCC1(C(=O)[O-])CCC1
Anion_3144,COCC1(C(=O)[O-])CCCCC1
Anion_3145,O=C([O-])Cc1cccc(Br)c1F
Anion_3146,O=C([O-])C1=[S+2]=c2cccc(F)c2=C1Cl
Anion_3147,O=C([O-])c1cn[n+]2c(Br)ccc[c-]12
Anion_3148,O=C([O-])COc1ccc(C2SCCCS2)cc1
Anion_3149,CC(C)[n+]1cnc(C(=O)[O-])[n-]1
Anion_3150,Cc1ccccc1CN1CCC(C(=O)[O-])CC1
Anion_3152,O=C([O-])CCc1ccc(Br)cc1Cl
Anion_3153,O=C([O-])C1=C[N+](CC2CC2)=[N+]=N1
Anion_3154,O=C([O-])C1=C[N+](CC2CCC2)=[N+]=N1
Anion_3155,O=C([O-])C1CC(OC(F)F)C1
Anion_3157,Cc1cc(C)cc(C2(C(=O)[O-])CC2)c1
Anion_3158,O=C([O-])CCC(=O)C1CCC1
Anion_3159,O=C([O-])C=CC1=CC=[N+]=C[C-]1F
Anion_3160,O=C([O-])C1=C[S+]=C2N=C(c3ccc(Cl)cc3)C=[N+]12
Anion_3161,O=C([O-])C1=CN=[N+]2C=CC(Cl)=[N+]=C12
Anion_3162,O=C([O-])CCc1c[s+]c[n-]1
Anion_3163,CC1=[N+]=[N+](C)C(C)=C1OCC(=O)[O-]
Anion_3164,CC1=[N+]=Cc2ccc(C(=O)[O-])c[n+]21
Anion_3165,O=C([O-])C1=[N+]=CO[C-]1C(F)(F)F
Anion_3166,O=C([O-])c1cccc2cncn12
Anion_3167,CS(=O)(=O)CC1=[N+]=C(C(=O)[O-])[CH-]O1
Anion_3168,CC1=[N+]=C(C(=O)[O-])c2cccc[n+]21
Anion_3169,O=C([O-])C1=[N+]=C(C(F)(F)F)[n+]2ccccc21
Anion_3170,C[S+]=C1C(C(=O)[O-])=CN=[N+]1C
Anion_3171,O=C([O-])c1cc2cccc3c2[n+](c1[O-])CCC3
Anion_3172,C[S+]=c1cccc[c-]1OCC(=O)[O-]
Anion_3173,O=C([O-])C=Cc1c(Cl)nc2ccccn12
Anion_3175,CCCC[N+]1=[N+]=C(C)C(=C2C=C(C(=O)[O-])[NH+]=N2)[C-]1C
Anion_3176,C=C(C)C[N+]1=[N+]=C(C)C(=C2C=C(C(=O)[O-])[NH+]=N2)[C-]1C
Anion_3177,C=CC[N+]1=[N+]=C(C)C(=C2C=C(C(=O)[O-])[NH+]=N2)[C-]1C
Anion_3178,CCC1=[N+]=c2ccccc2=[N+]1CCC(=O)[O-]
Anion_3179,COCCOc1cccc(CC(=O)[O-])c1
Anion_3180,CC(=O)N1CCC(N2CCC(C(=O)[O-])CC2)CC1
Anion_3181,O=C([O-])C=Cc1coc2ccc(F)cc2c1=O
Anion_3182,O=C([O-])Cc1cccc(C(F)F)c1
Anion_3183,O=C([O-])c1cc[n+](Cc2ccccc2)[n-]1
Anion_3184,CC1CC(=O)Oc2cc(OCC(=O)[O-])c(Cl)cc21
Anion_3185,CCCC1CC(=O)Oc2cc(OCC(=O)[O-])c(Cl)cc21
Anion_3186,Cc1c(C)c2cc(Cl)c(OCC(=O)[O-])cc2oc1=O
Anion_3187,CCC1CC(=O)Oc2cc(C)cc(OCC(=O)[O-])c21
Anion_3188,CCCC1CC(=O)Oc2cc(C)cc(OCC(=O)[O-])c21
Anion_3189,CCCCC1CC(=O)Oc2cc(C)cc(OCC(=O)[O-])c21
Anion_3190,O=C([O-])C1=[N+]=[NH+]c2cccnc21
Anion_3191,O=C([O-])C1=C[NH+]=C2N=CC=[N+]=C12
Anion_3192,CC(C)(CC(=O)c1cccc(F)c1)C(=O)[O-]
Anion_3193,COc1ccccc1C(=O)CC(C)(C)C(=O)[O-]
Anion_3194,CC1=CC(=C([O-])CC(C)(C)C(=O)[O-])[CH+]C(C)=C1
Anion_3195,C[n+]1c(C(=O)[O-])cc2occ[c-]21
Anion_3196,CC(=CC(=O)[O-])C1=CC=[S+2]=C1
Anion_3197,CC(C)c1cccc2c1=[NH+]C(=C([O-])[O-])C=2
Anion_3198,COC1=[N+]=CC=C[C-]1CC(=O)[O-]
Anion_3199,O=C([O-])CC1=[N+]=C(c2cccnc2)N=[NH+]1
Anion_3200,N#Cc1cc(CC(=O)[O-])ccc1Cl
Anion_3202,O=C([O-])c1occ2c1CCC2
Anion_3203,O=C([O-])CC[n+]1ccc2ccc(Cl)c[c-]21
Anion_3204,Cc1nc(C(F)(F)F)c(C(=O)[O-])o1
Anion_3205,O=C([O-])c1oc(C2CC2)nc1C(F)F
Anion_3206,O=C([O-])C1=C(C(F)F)[N-]C(=C2C=CC=C[CH+]2)O1
Anion_3207,O=C([O-])C1=[N+]=COC1=C1C=CC=C[C-]1Cl
Anion_3208,C[N+]1=C(C(=O)[O-])C=CC1=C1C=CC(Cl)=C[CH-]1
Anion_3209,O=C([O-])C[N+]1=CC(COc2ccc(F)cc2)=[N+]=N1
Anion_3210,O=C([O-])c1c[n+]2cc(Cl)cc(Cl)c2[n-]1
Anion_3211,O=C([O-])c1cnc(-c2ccco2)s1
Anion_3212,O=C([O-])C1(C2=CC=[N+]=C(Cl)[CH-]2)CC1
Anion_3213,O=C([O-])C1=[N+]=C[N+](Cc2cccc(F)c2F)=N1
Anion_3214,O=C([O-])C1=[N+]=C[N+](Cc2ccc(F)cc2)=N1
Anion_3215,O=C([O-])C1=[N+]=C[N+](Cc2cccc(F)c2)=N1
Anion_3216,O=C([O-])C1=[N+]=C[N+](Cc2ccc(F)cc2F)=N1
Anion_3217,O=C([O-])C1=[N+]=C[N+](Cc2cccc(Cl)c2Cl)=N1
Anion_3218,O=C([O-])C1=[N+]=C[N+](Cc2ccc(F)c(F)c2)=N1
Anion_3219,CC(C)(C)OC(=O)N1CC(C2=[N+]=C(C(=O)[O-])C=[S+]2)C1
Anion_3220,CC(C)c1cc(C(=O)[O-])nn1C
Anion_3221,O=C([O-])C1=CC(=C2C=C[S+]=C2)N=[NH+]1
Anion_3222,O=C([O-])c1ccc[n+](Cc2ccccc2F)c1[O-]
Anion_3223,O=C([O-])C1=CC(C(F)(F)F)=[N+]=[N+]1CC(F)F
Anion_3224,O=C([O-])c1cc2cncnc2[nH]1
Anion_3225,CN(CCC(=O)[O-])S(C)(=O)=O
Anion_3226,Cc1noc(C2CC2)c1C(=O)[O-]
Anion_3227,CC1=[N+]=C(c2cccc(Cl)c2Cl)[S+]=C1C(=O)[O-]
Anion_3228,O=C([O-])c1cnc(-c2ccc(Cl)s2)s1
Anion_3229,O=C([O-])C[N+]1=[N+]=C(c2ccccc2)OC1=O
Anion_3230,Cc1cc(C(=O)[O-])c(C)n1C1=[N+]=CC=[S+]1
Anion_3231,C[N+]1=[N+]=C(c2cccc3ccccc23)C=C1C(=O)[O-]
Anion_3232,O=C([O-])CC[n+]1cc(CN2CCCC2)c2cccc[c-]21
Anion_3233,CN(CC(=O)[O-])C1CC1
Anion_3234,CCC1=[N+]=CC=[N+]1CC(=O)[O-]
Anion_3235,O=C([O-])COCC1=[N+]=C(c2ccccc2)[N-]O1
Anion_3236,O=C([O-])C[n+]1c(COc2ccccc2)nc2cccc[c-]21
Anion_3237,CC1=[N+]=[N+](c2ccccc2Br)C(C)=C1C(=O)[O-]
Anion_3238,Cc1ccccc1-[n+]1ncc(C(=O)[O-])[c-]1C
Anion_3239,CC1=C(C(=O)[O-])C=[N+]=[N+]1c1ccccc1F
Anion_3241,O=C([O-])CCC[n+]1c([O-])[nH+]c2ccccc2c1[O-]
Anion_3242,Cc1ccc(Br)c2c1=[NH+]C(=C([O-])[O-])C=2
Anion_3244,O=C([O-])Cc1cc(F)c(Br)cc1F
Anion_3246,CC(C)(C)OC(=O)N1CCC(C2(C(=O)[O-])CC2)CC1
Anion_3247,O=C([O-])CCCCCC(=O)C1CCCCC1
Anion_3248,CC(C)(C(=O)[O-])c1ccc2c(c1)OCCO2
Anion_3249,Cc1onc(C(=O)[O-])c1C[n+]1ccc[n-]1
Anion_3250,O=C([O-])CCc1cccnc1Br
Anion_3251,COc1ccc(C2(C(=O)[O-])COC2)cc1
Anion_3252,COc1ccc(C2(C(=O)[O-])CC(=O)C2)cc1
Anion_3253,COC1=CC(=C([O-])CCCC(=O)[O-])[CH+]C(OC)=C1
Anion_3254,O=C([O-])CCOCC1CC1
Anion_3255,O=C([O-])CC[N+]1=CN=C2[S+]=C3CCCCC3=C2C1=O
Anion_3256,Cc1ccc(C(=O)CC(C)(C)CC(=O)[O-])cc1
Anion_3257,O=C([O-])c1ccc([O-])[n+](Cc2ccc(F)cc2)c1
Anion_3258,Cc1[nH+]c2c(F)cc(Br)cc2[c-]1CC(=O)[O-]
Anion_3259,O=C([O-])Cc1ccc(C(F)F)cc1
Anion_3260,C[N+]1=[N+]=CC(Br)=C1CCC(=O)[O-]
Anion_3261,O=C([O-])Cc1cccc(F)n1
Anion_3262,O=C([O-])C[n+]1cnc2[c-]1CCCC2
Anion_3263,Cc1ccc(Cn2cc(C(=O)[O-])c3ccccc32)cc1
Anion_3264,CC(C)N(C)CC(=O)[O-]
Anion_3265,O=Cc1ccc(OCc2occc2C(=O)[O-])cc1
Anion_3266,C[n+]1c(C(=O)[O-])cc2cc(C(F)(F)F)cc[c-]21
Anion_3267,O=C([O-])CCCC1=[N+]=C(c2ccccn2)[N-]O1
Anion_3269,O=C([O-])CCC1=[N+]=c2nccc[n+]2=N1
Anion_3270,O=C([O-])C1=C[N+](=c2cccc[c-]2Br)[N+]#[N+]1
Anion_3272,O=C([O-])C[n+]1ccc2c(F)ccc[c-]21
Anion_3273,CC1=[N+]=C(C2CC2)[S+]=C1C(=O)[O-]
Anion_3274,COCCOc1nc(C)c(C(=O)[O-])s1
Anion_3275,O=C([O-])CCc1[nH+]nc2[c-]1CCCC2
Anion_3276,O=C([O-])C1CCN(C(=O)c2cccc(Cl)c2)CC1
Anion_3277,O=C([O-])C1CCN(C(=O)c2ccc(Cl)s2)CC1
Anion_3278,O=C([O-])C1CCN(C(=O)C2CCCC2)CC1
Anion_3279,CC1=[N+]=[N+](C)C(Br)=C1C(=O)[O-]
Anion_3280,O=C([O-])c1ccc([O-])[n+](Cc2ccc(Cl)cc2)c1
Anion_3281,O=C([O-])c1ccc[n+](Cc2ccc(Cl)cc2Cl)c1[O-]
Anion_3282,O=C([O-])c1ccc([O-])[n+](Cc2ccc(C(F)(F)F)cc2)c1
Anion_3283,O=C([O-])c1ccc([O-])[n+](Cc2c(Cl)cccc2Cl)c1
Anion_3284,O=C([O-])c1cc2c(OC(F)F)cccc2[nH]1
Anion_3285,O=C([O-])c1cc2ccc(Cl)nc2s1
Anion_3286,O=C([O-])c1ccc(COc2ccccc2F)o1
Anion_3287,Cc1ccc(OCc2ccc(C(=O)[O-])o2)cc1
Anion_3288,COc1ccc(OCc2ccc(C(=O)[O-])o2)cc1
Anion_3289,Cc1ccc(SCc2ccc(C(=O)[O-])o2)cc1
Anion_3290,CC1=CC(C)=[N+]=C(SCc2ccc(C(=O)[O-])o2)[N-]1
Anion_3291,O=C([O-])c1ccc(C[S+]=C2[N+]#[N+]C=[NH+]2)o1
Anion_3292,COc1ccccc1OCc1ccc(C(=O)[O-])o1
Anion_3293,Cc1ccc([N+]2=[N+]=[N+]=C(C(=O)[O-])[C-]2C2CC2)cc1
Anion_3294,O=C([O-])c1ccc(-c2cc(Cl)ccc2Cl)s1
Anion_3295,COC1=CC2=[N+]=CN(CC(=O)[O-])C(=O)C2=C[C-]1OC
Anion_3296,COC1=CC2=[N+]=CN(CCC(=O)[O-])C(=O)C2=C[C-]1OC
Anion_3297,O=C([O-])C1=CN=C[N+]1=c1cccc[n-]1
Anion_3298,CC1=CC=[N+]=C[C-]1CC(=O)[O-]
Anion_3299,N#Cc1ccc(CC(=O)[O-])cn1
Anion_3300,O=C([O-])c1cnc(C2CC2)s1
Anion_3301,O=C([O-])C1=[S+2]=CN=C1C1CC1
Anion_3302,CC1=[N+]=C(Cc2ccccn2)[S+]=C1C(=O)[O-]
Anion_3303,O=C([O-])CCC1=[N+]=C(c2cnccn2)[N-]O1
Anion_3304,O=C([O-])COCCOCCN1C(=O)C=CC1=O
Anion_3305,O=C([O-])Cc1c[s+]c(-c2ccccn2)[n-]1
Anion_3306,CCCC1=[N+]=[N+]=C(S)N1CC(=O)[O-]
Anion_3307,O=C([O-])Cc1cc(Br)ccn1
Anion_3308,O=C([O-])COc1ccc2oc3ccccc3c2c1
Anion_3309,O=C([O-])C[n+]1c(C(F)(F)F)nc2cccc[c-]21
Anion_3310,Cc1nc(CC2CC2)oc1C(=O)[O-]
Anion_3311,CCC1=C(C(=O)[O-])C=[N+]=[N+]1c1ccccn1
Anion_3312,C=CC[n+]1nc(C)c(C(=O)[O-])[c-]1C
Anion_3313,Cc1nc(C(C)C)oc1C(=O)[O-]
Anion_3314,CC[n+]1ncc(C(=O)[O-])[c-]1C1CC1
Anion_3315,CC1=[N+]=[N+](C(C)C)C(C)=C1C(=O)[O-]
Anion_3316,N#CC(=Cc1ccco1)C(=O)[O-]
Anion_3317,O=C([O-])c1c[n+](Cc2ccccc2F)c2cccc[c-]12
Anion_3319,O=C([O-])C=Cc1ccccc1Oc1ccc(Cl)cc1
Anion_3320,COc1ccc(Oc2ccccc2C=CC(=O)[O-])cc1
Anion_3321,CC1=C(C(=O)[O-])C=[N+]=[N+]1C(C)C
Anion_3322,CC1=[N+]=[N+](C(C)(C)C)C(C)=C1C(=O)[O-]
Anion_3323,C[N+](C)=C1C=CC(=C2N=C(C(=O)[O-])C=[S+]2)C=C1
Anion_3324,O=C([O-])c1c[s+]c(-c2cc(Cl)cc(Cl)c2)[n-]1
Anion_3325,O=C([O-])c1c[s+]c(-c2cccc(F)c2)[n-]1
Anion_3326,O=C([O-])c1c[s+]c(-c2cccc(Br)c2)[n-]1
Anion_3327,O=C([O-])C1(C2=[N+]=CC=C[C-]2F)CC1
Anion_3329,CC(C)(C)c1ccc(-c2ccc(C(=O)[O-])[nH]2)cc1
Anion_3330,O=C([O-])c1cc[n+](C2CCCCC2)[n-]1
Anion_3331,CCS(=O)(=O)N1CCC(CC(=O)[O-])CC1
Anion_3332,O=C([O-])C1=[N+]=C(c2ccccn2)N=[NH+]1
Anion_3333,COC(=O)c1cc(C(=O)[O-])nn1Cc1ccccc1
Anion_3334,CC[n+]1cc(CC(=O)[O-])c[n-]1
Anion_3335,O=C([O-])Cc1cccc(F)c1Br
Anion_3336,O=C([O-])Cc1cccc(CN2CCOCC2)c1
Anion_3340,O=C([O-])c1c(Cl)nc2ccccn12
Anion_3341,Cc1ccc2c(c1)c(C)c(C(=O)[O-])n2C
Anion_3342,Cc1ccc[c-]2c(C)c(C(=O)[O-])[n+](C)c12
Anion_3343,CC(C)(C)n1cc(C(=O)[O-])[n+]#[n+]1
Anion_3344,O=C([O-])C[n+]1cccc(C(F)(F)F)c1[O-]
Anion_3345,O=C([O-])C[n+]1cc(C(F)(F)F)cc(Cl)c1[O-]
Anion_3346,O=C([O-])C1(CCCc2ccccc2)CCCCC1
Anion_3347,O=C([O-])C(F)(F)c1cccc(F)c1
Anion_3348,CC(C)C1=[S+2]=C(Cl)N=C1C(=O)[O-]
Anion_3349,CC1=[S+2]=C2N=CC(=C([O-])[O-])C(=O)[N+]2=C1C
Anion_3351,C[N+]1=[N+]=CC=C1c1cc(C(=O)[O-])n[nH]1
Anion_3352,O=C([O-])CC1=C[NH+]=C2N=CN=[N+]2C1=O
Anion_3353,CC1=C(C2=CC(=C([O-])[O-])[N-]O2)C=[N+]=[N+]1C
Anion_3354,CC(=O)CCC1=CC=c2oc(=C([O-])[O-])c(C)c2[CH+]1
Anion_3355,CC(=O)c1cnc2cc(C(=O)[O-])n[n+]-2[c-]1C
Anion_3356,O=Cc1cccc(OC(F)(F)C(=O)[O-])c1
Anion_3357,COC1=CC=C2C(=C[O-])C(=C([O-])[O-])[N+](C)=C2[CH+]1
Anion_3358,COc1ccc(CN2C(C)=C(C=O)C(=C([O-])[O-])[C+]2C)cc1
Anion_3359,COC1=CC(=C[O-])C=C(Cl)[C+]1OCC(=O)[O-]
Anion_3360,COC(=O)c1c(CC(=O)[O-])[nH+]c(C(C)=O)[c-]1C
Anion_3361,COc1ccc(C2=[N+]=[N+](CC(=O)[O-])C=C2C=O)cc1
Anion_3362,COC1=CC(=C(C)[O-])C=C[C+]1OCCC(=O)[O-]
Anion_3363,CC(=O)c1ccccc1OCc1ccc(C(=O)[O-])o1
Anion_3364,COC1=CC(OC)=C2C(=C[O-])C(=C([O-])[O-])[NH+]=C2[CH+]1
Anion_3365,COC1=CC(=C(C)[O-])C=CC1=[S+]CC(=O)[O-]
Anion_3366,CC1=C[C-](COc2ccc(C=O)cc2)OC1=C([O-])[O-]
Anion_3367,CC(=O)c1c(C)n[n+](CCC(=O)[O-])[c-]1C
Anion_3368,CC1=C(C=O)C(=C([O-])[O-])[C+](C)N1Cc1cccc(C)c1
Anion_3369,CCc1cccc2c(C(C)=O)c[n+](CC(=O)[O-])[c-]12
Anion_3371,Cc1c(C=O)c(C(=O)[O-])c(C)n1Cc1ccccc1
Anion_3372,CC(=O)C1=CC(=C=[N-])C(=[S+]CC(=O)[O-])N=C1C
Anion_3373,COC1=CC(=C[O-])C(Br)=C[C+]1OCC(=O)[O-]
Anion_3374,CC(=O)c1ccc(N2CCC(C(=O)[O-])CC2)cc1
Anion_3375,O=Cc1c(C(=O)[O-])[nH+]c2ccc(Br)c[c-]12
Anion_3376,COC1=CC(=C[O-])C=C(Br)[C+]1OCC(=O)[O-]
Anion_3377,CCOC1=CC(=C[O-])C(Cl)=C[C+]1OCC(=O)[O-]
Anion_3378,CC(=O)c1cnc(SCC(=O)[O-])nc1C
Anion_3379,CCCc1c(C(=O)[O-])[nH]c(C)c1C(C)=O
Anion_3380,COc1ccc(C(C)=O)cc1CSCC(=O)[O-]
Anion_3381,COCCN(C)CC(=O)[O-]
Anion_3382,O=CC1=C[N+](CC(=O)[O-])=[N+]=C1c1ccccc1
Anion_3383,O=Cc1ccc(OC(F)(F)C(=O)[O-])cc1
Anion_3384,COC1=CC2=[NH+]C(=C([O-])[O-])C(=C[O-])C2=C[C+]1OC
Anion_3385,C[N+](CC(=O)[O-])=C1N=CC(=C[O-])C=N1
Anion_3386,CC(=O)c1ccc(OCc2ccc(C(=O)[O-])o2)cc1
Anion_3387,CC(=O)c1ccc(SCC(=O)[O-])c(F)c1
Anion_3388,CN(CC(=O)[O-])C1CCC1
Anion_3389,COC1=CC(=C[O-])C(Cl)=C[C+]1OCC(=O)[O-]
Anion_3390,O=Cc1cccc(OCc2occc2C(=O)[O-])c1
Anion_3391,O=Cc1cccc(OCc2ccc(C(=O)[O-])o2)c1
Anion_3392,COC1=CC(Cl)=CC(=C[O-])[C+]1OCC(=O)[O-]
Anion_3393,Cc1ccc(C(=O)[O-])c(=O)n1C
Anion_3394,Cc1ccccc1-c1ccccc1CC(=O)[O-]
Anion_3395,Cc1cc(C)c2c(C)c(C(=O)[O-])[s+]c-2[n-]1
Anion_3396,C[N+]1=[N+]=C(CC(=O)[O-])c2ccccc21
Anion_3397,Cc1cccc2c1ccn2CC(=O)[O-]
Anion_3398,O=C([O-])Cc1coc2cc3c(cc12)CCC3
Anion_3399,COc1ccc2c(CC(=O)[O-])coc2c1C
Anion_3400,CCC1(C(=O)[O-])CCOCC1
Anion_3401,O=C([O-])CCS(=O)(=O)C(F)(F)F
Anion_3402,O=C([O-])CCN1CCCS1(=O)=O
Anion_3403,O=C([O-])c1cnc2[n+](c1[O-])C(=C1C=CC=C[CH-]1)C=[S+]2
Anion_3404,O=C([O-])C1=CC=C2C=CC=[N+]=[N+]21
Anion_3405,O=C([O-])C[N+]1=[N+]=C(C(F)F)C2=C1CCC2
Anion_3406,CC1=C(C(=O)[O-])C[N+]2=[N+]=CN=C2N1C
Anion_3407,O=C([O-])Cc1ccc(-c2ccc(Cl)c(Cl)c2)cc1
Anion_3408,CC1(C)CCC(C)(C(=O)[O-])CC1
Anion_3410,Cc1onc(C(=O)[O-])c1C[n+]1cc(Cl)c[n-]1
Anion_3411,CC1=[N+]=[N+](C)C=C1C1=CC(=C([O-])[O-])[N-]O1
Anion_3412,CC(C)(C)n1cc(C(=O)C(=O)[O-])cn1
Anion_3413,CC1=C(C(=O)[O-])[CH+]C(=S(=O)([O-])N2CCCC2)O1
Anion_3414,C[N+]1=C2CCCCC2=CC(=C([O-])[O-])C1=O
Anion_3415,O=C([O-])CCC(=O)c1cc(F)c(F)c(F)c1
Anion_3416,CC1=[N+]=[n+]2c(C)cc(=C([O-])[O-])nc2C1=C1C=CC=C[CH-]1
Anion_3417,O=C([O-])CCC1=CC(=C2C=CC(Br)=C[CH+]2)O[N-]1
Anion_3418,O=C([O-])c1c[n+]2ccc(F)cc2[n-]1
Anion_3419,O=C([O-])C1=[N+]=c2cc(Cl)cc[n+]2=N1
Anion_3420,O=C([O-])C1=C[N+]2=[N+]=CC(Cl)=CC2=N1
Anion_3421,O=C([O-])c1c[n+]2ccc(C(F)(F)F)cc2[n-]1
Anion_3422,O=C([O-])c1c[n+]2cc(F)c(Cl)cc2[n-]1
Anion_3423,N#CC1CC(C(=O)[O-])C1
Anion_3424,CC(C)(C)OC(=O)N1CC[N+]2=C(C1)[N+]#[N+]C2=C([O-])[O-]
Anion_3425,Cc1ccc(-c2ccc(CCC(=O)[O-])cc2)cc1
Anion_3426,CC(C)(C)c1ocnc1C(=O)[O-]
Anion_3427,O=C([O-])C1=[N+]=C(C2=CC=[N+]=C[CH-]2)[N-]O1
Anion_3428,CCCCSCC1=CC(=C([O-])[O-])O[C+]1C
Anion_3429,O=C([O-])C1CCN(C(=O)OCC(F)(F)F)CC1
Anion_3430,O=C([O-])C1CC[N+](=c2nc3cccc[c-]3o2)CC1
Anion_3431,O=C([O-])Cc1ccccc1-c1ccc2c(c1)OCO2
Anion_3432,CCC(=O)N1CCC(C(=O)[O-])CC1
Anion_3433,O=C([O-])c1cc2c(Cl)ccnc2[nH]1
Anion_3434,O=C([O-])CC1=[N+]=CN=[NH+]1
Anion_3435,O=C([O-])CC[N+]1=CC=[NH+]C(=O)C1=O
Anion_3437,CC1=[N+]=[N+](c2ccc(Cl)cc2)C2=[S+2]=C(C(=O)[O-])C=C12
Anion_3438,O=C([O-])c1cc2c(Br)ccc(F)c2[nH]1
Anion_3439,Cc1c(Cl)ccc2c1=[NH+]C(=C([O-])[O-])C=2
Anion_3440,O=C([O-])c1cc2c(F)cc(Br)cc2[nH]1
Anion_3441,CCCn1cc(C(=O)[O-])cn1
Anion_3442,CC(C)(C)OC(=O)N1CC(C2CC(C(=O)[O-])C2)C1
Anion_3443,O=C([O-])C1(c2cccc(Cl)n2)CC1
Anion_3445,O=C([O-])C1=CC2=[N+]=C(C(F)(F)F)C=C[N+]2=N1
Anion_3446,C[N+]1=NC=C(C(=O)[O-])C1=C=[N-]
Anion_3447,O=C([O-])COc1ccc2c(c1)OCCO2
Anion_3448,O=C([O-])CC1=CC=[N+]=[N+]=C1
Anion_3449,N#Cc1cccc2[nH+]cc(CC(=O)[O-])[c-]12
Anion_3450,O=C([O-])c1c[n+](C2CC2)c([O-])c2ccccc12
Anion_3451,O=C([O-])c1ccc([O-])[n+]2c1CCCCC2
Anion_3452,CC1=[N+]=C(C(=O)[O-])[C-](Br)O1
Anion_3453,N#Cc1cccc(OCCCCC(=O)[O-])c1
Anion_3455,O=C([O-])Cc1ccc(-c2cc(F)cc(F)c2)cc1
Anion_3456,O=C([O-])c1cc2c(Br)ccnc2[nH]1
Anion_3457,CC1=[N+]=C(C(C)(C)C)[S+]=C1C(=O)[O-]
Anion_3459,O=C([O-])CC[S+]=c1nccc[n-]1
Anion_3460,O=C([O-])C1(c2ccc3c(c2)OCCO3)CCCC1
Anion_3461,O=C([O-])CC1=[N+]=CC(C(F)(F)F)=C[C-]1Cl
Anion_3462,CC1=C(C(=O)[O-])C=[N+]=[N+]1C1CCOCC1
Anion_3463,CC1=NOC(=C([O-])[O-])[C+]1C
Anion_3464,CC1=[NH+]C2=[N+]=CC=CC2=C1C(=O)[O-]
Anion_3465,CC(=O)c1ccc(CC(=O)[O-])c(F)c1
Anion_3466,O=C([O-])c1cc2c(Cl)nc(Cl)nc2[nH]1
Anion_3467,COc1cc(Br)c(Cl)cc1CC(=O)[O-]
Anion_3468,O=C([O-])Cc1c[s+]c(-c2ccccc2Br)[n-]1
Anion_3469,O=C([O-])CCOc1ccc(OC(F)(F)F)cc1
Anion_3470,O=C([O-])c1cc2cc(F)c(F)c(F)c2[nH]1
Anion_3471,O=C([O-])C[S+]=c1ccc(C(F)(F)F)c[n-]1
Anion_3472,COC1=CC=CC(=C2C=C(C(=O)[O-])N=[NH+]2)[CH-]1
Anion_3473,C[N+]1=[N+]=C(c2cccc(Cl)c2)C=C1C(=O)[O-]
Anion_3474,COc1ccc(C2=CC(=C([O-])[O-])[NH+]=N2)cc1OC
Anion_3475,O=C([O-])COc1ccccc1OCC(F)(F)F
Anion_3476,CCCCCCCC/C=C\CCCCCCCC(=O)O
Anion_3477,O=C([O-])c1cnc(-c2ccccc2)o1
Anion_3478,O=C([O-])c1cc2cccc(Cl)c2s1
Anion_3479,O=C([O-])C1=[N+]=C(C(F)(F)F)C=[S+]1
Anion_3480,O=C([O-])c1cn[n+](-c2ccc(Cl)cc2)[c-]1C(F)(F)F
Anion_3481,O=C([O-])C=Cc1cc2ccccc2o1
Anion_3482,O=C([O-])CS(=O)(=O)Cc1ccc(F)cc1
Anion_3483,O=C([O-])C1=[N+]=[NH+]C=C1Cl
Anion_3484,CC1=Nc2ccc(C)c[n+]2C1=C([O-])[O-]
Anion_3485,Cc1ccc(C2(C(=O)[O-])CCCC2)cc1
Anion_3486,Cc1c(CC(=O)[O-])[s+]c2ccc(Cl)c[c-]12
Anion_3487,O=C([O-])CCc1c[n+](Cc2ccccc2)c2cccc[c-]12
Anion_3489,O=C([O-])C1=CC(=C2C=CC=C[CH+]2)C(C(F)(F)F)=[S+]1
Anion_3490,O=C([O-])c1ccc(C(=O)OCc2ccccc2)[nH]1
Anion_3491,O=C([O-])Cc1cc(Br)ccc1Br
Anion_3492,CC(C)(C)OC(=O)N1CCC(=CC(=O)[O-])CC1
Anion_3494,O=C([O-])c1cc2cc(F)c(F)cc2[nH]1
Anion_3495,O=C([O-])CCCc1ccccc1F
Anion_3496,O=C([O-])C1=CC2=CC=[N+]=CC2=[S+]1
Anion_3497,Cc1cc[n+](CC(=O)[O-])[n-]1
Anion_3498,O=C([O-])C1=[N+]=CC(Br)=[S+]1
Anion_3499,CCOC(=O)C1=CN=[N+](C)C1=C([O-])[O-]
Anion_3500,O=C([O-])Cc1ccc(-[n+]2c[n+]#[n+][n-]2)cc1
Anion_3501,O=C([O-])c1cnc2cc(Br)ccn12
Anion_3502,O=C([O-])C[N+]1=[N+]=[N+]=C(C2=CC=[N+]=C[CH-]2)[N-]1
Anion_3503,O=C([O-])C=CC1=[N+]=CC=[S+]1
Anion_3504,O=C([O-])C1=[N+]=[NH+]C=C1I
Anion_3505,CC1=CC=[S+2]=C1C=CC(=O)[O-]
Anion_3506,O=C([O-])C(=O)C=Cc1cccs1
Anion_3507,O=C([O-])C12CCN(CC1)CC2
Anion_3508,O=C([O-])C(c1cccs1)c1cccs1
Anion_3509,O=C([O-])c1cc2ccc(OCc3ccccc3)cc2[nH]1
Anion_3511,Cc1ccc(CC(=O)[O-])s1
Anion_3512,O=C([O-])CCC1CCOCC1
Anion_3513,CCc1noc(C)c1C(=O)[O-]
Anion_3514,C[S+]=C1C=C[S+]=C1C(=O)[O-]
Anion_3515,Cc1noc(C)c1CC(=O)[O-]
Anion_3516,O=C([O-])CCCCCc1cccs1
Anion_3517,O=C([O-])c1[nH+]c2ccccc2[c-]1Br
Anion_3518,Cc1ccc2cc(C(=O)[O-])oc2c1
Anion_3519,Cc1n[n+](C)c(C(=O)[O-])[c-]1Cl
Anion_3520,CS(=O)(=O)c1ccc(C(=O)[O-])s1
Anion_3521,O=C([O-])CCc1ccc2ccccc2n1
Anion_3522,CCc1oc2ccccc2c1C(=O)[O-]
Anion_3523,O=C([O-])CC1=[N+]=c2ccccc2=[S+]1
Anion_3524,O=C([O-])c1cc2ccc3ccccc3c2[nH]1
Anion_3525,O=C([O-])c1cc2c(ccc3ccccc32)o1
Anion_3526,O=C([O-])CC[n+]1cnc2cccc[c-]21
Anion_3528,O=C([O-])CCc1ccc(-c2ccccc2)o1
Anion_3529,Cc1c[n+](CCC(=O)[O-])c2cccc[c-]12
Anion_3530,O=C([O-])c1oc2ccccc2c1-c1ccccc1
Anion_3531,Cc1ccc(-c2noc(CCC(=O)[O-])n2)cc1
Anion_3532,O=C([O-])CCCCCCN1C(=O)c2ccccc2C1=O
Anion_3533,COc1ccc(-c2noc(CCC(=O)[O-])n2)cc1
Anion_3534,C[n+]1c(C(=O)[O-])cc(Br)[c-]1Br
Anion_3535,O=C([O-])c1c[nH+]c2cc(F)cc[c-]12
Anion_3536,O=C([O-])c1cc(Cl)c[nH]1
Anion_3537,O=C([O-])C1=CC2=CC=[N+]=CC2=[NH+]1
Anion_3539,O=C([O-])Cc1c[n+]2ccccc2[n-]1
Anion_3540,O=C([O-])C[n+]1cc(I)c([O-])[nH+]c1[O-]
Anion_3541,O=C([O-])C[S+]=C1[N+]#[N+]C(=[SH+])S1
Anion_3542,COc1ccc(C2=CC(=C([O-])[O-])[N-]O2)cc1
Anion_3543,O=C([O-])c1coc2ccc(Br)cc2c1=O
Anion_3544,O=C([O-])C[N+]1=[N+]=C[N+]#[N+]1
Anion_3545,O=C([O-])Cc1ccc(-c2ccc(F)cc2)cc1
Anion_3546,CC1=C(C(=O)[O-])SCCO1
Anion_3547,Cc1c(C(=O)[O-])oc2ccc(Cl)cc12
Anion_3548,O=C([O-])c1c[s+]c2ccc(Cl)c[c-]12
Anion_3549,COCCOCCC(=O)[O-]
Anion_3550,CCCN(CCC)CC(=O)[O-]
Anion_3551,CCCCCCCCOCC(=O)[O-]
Anion_3552,O=C([O-])COCC(F)(F)F
Anion_3553,COC(=O)C(C)(C)CC(=O)[O-]
Anion_3554,CC(C)OC(=O)C=CC(=O)[O-]
Anion_3555,CC(C)(C)c1ccccc1OCC(=O)[O-]
Anion_3556,CC(C)(Oc1cccc2ccccc12)C(=O)[O-]
Anion_3557,CC1(C)CCC(C(=O)[O-])CC1
Anion_3558,CN(CC(=O)[O-])Cc1ccccc1
Anion_3559,CC(C)(Cc1ccc(Cl)cc1)C(=O)[O-]
Anion_3560,Cc1ccccc1OC(C)(C)C(=O)[O-]
Anion_3561,N#Cc1ccccc1CCC(=O)[O-]
Anion_3562,COc1ccc(CC(C)(C)C(=O)[O-])cc1
Anion_3563,COc1ccc(CCC(=O)[O-])cc1Cl
Anion_3564,CCCCCCC1CCC(C(=O)[O-])CC1
Anion_3565,C#CCSCC(=O)[O-]
Anion_3566,O=C([O-])CCCCCCS
Anion_3567,CCCC[N+](CCCC(=O)[O-])=[N+]=O
Anion_3568,CCOC(=O)C1(C(=O)[O-])CCCC1
Anion_3569,Cc1ccc(OCC(=O)[O-])c(Cl)c1
Anion_3570,O=C([O-])COC1CCCC1
Anion_3571,CC(C)(C(=O)[O-])c1ccc(-c2ccccc2)cc1
Anion_3572,O=C([O-])COc1ccc(Br)cc1Cl
Anion_3573,O=C([O-])CSCCCc1ccccc1
Anion_3574,O=C([O-])COc1cccc(I)c1
Anion_3575,CC(C)(C)c1ccc(SCC(=O)[O-])cc1
Anion_3576,CCc1cccc(OCC(=O)[O-])c1
Anion_3577,COc1ccccc1OC(C)(C)C(=O)[O-]
Anion_3578,CC(=Cc1ccccc1Cl)C(=O)[O-]
Anion_3579,COc1cccc(OC)c1CC(=O)[O-]
Anion_3580,O=C([O-])CCS(=O)(=O)Cc1ccccc1
Anion_3581,COc1ccc(Br)cc1C=CC(=O)[O-]
Anion_3582,CN(C(=O)C(=O)[O-])c1ccccc1
Anion_3584,CCCc1ccc(C(=O)CCC(=O)[O-])cc1
Anion_3585,COc1ccc(CCC(=O)[O-])cc1F
Anion_3586,CCCCc1ccc(C(=O)CCC(=O)[O-])cc1
Anion_3587,O=C([O-])c1cn[nH+][n-]1
Anion_3588,O=C1CCC(C(=O)[O-])(c2ccccc2)CC1
Anion_3589,C=CC(C)=CCC(=O)[O-]
Anion_3590,CC1=CC=[N+]=C(c2cc(CCCC(=O)[O-])ccn2)[CH-]1
Anion_3591,O=C([O-])C[n+]1c([O-])c(=O)[nH+]c2cccc[c-]21
Anion_3592,O=C([O-])CCC1=[C-]O[C+]=C1
Anion_3593,CC(C)(C)OC(=O)N1CC=C(C(=O)[O-])CC1
Anion_3594,CSSCC(=O)[O-]
Anion_3595,O=C([O-])c1cc2cc(F)ccc2o1
Anion_3596,O=C([O-])Cc1c[nH+]c2cccc(F)[c-]12
Anion_3598,O=C([O-])c1cc(Cl)cs1
Anion_3599,O=C([O-])COC1CC(=O)Oc2ccccc21
Anion_3600,O=C([O-])C1(c2cccc(C(F)(F)F)c2)CC1
Anion_3601,O=C([O-])CCC(=O)c1ccc(F)cc1F
Anion_3603,Cc1ocnc1C(=O)[O-]
Anion_3604,O=C([O-])Cc1ccc2occc2c1
Anion_3605,O=C([O-])C[N+]1=[N+]=[N+]=[N+]=C1C1=CC=[S+2]=C1
Anion_3606,O=C([O-])CCc1ccc(OC(F)(F)F)cc1
Anion_3607,O=C([O-])C=CCOCc1ccccc1
Anion_3608,O=C([O-])CC1CCN(C(=O)OCc2ccccc2)CC1
Anion_3609,COC1=[N+]=[N+](C)C=C1C(=O)[O-]
Anion_3610,O=C([O-])C=Cc1ccc(F)cc1Cl
Anion_3611,O=C([O-])COc1ccc(OC(F)(F)F)cc1
Anion_3613,O=C([O-])c1cc2cc(C(F)(F)F)ccc2[nH]1
Anion_3614,O=C([O-])C1CC[N+](=c2nccc[n-]2)CC1
Anion_3615,O=C([O-])c1cc2ccc(F)cc2s1
Anion_3616,O=C([O-])c1cccn1Cc1ccccc1
Anion_3617,O=C([O-])c1ccc(-c2cc(C(F)(F)F)ccc2Cl)o1
Anion_3618,CC1(C)OB(c2cccc(CCC(=O)O)c2)OC1(C)C
Anion_3619,O=C([O-])C1=CC(C2CC2)=[N+]=[NH+]1
Anion_3620,O=C([O-])c1cc2c(F)c(Cl)ccc2[nH]1
Anion_3621,CCn1cc(C(=O)[O-])cn1
Anion_3622,O=C([O-])Cc1ccc(C(F)(F)F)c(F)c1
Anion_3623,O=C([O-])c1ccc(-c2ccc(F)cc2)s1
Anion_3624,Cc1cc(F)ccc1CC(=O)[O-]
Anion_3625,CN1CC(C(=O)[O-])C1
Anion_3626,CC1=[N+]=C(C(=O)[O-])[C-](C(F)(F)F)O1
Anion_3627,CC(C)(C(=O)[O-])c1ccc(F)cc1
Anion_3628,COc1ccc(Cn2cc(C(=O)[O-])[n+]#[n+]2)cc1
Anion_3630,CC(C)C1=[N+]=C(C(=O)[O-])C=[S+]1
Anion_3631,O=C([O-])C=Cc1ccc(Br)o1
Anion_3632,Cc1ccc2c(c1)C(C(=O)[O-])=[N+]=[NH+]2
Anion_3633,O=C([O-])C1=[N+]=[N+](Cc2ccccc2)c2ccccc21
Anion_3634,Cc1cocc1C(=O)[O-]
Anion_3635,O=C([O-])C1=C[N-]O[N-]1
Anion_3637,CC1=CC(=C([O-])[O-])[S+2]#[N+]1
Anion_3638,Cc1cc(C)c(C(=O)[O-])o1
Anion_3639,O=C([O-])C[S+]=C1C=CC=[S+]1
Anion_3640,C[N+]1=[N+]=[N+]=C(C(=O)[O-])[N-]1
Anion_3641,CCC1=[S+2]=C(C(=O)[O-])C=C1Br
Anion_3642,O=C([O-])COc1ccccn1
Anion_3643,N#CC1(C(=O)[O-])CCOCC1
Anion_3644,CC1=[S+2]=c2ccccc2=C1C(=O)[O-]
Anion_3645,Cc1ccc2c(C(=O)[O-])c[nH]c2c1
Anion_3646,O=C([O-])CCCCC(=O)c1cccs1
Anion_3647,O=C([O-])C1=[N+]=C[S+]=C1c1ccccc1
Anion_3648,O=C([O-])c1cc2cccc(F)c2[nH]1
Anion_3649,Cn1cc(C(=O)[O-])c2ccccc2c1=O
Anion_3650,O=C([O-])CCC(=O)c1ccc(Br)s1
Anion_3651,O=C([O-])CCCC1=[N+]=c2ccccc2=[S+]1
Anion_3652,Cc1nc(-c2ccccc2)oc1C(=O)[O-]
Anion_3653,O=C([O-])CCCc1c[nH+]c2ccc(F)c[c-]12
Anion_3654,Cc1onc(-c2ccc(Cl)cc2)c1C(=O)[O-]
Anion_3655,O=C([O-])CCc1cc2c(cc1Br)OCO2
Anion_3656,O=C([O-])C1=CN=[N+](c2ccccc2)C1=C1C=CC=C[CH-]1
Anion_3658,O=C([O-])C1=CC(=C2C=C[CH+]O2)O[N-]1
Anion_3659,Cc1c(C(=O)[O-])[nH+]c2ccc(Cl)c[c-]12
Anion_3660,O=C([O-])Cc1cnc2ccccc2c1
Anion_3661,O=C([O-])c1c[n+]2c([n-]1)=[S+2]=CC=2
Anion_3662,CC(C)(C)C1=CC(=C([O-])[O-])[NH+]=N1
Anion_3663,Cc1cc[n+]2c(=O)c(C(=O)[O-])cnc-2[cH-]1
Anion_3664,CCc1onc(-c2ccccc2)c1C(=O)[O-]
Anion_3665,O=C([O-])c1cc(Cl)no1
Anion_3666,CC(C)C1=CC(=C([O-])[O-])O[N-]1
Anion_3667,O=C([O-])c1cc2cccnc2s1
Anion_3668,O=C([O-])C[n+]1c([O-])oc2ccc(Cl)cc21
Anion_3669,O=C([O-])C[S+]=C1[N+]#[N+]N=[N+]1c1ccccc1
Anion_3671,O=C([O-])CCc1cc2ccccc2o1
Anion_3672,O=C([O-])C1=CC(=C2C=CC=C[CH+]2)C=[S+]1
Anion_3673,O=C([O-])c1cc2cc(F)ccc2s1
Anion_3675,O=C([O-])C1=[S+2]=c2cc(F)ccc2=C1Cl
Anion_3676,O=C([O-])c1oc(=O)c2ccccc2c1-c1ccccc1
Anion_3678,COC(C)(C)CC(=O)[O-]
Anion_3679,CCC(=O)CCCCCC(=O)[O-]
Anion_3680,CC=C(CC)C(=O)[O-]
Anion_3681,CCC(C)=C(C)C(=O)[O-]
Anion_3682,CCCC(=CC(=O)[O-])CCC
Anion_3683,CC(C)CC(CC(C)C)C(=O)[O-]
Anion_3684,CCC(C)(C)C(=O)C(=O)[O-]
Anion_3685,CCOC(=O)C(C)(C)CC(=O)[O-]
Anion_3686,CC(=CC(=O)[O-])C(C)(C)C
Anion_3687,COc1ccc(OC(C)(C)C(=O)[O-])cc1
Anion_3688,O=C([O-])CCc1cccc(Cl)c1Cl
Anion_3689,CC(=O)c1cc(Br)ccc1OCC(=O)[O-]
Anion_3690,O=C([O-])Cc1ccc(Cl)c(C(F)(F)F)c1
Anion_3691,O=C([O-])CCCC1CCCC1
Anion_3692,CC1=C(C(=O)[O-])CCC(C)(C)C1
Anion_3693,O=C([O-])C1(C2CCCCC2)CCCCC1
Anion_3694,C[S+]=C1C=CC(=C([O-])CCC(=O)[O-])C=C1
Anion_3695,COc1ccc(C=C(C(=O)[O-])c2ccccc2)cc1
Anion_3696,CC=C(C)C=CC(=O)[O-]
Anion_3697,O=C([O-])Cc1ccc(Cl)cc1Br
Anion_3698,N#Cc1cccc(CCC(=O)[O-])c1
Anion_3699,C=CCc1ccccc1OCC(=O)[O-]
Anion_3700,O=C([O-])CCOc1cccc(Br)c1
Anion_3701,CC1(CC(=O)[O-])CCCC1
Anion_3702,O=C([O-])CCC(=O)C1CCCC1
Anion_3703,COc1cc(CC(=O)[O-])ccc1C
Anion_3704,CCCCC[C@H]1CC[C@H]([C@H]2CC[C@H](C(=O)[O-])CC2)CC1
Anion_3705,CCOc1ccc(CC(=O)[O-])cc1OC
Anion_3706,COC1(C(=O)[O-])CCCC1
Anion_3707,CCCCCCOc1ccc(CC(=O)[O-])cc1
Anion_3708,O=C([O-])C(=O)Cc1ccc(Br)cc1
Anion_3709,COc1ccc(Cl)cc1C(=O)CCC(=O)[O-]
Anion_3710,O=C([O-])CC[S+]=c1cccc[c-]1F
Anion_3712,COC(=O)C(=Cc1ccc(OC)cc1)CC(=O)[O-]
Anion_3713,COc1ccc(C=CC(=O)C(=O)[O-])cc1OC
Anion_3714,CCOC1=CC=CC(=CC=C([O-])[O-])[CH+]1
Anion_3715,CCOc1ccc(C=CC(=O)[O-])cc1OC
Anion_3716,CC(C)(C)C1CCC(CC(=O)[O-])CC1
Anion_3717,C=CCOc1ccc(CC(=O)[O-])cc1
Anion_3718,O=C([O-])C(=O)Cc1ccccc1Cl
Anion_3719,O=C([O-])Cc1ccc2c(c1)CCC2
Anion_3720,COc1ccccc1C(=O)CCC(=O)[O-]
Anion_3721,O=C([O-])COc1ccc(F)c(Cl)c1
Anion_3722,O=C([O-])C1(c2ccc(Cl)cc2)CCCCC1
Anion_3724,O=C([O-])c1ccc(-c2ccc(Cl)cc2)[nH]1
Anion_3725,O=C1C=C(C(=O)[O-])CC1
Anion_3726,CCCCCCc1ccc(C(=O)[O-])s1
Anion_3727,CN1CC2=C(C(=O)[O-])N=C[N+]2=C2C=CC(F)=C[C-]2C1=O
Anion_3728,O=C([O-])C1=[S+2]=C(Cl)N=C1Cl
Anion_3729,CC1=[S+2]=CN=C1C(=O)[O-]
Anion_3730,O=C([O-])C1=[N+]=[NH+]C2=[N+]=CC=C[C-]21
Anion_3731,CN(C)C(=O)CC(=O)[O-]
Anion_3732,O=C([O-])C12CC(F)(C1)C2
Anion_3733,COc1cccc2c1=[S+]C(=C([O-])[O-])C=2
Anion_3734,CC(=CC(=O)[O-])C(F)(F)F
Anion_3735,C[N+]1=[N+]=CC(Cl)=C1C(=O)[O-]
Anion_3736,O=C([O-])CCC(=O)OCCc1ccccc1
Anion_3737,O=C([O-])CN1C(=O)C(=Cc2ccccc2)[S+]=C1[S-]
Anion_3739,C[n+]1ncc(C(=O)[O-])[c-]1C(F)(F)F
Anion_3740,O=C([O-])C1=CC(C(F)(F)F)=[N+]=[N+]1c1ccccc1
Anion_3741,O=C([O-])c1cc2c([nH]1)=CC(Cl)=[S+2]=2
Anion_3742,COc1ccc(CC(=O)[O-])cn1
Anion_3743,CCC1=CC(=C([O-])[O-])[NH+]=N1
Anion_3744,O=C([O-])C1=[N+]=[S+2]=C2C=C(Br)C=C[C-]12
Anion_3745,O=C([O-])Cc1cc(Br)ccc1Cl
Anion_3746,O=C([O-])C(=O)N1CCCC1
Anion_3747,CCOC(=O)N1CCC(C(=O)[O-])CC1
Anion_3748,COc1cccc2[nH+]cc(C(=O)[O-])[c-]12
Anion_3749,O=C([O-])Cc1cc(Br)cs1
Anion_3750,CC(C)c1c[s+]c(C(=O)[O-])[n-]1
Anion_3751,CC(C)(C)OC(=O)N1CCC(F)(C(=O)[O-])CC1
Anion_3752,O=C([O-])c1cc2ccc(C(F)(F)F)cc2s1
Anion_3753,O=C([O-])C(F)(F)c1ccc(Br)cc1
Anion_3754,CC(C)[N+]1=[N+]=CC=C1C(=O)[O-]
Anion_3755,CC1(C)OB(c2ccc(C(=O)[O-])s2)OC1(C)C
Anion_3756,CC(C)(C)OC(=O)N1CCc2[nH+]nc(C(=O)[O-])[c-]2C1
Anion_3757,CC1=[N+]=C(C(=O)[O-])C(=C2C=CC=C[C-]2F)S1
Anion_3758,O=C([O-])c1c[s+]c(-c2ccccn2)[n-]1
Anion_3759,O=C([O-])Cc1ccc(Br)cc1Cl
Anion_3760,O=C([O-])c1c[n+]2cc(C(F)(F)F)cc(Cl)c2[n-]1
Anion_3761,O=C([O-])C1=[N+]=c2cc(Br)ccc2=[NH+]1
Anion_3763,C[n+]1cc(CC(=O)[O-])c[n-]1
Anion_3764,O=C([O-])C1=CN=C2C=CC(Cl)=[N+]=[N+]12
Anion_3765,N#CC(=Cc1ccc2c(c1)OCO2)C(=O)[O-]
Anion_3766,COc1ccc(C(=O)[O-])o1
Anion_3767,CCCc1ccc(C(=O)[O-])s1
Anion_3768,O=CN1CCC(C(=O)[O-])CC1
Anion_3769,Cc1n[n+](C)c(C(=O)[O-])[c-]1C
Anion_3770,CC1=CC=c2oc(=C([O-])[O-])c(C)c2[CH+]1
Anion_3771,O=Cc1c(C(=O)[O-])[nH+]c2cccc[c-]12
Anion_3772,O=C([O-])C1Oc2ccccc2O1
Anion_3773,O=C([O-])C1=C[N-]OC1=C1C=CC=C[CH+]1
Anion_3774,O=C([O-])c1cc2c(F)cccc2[nH]1
Anion_3775,O=C([O-])CCC1=[N+]=C2C=CC=C[C-]2O1
Anion_3776,CC1=CC(C)=[N+]=C(SCC(=O)[O-])[N-]1
Anion_3777,Cc1[nH]c2ccccc2c1C(=O)C(=O)[O-]
Anion_3778,O=C([O-])CCCN1C(=O)CCC1=O
Anion_3780,COc1ccc2oc(C)c(C(=O)[O-])c2c1
Anion_3781,O=C([O-])CC[N+]1=[N+]=[N+]=C2C=CC=C[C-]21
Anion_3782,C[n+]1cc(CCCC(=O)[O-])c2cccc[c-]21
Anion_3783,CC1=[N+]=[N+](c2ccccc2)C(C)=C1CC(=O)[O-]
Anion_3784,Cn1c(-c2ccccc2)c(C(=O)[O-])c2ccccc21
Anion_3785,Cc1cc(=O)c(C(=O)[O-])nn1-c1ccc(Cl)cc1
Anion_3786,COc1ccc2c(c1)OC(=O)C(CC(=O)[O-])C2C
Anion_3787,O=C([O-])CC[n+]1c2c(c3cccc[c-]31)CCCC2
Anion_3788,O=C([O-])CCC1CCN(C(=O)c2ccccc2)CC1
Anion_3790,CN1C(=O)C(=C([O-])[O-])C=C2C=CC=C[C+]21
Anion_3791,O=C([O-])CCC1CCN(C(=O)OCc2ccccc2)CC1
Anion_3792,O=C([O-])C#Cc1cccnc1
Anion_3794,Cc1c(C(=O)[O-])[nH]c2c1C(=O)CCC2
Anion_3795,Cc1nonc1CC(=O)[O-]
Anion_3796,O=C([O-])C[S+]=C1N=CN=C2[NH+]=CN=C21
Anion_3797,O=C([O-])CCC1=[N+]=C(c2ccc(Cl)cc2)[N-]O1
Anion_3798,O=C([O-])CC1=[N+]=[NH+]c2ccc(Cl)cc21
Anion_3799,O=C([O-])CC1=COC(=C2C=CC=C[CH+]2)[N-]1
Anion_3800,CCC1=CC(=C([O-])[O-])O[N-]1
Anion_3801,O=C([O-])CC1=[S+2]=C(c2ccccc2)N=C1c1ccccc1
Anion_3802,O=C([O-])C1=[N+]=C[S+]=C1Br
Anion_3803,O=C([O-])CCCN1C(=O)C[S+]=C1[S-]
Anion_3804,O=C([O-])CN1C(=O)COc2ccccc21
Anion_3805,O=CC1=CC=[S+2]=C1C(=O)[O-]
Anion_3806,O=C([O-])c1c[s+]c2[c-]1CCCC2
Anion_3807,O=C([O-])c1ccc(-c2ccc(Br)s2)s1
Anion_3808,O=C([O-])c1cc2c(s1)-c1ccccc1OC2
Anion_3809,O=Cc1cccn1CC(=O)[O-]
Anion_3810,Cc1cc[n+]2c(C(=O)[O-])cnc-2[cH-]1
Anion_3811,CC(C)C=C(C#N)C(=O)[O-]
Anion_3812,CC(C)CSCC(=O)[O-]
Anion_3813,CC(C)OCCC(=O)[O-]
Anion_3814,CC(C)(C#N)CC(=O)[O-]
Anion_3815,CCOC(=O)CC(C)(C)CC(=O)[O-]
Anion_3817,O=C([O-])C(F)(F)C(F)(F)C(F)F
Anion_3818,O=C([O-])Cc1ccc(-c2ccc(Cl)cc2)cc1
Anion_3819,CC12CC3(C)CC(C)(C1)CC(CC(=O)[O-])(C2)C3
Anion_3820,CC(C)(C(=O)[O-])S(=O)(=O)c1ccc(Cl)cc1
Anion_3821,O=C([O-])CCCC(=O)C1CCCC1
Anion_3822,O=C([O-])C(F)(F)c1ccc(Cl)cc1
Anion_3823,Cc1ccc(OCC(=O)[O-])c(Br)c1
Anion_3824,O=C([O-])CCCCC(=O)c1ccc(-c2ccccc2)cc1
Anion_3825,O=C([O-])CCc1c(F)c(F)c(F)c(F)c1F
Anion_3826,CC(C)CC1CCC(C(=O)[O-])CC1
Anion_3827,COc1ccc(CCC(=O)[O-])cc1C
Anion_3828,COc1ccc(C(=O)CCCCCCC(=O)[O-])cc1
Anion_3829,CCOC(=O)C1(C(=O)[O-])CCCCC1
Anion_3830,O=C([O-])CCCCCCCC(=O)OCc1ccccc1
Anion_3831,CC12CC(C(=O)[O-])(C1)C2
Anion_3832,CC(C)=C(F)C(=O)[O-]
Anion_3833,O=C([O-])C1(C2CC2)CC1
Anion_3834,CC(C)(C)C1CCC(=CC(=O)[O-])CC1
Anion_3835,CCCCCc1ccc(CC(=O)[O-])cc1
Anion_3836,O=C([O-])CCOc1ccc(-c2ccccc2)cc1
Anion_3837,O=C([O-])Cc1ccc(C2CCCCC2)cc1
Anion_3838,O=C([O-])COc1ccc2ccccc2c1Br
Anion_3839,O=C([O-])CS(=O)(=O)c1ccc(F)cc1
Anion_3840,O=C([O-])CCCOc1cccc2ccccc12
Anion_3841,CS(=O)(=O)c1cccc(CC(=O)[O-])c1
Anion_3842,O=C([O-])CCCN(Cc1ccccc1)Cc1ccccc1
Anion_3843,COC12CCC(C(=O)[O-])(CC1)CC2
Anion_3844,O=C([O-])CCCCC(=O)c1ccc(Cl)cc1
Anion_3845,O=C([O-])CCC(=O)c1cccc(F)c1
Anion_3846,Cc1ccccc1C(=O)CCCC(=O)[O-]
Anion_3848,COc1ccc(CC(=O)[O-])c2ccccc12
Anion_3849,COc1ccc(C=CC(=O)[O-])cc1Cl
Anion_3850,N#Cc1ccccc1SCC(=O)[O-]
Anion_3851,O=C([O-])C(=O)Cc1ccc(-c2ccccc2)cc1
Anion_3852,COc1ccc(CCCC(=O)[O-])c(OC)c1
Anion_3853,COc1cc(OC)c(CC(=O)[O-])c(OC)c1
Anion_3854,COc1ccc(C(=O)CCC(=O)[O-])c(OC)c1OC
Anion_3855,O=C([O-])C1CCN(C(=O)C(F)(F)F)CC1
Anion_3856,O=C([O-])c1cc2cnccc2s1
Anion_3857,C=CCC1(C(=O)[O-])CC1
Anion_3858,O=C([O-])c1cc2cnccc2o1
Anion_3859,CC(C)(C(=O)[O-])c1ccccc1Br
Anion_3860,N#CC1=CC=c2oc(=C([O-])[O-])cc2[CH+]1
Anion_3861,O=C([O-])CCC(=O)c1ccc(F)c(F)c1
Anion_3862,O=C([O-])c1ccc[n+]2c1=[N+]=CC=2
Anion_3863,O=C([O-])CCCOc1cccc(F)c1
Anion_3864,CN(C(=O)OC(C)(C)C)C1(C(=O)[O-])CC1
Anion_3865,O=C([O-])C1CC(c2ccccc2)C1
Anion_3866,O=C([O-])CCC(F)(F)C(F)(F)F
Anion_3867,O=C([O-])CCN1C(=O)c2ccccc2S1(=O)=O
Anion_3868,C[n+]1cc(Cl)c(C(=O)[O-])[n-]1
Anion_3869,CCn1cc(C(=O)[O-])c(=O)c2cc(F)ccc21
Anion_3870,O=C([O-])CC1CCN(Cc2ccccc2)CC1
Anion_3871,O=C([O-])CCc1cc(C(F)(F)F)cc(C(F)(F)F)c1
Anion_3872,CC1=C(C(=O)[O-])C=[N+]=[N+]1c1ccc(Cl)cc1
Anion_3873,O=C([O-])Cc1ccc(F)c(F)c1F
Anion_3875,O=C([O-])C=C1CC1
Anion_3876,O=C([O-])c1[nH+]c2ccccc2[c-]1I
Anion_3877,Cn1cc(C(=O)[O-])c2cc(Br)ccc21
Anion_3878,C=CCC1(C(=O)[O-])CCC1
Anion_3879,COc1ccc(C2=[N+]=[N+](c3ccccc3)C=C2C(=O)[O-])cc1
Anion_3880,O=C([O-])COC1CCN(C(=O)OCc2ccccc2)CC1
Anion_3882,C[N+]1=[N+]=C(Cl)C=C1C(=O)[O-]
Anion_3884,O=C([O-])c1cc2c([nH]1)=C(Cl)C=[S+2]=2
Anion_3885,O=C([O-])c1cc2c(F)cc(F)cc2[nH]1
Anion_3886,COC1CC(C(=O)[O-])C1
Anion_3887,CC(C)(C)C1=CC(=C([O-])[O-])[N-]O1
Anion_3888,CC(C)N1CCC(C(=O)[O-])CC1
Anion_3889,O=C([O-])c1cc2[n+]([n-]1)CCC2
Anion_3890,O=C([O-])C1=CC2=[N+]=C(Cl)C=CC2=[NH+]1
Anion_3891,O=C([O-])C1=CC2=[N+]=CC=C(Cl)C2=[S+]1
Anion_3892,CCOC(=O)C1CCC(CC(=O)[O-])CC1
Anion_3893,O=C([O-])c1cc2cc(C(F)(F)F)ccc2s1
Anion_3894,O=C([O-])Cc1ccc(C(F)(F)F)cc1Cl
Anion_3896,COc1ccc2c(C(=O)[O-])n[nH]c2c1
Anion_3898,CC(C)(C)n1cc(C(=O)[O-])cn1
Anion_3899,O=C([O-])c1ccc[n+](Cc2ccc(F)c(F)c2)c1[O-]
Anion_3901,N#Cc1ccc(N2CCC(C(=O)[O-])CC2)cc1
Anion_3902,O=C([O-])CCOCCOCCOCCOCCS
Anion_3903,COc1cc(Br)ccc1CC(=O)[O-]
Anion_3904,O=C([O-])C1=CC(=C2C=CC(F)=C[CH+]2)[NH+]=N1
Anion_3905,C[N+]1=CC(=CC=C([O-])[O-])C=N1
Anion_3906,Cc1cnc2c(C(=O)[O-])cn[n+]-2[cH-]1
Anion_3907,COc1cc(F)ccc1CC(=O)[O-]
Anion_3909,O=C([O-])Cc1cc[nH+][n-]1
Anion_3910,Cc1cc(CCCC(=O)[O-])c(C)s1
Anion_3912,O=C([O-])C(=O)c1cccnc1
Anion_3913,O=C([O-])Cc1cncs1
Anion_3914,O=C([O-])CCC1=[N+]=CC=[S+]1
Anion_3915,O=C([O-])CC[n+]1cnc[n-]1
Anion_3916,CC(=O)c1ccc(C(=O)[O-])[nH]1
Anion_3917,C[N+]1=CC=CC1=C([O-])C(=O)[O-]
Anion_3918,O=C([O-])C[N+]1=[N+]=CC=CC1=O
Anion_3919,Cc1oc2c(c1C(=O)[O-])CCCC2
Anion_3920,O=C([O-])C1=C[NH+]=C2C=CC=[N+]=C12
Anion_3921,O=C([O-])Cc1cccc2cccnc12
Anion_3922,CC1=CC=CC2=CC(=C([O-])[O-])O[C+]12
Anion_3923,Cn1cc(C(=O)[O-])n(C)c1=O
Anion_3924,CC1=[NH+]C(=C([O-])[O-])C(C)=C1C=O
Anion_3925,Cc1cc(C)c2cc(C(=O)[O-])oc2c1
Anion_3926,Cc1c(C(=O)[O-])oc2ccc(Br)cc12
Anion_3927,C[n+]1c(CC(=O)[O-])cc2cccc[c-]21
Anion_3928,COc1c(C(=O)[O-])oc2ccccc12
Anion_3929,O=C([O-])C1=[N+]=[N+]=[NH+]C1=C1C=CC=C[CH-]1
Anion_3930,O=C([O-])CCCCCCCCCc1cccs1
Anion_3931,O=C([O-])COC1=[N+]=c2ccccc2=[S+]1
Anion_3933,O=C([O-])C1=[S+2]=CC=C1C(=O)c1ccccc1
Anion_3934,Cc1c(C(=O)[O-])oc2ccccc2c1=O
Anion_3935,Cc1cc(=[S+]CC(=O)[O-])nc2cccc[c-]12
Anion_3936,O=C([O-])c1cc2cc(Cl)cc(Cl)c2[nH]1
Anion_3937,Cc1[nH+]c2ccc(Br)cc2[c-]1CC(=O)[O-]
Anion_3938,O=C([O-])CCC(=O)[N+]1=C2[CH-]C=CC=C2CC1
Anion_3939,O=C([O-])C[S+]=C1[N+]#[N+]C(=C2C=CC=C[CH-]2)O1
Anion_3941,CC1=[NH+]C(=C[O-])C(C)=C1CC(=O)[O-]
Anion_3942,O=C([O-])CCc1c[nH+]c2ccc(Br)c[c-]12
Anion_3943,O=C([O-])CCC(=O)c1ccccn1
Anion_3945,O=C([O-])C1=[N+]=[NH+]c2ccc(I)cc21
Anion_3946,O=C([O-])c1c[n+]2c([n-]1)[s+]c1cccc[c-]12
Anion_3947,O=C([O-])C[S+]=c1ncnc2cccc[c-]12
Anion_3948,O=C([O-])CC[n+]1c([O-])oc2ccccc21
Anion_3949,CC1(CCCC(=O)[O-])[N+]#[N+]1
Anion_3950,O=C([O-])c1ccc[n+]2c([O-])c3cc4ccccc4cc3nc12
Anion_3951,Cc1cc(CC(=O)[O-])no1
Anion_3952,CCc1ncc(C(=O)[O-])s1
Anion_3953,CC1=[N+]=c2cccc[n+]2=C1CC(=O)[O-]
Anion_3954,Cc1onc(-c2cccc(Cl)c2)c1C(=O)[O-]
Anion_3955,CC1=[S+2]=NC(C)=C1C(=O)[O-]
Anion_3956,CC1=[N+]=[NH+]C(C)=C1CC(=O)[O-]
Anion_3957,O=C([O-])C1=[N+]=c2ccc(Cl)cc2=[S+]1
Anion_3958,O=C([O-])C1=CN=C2[S+]=CC=[N+]12
Anion_3959,O=C([O-])C=CC(=O)N1CCOCC1
Anion_3960,O=C([O-])CCC1=[N+]=CC(=C2C=CC=C[CH-]2)O1
Anion_3961,O=C([O-])Cc1c[n+]2c([n-]1)=[S+2]=CC=2
Anion_3962,Cc1c(C(=O)[O-])oc2c1C(=O)CCC2
Anion_3963,COCc1ccc(C(=O)[O-])s1
Anion_3964,O=C([O-])c1cc2c(s1)CCC2
Anion_3965,Cc1c(C(=O)[O-])[s+]c2ccc(Cl)c[c-]12
Anion_3966,O=C([O-])c1occc1-c1ccccc1
Anion_3967,Cc1oc(=O)c2ccccc2c1C(=O)[O-]
Anion_3968,O=C1c2ccccc2C(=O)N1C1(C(=O)[O-])CCCC1
Anion_3969,O=C([O-])Cc1ccc(Br)s1
Anion_3970,CSCCCCC(=O)[O-]
Anion_3971,CC(C)CCOCC(=O)[O-]
Anion_3972,CC(=O)SCCCC(=O)[O-]
Anion_3973,CCC(=O)CCCCCCC(=O)[O-]
Anion_3974,CCN(CC)C(=O)CCCCC(=O)[O-]
Anion_3975,CCOC(=S)SC(C)(C)C(=O)[O-]
Anion_3976,CCCCC#CC#CCCCCCCCCC(=O)[O-]
Anion_3977,CC(C)SCCC(=O)[O-]
Anion_3978,O=C([O-])CCC(=O)C(F)(F)F
Anion_3979,O=C([O-])CCc1c(Cl)cccc1Cl
Anion_3981,O=C([O-])CCOc1cccc2ccccc12
Anion_3982,COc1cc(OC)c(C(=O)CCC(=O)[O-])cc1OC
Anion_3983,CCCC1(C(=O)[O-])CCC1
Anion_3984,C=C(CC(=O)OCCCC)C(=O)[O-]
Anion_3985,N#Cc1ccccc1OCC(=O)[O-]
Anion_3986,O=C([O-])CC1=C(c2ccccc2)CCC1=O
Anion_3987,COc1ccc(CCC(=O)[O-])cc1OCc1ccccc1
Anion_3988,O=C([O-])C(C1CC1)C1CC1
Anion_3990,CC(C)(C(=O)[O-])c1cccc2ccccc12
Anion_3991,C=C(CC(=O)OCc1ccccc1)C(=O)[O-]
Anion_3992,CCCc1ccc(CCCC(=O)[O-])cc1
Anion_3993,CS(=O)(=O)OCC(=O)[O-]
Anion_3994,CC(=CC(=O)[O-])CCc1ccccc1
Anion_3995,Cc1cc(Br)ccc1OCC(=O)[O-]
Anion_3996,CC(C)c1cccc(OCC(=O)[O-])c1
Anion_3997,Cc1ccc(C)c(OCCC(=O)[O-])c1
Anion_3998,CC(C)(Oc1ccc2ccccc2c1)C(=O)[O-]
Anion_3999,N#Cc1cccc(OCC(=O)[O-])c1
Anion_4000,O=C([O-])CC(Cc1ccccc1)Cc1ccccc1
Anion_4001,O=C([O-])Cc1ccc(F)c(Cl)c1
Anion_4002,O=Cc1cccc(CCC(=O)[O-])c1
Anion_4003,O=C([O-])C1=C(c2ccccc2)CCC1
Anion_4004,COc1ccccc1CC(=O)C(=O)[O-]
Anion_4005,CC(C)Oc1ccc(CCC(=O)[O-])cc1
Anion_4006,O=C([O-])CCC(=O)c1cccc(Br)c1
Anion_4007,O=C([O-])COc1ccc(S(=O)(=O)Cl)cc1
Anion_4008,CC(C)c1ccc(C(=O)CCCC(=O)[O-])cc1
Anion_4009,CC1=CC=C(OCC(=O)[O-])C(=C[O-])[CH+]1
Anion_4010,O=Cc1c(OCC(=O)[O-])ccc2ccccc12
Anion_4011,O=C([O-])C=Cc1cccc(I)c1
Anion_4012,COc1ccc(C=CC(=O)[O-])cc1F
Anion_4013,COc1ccc(C=CC(=O)CCC(=O)[O-])cc1
Anion_4014,CC(=C([O-])[O-])[C+]1CCCC1
Anion_4015,O=C([O-])C1(Cc2ccccc2)CCC1
Anion_4016,O=Cc1ccc(OCCC(=O)[O-])cc1
Anion_4017,O=Cc1ccccc1OCCC(=O)[O-]
Anion_4018,CCOc1ccc(OCC(=O)[O-])cc1
Anion_4019,CCOc1ccc(SCC(=O)[O-])cc1
Anion_4020,O=C([O-])COc1cc(F)cc(F)c1
Anion_4021,COc1cc(C)ccc1OCC(=O)[O-]
Anion_4022,COc1cc(CC(=O)[O-])c(OC)cc1Br
Anion_4023,O=C([O-])c1ccc(C(F)(F)F)s1
Anion_4024,CCC1=CC=[S+2]=C1C(=O)[O-]
Anion_4025,C[n+]1cc(Br)c(C(=O)[O-])[n-]1
Anion_4026,CC1=[N+]=C(C(=O)[O-])C(C)=[S+]1
Anion_4027,CC1=[N+]=[N+]=C(SCC(=O)[O-])S1
Anion_4028,O=C([O-])c1c(-c2ccccc2)n[n+]2cccc[c-]12
Anion_4029,Cc1ccccc1-c1noc(CCC(=O)[O-])n1
Anion_4030,O=C([O-])C12CCC(F)(CC1)CC2
Anion_4031,N#Cc1ccc(OCCC(=O)[O-])cc1
Anion_4032,O=C([O-])C1=C[N+]2=CC=[N+]=CC2=N1
Anion_4033,O=C([O-])Cc1coc2ccc3ccccc3c12
Anion_4034,CC(F)(F)CCC(=O)[O-]
Anion_4035,O=C([O-])CCCN1CCCC1
Anion_4036,CC(=CC(=O)[O-])c1cccs1
Anion_4037,O=C([O-])CCN1Cc2ccccc2C1=O
Anion_4038,O=C([O-])CS(=O)(=O)Cc1ccc(Br)cc1
Anion_4039,O=C([O-])c1c[s+]c[c-]1Cl
Anion_4041,O=CC1=CC=CC(=CC=C([O-])[O-])[CH+]1
Anion_4042,CC(C)(C)CCC(=O)C(=O)[O-]
Anion_4043,CC1=[N+]=c2ccc(Br)c[n+]2=C1C(=O)[O-]
Anion_4044,O=C([O-])Cc1cccc(Cl)n1
Anion_4045,C[N+]1=[N+]=C(C(=O)[O-])C=C1C(F)(F)F
Anion_4046,O=C([O-])Cc1ccc(C(F)(F)F)cc1C(F)(F)F
Anion_4047,COc1ccccc1[N+]1=[N+]=[N+]=C(C(=O)[O-])[C-]1C
Anion_4048,CC(C)(C)Oc1ccc(CCC(=O)[O-])cc1
Anion_4049,O=C([O-])CN1Cc2ccccc2C1
Anion_4050,O=C([O-])CN1CCN(Cc2ccccc2)CC1
Anion_4051,CC(C)(C)OC(=O)N1CCC2(CCC(C(=O)[O-])CC2)CC1
Anion_4052,CC1=CC(=C([O-])[O-])C(Br)=[S+]1
Anion_4053,C#CCOc1ccccc1CCCCCC(=O)[O-]
Anion_4054,O=C([O-])C=Cc1ccc(F)c(Cl)c1
Anion_4055,C[n+]1c(C(=O)[O-])c(Br)c2cccc[c-]21
Anion_4056,O=C([O-])CCc1ccc2c(c1)CCO2
Anion_4058,O=C([O-])C=Cc1ccc(Br)cc1F
Anion_4059,C=CCC1(C(=O)[O-])CCN(C(=O)OC(C)(C)C)CC1
Anion_4060,O=C([O-])C=Cc1cc(C(F)(F)F)cc(C(F)(F)F)c1
Anion_4061,O=C([O-])C1(c2ccc(Br)c(F)c2)CC1
Anion_4062,O=C([O-])CCCCc1cccc(Br)c1
Anion_4063,CCOC1=CC=CC2=CC(=C([O-])[O-])O[C+]21
Anion_4064,CCC1(C(=O)[O-])CC1
Anion_4065,O=C([O-])C1=[N+]=[NH+]C2=[N+]=CC(Br)=C[C-]21
Anion_4066,O=C([O-])c1cc2cc(Cl)c(Cl)cc2[nH]1
Anion_4067,CC1=CC=C(C)[N+]1=C1C=CC(=[S+]CC(=O)[O-])C=C1
Anion_4068,O=C([O-])C1(c2ccc(Cl)cc2Cl)CC1
Anion_4069,O=C([O-])C1(c2ccc(C(F)(F)F)cc2)CC1
Anion_4070,O=C([O-])c1c[c+](Cc2ccccc2)o[n-]1
Anion_4071,O=C([O-])c1cc2ccc(Cl)nc2[nH]1
Anion_4072,O=C([O-])c1cc2[n+]([n-]1)CCCC2
Anion_4073,Cn1cc(C(=O)[O-])c2cc(F)ccc21
Anion_4074,O=C([O-])Cc1cc(F)ccc1Cl
Anion_4075,CCOC1CCC(C(=O)[O-])CC1
Anion_4076,C#CCC1(C(=O)[O-])CCCCC1
Anion_4077,CCOc1cccc2c1OC(=O)C(C(=O)[O-])C2
Anion_4078,O=C([O-])CCc1cccc(OC(F)(F)F)c1
Anion_4080,O=Cc1c[n+](CCC(=O)[O-])c2cccc[c-]12
Anion_4081,COc1ccc(F)c(CC(=O)[O-])c1
Anion_4082,COc1ccc(CC(=O)[O-])c(Cl)c1
Anion_4083,O=C([O-])c1c[s+]c(C(F)(F)F)[n-]1
Anion_4084,O=C([O-])COc1ccccc1C(F)(F)F
Anion_4085,COCCOCCOCCC(=O)[O-]
Anion_4086,O=C([O-])C[N+]1=[N+]=C(C(F)(F)F)C2=C1CCCC2
Anion_4087,O=C([O-])C1CC[N+](=c2ccc(C(F)(F)F)c[n-]2)CC1
Anion_4088,CCOC(=O)C1=[N+]=C(C(=O)[O-])C=[S+]1
Anion_4089,CC(C)(C)OC(=O)N1CCC(n2cc(C(=O)[O-])cn2)CC1
Anion_4091,Cc1ccc(CC(=O)[O-])nc1
Anion_4092,O=C([O-])c1cc2cnc(Cl)nc2n1C1CCCC1
Anion_4093,C[N+]1=[N+]=C(C(=O)[O-])C=C1Br
Anion_4094,Cc1ccc(-n2cc(C(=O)[O-])[n+]#[n+]2)cc1
Anion_4095,CCC1=[S+2]=C(Cl)N=C1C(=O)[O-]
Anion_4096,O=C([O-])C1=C[S+]=C2C1=NC=[N+]=C2Cl
Anion_4097,O=C([O-])c1cnc2cc(F)ccn12
Anion_4098,O=C([O-])CCCC(=O)c1ccc(C(F)(F)F)cc1
Anion_4099,O=C([O-])C1=CN=C2C=CC=[N+]=[N+]12
Anion_4100,O=C([O-])C(=O)c1ccc(F)cc1F
Anion_4101,CC1=CC(=C2N=C(C(=O)[O-])[CH+]O2)C=C[N-]1
Anion_4102,CC1=C(C(=O)[O-])CCCO1
Anion_4103,Cc1ncc(C(=O)[O-])[nH]1
Anion_4104,CC(=O)c1cc(C(=O)[O-])n[nH]1
Anion_4105,C[N+]1=CC(=CC=C([O-])[O-])c2ccccc21
Anion_4106,CCC1=CC(=C([O-])[O-])C=[S+]1
Anion_4107,CC1=CC(=C([O-])[O-])[S+]=C1C
Anion_4108,Cc1[nH][n+]#[n+]c1C(=O)[O-]
Anion_4109,CC1=[N+]=C[S+]=C1CC(=O)[O-]
Anion_4111,CC[N+]1=[N+]=C(C(=O)[O-])C=C1C
Anion_4112,C[N+]1=C(C(=O)[O-])C=[N+]=N1
Anion_4113,Cc1c(Br)c(C(=O)[O-])nn1C
Anion_4114,O=C([O-])CCC(=O)c1ccc[nH]1
Anion_4115,O=C([O-])CC[n+]1ccccc1[O-]
Anion_4116,CC1=[N+]=C(C)C(CC(=O)[O-])=[S+]1
Anion_4118,O=C([O-])CCN1CCCCC1=O
Anion_4119,O=C([O-])CCc1cc(Br)no1
Anion_4120,O=C([O-])C1=[S+2]=CC(Br)=C1Br
Anion_4121,CC(=O)c1ccc(CC(=O)[O-])s1
Anion_4122,O=C([O-])c1noc2c1CCCC2
Anion_4123,O=C([O-])CCc1cc2ccccc2s1
Anion_4125,O=C([O-])c1cc2ccc(Cl)cc2o1
Anion_4126,Cc1c[n+](CC(=O)[O-])c2cccc[c-]12
Anion_4127,CC[N+]1=[N+]=C(C(=O)[O-])c2ccccc21
Anion_4128,O=C([O-])CCc1c[nH+]c2nccc[c-]12
Anion_4129,C[N+]1=[N+]=C2CCCCC2=C1C(=O)[O-]
Anion_4130,O=C([O-])CC[N+]1=[N+]=Cc2ccccc21
Anion_4131,Cc1ccc2c(=O)cc(C(=O)[O-])oc2c1
Anion_4132,COC1=CC=c2oc(=C([O-])[O-])c(C)c2[CH+]1
Anion_4133,O=C([O-])c1ccc(Oc2ccccc2)o1
Anion_4134,COc1ccc2c(c1)c(C(=O)[O-])c(C)n2C
Anion_4135,O=C([O-])c1ccc(CSCc2ccccc2)o1
Anion_4136,Cc1cc(=O)c(C(=O)[O-])nn1-c1ccccc1
Anion_4137,CC1=CC(=C([O-])[O-])[N+](Cc2ccccc2)=N1
Anion_4139,O=C([O-])CN1C(=O)c2cccc3cccc1c23
Anion_4140,O=C([O-])CCC(=O)c1ccc2c(c1)OCO2
Anion_4141,O=C([O-])CC[n+]1c(-c2ccccc2)cc2cccc[c-]21
Anion_4142,O=C([O-])CCC(=O)c1ccc2c(c1)OCCO2
Anion_4145,O=C([O-])CCc1cnc2ccccc2c1
Anion_4148,Cc1cccc2c(CC(=O)[O-])c[nH+][c-]12
Anion_4149,O=C([O-])c1c[n+]2c3c(cccc3c1[O-])CCC2
Anion_4150,O=C([O-])CC[n+]1ccc[n-]1
Anion_4151,C[n+]1c([O-])[n+](CC(=O)[O-])c2cccc[c-]21
Anion_4152,O=C([O-])Cc1cncnc1
Anion_4153,O=C([O-])C1=CC(=C2C=CC(Cl)=C[CH+]2)[NH+]=N1
Anion_4154,Cc1ccc[n+]2c([O-])c(C(=O)[O-])cnc12
Anion_4155,O=C([O-])CC1=CC=[N+]=[S+]1
Anion_4156,Cc1noc(C(C)C)c1C(=O)[O-]
Anion_4157,O=C([O-])c1conc1-c1ccccc1
Anion_4158,O=C([O-])C1=[N+]=[N+](Cc2ccc(F)cc2)c2ccccc21
Anion_4159,CCCC1=CC(=C([O-])[O-])O[N-]1
Anion_4160,C[n+]1c([O-])c2c(ncn2CCCC(=O)[O-])[n+](C)c1[O-]
Anion_4161,CC1=[N+]=CC(CCC(=O)[O-])=[S+]1
Anion_4162,O=C([O-])CCN1C(=O)COc2ccccc21
Anion_4163,O=C([O-])C(=Cc1cccs1)c1cccs1
Anion_4164,O=C([O-])C1=C[S+]=CC1=C1C=CC=C[CH-]1
Anion_4165,COC(=O)C1=C[S+]=CC1=C([O-])[O-]
Anion_4166,O=C([O-])CN1C(=O)Cc2ccccc2C1=O
Anion_4168,Cc1cc(OCCCC(=O)[O-])ccc1Cl
Anion_4169,CCCCCCCCCCSCCC(=O)[O-]
Anion_4170,CCCCCC(=O)CCCCCC(=O)[O-]
Anion_4171,CCCCCCCCCCCCC(C)(C)C(=O)[O-]
Anion_4172,CC(C)(Oc1ccc(-c2ccccc2)cc1)C(=O)[O-]
Anion_4173,O=C([O-])Cc1ccc(C2CC2)cc1
Anion_4174,CN(CC(=O)[O-])C(=O)CN(C)C(=O)OC(C)(C)C
Anion_4175,O=C([O-])CSCc1ccc(F)cc1
Anion_4176,O=C([O-])Cc1ccc(-c2cccc(F)c2)cc1
Anion_4177,N#CC1(C(=O)[O-])CCC1
Anion_4178,Cc1cccc(CCC(=O)[O-])c1C
Anion_4179,COc1ccc(SCCCC(=O)[O-])cc1
Anion_4180,O=C([O-])CCCC(=O)c1ccc(-c2ccccc2)cc1
Anion_4181,CC(C)(Oc1ccc(C(F)(F)F)cc1)C(=O)[O-]
Anion_4182,O=C([O-])CC1(c2ccccc2)CCCC1
Anion_4183,Cc1cccc(OC(C)(C)C(=O)[O-])c1
Anion_4184,CCCOc1ccc(CCC(=O)[O-])cc1
Anion_4185,C=C1CCC(C(=O)[O-])CC1
Anion_4186,CC(C)(CCCc1ccccc1)C(=O)[O-]
Anion_4187,COc1ccc(C2(C(=O)[O-])CCC2)cc1
Anion_4188,Cc1ccc(C(=O)CCCC(=O)[O-])cc1C
Anion_4189,CC(=CC(=O)[O-])C(=O)c1ccc(Br)cc1
Anion_4190,O=C([O-])Cc1ccc(SC(F)(F)F)cc1
Anion_4191,CCCCCCOc1ccc(CCC(=O)[O-])cc1
Anion_4193,COc1ccc(C2(C(=O)[O-])CCCCC2)cc1
Anion_4194,COc1ccc(C(=O)CCCCCC(=O)[O-])cc1
Anion_4195,COc1ccc(C(=O)CCCC(=O)[O-])c(OC)c1OC
Anion_4196,CC1=CC=C(C)C(=C([O-])CCCC(=O)[O-])[CH+]1
Anion_4198,O=Cc1cc(Cl)ccc1OCC(=O)[O-]
Anion_4199,COc1ccc(C=CC(=O)[O-])cc1Br
Anion_4200,COC1=CC=CC(=CC=C([O-])C(=O)[O-])[CH+]1
Anion_4201,Cc1cc(Br)ccc1CC(=O)[O-]
Anion_4202,CCOc1ccccc1CC(=O)[O-]
Anion_4203,O=C([O-])Cc1ccc2cc(Br)ccc2c1
Anion_4204,O=C([O-])CCOc1ccccc1Br
Anion_4205,CS(=O)(=O)c1ccc(CCC(=O)[O-])cc1
Anion_4206,O=C([O-])CCC1(c2ccccc2)CCCCC1
Anion_4207,O=C([O-])CCCc1ccc(Oc2ccccc2)cc1
Anion_4208,O=C([O-])COc1ccc(Cl)cc1F
Anion_4209,Cc1ccc(-c2cc(C(=O)[O-])n[nH]2)cc1
Anion_4210,O=C([O-])CN1CCCCC1=O
Anion_4211,O=C([O-])C1(c2ccc(Cl)c(Cl)c2)CC1
Anion_4212,C=CCCC(=O)C(=O)[O-]
Anion_4213,CCCC1=C(C(=O)[O-])C=[N+]=[N+]1c1ccccc1
Anion_4214,CC1=CC=CC(=C2N=C(CCC(=O)[O-])O[N-]2)[CH+]1
Anion_4215,O=C([O-])CCC(=O)c1cccc(C(F)(F)F)c1
Anion_4216,O=C([O-])c1c(-c2ccccc2)nc2ccccn12
Anion_4217,O=C([O-])CN1C(=O)C[S+]=C2C=CC=C[C-]21
Anion_4218,O=C([O-])C[n+]1cc(Cl)c([O-])c(Cl)c1
Anion_4219,O=C([O-])Cc1ccc(-c2ccccn2)cc1
Anion_4220,O=C([O-])Cc1c[nH+]c2cccc(Br)[c-]12
Anion_4221,O=CC1=[S+2]=CC=C1C(=O)[O-]
Anion_4222,C=CCOCCCC(=O)[O-]
Anion_4223,O=C([O-])c1cc(Cl)c(Br)s1
Anion_4224,C[N+]1=[N+]=[N+]=[N+]=C1SCC(=O)[O-]
Anion_4225,O=C([O-])c1c[n+]2c([n-]1)=[S+2]=C(Br)C=2
Anion_4226,CC(C)n1cc(C(=O)[O-])c2ccccc21
Anion_4227,CC1=CC(=C([O-])[O-])[C+](C(F)(F)F)O1
Anion_4228,O=C([O-])C1=[N+]=[NH+]c2cc(Cl)ccc21
Anion_4229,CC(C)(C)OC(=O)N(CC(=O)[O-])CC1CCCCC1
Anion_4230,O=C([O-])c1c[n-]o[c+]1C1CC1
Anion_4231,Cc1cccc2[nH+]cc(CC(=O)[O-])[c-]12
Anion_4232,O=Cc1ccccc1C=CC(=O)[O-]
Anion_4233,CC1=C(C(=O)[O-])C=[N+]=[N+]1c1ccc(F)cc1
Anion_4234,O=C([O-])C1(C(F)(F)F)CCCCC1
Anion_4235,Cc1cccc(C)c1CCC(=O)[O-]
Anion_4236,O=C([O-])c1ccc2ncc[n+]-2[n-]1
Anion_4237,COc1ccccc1C(=O)CCCC(=O)[O-]
Anion_4238,Cc1ccc(C2=[N+]=[N+](c3ccccc3)C=C2C(=O)[O-])cc1
Anion_4239,O=C([O-])CCc1cccc(F)c1F
Anion_4240,O=C([O-])C[S+]=C1C=[N+](Cc2ccccc2)c2ccccc21
Anion_4241,O=C([O-])c1cc2ccccc2n1Cc1ccc(Cl)cc1
Anion_4242,C=CC[N+]1=CC=CC1=C([O-])[O-]
Anion_4243,CCC1(C(=O)[O-])CCN(C(=O)OC(C)(C)C)CC1
Anion_4244,O=C([O-])C=Cc1ccc(Cl)cc1F
Anion_4245,CCn1cc(C(=O)[O-])c2ccccc21
Anion_4246,O=C([O-])c1c[n+]2cc(Br)ccc2[n-]1
Anion_4247,C[N+]1=[N+]=C(c2ccc(C(=O)[O-])s2)C=C1C(F)(F)F
Anion_4249,CC(C)CC1=CC(=C([O-])[O-])[N-]O1
Anion_4250,O=C([O-])C1=CC2=CC(Cl)=[N+]=CC2=[NH+]1
Anion_4251,O=C([O-])c1cc2c([nH]1)=C(Br)C=[S+2]=2
Anion_4252,N#Cc1ccc(N2CCC(C(=O)[O-])CC2)nc1
Anion_4253,O=C([O-])C1=[S+2]=CC=C1C(F)(F)F
Anion_4254,CC1=C(C(=O)[O-])C=[N+]=[N+]1C(C)(C)C
Anion_4255,COc1cccc2c(C(=O)[O-])c[nH+][c-]12
Anion_4257,O=C([O-])CCOc1cccc(F)c1
Anion_4258,O=C([O-])Cc1cc(F)ccc1C(F)(F)F
Anion_4259,CC1=C(Cl)C(C(F)(F)F)=[N+]=[N+]1CC(=O)[O-]
Anion_4260,COC1=CC=CC(=C2C=C(C(=O)[O-])[N-]O2)[CH+]1
Anion_4261,CC(C)(Oc1ccccc1F)C(=O)[O-]
Anion_4262,C[n+]1ncc(C(=O)[O-])[c-]1C(F)F
Anion_4263,COc1ccc(CC(=O)[O-])c(F)c1
Anion_4264,O=C([O-])CCOCCN1C(=O)C=CC1=O
Anion_4265,CCn1cc(C(=O)[O-])c(C)n1
Anion_4266,O=C([O-])CCCc1cccc(Br)c1
Anion_4267,CC(C)(CC(=O)[O-])C(F)(F)F
Anion_4268,O=C([O-])CC1=CC=[N+]=C(Cl)[CH-]1
Anion_4269,Cc1[nH]ncc1C(=O)[O-]
Anion_4270,O=C([O-])C1(c2ccc(Cl)nc2)CC1
Anion_4271,O=C([O-])C1=CN=[N+]2C=C(Br)C=[N+]=C12
Anion_4272,C[N+]1=CC(Br)=CC1=C([O-])[O-]
Anion_4273,O=C([O-])COC(F)F
Anion_4274,O=C([O-])C=Cc1c(-[n+]2c[n+]#[n+][n-]2)ccc(Cl)c1F
Anion_4276,COc1cc(CC(=O)[O-])ccc1F
Anion_4277,C=C(C(=O)[O-])c1ccccc1F
Anion_4278,N#Cc1ccc(C(F)(F)C(=O)[O-])cc1
Anion_4279,O=C([O-])C1=[S+2]=c2cc(C(F)(F)F)ccc2=C1Cl
Anion_4280,CC(=O)c1ccc(C(F)(F)C(=O)[O-])cc1
Anion_4281,O=C([O-])Cc1cnccn1
Anion_4282,O=C([O-])c1cc[n+]2nccc-2[n-]1
Anion_4283,O=C([O-])C1=CC2=C(Br)C=[N+]=CC2=[S+]1
Anion_4284,O=C([O-])C1(F)CCC1
Anion_4285,O=C([O-])c1[nH+]nc[c-]1Br
Anion_4286,N#CC(=Cc1cccs1)C(=O)[O-]
Anion_4287,O=C([O-])C=Cc1cn[n+](-c2ccccc2)[n-]1
Anion_4288,O=C([O-])CCC(=O)c1c[s+]c2cccc[c-]12
Anion_4289,Cc1cc(C(=O)[O-])c[nH]1
Anion_4290,CC1=COC(=C([O-])[O-])[CH+]1
Anion_4291,Cc1cc(C(=O)[O-])c(C)n1C
Anion_4292,CC(C)c1ccc(C(=O)[O-])s1
Anion_4293,CC1=[N+]=C(C(=O)[O-])[S+]=C1C
Anion_4294,CC1=[N+]=CC=C[C-]1CC(=O)[O-]
Anion_4295,CCc1onc(C)c1C(=O)[O-]
Anion_4296,C[N+]1=CC=[N+]=C1SCC(=O)[O-]
Anion_4297,O=C([O-])c1cc2ccccc2c(=O)s1
Anion_4298,O=C([O-])c1onc2c1CCCC2
Anion_4299,COC1=C[C-](CCC(=O)[O-])O[N-]1
Anion_4300,Cc1ccc(C(=O)CCC(=O)[O-])s1
Anion_4301,Cc1ccc(C)c2c1=CC(=C([O-])[O-])[NH+]=2
Anion_4302,COc1c(C(=O)[O-])[nH+]c2cccc[c-]12
Anion_4303,O=C([O-])C1(c2ccccc2)CCOCC1
Anion_4304,C[N+]1=[N+]=C(C(=O)[O-])c2ccccc2C1=O
Anion_4305,Cc1cc2ccccc2n1CCC(=O)[O-]
Anion_4306,Cc1cc(C(=O)[O-])c(C)n1-c1ccccc1
Anion_4307,O=C([O-])C1=Cc2ccc3c(c2=[NH+]1)=[N+]=CC=C3
Anion_4308,CC1=[N+]=c2ccccc2=[N+]1CCC(=O)[O-]
Anion_4309,CCOC(=O)c1c(CCC(=O)[O-])c[nH+][c-]1C
Anion_4311,CCCOc1ccc2c(c1)OC(=O)C(C(=O)[O-])C2
Anion_4312,CCOC1=C(C(=O)[O-])[N-]C(=C2C=CC=C[CH-]2)O1
Anion_4313,CCN1CCC(C(=O)[O-])CC1
Anion_4314,CC1=CC=[N+](C)C1=C([O-])[O-]
Anion_4315,O=C([O-])C[n+]1ccc2ccccc2c1[O-]
Anion_4316,O=C([O-])c1ccc(Br)[nH]1
Anion_4317,O=C([O-])CCC(=O)C1=CC=[N+]=C[CH-]1
Anion_4318,O=C([O-])CCCC(=O)c1ccccn1
Anion_4319,O=C([O-])CCCC(=O)c1cccnc1
Anion_4320,O=C([O-])c1cn[n+]2ccnc[c-]12
Anion_4321,O=C([O-])CCC1=[N+]=[N+]=C(c2ccccc2)O1
Anion_4322,O=C([O-])C[n+]1c(-c2ccccc2)nc2cccc[c-]21
Anion_4323,O=C([O-])CC1=CC(=C2C=CC=C[CH+]2)O[N-]1
Anion_4324,CC1=[N+]=[N+](c2ccccc2)C2=[S+2]=C(C(=O)[O-])C=C12
Anion_4325,C[n+]1ncc(C(=O)[O-])[c-]1Br
Anion_4326,CC1=CC(=C([O-])CCC(=O)[O-])C=C[C+]1Cl
Anion_4327,COc1ccccc1-c1noc(C)c1C(=O)[O-]
Anion_4328,COc1ccc(-c2noc(C)c2C(=O)[O-])cc1
Anion_4329,Cc1cccc2c(CC(=O)[O-])[n-]o[c+]12
Anion_4330,CC(C)(C)[N+]1=[N+]=[N+]=C(CC(=O)[O-])[N-]1
Anion_4331,Cc1ccc(-[n+]2nc(C)c(C(=O)[O-])[n-]2)cc1
Anion_4332,O=C([O-])C[n+]1cnc2ccc(Br)cc2c1[O-]
Anion_4333,O=C([O-])CC1=[N+]=CC=C[N-]1
Anion_4334,O=C([O-])C1=CC(=C2C=CC=C[CH+]2)[N+]#[S+2]1
Anion_4335,O=C([O-])c1cn[n+](-c2ccc(Cl)cc2)[n-]1
Anion_4336,C[n+]1c(CCC(=O)[O-])nc2cccc[c-]21
Anion_4337,CC1=[N+]=[N+](Cc2ccccc2)C(C)=C1CC(=O)[O-]
Anion_4338,O=C([O-])c1ccc2c(c1)C(=C1C=CC=C[CH+]1)O[N-]2
Anion_4339,O=C([O-])C(=O)c1ccc(Br)s1
Anion_4340,O=C([O-])CCC1=[N+]=CC(=C2C=CC(Cl)=C[CH-]2)O1
Anion_4341,COc1ccc(C2=CC(=C([O-])[O-])[N-]O2)cc1OC
Anion_4342,COc1ccc(C2=[N+]=C(C(=O)[O-])C=[S+]2)cc1
Anion_4343,COc1ccc(C[N+]2=[N+]=[N+]=C(C(=O)[O-])[N-]2)cc1
Anion_4344,COc1cccc2c1=CC(C(=O)[O-])=[S+2]=2
Anion_4345,O=C([O-])CCc1cccc2c1OCO2
Anion_4346,CC1CC(=O)Oc2ccc(OCC(=O)[O-])cc21
Anion_4347,N#CC1=CC=[S+2]=C1C(=O)[O-]
Anion_4348,O=C([O-])c1ccc(CS(=O)(=O)c2ccccc2)o1
Anion_4349,COC1=CC=CC(=c2ccc(=C([O-])[O-])o2)[CH+]1
Anion_4350,COc1ccc2c(c1)C=C(C(=O)[O-])CO2
Anion_4351,COc1cc2c(cn1)=[NH+]C(=C([O-])[O-])C=2
Anion_4352,Cc1ccc(CCC(=O)[O-])s1
Anion_4353,CC(C)(C(=O)[O-])c1cccs1
Anion_4354,CC(=O)CCC(C)(C)C(=O)[O-]
Anion_4355,C=C(C)CCCCCC(=O)[O-]
Anion_4356,COC(=O)CCCCCCCCCCCCC(=O)[O-]
Anion_4357,CC1(C)C=C(C(=O)[O-])C1
Anion_4358,N#CC1CC2(C1)CC(C(=O)[O-])C2
Anion_4360,Cc1ccc(OCCC(=O)[O-])c(C)c1
Anion_4361,O=C([O-])C1(c2ccc(Cl)cc2Cl)CCCC1
Anion_4362,O=C([O-])CCOc1cccc(Cl)c1Cl
Anion_4363,C=C(CN(CC)CC)C(=O)[O-]
Anion_4364,O=C([O-])COC(F)(F)F
Anion_4365,O=C([O-])CC(C(F)(F)F)C(F)(F)F
Anion_4367,COc1ccccc1OCCCC(=O)[O-]
Anion_4368,O=C([O-])COc1ccc(C(=O)c2ccc(Cl)cc2)cc1
Anion_4369,O=C([O-])CSCc1ccc(Cl)c(Cl)c1
Anion_4370,CC(C)(C(=O)[O-])C1CC1
Anion_4372,CC(C)(C)c1ccc(CSCC(=O)[O-])cc1
Anion_4373,CCCCCCCCC#CC#CCCCC(=O)[O-]
Anion_4374,O=C([O-])COC1=CC=CC(=C2C=CC=C[CH+]2)[CH-]1
Anion_4375,Cc1ccc(COCC(=O)[O-])cc1
Anion_4376,O=C([O-])CCS(=O)(=O)c1ccc(Cl)cc1
Anion_4377,Cc1ccc(CSCC(=O)[O-])cc1
Anion_4378,Cc1cccc(C)c1OCCC(=O)[O-]
Anion_4379,CC(C)(C(=O)[O-])c1ccc2ccccc2c1
Anion_4380,COc1cc(CC(=O)[O-])ccc1Cl
Anion_4381,CCCCOc1ccc(CCC(=O)[O-])cc1
Anion_4382,COC(=O)c1ccccc1CCC(=O)[O-]
Anion_4383,O=C([O-])CCCc1ccccc1Cl
Anion_4384,CCC(=O)c1ccc(OCC(=O)[O-])cc1
Anion_4385,COCC(=O)CC(=O)[O-]
Anion_4387,COc1cc(OC)c(CCC(=O)[O-])c(OC)c1
Anion_4388,CC(=CC(=O)[O-])C1CC1
Anion_4389,Cc1cc(C)c(C(=O)CCC(=O)[O-])cc1C
Anion_4390,COC1=CC=C(OC)C(=C([O-])CCCC(=O)[O-])[CH+]1
Anion_4391,CC1=CC=CC(=C([O-])CCCC(=O)[O-])[CH+]1
Anion_4392,Cc1ccc(C(=O)CCC(=O)[O-])cc1Cl
Anion_4393,CCCCCOc1ccc(CC(=O)[O-])cc1
Anion_4394,COc1ccc(C(=O)CC(C)(C)C(=O)[O-])cc1
Anion_4395,N#Cc1ccc(CC(=O)C(=O)[O-])cc1
Anion_4396,COc1ccc2c(c1)CCC=C2CC(=O)[O-]
Anion_4397,COc1c(C)cc(C(=O)CCC(=O)[O-])cc1C
Anion_4398,O=C([O-])CSCc1ccc(Br)cc1
Anion_4399,CCOc1ccc(C(=O)CCCC(=O)[O-])cc1
Anion_4400,CCC(C)=CCC(=O)[O-]
Anion_4401,O=C([O-])CCCC(=O)c1cccc2ccccc12
Anion_4402,CCC1(C(=O)[O-])CCCC1
Anion_4403,COC1=CC=C(OCC(=O)[O-])C(=C[O-])[CH+]1
Anion_4404,O=C([O-])C=CC1CCCC1
Anion_4405,O=C([O-])C=Cc1c(F)cccc1Cl
Anion_4406,CN(CCC(=O)[O-])Cc1ccccc1
Anion_4407,CC[N+](CC)=C1C=CC(=CC=C([O-])[O-])C=C1
Anion_4408,CC1(C(=O)[O-])CC(=O)C1
Anion_4409,Cc1cccc(CC(=O)[O-])c1C
Anion_4410,Cc1cc(CC(=O)[O-])ccc1Br
Anion_4411,COC(=O)CC1(CC(=O)[O-])CCCC1
Anion_4412,CCOc1ccccc1CCC(=O)[O-]
Anion_4413,CC(C)(C)c1cccc(OCC(=O)[O-])c1
Anion_4414,CCOc1ccccc1OCC(=O)[O-]
Anion_4415,COc1ccc(Br)cc1CCC(=O)[O-]
Anion_4416,O=C([O-])CCC(=O)c1ccc(Cl)cc1Cl
Anion_4417,CCOc1cc(CC(=O)[O-])ccc1OC
Anion_4418,COc1ccc(C(C)=O)cc1CC(=O)[O-]
Anion_4419,O=C([O-])CCc1ccc(S(=O)(=O)Cl)cc1
Anion_4420,COc1cc(OC)cc(OCCC(=O)[O-])c1
Anion_4421,COC1=CC(=C([O-])CCCC(=O)[O-])C=C(OC)[C+]1OC
Anion_4422,O=C([O-])C1CC(C(F)(F)F)C1
Anion_4423,O=C([O-])C=CC1=CC=CC(=C2C=CC=C[CH+]2)[CH-]1
Anion_4424,CC(C)(C)C12CC(C(=O)[O-])(C1)C2
Anion_4425,O=C([O-])C(=O)Cc1cccc(C(F)(F)F)c1
Anion_4426,CCCCc1ccc(C(=O)[O-])s1
Anion_4427,CC(C)c1oncc1C(=O)[O-]
Anion_4428,CCc1c(C(=O)[O-])oc2ccccc12
Anion_4430,CC1=[S+2]=C(c2ccccc2)N=C1C(=O)[O-]
Anion_4431,COC(=O)c1cc(C(=O)[O-])nn1C
Anion_4432,O=C([O-])COCCOCCOCc1ccccc1
Anion_4433,Cc1ccc(C2=[N+]=[N+]=C(SCC(=O)[O-])N2)cc1
Anion_4434,CC(C)(C)OC(=O)[N+]1=CC=CC1=C([O-])[O-]
Anion_4435,O=C([O-])CCCCc1cccnc1
Anion_4436,O=C([O-])C1=Cc2ccccc2Oc2ccccc21
Anion_4437,O=C([O-])c1cn[n+]2nccc[c-]12
Anion_4438,O=C([O-])C[N+]1=[N+]=Cc2ccccc2C1=O
Anion_4439,O=C([O-])C1(c2ccc(Br)cc2)CCCC1
Anion_4441,Cc1cc2ccccc2n1CC(=O)[O-]
Anion_4442,O=C([O-])c1c[n+](Cc2ccc(Cl)cc2)c2cccc[c-]12
Anion_4443,CC(=CC(=O)[O-])C(F)(F)F
Anion_4445,O=C([O-])CSC(F)F
Anion_4446,CCOc1ccc2c(c1)OC(=O)C(C(=O)[O-])C2
Anion_4447,Cc1cccc2[nH+]cc(CCC(=O)[O-])[c-]12
Anion_4448,Cc1cccc2[n+]1=CC(C(=O)[O-])=[N+]=2
Anion_4449,CC(C)(CC(F)(F)F)C(=O)[O-]
Anion_4450,CC(C)N(CC(=O)[O-])C(=O)OC(C)(C)C
Anion_4451,O=C([O-])c1conc1-c1ccc(Cl)cc1
Anion_4452,O=C([O-])c1cc2cccc(C(F)(F)F)c2[nH]1
Anion_4453,COc1ccccc1-c1ccccc1CC(=O)[O-]
Anion_4454,O=C([O-])c1cc2ccc[n+]-2c[n-]1
Anion_4455,O=C([O-])CCC[n+]1cnc[n-]1
Anion_4457,O=C([O-])CCc1ccc(Oc2ccccc2)cc1
Anion_4458,O=C([O-])Cc1cc(F)cc(Cl)c1
Anion_4459,CC(C)CN(CC(=O)[O-])C(=O)OC(C)(C)C
Anion_4460,CC1=C(C(=O)[O-])C=[N+]=[N+]1c1ccc(C(F)(F)F)cc1
Anion_4461,Cc1ncc(C(=O)[O-])o1
Anion_4463,O=C([O-])COCC1CC1
Anion_4464,O=C([O-])C12CC(C(F)(F)F)(C1)C2
Anion_4465,C=C1CC(C)(C(=O)[O-])C1
Anion_4467,O=C([O-])C12CC3(F)CC(F)(CC(F)(C3)C1)C2
Anion_4468,COc1ccc(COCCC(=O)[O-])cc1
Anion_4469,C[N+]1=CC=[N+]=C1CC(=O)[O-]
Anion_4470,O=C([O-])CCc1ccc(F)cc1Br
Anion_4471,O=C([O-])C=Cc1ccc2c(c1)CCO2
Anion_4472,CC(C)(C)OC(=O)[n+]1cc(CCC(=O)[O-])c2cccc[c-]21
Anion_4473,O=C([O-])c1c[s+]c2ccc(Br)c[c-]12
Anion_4474,O=C([O-])C1=CC(=C2C=CC=C[N-]2)N=[NH+]1
Anion_4475,O=C([O-])CCC(=O)c1ccc(C(F)(F)F)cc1
Anion_4477,O=C([O-])c1cc2cccc(F)c2s1
Anion_4478,CN(C)S(=O)(=O)c1ccc(CC(=O)[O-])cc1
Anion_4479,C[N+](C)=c1cccc[c-]1CC(=O)[O-]
Anion_4480,CC[N+]1=[N+]=C(C(F)(F)F)C=C1C(=O)[O-]
Anion_4481,Cc1coc2c(C)c3oc(=O)c(CC(=O)[O-])c(C)c3cc12
Anion_4482,CCOc1ccc([N+]2=[N+]=[N+]=C(C(=O)[O-])[C-]2C)cc1
Anion_4483,Cn1cc(C(=O)[O-])c(Cl)cc1=O
Anion_4484,O=C([O-])Cc1cc(C(F)(F)F)ccc1C(F)(F)F
Anion_4485,CC(C)(Oc1cccc(F)c1)C(=O)[O-]
Anion_4486,CC(C)Oc1ccc(C=CC(=O)[O-])cc1
Anion_4487,CN(CCC(=O)[O-])C(=O)OCc1ccccc1
Anion_4488,Cc1cccc(CC(=O)[O-])c1Br
Anion_4489,O=C([O-])C1=CC(Cc2ccccc2)=[N+]=[NH+]1
Anion_4490,O=C([O-])c1cc(C2CC2)[nH+][n-]1
Anion_4491,O=Cc1c(C(=O)[O-])[nH+]c2ccc(Cl)c[c-]12
Anion_4492,O=C([O-])C1=[N+]=[NH+]C2=C1COCC2
Anion_4493,O=C([O-])c1cc(Cl)[nH+][n-]1
Anion_4494,O=C([O-])c1cc(C(F)(F)F)[nH+][n-]1
Anion_4495,O=C([O-])c1[nH+]c2ccc(Cl)cc2[c-]1Br
Anion_4496,Cc1cc(C(=O)[O-])cn(C)c1=O
Anion_4497,O=C([O-])C1=[N+]=[NH+]c2ccc(OC(F)(F)F)cc21
Anion_4498,O=C([O-])C1(c2cccs2)CC1
Anion_4499,CC(C)(C)C(=O)N1CCC(C(=O)[O-])CC1
Anion_4500,CC1=[N+]=C(C(=O)[O-])C(=C2C=CC=C[C-]2Cl)S1
Anion_4501,CC(C)(C(=O)[O-])c1cccc(C(F)(F)F)c1
Anion_4502,O=C([O-])CC1=CC=[N+]=C[N-]1
Anion_4503,CCCN(CCC)C(=O)CCC(=O)[O-]
Anion_4504,CC(C)(CF)C(=O)[O-]
Anion_4505,CC(C)(C(=O)[O-])C(F)F
Anion_4506,CC(C)(C)OC(=O)N1CCN(CCC(=O)[O-])CC1
Anion_4507,O=C([O-])Cc1cc(F)cc(C(F)(F)F)c1
Anion_4508,O=C([O-])c1c[n+]2cc(F)ccc2[n-]1
Anion_4509,O=C([O-])c1cc2c(Cl)c(Cl)ccc2[nH]1
Anion_4510,O=C([O-])c1cc2ccc(Br)cc2o1
Anion_4511,Cc1ccc(CC(=O)[O-])cc1F
Anion_4512,COc1cc(CCC(=O)[O-])ccc1F
Anion_4513,O=C([O-])C1=[N+]=[S+2]=C2C=CC(Br)=C[C-]12
Anion_4514,C=CC12CCC(C(=O)[O-])(CC1)CO2
Anion_4515,O=C([O-])c1cc2ccc(Br)c[n+]2[n-]1
Anion_4516,CC1=[N+]=c2ccc(Cl)c[n+]2=C1C(=O)[O-]
Anion_4517,CC(C)(C)OC(=O)N1CC(C)(C(=O)[O-])C1
Anion_4518,O=C([O-])c1c[n+]2c([n-]1)CCCC2
Anion_4519,Cc1ccc(C=CC(=O)[O-])cc1F
Anion_4520,O=C([O-])c1ccc(C(=O)C(F)(F)F)s1
Anion_4521,O=C([O-])C1=CC=[N+]=[N+](c2ccc(F)cc2)C1=O
Anion_4522,COc1cc(=C([O-])[O-])[n+](=C2N=CC=C[C+]2Cl)[n-]1
Anion_4523,CC1=C(C(=O)[O-])C=[N+]=[N+]1c1ccccn1
Anion_4524,CC(C)(Cc1ccc(C(F)(F)F)cc1)C(=O)[O-]
Anion_4525,O=C([O-])C[n+]1ccc(C(F)(F)F)[n-]1
Anion_4526,O=C([O-])C(=O)C=Cc1ccc(F)cc1
Anion_4527,CC1=C(C(=O)[O-])[N+]#[N+][N+]1=c1cccc[c-]1F
Anion_4528,Cc1ccccc1-n1cc(C(=O)[O-])[n+]#[n+]1
Anion_4529,C[N+]1=[N+]=CN=C1C(=O)[O-]
Anion_4530,C[n+]1cnc(C(=O)[O-])[n-]1
Anion_4531,CC(C)(C)OC(=O)n1cc(C(=O)[O-])c2ccccc21
Anion_4532,CC1(C)OB(c2ccc(CCC(=O)[O-])cc2)OC1(C)C
Anion_4533,CCOC(=O)C1=CC(=C([O-])[O-])O[N-]1
Anion_4534,O=C([O-])CN1C(=O)CCc2ccccc21
Anion_4535,CC(C)(Oc1ccc(F)cc1F)C(=O)[O-]
Anion_4536,O=C([O-])c1cn[n+]2[c-]1CCC2
Anion_4537,O=C([O-])C1=[N+]=c2cc(F)ccc2=[NH+]1
Anion_4538,CC(C)[n+]1ccc(C(=O)[O-])[n-]1
Anion_4539,O=C([O-])C1(c2ccc(Br)cc2)CCOCC1
Anion_4540,O=C([O-])c1cc2cc(F)ccc2oc1=O
Anion_4541,CC1=[N+]=[N+]=C(c2ccc(CC(=O)[O-])cc2)[N+]#[N+]1
Anion_4542,O=C([O-])C[n+]1ccc2cc(Br)cc[c-]21
Anion_4543,CC(C)(C)c1ncc(C(=O)[O-])s1
Anion_4545,O=C([O-])c1cnc2ccc(F)cn12
Anion_4546,Cc1ccc2[n+](c1)C(=C([O-])[O-])C=N2
Anion_4547,O=C([O-])c1cn[n+]2cc(Br)cc[c-]12
Anion_4548,COc1ccc(C(F)(F)C(=O)[O-])cc1
Anion_4549,CC1(C(=O)[O-])CCC(F)(F)CC1
Anion_4550,O=C([O-])c1coc(C2CC2)n1
Anion_4552,C[N+]1=[N+]=C(C(F)F)C=C1C(=O)[O-]
Anion_4554,O=C([O-])C[N+]1=c2ccccc2=C2[N+]#[N+]C(=[SH+])N=C21
Anion_4555,CC(=O)c1c[n+](CC(=O)[O-])c2cccc[c-]12
Anion_4556,O=C([O-])CC1(C(F)(F)F)CC1
Anion_4557,CC1=[N+]=CC=CC1=CC=C([O-])[O-]
Anion_4558,Cc1[nH+]nc(C(=O)[O-])[c-]1Cl
Anion_4559,O=C([O-])C1=CC(=C2C=CC=[N+]=C2)[NH+]=N1
Anion_4560,O=C([O-])C1=CC(=C2C=C[CH+]O2)[NH+]=N1
Anion_4561,N#CC(=Cc1c[nH+]c2cccc[c-]12)C(=O)[O-]
Anion_4562,CC1=C[S+]=C(C)C1=C([O-])[O-]
Anion_4563,CC1=[S+2]=CC(=C([O-])[O-])[C-]1C
Anion_4565,O=CC1=C[CH-]OC1=C([O-])[O-]
Anion_4566,O=C([O-])c1occc1Cl
Anion_4567,CC(C)(C(=O)[O-])C1CCOCC1
Anion_4568,CC(C)Cc1ccc(C(=O)[O-])s1
Anion_4569,Cc1cc(CCC(=O)[O-])c(C)s1
Anion_4570,CC1=[N+]=C[N+](C)=C1C(=O)[O-]
Anion_4571,O=C([O-])CCc1cnccn1
Anion_4572,CC(=O)C1=CC(=C([O-])[O-])[CH+]O1
Anion_4573,O=C([O-])CSCc1cccs1
Anion_4574,O=C([O-])C1=C[NH+]=C2C=[N+]=CC=C12
Anion_4575,COC(=O)C1=[S+2]=CC=C1C(=O)[O-]
Anion_4576,Cc1cccc2[nH+]cc(C(=O)[O-])[c-]12
Anion_4577,CC1=CC(=C([O-])CCC(=O)[O-])C(C)=[S+]1
Anion_4578,CC1=[NH+]C(=C2C=CC=C[CH-]2)C=C1C(=O)[O-]
Anion_4579,O=C([O-])c1cc2cc(I)ccc2[nH]1
Anion_4580,O=C([O-])CC1=[N+]=C2C=CC=C[C-]2O1
Anion_4581,Cc1c(C(=O)[O-])[nH+]c2ccc(Br)c[c-]12
Anion_4582,COC(=O)c1c(C)[nH+]c(C(=O)[O-])[c-]1C
Anion_4583,O=C([O-])CC1=[S+2]=CN=C1c1ccccc1
Anion_4584,CC1=[N+]=c2ccccc2=[N+]1CC(=O)[O-]
Anion_4585,CCOC(=O)C1=CC(=C([O-])[O-])[NH+]=C1C
Anion_4586,O=C([O-])C[n+]1ccc(-c2ccccc2)[n-]1
Anion_4587,C[n+]1c(C(=O)[O-])cc2ccccc2c1[O-]
Anion_4588,O=C([O-])CCc1ccc(-c2ccccc2)[nH]1
Anion_4589,CCOC(=O)c1ccc(C(=O)[O-])s1
Anion_4590,O=C([O-])c1cn[n+](-c2ccc(Br)cc2)[n-]1
Anion_4591,CCC[n+]1c(C(=O)[O-])cc2cccc[c-]21
Anion_4592,O=C([O-])c1cc2c(Cl)ccc(Cl)c2[nH]1
Anion_4593,Cc1ccc(-[n+]2ncc(C(=O)[O-])[c-]2C)cc1
Anion_4594,O=C([O-])CC[n+]1cnc2ccccc2c1[O-]
Anion_4595,O=C([O-])CC[n+]1c([O-])[s+]c2cccc[c-]21
Anion_4596,O=C([O-])C[N+]1=[N+]=[N+]=c2ccccc2=C1[O-]
Anion_4597,O=C([O-])C1=[N+]=[N+](c2ccccc2)c2ccccc21
Anion_4598,O=C([O-])CCC1=[N+]=[N+]=[N+]=[N+]1c1ccccc1
Anion_4599,O=C([O-])C[n+]1c2c(c3cccc[c-]31)CCCC2
Anion_4600,COc1ccc(-c2ccc(CCC(=O)[O-])o2)cc1
Anion_4601,Cc1cc(=O)c(C(=O)[O-])nn1-c1cccc(Cl)c1
Anion_4602,COc1ccc2c(=C3C=CC=C[CH-]3)c(=C([O-])[O-])oc2c1
Anion_4603,O=C([O-])c1cc(=O)[n+](Cc2ccccc2)c([O-])[nH]1
Anion_4604,COc1ccc2cc(C(=O)[O-])[s+]c([O-])c2c1OC
Anion_4605,COc1ccc(-c2cc(C(=O)[O-])nn2-c2ccccc2)cc1
Anion_4606,O=C([O-])C1CCN(S(=O)(=O)c2ccccc2)CC1
Anion_4607,COC(=O)c1cc(C(=O)[O-])c[nH]1
Anion_4608,O=C([O-])c1c(Cl)[nH+]c2cccc[c-]12
Anion_4609,O=C([O-])c1c[nH+]c2cccc(Cl)[c-]12
Anion_4610,O=C([O-])Cc1c[nH+]c2c(Br)ccc[c-]12
Anion_4612,O=C([O-])C1=Cc2cc(=C3C=CC=C[CH+]3)ccc2=[NH+]1
Anion_4613,O=C([O-])c1c[nH+]c2cccc(F)[c-]12
Anion_4614,COc1ccc2[nH+]c(C(=O)[O-])cc-2[c-]1OC
Anion_4615,CC1=[N+]=C(C(=O)[O-])[N-]O1
Anion_4617,CC1=[N+]=[N+](C)C2=[S+2]=C(C(=O)[O-])C=C12
Anion_4618,O=C([O-])CN1C(=O)C=[N+]=C2C=CC=C[C-]21
Anion_4619,O=C([O-])CC1=[N+]=C(c2ccccc2)[N-]O1
Anion_4621,O=C([O-])CC1=C[S+]=C2N=C(c3ccccc3)C=[N+]12
Anion_4622,C[N+]1=[N+]=C(c2ccccc2)C2=CC(=C([O-])[O-])[S+]=C21
Anion_4623,CC(C)(C)C1=CC(=C([O-])[O-])[N+](Cc2ccccc2)=N1
Anion_4624,O=C([O-])c1cc2c(s1)-c1ccccc1CC2
Anion_4625,CC(C)(C)c1cc(=C([O-])[O-])[n+](=C2C=CC=C[CH+]2)[n-]1
Anion_4626,O=C([O-])C[N+]1=[N+]=CC=N1
Anion_4627,O=C([O-])C[N+]1=[N+]=C(c2ccccc2)C=C1c1ccccc1
Anion_4628,Cc1cccc2ncc(C(=O)[O-])c(=O)n12
Anion_4629,COc1ccc([N+]2=[N+]=C(C(=O)[O-])c3ccccc3C2=O)cc1
Anion_4630,CC1=[N+]=[N+](C)C(C)=C1CC(=O)[O-]
Anion_4631,CC1=CC=CC(=C2N=C(C(=O)[O-])C=[S+]2)[CH-]1
Anion_4632,O=C([O-])CC[n+]1cc(Br)c([O-])[nH+]c1[O-]
Anion_4633,CC1=[N+]=[N+](c2cccc(Cl)c2)N=C1C(=O)[O-]
Anion_4634,C=C(C)[n+]1c([O-])[n+](CCCC(=O)[O-])c2cccc[c-]21
Anion_4635,O=C([O-])C[n+]1c([O-])[nH+]c([O-])c2ccccc21
Anion_4636,O=C([O-])CCC1=[N+]=CC(=C2C=CC(Br)=C[CH-]2)O1
Anion_4637,CC1=[N+]=CC(CC(=O)[O-])=[S+]1
Anion_4638,O=C([O-])c1ccc[n+]2c1=[N+]=[N+]=[N+]=2
Anion_4639,O=C([O-])C[n+]1c([S-])[s+]c2cccc[c-]21
Anion_4640,COc1ccc(C2=[N+]=C(C(=O)[O-])[C-](C)O2)cc1
Anion_4641,O=C([O-])C[n+]1c(-c2ccccc2)cc2cccc[c-]21
Anion_4642,O=C([O-])C[n+]1c([O-])oc2cc(Cl)ccc21
Anion_4643,O=C([O-])CCN1C(=O)C[S+]=C2C=CC=C[C-]21
Anion_4644,O=C([O-])CCCN1C(=O)c2ccccc2S1(=O)=O
Anion_4645,O=C([O-])C1CSC1
Anion_4646,COc1ccc(C(=O)SCC(=O)[O-])cc1
Anion_4647,Cc1ccc(-c2ccc(CCC(=O)[O-])o2)cc1
Anion_4648,O=C([O-])c1cc(Br)c(Cl)s1
Anion_4649,O=C([O-])C=C1OC(=O)c2ccccc21
Anion_4651,O=C([O-])CSCc1ccccn1
Anion_4652,O=Cc1cccn1CCC(=O)[O-]
Anion_4653,O=C([O-])C=Cc1coc2ccc(Cl)cc2c1=O
Anion_4654,CS(=O)(=O)C1=CC=[S+2]=C1C(=O)[O-]
Anion_4655,CC(C)OC(C)(C)C(=O)[O-]
Anion_4656,COC(=O)N(C)CC(=O)[O-]
Anion_4657,O=C([O-])CC(F)(F)C(F)(F)F
Anion_4658,COC(=O)CSCC(=O)[O-]
Anion_4659,CN(C)C(=O)CCCCC(=O)[O-]
Anion_4660,N#CC1CCC(C(=O)[O-])CC1
Anion_4661,CC(C)(Oc1ccc(C(C)(C)c2ccccc2)cc1)C(=O)[O-]
Anion_4662,CC=C(C#N)C(=O)[O-]
Anion_4663,CC(C)CSCCC(=O)[O-]
Anion_4664,CCOc1cccc(CCC(=O)[O-])c1
Anion_4665,O=C([O-])C12CCC(C(F)(F)F)(CC1)CC2
Anion_4666,O=C([O-])CCSC(c1ccccc1)c1ccccc1
Anion_4667,O=C([O-])CCCSCc1ccccc1
Anion_4668,O=C([O-])CSC12CC3CC(CC(C3)C1)C2
Anion_4669,O=C([O-])CCOc1ccc(Cl)c(Cl)c1
Anion_4670,O=C([O-])Cc1cc(C(F)(F)F)ccc1Cl
Anion_4671,O=C([O-])CCSC(F)(F)F
Anion_4673,COc1ccc(C(=O)C(=O)[O-])cc1Cl
Anion_4674,COc1cc(CCC(=O)[O-])ccc1C
Anion_4675,O=C([O-])CCCC(=O)c1ccc(Cl)c(Cl)c1
Anion_4676,CCOC1=CC(=C[O-])C=C[C+]1OCC(=O)[O-]
Anion_4677,CC(C)(C)C1CC(C(=O)[O-])C1
Anion_4678,CC1CCC(C)(C(=O)[O-])CC1
Anion_4679,CCCCC1CC(C(=O)[O-])C1
Anion_4680,CC(C)(C(=O)[O-])c1ccc(C(F)(F)F)cc1
Anion_4681,Cc1cc(OC(C)(C)C(=O)[O-])ccc1Cl
Anion_4682,Cc1ccc(OCCC(=O)[O-])cc1C
Anion_4683,O=C([O-])CS(=O)(=O)c1cccc(Br)c1
Anion_4684,Cc1ccc(C(C)C)c(OC(C)(C)C(=O)[O-])c1
Anion_4685,Cc1ccc(C2(C(=O)[O-])CCC2)cc1
Anion_4686,O=C([O-])C=C(c1ccccc1)C(F)(F)F
Anion_4687,CC(=CC(=O)[O-])c1ccc(F)cc1
Anion_4688,CC(C)COc1ccc(CCC(=O)[O-])cc1
Anion_4689,CCCOc1ccc(C(=O)CCC(=O)[O-])cc1
Anion_4690,CC(C)Oc1ccccc1C=CC(=O)[O-]
Anion_4691,COc1ccc(C(C)(C)C(=O)[O-])cc1OC
Anion_4692,COC1(C(=O)[O-])CCCCC1
Anion_4693,O=C([O-])c1ccc(S(=O)(=O)Cl)s1
Anion_4694,O=C1CCC(Cc2ccccc2)(C(=O)[O-])CC1
Anion_4695,O=C([O-])CCC(=O)c1ccc(F)c(Cl)c1
Anion_4696,CCOc1ccc(CCCC(=O)[O-])cc1
Anion_4697,COc1ccc(C(=O)CCC(=O)CCC(=O)[O-])cc1
Anion_4698,Cc1c(Cl)cccc1OCC(=O)[O-]
Anion_4699,O=C([O-])CCCCC(=O)c1ccc(F)cc1
Anion_4700,Cc1ccc(C=C(C#N)C(=O)[O-])cc1
Anion_4701,CC(C)(C(=O)[O-])C1CCCC1
Anion_4702,O=C([O-])C=Cc1cc(Cl)ccc1Cl
Anion_4703,COc1ccccc1C(C)=CC(=O)[O-]
Anion_4704,CC1(CCC(=O)[O-])CC1
Anion_4705,O=C([O-])COCc1ccccc1Cl
Anion_4706,Cc1cc(OCCC(=O)[O-])ccc1Cl
Anion_4707,CCCCCc1ccc(OCC(=O)[O-])cc1
Anion_4708,O=C([O-])COc1ccc2cc(Br)ccc2c1
Anion_4709,Cc1cc(OCC(=O)[O-])c(C(C)C)cc1Cl
Anion_4710,O=C([O-])COc1ccc(Cl)cc1Br
Anion_4711,CC1=CC(=C([O-])CCC(=O)[O-])C=C[C+]1F
Anion_4712,COc1ccc(CCCC(=O)[O-])cc1F
Anion_4713,CCCCCCc1ccc(C(=O)CCC(=O)[O-])cc1
Anion_4714,CCOc1ccc(CCC(=O)[O-])cc1OCC
Anion_4715,CC(C)(C)c1ccc(OCC(=O)[O-])c(C(C)(C)C)c1
Anion_4716,CC(C)(C(=O)[O-])C(=O)OCc1ccccc1
Anion_4717,O=C([O-])CCC(=O)CC(=O)c1ccccc1
Anion_4718,CC(C)(Oc1ccc(C#N)cc1)C(=O)[O-]
Anion_4719,O=C([O-])c1coc2ccc(F)cc2c1=O
Anion_4720,O=C([O-])C1=CN=[N+](c2ccccc2)C1=[N+]1C=CC=C1
Anion_4721,CC(C)(C)c1oncc1C(=O)[O-]
Anion_4722,COCc1oncc1C(=O)[O-]
Anion_4723,Cc1ccc(-c2ccc(C(=O)[O-])[nH]2)cc1
Anion_4724,CN(C(=O)OC(C)(C)C)c1ccc(C(=O)[O-])s1
Anion_4725,CCCCCc1ccc(C=CC(=O)[O-])cc1
Anion_4726,O=C([O-])C(F)(F)c1ccc(C(F)(F)F)cc1
Anion_4727,O=C([O-])CCCc1ccc(C(F)(F)F)cc1
Anion_4728,O=C([O-])c1cc(=O)c2ccc(F)cc2o1
Anion_4729,O=C([O-])Cc1noc2ccc(Cl)cc12
Anion_4730,O=C([O-])C1=C[NH+]=[N+]=C1c1ccc(Cl)cc1
Anion_4731,O=C([O-])C1=CCSC1
Anion_4732,COc1ccccc1C1(C(=O)[O-])CC1
Anion_4734,COc1cc(CCC(=O)[O-])ccn1
Anion_4735,COc1ccc(-[n+]2ncc(C(=O)[O-])[c-]2C(F)(F)F)cc1
Anion_4736,O=C([O-])Cc1ccc(-[n+]2ccc[n-]2)cc1
Anion_4737,O=C([O-])CC[N+]1=[S+2]=c2ccccc2=C1[O-]
Anion_4738,Cc1ccccc1-c1ccc(C(=O)[O-])o1
Anion_4739,O=C([O-])C1=C(Cl)N=C2[S+]=CC=[N+]21
Anion_4740,COC(=O)c1ccc(OCCC(=O)[O-])cc1
Anion_4742,CN(C)C(=O)CCCC(=O)[O-]
Anion_4743,CCCCCCCCc1ccc(C(=O)[O-])s1
Anion_4744,O=C([O-])C[n+]1c(Cc2ccccc2)nc2cccc[c-]21
Anion_4745,CC1=[N+]=c2nccc[n+]2=C1C(=O)[O-]
Anion_4746,C=CCOc1cccc(CC(=O)[O-])c1
Anion_4747,CC1=C(C(=O)[O-])[CH+]C(=C2C=CC(Cl)=C[CH-]2)O1
Anion_4748,CCCCCC1CCC(CC(=O)[O-])CC1
Anion_4749,O=C([O-])c1conc1-c1ccc(F)cc1
Anion_4750,N#Cc1ccc(SCC(=O)[O-])cc1
Anion_4751,O=C([O-])CO[N+]1=[N+]=[N+]=C2C=CC=C[C-]21
Anion_4752,Cn1cc(C(=O)[O-])c2cccnc21
Anion_4753,O=C([O-])CCCCCCC1=CC=[S+2]=C1
Anion_4754,O=C([O-])CCCCCCN1C(=O)C=CC1=O
Anion_4755,N#Cc1ccc2[nH]cc(C(=O)[O-])c2c1
Anion_4756,O=C([O-])C1=C[NH+]=CC1=C1C=CC=C[CH-]1
Anion_4757,CC1=[N+]=C(c2cccc(C(F)(F)F)c2)[S+]=C1C(=O)[O-]
Anion_4759,Cc1cc2ncc(C(=O)[O-])c(C)[n+]2[n-]1
Anion_4761,COc1ccc(-[n+]2ncc(C(=O)[O-])[c-]2C)cc1
Anion_4762,Cn1cc(C=O)cc1C(=O)[O-]
Anion_4763,O=C([O-])C[n+]1ccc2cc(OCc3ccccc3)cc[c-]21
Anion_4764,CCC(CC)OCC(=O)[O-]
Anion_4765,O=C([O-])Cc1c[n+](Cc2ccc(F)cc2)c2cccc[c-]12
Anion_4766,O=C([O-])c1ccc(N2CCOCC2)s1
Anion_4767,CC(C)C(=O)N1CCC(C(=O)[O-])CC1
Anion_4768,O=C([O-])C=Cc1ccc(F)c(Br)c1
Anion_4769,O=C([O-])CN1CCC(Cc2ccccc2)CC1
Anion_4770,O=C([O-])CCC1CCN(Cc2ccccc2)CC1
Anion_4771,O=C([O-])c1ccc2[n+](c1)C=[N+]=C2
Anion_4772,O=C([O-])C1=Cc2cc(Br)ccc2OC1
Anion_4773,COC1=CC=CC(=C([O-])CCCC(=O)[O-])[CH+]1
Anion_4774,O=C([O-])CCCCc1ccc(Cl)cc1
Anion_4775,O=C([O-])C1(Cc2ccccc2)CCCC1
Anion_4776,O=C([O-])CCc1cc(F)ccc1F
Anion_4777,CC(C)(C)OC(=O)N1CCN(CC(=O)[O-])C(=O)C1
Anion_4778,O=C([O-])Cc1cc(F)cc(F)c1F
Anion_4779,O=C([O-])C=Cc1ccccc1OCc1ccccc1
Anion_4780,O=C([O-])c1cc2cc(Cl)cc(F)c2[nH]1
Anion_4781,COc1ccc([N+]2=[N+]=C(C(F)(F)F)C=C2C(=O)[O-])cc1
Anion_4782,O=C([O-])c1coc(Cl)n1
Anion_4783,COc1ccc(CCC(=O)[O-])c(F)c1
Anion_4784,COc1ccc(C2=CC(=C([O-])[O-])O[N-]2)cc1
Anion_4785,Cc1coc2cc3oc(=O)c(CCC(=O)[O-])c(C)c3cc12
Anion_4786,O=C([O-])c1cc2cc(C(F)(F)F)cnc2[nH]1
Anion_4787,O=C([O-])C1=[N+]=CN=[NH+]1
Anion_4788,CC(C)COc1cccc(CC(=O)[O-])c1
Anion_4789,O=C([O-])C1=C[NH+]=[N+]=C1c1cccc(F)c1
Anion_4790,O=C([O-])C=CC1=CCCC2(C1)OCCO2
Anion_4791,O=C([O-])C1(c2ccc(F)cc2)CCCCC1
Anion_4792,O=C([O-])CCc1coc2ccc(Br)cc2c1=O
Anion_4793,C#Cc1ccccc1CC(=O)[O-]
Anion_4794,COC(=O)CSCCC(=O)[O-]
Anion_4796,O=C([O-])C=Cc1ccc(Br)nc1
Anion_4797,O=C([O-])c1[nH+]c2ccc(F)cc2[c-]1Cl
Anion_4798,O=C([O-])C=Cc1cccc(Cl)c1F
Anion_4799,O=C([O-])C1=C[NH+]=[N+]=C1C(F)(F)F
Anion_4800,O=C([O-])C1(c2ccc(F)c(F)c2)CC1
Anion_4801,O=Cc1ccc(N2CCC(C(=O)[O-])CC2)cc1
Anion_4802,O=C([O-])C1(c2ccc(Cl)cc2)CCOCC1
Anion_4803,O=C([O-])C1=CC2=CC(Br)=[N+]=CC2=[NH+]1
Anion_4804,O=C([O-])c1cc2cnc(Cl)cc2[nH]1
Anion_4805,Cc1cc2c(s1)=CC(=C([O-])[O-])[NH+]=2
Anion_4806,O=C([O-])C1=CC2=[N+]=CC(Cl)=C[N+]2=N1
Anion_4807,CC1=[N+]=C(C2=CC=[N+]=C[CH-]2)[S+]=C1C(=O)[O-]
Anion_4808,CCCOC1CCC(C(=O)[O-])CC1
Anion_4809,O=C([O-])C1(Cc2ccccc2)CCCCC1
Anion_4810,CCN(CC(=O)[O-])C(=O)OCc1ccccc1
Anion_4811,Cc1ccc(S(=O)(=O)N2CC(C(=O)[O-])C2)cc1
Anion_4812,CN1CCC(C)(C(=O)[O-])CC1
Anion_4813,O=C([O-])c1ccc(C(F)F)s1
Anion_4814,O=C([O-])C1(c2ccccn2)CC1
Anion_4815,CCN1CCC(CC(=O)[O-])CC1
Anion_4816,O=C([O-])c1c[c+](Cl)o[n-]1
Anion_4817,O=C([O-])CCC(F)=C(F)F
Anion_4818,CC(F)(F)C(C)(C)C(=O)[O-]
Anion_4819,O=C([O-])CC1=[S+2]=CC=C1Br
Anion_4820,O=C([O-])C=Cc1cccc(F)c1F
Anion_4821,Cc1c(C(=O)[O-])oc2ccc(F)cc12
Anion_4822,Cc1c(Br)ccc2c1=CC(=C([O-])[O-])[NH+]=2
Anion_4823,Cc1cc[n+]2c(c1)C(=C([O-])[O-])C=N2
Anion_4824,O=C([O-])CCCc1cccc(C(F)(F)F)c1
Anion_4825,O=C([O-])c1c[nH+]c2ncnc(Cl)[c-]12
Anion_4826,O=C([O-])CCC(=O)c1ccc(OCc2ccccc2)cc1
Anion_4827,O=C([O-])c1conc1C1CC1
Anion_4828,O=C([O-])C1=CC(=C2C=CC=C[C+]2Cl)O[N-]1
Anion_4829,CC1=[N+]=C(c2ccccc2Cl)[S+]=C1C(=O)[O-]
Anion_4830,O=C([O-])C1(c2cccc(F)c2)CCCC1
Anion_4831,O=C([O-])CCC1=[N+]=CC=[NH+]1
Anion_4832,CN(CC(=O)[O-])S(=O)(=O)c1ccc(F)cc1
Anion_4833,O=C([O-])c1cn[n+](-c2ccc(F)cc2)[c-]1C(F)(F)F
Anion_4834,Cc1cc(C(=O)[O-])nn1-c1ccc(Cl)cc1
Anion_4835,CC(C)(C)c1ccc(N2CCC(C(=O)[O-])CC2)cc1
Anion_4836,O=C([O-])C=CC1CCOCC1
Anion_4837,CCN1CCN(CC(=O)[O-])CC1
Anion_4838,O=C([O-])C1(c2ccc(Br)cc2F)CC1
Anion_4839,O=C([O-])C(=O)C1CCOCC1
Anion_4840,O=C([O-])c1cn[n+]2[c-]1CCCC2
Anion_4841,CC1=[N+]=C(C(=O)[O-])C(Br)=[S+]1
Anion_4842,O=C([O-])C(F)(F)c1ccccn1
Anion_4843,O=C([O-])Cc1ccc(C(F)(F)F)cc1F
Anion_4844,CCOC(=O)C1=CC(=C([O-])[O-])[N+](C)=N1
Anion_4845,CC1=[N+]=[N+](C)C(F)=C1C(=O)[O-]
Anion_4846,CC1(C(=O)[O-])CCN(C(=O)c2ccccc2)CC1
Anion_4847,CCc1cc(C(=O)[O-])nn1C
Anion_4848,O=C([O-])Cc1ccc(C(F)(F)F)nc1
Anion_4850,O=C([O-])C(=O)c1c[nH+]c2cc(Br)cc[c-]12
Anion_4851,O=C([O-])c1c[nH+]c2c(Cl)ccc[c-]12
Anion_4852,O=C([O-])Cc1cncc(Cl)n1
Anion_4853,COC1CCC(C)(C(=O)[O-])CC1
Anion_4855,CC(C)(C)OC(=O)N1CCC(C#N)(C(=O)[O-])CC1
Anion_4856,CC1=CC=[N+]=[N+]1CC(=O)[O-]
Anion_4857,O=C([O-])c1c[s+]c(-c2ccc3c(c2)CCO3)[n-]1
Anion_4858,O=C([O-])C1CCN(CC(F)(F)F)CC1
Anion_4859,O=C([O-])C1=[N+]=CC(=C2C=CC=C[CH-]2)S1
Anion_4860,O=C([O-])C1=C[N+](=C2C=CC=[N+]=C2)[N+]#[N+]1
Anion_4861,C[N+]1=C(C(=O)[O-])C=[N+]=C1Br
Anion_4862,O=C([O-])C=Cc1ccc(Cl)c(F)c1
Anion_4863,CC(=O)CCc1ccc(OCCC(=O)[O-])cc1
Anion_4864,O=C([O-])C1=[N+]=C[N+](Cc2ccccc2)=N1
Anion_4865,Cc1ccc(C2=CC=[S+2]=C2C(=O)[O-])cc1
Anion_4866,CC[n+]1ccc(C(=O)[O-])[n-]1
Anion_4867,O=C([O-])CCC1=[N+]=C(c2ccc(F)cc2)[N-]O1
Anion_4868,O=C([O-])Cc1cc(Br)cc(C(F)(F)F)c1
Anion_4869,C[S+]=C1C=CC(=C([O-])CCC(=O)[O-])C(Cl)=C1
Anion_4870,COc1ccccc1CN(C)CC(=O)[O-]
Anion_4871,COc1ccc(C)cc1C(=O)CCCC(=O)[O-]
Anion_4872,CN(CC(=O)[O-])S(=O)(=O)c1ccc(Cl)cc1
Anion_4873,COc1ccc(F)cc1C(=O)CCC(=O)[O-]
Anion_4874,COC1=CC(=C([O-])CCCCCC(=O)[O-])[CH+]C(OC)=C1
Anion_4875,CC1=C[C+](Br)C(C)=CC1=C([O-])CCC(=O)[O-]
Anion_4876,COc1cc(Cl)ccc1C(=O)CCC(=O)[O-]
Anion_4877,Cc1cc(C)c(C=CC(=O)[O-])cc1C
Anion_4878,COCc1ccccc1CC(=O)[O-]
Anion_4879,CCc1ccc(OC)c(CC(=O)[O-])c1
Anion_4880,Cc1cc(C(C)(C)C)cc(C)c1CC(=O)[O-]
Anion_4881,Cc1ccc(OC(C)(C)C(=O)[O-])cc1C
Anion_4882,O=C([O-])CCOc1ccccc1I
Anion_4883,COc1ccc(C=NOCC(=O)[O-])cc1
Anion_4884,CCCOc1ccc(OCC(=O)[O-])cc1
Anion_4885,COc1ccc(-c2ccccc2CC(=O)[O-])cc1
Anion_4886,COc1ccc(C(C)(C)C)cc1CC(=O)[O-]
Anion_4887,O=C([O-])Cc1ccc(S(=O)(=O)F)cc1
Anion_4888,CC1=CC(=C([O-])CCCCC(=O)[O-])[CH+]C(C)=C1
Anion_4889,COc1ccccc1C(=O)CCCCC(=O)[O-]
Anion_4890,Cc1c[c-](Br)c(C)cc1=[S+]CC(=O)[O-]
Anion_4891,O=C([O-])CCOc1ccc(F)cc1F
Anion_4892,Cc1c(C)c(C)c(C(=O)CCC(=O)[O-])c(C)c1C
Anion_4893,Cc1ccc(C2=C(CC(=O)[O-])C(=O)CC2)cc1
Anion_4894,CC(C)(CC(=O)c1ccc2ccccc2c1)C(=O)[O-]
Anion_4895,O=C([O-])CCCOc1c(Cl)cccc1Cl
Anion_4896,O=C([O-])COc1c(Cl)cc(Cl)cc1Br
Anion_4897,COc1ccc(OC)c(OCCC(=O)[O-])c1
Anion_4898,CCOc1ccc(C(=O)CCCCC(=O)[O-])cc1
Anion_4899,CCCCCCOc1ccc(C(=O)CCC(=O)[O-])cc1
Anion_4900,O=C([O-])CCCCCCC(=O)c1cccc2ccccc12
Anion_4901,CCCOc1ccc(CC(=O)[O-])cc1OCCC
Anion_4902,COc1ccc(C2CCC(CC(=O)[O-])CC2)cc1
Anion_4903,O=C([O-])CCCC(=O)c1ccc(Oc2ccccc2)cc1
Anion_4904,CC1=[N+]=c2ccccc2=[N+]1CCCC(=O)[O-]
Anion_4905,O=C([O-])C1CN(C2CCCCC2)C1
Anion_4906,Cc1ccc(CSC2(CC(=O)[O-])CCCCC2)cc1
Anion_4907,O=C([O-])C[N+]1=[N+]=C(c2ccccc2)c2ccccc2C1=O
Anion_4908,CCC1=[N+]=C(C(=O)[O-])[CH-]O1
Anion_4910,CC(C)(C)C(=O)CCCCCC(=O)[O-]
Anion_4911,CCC1=[N+]=C(C(=O)[O-])[C-](C)O1
Anion_4912,O=C([O-])C1=CC2=[N+]=CC=C[C-]2O1
Anion_4913,O=C([O-])COC1=CC=[S+2]=C1Cl
Anion_4914,CC(C)(C)Oc1ccc(CC(=O)[O-])cc1
Anion_4916,O=C([O-])c1c[s+]c2[c-]1CCCC2=O
Anion_4918,O=C([O-])C[N+]1=[N+]=C[N+]2=[N+]=CC=C2C1=O
Anion_4920,COc1ccc(OC2(C(=O)[O-])CCCCC2)cc1
Anion_4921,O=C([O-])C1=[S+2]=c2ccc3ccccc3c2=C1Cl
Anion_4922,O=C([O-])C[N+]1=[N+]=[N+]=C(c2cccc(Cl)c2)[N-]1
Anion_4923,CN(CC(=O)[O-])C(=O)c1ccc(F)cc1
Anion_4925,CCOc1ccc(-c2nc(C)c(C(=O)[O-])s2)cc1
Anion_4926,CC(C)c1cccc(CC(=O)[O-])c1
Anion_4927,N#Cc1ccc(C2(C(=O)[O-])CCCC2)cc1
Anion_4928,C[N+]1=[N+]=[N+]=[N+]=C1SCCC(=O)[O-]
Anion_4929,O=C([O-])Cc1noc2ccc(F)cc12
Anion_4930,Cc1ccc(F)cc1CCC(=O)[O-]
Anion_4931,COC(=O)c1ccc(CC(=O)[O-])cn1
Anion_4932,Cc1ccccc1-c1nc(C)c(C(=O)[O-])s1
Anion_4933,CC(C)(C(=O)[O-])N1CCOCC1
Anion_4934,Cc1nc2cccc[n+]2c([O-])c1C(=O)[O-]
Anion_4935,CCCOc1ccc(C2(C(=O)[O-])CCCC2)cc1
Anion_4937,Cc1c(CCCC(=O)[O-])c2ccccc2n1C
Anion_4938,O=C([O-])C1(c2ccccc2F)CCCCC1
Anion_4939,O=C([O-])C[S+]=C1N=CN=[NH+]1
Anion_4940,O=C([O-])C(F)(F)Cc1ccccc1
Anion_4941,CCc1cc(C(=O)[O-])cn(C)c1=O
Anion_4942,O=CC1(C(=O)[O-])CC1
Anion_4943,CC1=C(C(=O)[O-])C2=[N+]=CC=C[N+]2=N1
Anion_4944,COc1ccc(-c2ocnc2C(=O)[O-])cc1
Anion_4945,COc1cc2c(C(=O)[O-])c(C)[n+](C)c-2c[c-]1Br
Anion_4946,O=C([O-])C1(c2cccc(Cl)c2)CCCC1
Anion_4947,O=C([O-])C1(c2cccnc2)CCCCC1
Anion_4948,CC(C)C1=CC(=C([O-])[O-])C=[S+]1
Anion_4949,C#CC1=CN=[N+](C)C1=C([O-])[O-]
Anion_4952,O=C([O-])Cc1cn[n+]2cccc[c-]12
Anion_4953,O=C([O-])CCOCCOCCOCc1ccccc1
Anion_4954,COC(=O)CC(=O)C(=O)[O-]
Anion_4955,Cc1ccc(CCC(=O)[O-])cn1
Anion_4956,N#CC(=Cc1ccc[nH]1)C(=O)[O-]
Anion_4957,O=C([O-])C1(Cc2cccs2)CCCCC1
Anion_4958,CC1=[N+]=CC=[N+]1CCCC(=O)[O-]
Anion_4959,CC(C)C(=O)N(C)CC(=O)[O-]
Anion_4960,O=C([O-])CCC[n+]1ccc[n-]1
Anion_4961,O=C([O-])C1=CCCSC1
Anion_4962,CON(CCC(=O)[O-])C(=O)OC(C)(C)C
Anion_4963,O=C([O-])CC1=C[S+]=C2N=CC=[N+]12
Anion_4964,O=C([O-])CCCCN1CCOCC1
Anion_4965,N#Cc1c(C(=O)[O-])[nH+]c2cccc[c-]12
Anion_4966,O=C([O-])C1=[N+]=[NH+]c2c(Cl)cccc21
Anion_4967,O=C([O-])CN1C(=O)C(=O)N(Cc2ccccc2Cl)C1=O
Anion_4968,O=C([O-])c1c[s+]c(N2CCCCC2)[n-]1
Anion_4969,COC1=C(C(=O)[O-])C=[S+2]=C1Br
Anion_4970,C[n+]1nc(-c2ccccc2)c(C(=O)[O-])[c-]1Cl
Anion_4971,COC1=CC(C)=[S+2]=C1C(=O)[O-]
Anion_4972,COc1nc(C(F)(F)F)c(C(=O)[O-])s1
Anion_4973,C[N+]1=[N+]=C(C(=O)[O-])C(Br)=C1C(F)(F)F
Anion_4975,O=C([O-])Cc1cc(F)cc(Br)c1
Anion_4976,Cc1cc(CC(=O)[O-])[n+](C)[n-]1
Anion_4977,O=C([O-])c1cnc(-c2ccc(Cl)cc2)s1
Anion_4978,CC1=[N+]=[N+](c2ccc(Cl)cc2)C(C)=C1C(=O)[O-]
Anion_4979,O=C([O-])c1c(-c2ccccc2)nc2ccc(Cl)cn12
Anion_4980,CCCCc1ccc(C(=O)CCCC(=O)[O-])cc1
Anion_4981,C[N+]1=C[N+]#[N+]C1=[S+]CC(=O)[O-]
Anion_4982,O=C([O-])C12CCCN1CCC2
Anion_4983,COC1(C(=O)[O-])CCCCCC1
Anion_4984,Cc1c(C=O)c(C(=O)[O-])c(C)n1C
Anion_4985,O=C([O-])C[S+]=C1[N+]#[N+]C(=C2C=CC(F)=C[CH-]2)O1
Anion_4986,COc1ccc(COC2=CC(=C([O-])[O-])O[N-]2)cc1
Anion_4987,CN(C(=O)OC(C)(C)C)c1ccc(CC(=O)[O-])cc1
Anion_4988,C[N+]1=C([NH-])N(CCCC(=O)[O-])C(=O)C1
Anion_4989,O=C([O-])C1=CC(=C2C=CC(Cl)=C(Cl)[CH+]2)N=[NH+]1
Anion_4991,CC1=CC=CC(=C2C=CC(CC(=O)[O-])=C[CH+]2)[CH-]1
Anion_4992,O=C([O-])CCC(=O)N1CCCCCC1
Anion_4993,O=C([O-])CCc1c(-c2ccccc2)[nH+]c2ccc(F)c[c-]12
Anion_4994,CCc1ccc(OCCC(=O)[O-])cc1
Anion_4995,COc1ccc(CSC2(CC(=O)[O-])CCCCC2)cc1
Anion_4997,CN1CC(=O)N(CC(=O)[O-])C1=O
Anion_4998,O=C([O-])CCCc1cc(F)ccc1F
Anion_4999,O=C([O-])C[n+]1cc(C(F)(F)F)ccc1[O-]
Anion_5000,O=C([O-])C1=[N+]=C(Br)[S+]=C1Cl
Anion_5001,O=C([O-])C=Cc1cccc(C(F)(F)F)c1F
Anion_5002,COc1ccc(CC2(C(=O)[O-])CCCCC2)cc1
Anion_5003,C[N+]1=[N+]=C(C(F)(F)F)C(Br)=C1C(=O)[O-]
Anion_5004,C[S+]=C1N=CC(=C([O-])[O-])N1Cc1ccccc1
Anion_5005,CC1=[S+2]=CC(=C([O-])[O-])C1=C1C=CC=C[CH-]1
Anion_5006,O=C([O-])Cc1cccc2c1OC(F)(F)O2
Anion_5007,O=C([O-])C1=CCN(Cc2ccccc2)CC1
Anion_5008,CC1c2ccc(F)cc2OC(=O)C1C(=O)[O-]
Anion_5009,O=C([O-])CC1=CCOCC1
Anion_5010,COc1ccc2c(c1)C(=C([O-])[O-])C=[S+]2
Anion_5011,O=C([O-])c1c[s+]c(Cc2ccccc2Cl)[n-]1
Anion_5012,COc1ccc2c(c1)c(C=O)cn2CC(=O)[O-]
Anion_5013,CCOc1cc(C(=O)[O-])n[nH]1
Anion_5015,O=C([O-])CCCC(=O)[N+]1=C2[CH-]C=CC=C2CC1
Anion_5016,O=C([O-])C1=[N+]=COC1=C1C=CC(Cl)=C[CH-]1
Anion_5017,O=C([O-])C1=Cc2c(ccc3ccccc23)OC1
Anion_5018,CC(=O)N(C)CCC(=O)[O-]
Anion_5019,O=C([O-])C(=O)Cc1cccc(F)c1
Anion_5020,Cc1ccc(CCC(=O)[O-])c(F)c1
Anion_5021,O=C([O-])c1ccc(-c2ccc(OC(F)(F)F)cc2)s1
Anion_5022,O=C([O-])Cc1c[n+](Cc2cccc(Cl)c2)c2cccc[c-]12
Anion_5023,O=C([O-])C=Cc1ccc(C(F)(F)F)nc1
Anion_5024,CC(=O)CCc1ccc(OCC(=O)[O-])cc1
Anion_5025,O=C([O-])c1cc2c(C(F)(F)F)cccc2s1
Anion_5027,O=C([O-])Cc1ccc(Br)nc1
Anion_5028,O=C([O-])CC1=CC=CC(=C2C=CC(F)=C[CH+]2)[CH-]1
Anion_5029,O=Cc1ccc(-c2ccc(CC(=O)[O-])cc2)cc1
Anion_5030,C[N+]1=C(C=O)C(=[S+]CC(=O)[O-])c2ccccc21
Anion_5031,C[N+]1=CC(Br)=CC(=C([O-])[O-])C1=O
Anion_5032,CC1=CC(C)=[N+]=C([N+]2=[N+]=C(C(=O)[O-])C=C2C)[N-]1
Anion_5033,COc1ccccc1[N+]1=C(C)[N+]#[N+]C1=[S+]CC(=O)[O-]
Anion_5034,O=C([O-])Cc1cccc2[nH+]nc[c-]12
Anion_5035,COc1ccc(C2=[N+]=[NH+]C=C2C(=O)[O-])cc1
Anion_5036,O=C([O-])Cc1ccc(OCc2ccc(Cl)cc2)cc1
Anion_5037,O=C([O-])c1cc2c([nH]1)=[S+2]=C(Br)C=2
Anion_5038,O=C([O-])c1cc(=O)c2ccc(Br)cc2o1
Anion_5039,Cc1ccc2c(c1)c(=O)c(C(=O)[O-])cn2C
Anion_5040,COC(=O)CCC12CCC(C(=O)[O-])(CC1)CC2
Anion_5041,Cc1c(OCC(=O)[O-])ccc2c1OC(=O)C1CCCC21
Anion_5042,Cc1cc(OCC(=O)[O-])c2c(c1)OC(=O)C1CCCC21
Anion_5043,Cc1cc(OCC(=O)[O-])c2c(c1)OC(=O)C1CCCCC21
Anion_5044,O=C([O-])c1ccc(-c2cccc(Cl)c2)s1
Anion_5045,COC1=[N+]=CC=C[C-]1CCC(=O)[O-]
Anion_5046,O=C([O-])Cc1ccc(Br)cc1Br
Anion_5047,C[N+]1=[N+]=C(C(=O)[O-])c2cc(Br)cnc21
Anion_5048,C#CC1(C(=O)[O-])CC1
Anion_5049,O=C([O-])CCCOCCc1ccccc1
Anion_5050,O=C([O-])COc1ccc2c(c1)C(=O)CC1(CCCCC1)O2
Anion_5051,O=C([O-])CCc1ccc(Br)s1
Anion_5052,COc1ccc(C(=O)CC(C)(C)C(=O)[O-])cc1OC
Anion_5053,O=C([O-])C=Cc1cc(F)cc(C(F)(F)F)c1
Anion_5054,O=C([O-])C1=CC(=C2C=CC(Cl)=C[CH+]2)C=[S+]1
Anion_5055,O=C([O-])C1(C2CCCCC2)CC1
Anion_5056,O=C([O-])C1=[N+]=[NH+]C2=C1CCCCC2
Anion_5057,COc1cc(C(=O)[O-])n[nH]1
Anion_5058,O=C([O-])C1=[N+]=[NH+]C=C1F
Anion_5059,O=C([O-])c1[nH+]c2ccc(Br)cc2[c-]1Cl
Anion_5060,O=C([O-])C1(c2cccs2)CCOCC1
Anion_5061,O=C([O-])CC[n+]1ccc2cc(Cl)cc[c-]21
Anion_5062,CC(C)C1=[N+]=[N+](c2ccccc2)C=C1C(=O)[O-]
Anion_5063,O=C([O-])C(=O)c1c[nH+]c2cc(F)cc[c-]12
Anion_5064,Cc1ccc(F)c(CC(=O)[O-])c1
Anion_5065,O=C([O-])C1(c2cccs2)CCC1
Anion_5066,O=C([O-])c1ccc([O-])[n+](C2CC2)c1
Anion_5067,O=C([O-])c1ccc([O-])[n+](Cc2ccccc2)n1
Anion_5068,O=C([O-])C1=CC2=C(F)C=[N+]=CC2=[S+]1
Anion_5069,Cc1cccc(COCC(=O)[O-])c1
Anion_5070,O=C([O-])C1=CC2=[NH+]C=CC2=[S+]1
Anion_5072,O=C([O-])C1=CC2=CC=[N+]=C(Cl)C2=[NH+]1
Anion_5073,O=C([O-])c1c[s+]c(-c2ccc3c(c2)OCO3)[n-]1
Anion_5074,CCOc1ccc(CC(=O)[O-])nc1
Anion_5075,O=C([O-])C1=CC(=C2C=CC=C(F)[CH+]2)N=[NH+]1
Anion_5076,O=C([O-])CC1=CC=CC(=C2C=CC(C(F)(F)F)=C[CH+]2)[CH-]1
Anion_5077,O=C([O-])Cc1ccccc1-c1cccnc1
Anion_5078,O=C([O-])C1(S(=O)(=O)c2ccc(Cl)cc2)CCC1
Anion_5079,COc1ccccc1-c1cc(C(=O)[O-])n[nH]1
Anion_5080,CC1=C(C(=O)[O-])C=[N+]=[N+]1Cc1ccccc1
Anion_5081,CC1=[N+]=[N+](c2ccc(F)cc2)C(C)=C1C(=O)[O-]
Anion_5082,CC1=[N+]=C(N(C)C)[S+]=C1C(=O)[O-]
Anion_5083,CC1=[N+]=C(CC(=O)[O-])[N-]O1
Anion_5084,Cc1cc(=O)c(C(=O)[O-])nn1-c1ccccc1F
Anion_5085,O=C([O-])C1=CC(=C2C=CC=C[CH+]2)C=[NH+]1
Anion_5087,O=C([O-])Cc1ccc2c(c1)C(=O)c1ccccc1OC2
Anion_5088,O=C([O-])COCc1cccnc1
Anion_5089,O=C([O-])C1=[N+]=c2cc(F)ccc2=[S+]1
Anion_5090,CC(C)(C)OC(=O)N(CC(=O)[O-])C(C)(C)C
Anion_5091,COc1ccccc1C1=[N+]=C(C(=O)[O-])C=[S+]1
Anion_5092,CCOC1=CC(=C2C=CC=C[CH-]2)[S+]=C1C(=O)[O-]
Anion_5093,Cc1ccc(-c2c[s+]c(C(=O)[O-])[n-]2)cc1
Anion_5095,O=C([O-])COC1=[N+]=CC(Br)=C[N-]1
Anion_5096,N#CC1=CC=CC(=C2C=C(C(=O)[O-])O[N-]2)[CH+]1
Anion_5097,COc1cc(C(=O)[O-])nn1C
Anion_5098,Cn1cc(C(=O)[O-])c(Cl)n1
Anion_5099,Cc1ncc(C(=O)[O-])n1C
Anion_5100,COc1nc(C)c(C(=O)[O-])s1
Anion_5101,Cc1cc(C)cc(OC(C)(C)C(=O)[O-])c1
Anion_5102,O=C([O-])C1(c2cccc(C(F)(F)F)c2)CCC1
Anion_5103,O=C([O-])C1(c2ccccc2Br)CCC1
Anion_5104,O=C([O-])C1(c2ccccc2F)CCC1
Anion_5105,COC(=O)COc1ccc(CC(=O)[O-])cc1
Anion_5106,CCC1=[N+]=C[S+]=C1C(=O)[O-]
Anion_5107,CC1=[N+]=C(C(F)(F)F)[S+]=C1C(=O)[O-]
Anion_5108,CC1=[N+]=C(Oc2ccccc2)[S+]=C1C(=O)[O-]
Anion_5109,C[n+]1cc[n+]2ncc(=C([O-])[O-])[c-]12
Anion_5110,COCc1nc(C)c(C(=O)[O-])s1
Anion_5111,COCc1cccc(CC(=O)[O-])c1
Anion_5112,O=C([O-])c1cn[n+](-c2ccccc2)[c-]1C1CC1
Anion_5113,O=C([O-])C1CCC(OC(F)(F)F)CC1
Anion_5115,O=C([O-])C1(c2ccccc2F)CCCC1
Anion_5117,CC[n+]1c(C(=O)[O-])cc2c(OC)cc(OC)c[c-]21
Anion_5118,O=C([O-])c1cc2cccc(Br)c2o1
Anion_5119,O=C([O-])Cc1cc(Cl)cc(OC(F)(F)F)c1
Anion_5120,CC1=[N+]=[N+](C)C(C)=C1C(=O)C(=O)[O-]
Anion_5121,O=C([O-])C1=CC(=C2C=CC3=C([CH+]2)OCO3)O[N-]1
Anion_5122,O=C([O-])CCc1ccc(Cl)s1
Anion_5123,CC(C)c1ccc(OCc2ccc(C(=O)[O-])o2)cc1
Anion_5124,CCCc1ccc(OCc2ccc(C(=O)[O-])o2)cc1
Anion_5125,O=C([O-])CC1=CC=C2N=CC=[N+]=C2[CH-]1
Anion_5127,O=C([O-])c1ccc(C#Cc2ccccc2F)o1
Anion_5128,CC(C)(C)[n+]1cc(Br)c(C(=O)[O-])[n-]1
Anion_5129,CC(C)(C(=O)[O-])c1ccccc1Cl
Anion_5130,CC1=[N+]=C(c2cccc(Cl)c2)[S+]=C1C(=O)[O-]
Anion_5131,O=C([O-])CCS(=O)(=O)c1ccc(F)cc1
Anion_5132,COc1ccccc1-[n+]1ncc(C(=O)[O-])[c-]1C(F)(F)F
Anion_5134,CCOC(=O)C1CCC(=CC(=O)[O-])CC1
Anion_5135,O=C([O-])C1(c2ccc(Br)cc2)CCCCC1
Anion_5136,CC(C)N1CCC(CC(=O)[O-])CC1
Anion_5137,COC1=CC=CC(=C=[N-])[C+]1OCC(=O)[O-]
Anion_5138,COc1ccccc1C1=CC(=C([O-])[O-])[NH+]=N1
Anion_5139,O=C([O-])C1=[NH+]C=[N+]=C1c1ccccc1
Anion_5140,O=C([O-])COC1=[N+]=CC=C[N-]1
Anion_5141,O=C([O-])Cc1c[s+]c(-c2cnccn2)[n-]1
Anion_5142,O=C([O-])CCC1=[N+]=C(C2=CC=[N+]=C[CH-]2)[N-]O1
Anion_5143,N#Cc1ccc(C(=O)[O-])[nH]1
Anion_5144,Cc1c(C(=O)[O-])[n+](C)c2ccc(F)c[c-]12
Anion_5145,CC(C)(C)c1ccc(C(=O)N2CCC(C(=O)[O-])CC2)cc1
Anion_5146,C[N+]1=C(C(=O)[O-])C=[N+]=C1Cl
Anion_5147,O=C([O-])C1(OCc2ccccc2)CC1
Anion_5148,CC(=O)N1CCN(CC(=O)[O-])CC1
Anion_5149,O=C([O-])CCc1cc(C(F)(F)F)ccc1Br
Anion_5150,C[N+]1=CC=[N+]=C1C=CC(=O)[O-]
Anion_5151,CSCCOCC(=O)[O-]
Anion_5152,O=C([O-])CCc1ccc(C(F)(F)F)nc1
Anion_5153,CCCCC1CCC(C2CCC(C(=O)[O-])CC2)CC1
Anion_5154,O=C([O-])Cc1c(Cl)cc(C(F)(F)F)cc1Cl
Anion_5155,CC1=CC=[N+]=C(CC(=O)[O-])[CH-]1
Anion_5156,O=C([O-])C1=[N+]=C[S+]=C1C(F)(F)F
Anion_5157,O=C([O-])C1=[S+2]=C(Br)N=C1c1ccccc1
Anion_5158,O=C([O-])c1cnc(-c2ccccc2F)s1
Anion_5159,O=C([O-])CCCCCC(=O)c1ccc(-c2ccccc2)cc1
Anion_5163,COc1cccc(Cl)c1CC(=O)[O-]
Anion_5164,COc1ccccc1-[n+]1ncc(C(=O)[O-])[c-]1C
Anion_5165,C=CC(=O)N(C)CC(=O)[O-]
Anion_5166,O=C([O-])CCc1ccc(Br)c(F)c1
Anion_5167,O=C([O-])Cc1ccc2c(c1)OC(F)(F)O2
Anion_5168,CC(C)(C)OC(=O)N1CCc2onc(C(=O)[O-])c2C1
Anion_5169,Cc1cccc(C)c1N(CC(=O)[O-])S(C)(=O)=O
Anion_5170,O=C([O-])C1(c2ccccc2)COC1